year,month,day,weekend,hour,collision_type,injury_type,primary_factor,reported_location,unique_id
2015,2,5,Weekday,600,1-Car,No injury/unknown,RAN OFF ROAD RIGHT,N WAYPORT & SR37N,689
2015,2,5,Weekday,700,2-Car,No injury/unknown,FOLLOWING TOO CLOSELY,N WAYPORT & SR37N,690
2015,2,5,Weekday,800,2-Car,No injury/unknown,SPEED TOO FAST FOR WEATHER CONDITIONS,CROSSOVER & SR37N,691
2015,2,5,Weekday,900,1-Car,No injury/unknown,OVERCORRECTING/OVERSTEERING,FENCELINE & REAVES,692
2015,2,5,Weekday,700,2-Car,No injury/unknown,RAN OFF ROAD RIGHT,SIMPSON CHAPEL & SR37N,693
2015,2,6,Weekday,900,1-Car,No injury/unknown,RAN OFF ROAD RIGHT,GILMORE & REEVES,694
2015,2,6,Weekday,1200,2-Car,No injury/unknown,UNSAFE BACKING,COLLEGE & W 6TH,695
2015,2,5,Weekday,2000,2-Car,No injury/unknown,UNSAFE LANE MOVEMENT,ATWATER & HENDERSON,696
2015,2,6,Weekday,1600,3+ Cars,No injury/unknown,FOLLOWING TOO CLOSELY,ATWATER & PARK,697
2015,2,6,Weekday,1600,2-Car,No injury/unknown,UNSAFE BACKING,EAST 17TH,698
2015,2,6,Weekday,1700,1-Car,No injury/unknown,UNSAFE BACKING,S FAIRFAX,699
2015,2,6,Weekday,1600,3+ Cars,Incapacitating,FOLLOWING TOO CLOSELY,FULLERTON & SR37S,700
2015,2,6,Weekday,1700,2-Car,No injury/unknown,LEFT OF CENTER,BOLTINGHOUSE & EARL YOUNG,701
2015,2,5,Weekday,800,2-Car,No injury/unknown,FAILURE TO YIELD RIGHT OF WAY,N CURRY & W VERNAL,702
2015,2,5,Weekday,1300,2-Car,No injury/unknown,UNSAFE BACKING,W SIERRA,703
2015,2,7,Weekend,1000,2-Car,No injury/unknown,FOLLOWING TOO CLOSELY,MCARTNEY & SARE,704
2015,2,7,Weekend,900,2-Car,No injury/unknown,IMPROPER TURNING,HIGHLAND & THIRD,705
2015,2,5,Weekday,2100,2-Car,No injury/unknown,SPEED TOO FAST FOR WEATHER CONDITIONS,BOTTOM & SR37,706
2015,2,7,Weekend,1500,2-Car,No injury/unknown,FAILURE TO YIELD RIGHT OF WAY,COLLEGE MALL & COVENANTER,707
2015,2,7,Weekend,1700,2-Car,No injury/unknown,FAILURE TO YIELD RIGHT OF WAY,8TH & GRANT,708
2015,2,7,Weekend,1700,2-Car,Non-incapacitating,DISREGARD SIGNAL/REG SIGN,2ND & PATTERSON,709
2015,2,7,Weekend,1300,2-Car,No injury/unknown,FOLLOWING TOO CLOSELY,WALNUT & WINSLOW,710
2015,2,7,Weekend,200,2-Car,No injury/unknown,UNSAFE BACKING,N FAIRVIEW & W 12TH,711
2015,2,7,Weekend,200,2-Car,No injury/unknown,RAN OFF ROAD RIGHT,E 14TH,712
2015,2,7,Weekend,2100,3+ Cars,Incapacitating,LEFT OF CENTER,SR46W & STINESVILLE,713
2015,2,5,Weekday,900,1-Car,Incapacitating,SPEED TOO FAST FOR WEATHER CONDITIONS,ELLIS & SR37,714
2015,2,1,Weekend,1800,2-Car,Non-incapacitating,IMPROPER TURNING,COLLEGE MALL & MOORES,715
2015,2,1,Weekday,2000,2-Car,Non-incapacitating,FOLLOWING TOO CLOSELY,N WALNUT & SR46E,716
2015,2,6,Weekend,2000,2-Car,No injury/unknown,UNSAFE SPEED,ACUFF & SR37,717
2015,2,7,Weekend,2300,2-Car,No injury/unknown,ANIMAL/OBJECT IN ROADWAY,EMPIRE MILL & SOUTH OLD STATE ROAD 37,718
2015,2,7,Weekend,500,1-Car,No injury/unknown,RAN OFF ROAD RIGHT,LEONARD SPRINGS & SR45W,719
2015,2,1,Weekend,300,1-Car,No injury/unknown,RAN OFF ROAD RIGHT,S SNOODY,720
2015,2,1,Weekday,2300,1-Car,No injury/unknown,RAN OFF ROAD RIGHT,CLUB HOUSE & SR37N,721
2015,2,2,Weekday,700,1-Car,No injury/unknown,DRIVER DISTRACTED - EXPLAIN IN NARRATIVE,310 E ATWATER (GARAGE) & ATWATER,722
2015,2,2,Weekday,1200,1-Car,Incapacitating,RAN OFF ROAD RIGHT,N DUNN & N OLD ST RD 37,723
2015,2,2,Weekday,1600,3+ Cars,Non-incapacitating,FOLLOWING TOO CLOSELY,S WESTPLEX & W 3RD,724
2015,2,2,Weekday,1800,2-Car,No injury/unknown,FAILURE TO YIELD RIGHT OF WAY,8TH & WALDRON,725
2015,2,4,Weekday,2000,2-Car,No injury/unknown,ROADWAY SURFACE CONDITION,S FIELDSTONE & W COBBLE STONE,726
2015,2,2,Weekday,2200,1-Car,No injury/unknown,RAN OFF ROAD RIGHT,E RHORER & S SARE,727
2015,2,3,Weekday,1000,1-Car,No injury/unknown,INSECURE/LEAKY LOAD,FLUCK MILL & VICTOR,728
2015,2,3,Weekday,1700,2-Car,No injury/unknown,FAILURE TO YIELD RIGHT OF WAY,WALNUT & WALNUT STREET,729
2015,2,3,Weekday,1500,Bus,Incapacitating,DRIVER ILLNESS,BURKS,730
2015,2,3,Weekday,1500,Pedestrian,Incapacitating,IMPROPER TURNING,DUNN & KIRKWOOD,731
2015,2,3,Weekday,2000,Pedestrian,Non-incapacitating,PEDESTRIAN ACTION,HILLSIDE & WALNUT,732
2015,2,4,Weekday,0,1-Car,Non-incapacitating,ANIMAL/OBJECT IN ROADWAY,N LITTLE WOLF MOUNTAIN & N WOLF MOUNTAIN,733
2015,2,4,Weekday,600,2-Car,No injury/unknown,UNSAFE LANE MOVEMENT,SR37S & VERNAL,734
2015,2,3,Weekday,1400,2-Car,No injury/unknown,UNSAFE BACKING,EAST KIRKWOOD,735
2015,2,1,Weekday,1900,3+ Cars,Incapacitating,LEFT OF CENTER,SEWELL & SR46,736
2015,2,4,Weekday,1200,2-Car,No injury/unknown,UNSAFE BACKING,7TH & MORTON,737
2015,2,4,Weekday,1200,2-Car,No injury/unknown,FOLLOWING TOO CLOSELY,E GRIMES & S WALNUT,738
2015,2,4,Weekday,1500,2-Car,No injury/unknown,UNSAFE LANE MOVEMENT,E 3RD & S BALLANTINE,739
2015,2,4,Weekday,1700,2-Car,No injury/unknown,UNSAFE SPEED,SR37 & VERNAL,740
2015,2,4,Weekday,1700,1-Car,No injury/unknown,RAN OFF ROAD RIGHT,N MT TABOR & W BARR,741
2015,2,2,Weekday,800,2-Car,No injury/unknown,OTHER (VEHICLE) - EXPLAIN IN NARRATIVE,3RD,742
2015,2,6,Weekday,1200,2-Car,No injury/unknown,UNSAFE BACKING,115 N GLENWOOD AVE W & LONGVIEW,743
2015,2,5,Weekday,800,1-Car,No injury/unknown,UNSAFE BACKING,2602 S SOUTHERN PINES & SOUTHERN RIDGE,744
2015,2,5,Weekday,900,1-Car,No injury/unknown,ROADWAY SURFACE CONDITION,S OLD SR 37 & SR37,745
2015,2,5,Weekday,1100,2-Car,No injury/unknown,FAILURE TO YIELD RIGHT OF WAY,N MONROE & SR4546W,746
2015,2,5,Weekday,1200,2-Car,No injury/unknown,UNSAFE BACKING,KIRKWOOD & WALNUT,747
2015,2,5,Weekday,1400,2-Car,Incapacitating,FOLLOWING TOO CLOSELY,10TH & UNION,748
2015,2,5,Weekday,1700,2-Car,No injury/unknown,FOLLOWING TOO CLOSELY,SR37N & W VERNAL,749
2015,2,5,Weekday,1800,2-Car,No injury/unknown,FOLLOWING TOO CLOSELY,S CURRY & W 3RD,750
2015,2,5,Weekday,1800,2-Car,No injury/unknown,IMPROPER PASSING,14TH & LINDBERGH,751
2015,2,4,Weekday,1400,2-Car,No injury/unknown,FAILURE TO YIELD RIGHT OF WAY,SMITH & SR46W,752
2015,2,5,Weekday,2000,Pedestrian,Non-incapacitating,OTHER (DRIVER) - EXPLAIN IN NARRATIVE,E THIRD,753
2015,2,5,Weekday,2200,2-Car,No injury/unknown,OTHER (DRIVER) - EXPLAIN IN NARRATIVE,WALNUT,754
2015,2,5,Weekday,2200,Cyclist,No injury/unknown,FAILURE TO YIELD RIGHT OF WAY,WINSLOW,755
2015,2,5,Weekday,2100,1-Car,Non-incapacitating,RAN OFF ROAD RIGHT,2 ND & FAIRFAX,756
2015,2,6,Weekday,400,2-Car,No injury/unknown,OTHER (DRIVER) - EXPLAIN IN NARRATIVE,NORTH MADISON & WEST 17TH,757
2015,2,5,Weekday,700,2-Car,No injury/unknown,UNSAFE BACKING,RHORER & WALNUT STREET,758
2015,2,5,Weekday,700,1-Car,Incapacitating,RAN OFF ROAD RIGHT,CHAMBERS & SR37S,759
2015,2,6,Weekday,800,1-Car,No injury/unknown,VIEW OBSTRUCTED,6TH & ELM,760
2015,2,6,Weekday,700,2-Car,No injury/unknown,FOLLOWING TOO CLOSELY,SR4546 & TENTH,761
2015,2,5,Weekday,800,2-Car,No injury/unknown,FAILURE TO YIELD RIGHT OF WAY,SR46W & UNION VALLEY,762
2015,2,5,Weekday,1300,2-Car,No injury/unknown,UNSAFE BACKING,N MADISON & W 6TH,763
2015,2,6,Weekday,1100,2-Car,Non-incapacitating,DISREGARD SIGNAL/REG SIGN,N OLD ST RD 37 & N WALNUT,764
2015,2,6,Weekday,1100,2-Car,No injury/unknown,FAILURE TO YIELD RIGHT OF WAY,N MADISON & W 17TH,765
2015,2,6,Weekday,1200,2-Car,No injury/unknown,FAILURE TO YIELD RIGHT OF WAY,SOUTH WALNUT,766
2015,2,5,Weekday,1200,2-Car,No injury/unknown,IMPROPER TURNING,13TH (PARKING LOT & FEE,767
2015,2,6,Weekday,1400,2-Car,No injury/unknown,FOLLOWING TOO CLOSELY,EAST 3RD & SOUTH JEFFERSON,768
2015,2,6,Weekday,1800,3+ Cars,Non-incapacitating,FOLLOWING TOO CLOSELY,THIRD & WALNUT,769
2015,2,6,Weekday,1700,2-Car,No injury/unknown,FOLLOWING TOO CLOSELY,N CURRY & SR46W,770
2015,2,6,Weekday,1800,3+ Cars,No injury/unknown,FOLLOWING TOO CLOSELY,N SMITH & SR46W,771
2015,2,4,Weekday,1800,1-Car,Non-incapacitating,UNSAFE SPEED,EAST DILLMAN & SOUTH FAIRFAX,772
2015,2,6,Weekday,300,2-Car,No injury/unknown,OVERCORRECTING/OVERSTEERING,E 2ND & S WASHINGTON,773
2015,2,5,Weekday,1500,2-Car,No injury/unknown,DRIVER DISTRACTED - EXPLAIN IN NARRATIVE,SR37N & VERNAL,774
2015,2,6,Weekend,2100,2-Car,No injury/unknown,FAILURE TO YIELD RIGHT OF WAY,SR45 & WALNUT,775
2015,2,6,Weekend,2200,1-Car,Non-incapacitating,OTHER (DRIVER) - EXPLAIN IN NARRATIVE,S COLLEGE,776
2015,2,7,Weekend,400,2-Car,No injury/unknown,OTHER (DRIVER) - EXPLAIN IN NARRATIVE,S LIBERTY,777
2015,2,7,Weekend,800,2-Car,No injury/unknown,IMPROPER TURNING,4TH & COLLEGE,778
2015,2,4,Weekday,2200,1-Car,Non-incapacitating,ROADWAY SURFACE CONDITION,LOUDEN & RATLIFF,779
2015,2,7,Weekend,1400,2-Car,No injury/unknown,ANIMAL/OBJECT IN ROADWAY,17 & SR4546N,780
2015,2,7,Weekend,1700,2-Car,No injury/unknown,UNSAFE BACKING,S COLLEGE,781
2015,2,7,Weekend,1600,2-Car,No injury/unknown,DISREGARD SIGNAL/REG SIGN,W STATE ROAD 45,782
2015,2,5,Weekday,1600,2-Car,No injury/unknown,FOLLOWING TOO CLOSELY,SR37S & TAPP,783
2015,2,7,Weekend,2000,1-Car,No injury/unknown,ANIMAL/OBJECT IN ROADWAY,CURRY & SR46W,784
2015,2,1,Weekend,1200,2-Car,No injury/unknown,FAILURE TO YIELD RIGHT OF WAY,SO WESTPLEX & W 3RD,785
2015,2,1,Weekend,700,2-Car,Non-incapacitating,DISREGARD SIGNAL/REG SIGN,COLLEGE & KIRKWOOD,786
2015,2,1,Weekend,1600,2-Car,No injury/unknown,UNSAFE BACKING,E KIRKWOOD,787
2015,2,1,Weekend,1800,2-Car,No injury/unknown,IMPROPER PASSING,3RD & FESS,788
2015,2,1,Weekday,2100,2-Car,No injury/unknown,FOLLOWING TOO CLOSELY,OLD SR 37 & WALNUT,789
2015,2,1,Weekend,200,2-Car,No injury/unknown,RAN OFF ROAD RIGHT,E 3RD,790
2015,2,2,Weekday,800,2-Car,No injury/unknown,FAILURE TO YIELD RIGHT OF WAY,E MILLER & S COVEY,791
2015,2,2,Weekday,900,2-Car,No injury/unknown,FAILURE TO YIELD RIGHT OF WAY,2ND & WASHINGTON,792
2015,2,2,Weekday,1000,2-Car,No injury/unknown,ROADWAY SURFACE CONDITION,E 3RD & PETE ELLIS,793
2015,2,2,Weekday,1000,1-Car,No injury/unknown,RAN OFF ROAD RIGHT,RHORER & SARE,794
2015,2,2,Weekday,800,2-Car,No injury/unknown,FOLLOWING TOO CLOSELY,BUICK CADILLAC & COLLEGE MALL,795
2015,2,2,Weekday,1000,2-Car,No injury/unknown,SPEED TOO FAST FOR WEATHER CONDITIONS,45 46 & WALNUT,796
2015,2,2,Weekday,1100,2-Car,No injury/unknown,SPEED TOO FAST FOR WEATHER CONDITIONS,3RD & LIBERTY,797
2015,2,2,Weekday,1000,1-Car,No injury/unknown,SPEED TOO FAST FOR WEATHER CONDITIONS,MATLOCK & SR46W,798
2015,2,2,Weekday,1200,1-Car,No injury/unknown,RAN OFF ROAD RIGHT,CLARIIZZ & GOODNIGHT,799
2015,2,2,Weekday,1200,2-Car,No injury/unknown,FAILURE TO YIELD RIGHT OF WAY,1600 W BLOOMFIELD & W BLOOMFIELD,800
2015,2,2,Weekday,1200,Bus,No injury/unknown,ROADWAY SURFACE CONDITION,455 N COLLEGE & 9TH,801
2015,2,2,Weekday,1200,1-Car,No injury/unknown,SPEED TOO FAST FOR WEATHER CONDITIONS,SR37N & WAYPORT,802
2015,2,2,Weekday,1500,2-Car,No injury/unknown,FOLLOWING TOO CLOSELY,MARTHA & SR46E,803
2015,2,2,Weekday,1400,2-Car,Non-incapacitating,SPEED TOO FAST FOR WEATHER CONDITIONS,3RD & GATES,804
2015,2,2,Weekday,1600,2-Car,No injury/unknown,SPEED TOO FAST FOR WEATHER CONDITIONS,6TH & DUNN,805
2015,2,2,Weekday,1700,3+ Cars,No injury/unknown,FOLLOWING TOO CLOSELY,S COLLEGE & W 4TH,806
2015,2,1,Weekday,2000,2-Car,No injury/unknown,DISREGARD SIGNAL/REG SIGN,SR45S & WALMART,807
2015,2,2,Weekday,1600,2-Car,No injury/unknown,FOLLOWING TOO CLOSELY,E KIRKWOOD & S DUNN,808
2015,2,2,Weekday,1600,2-Car,No injury/unknown,UNSAFE SPEED,INDUSTRIAL & SR45W,809
2015,2,2,Weekday,2000,2-Car,No injury/unknown,RAN OFF ROAD RIGHT,N BOTTOM & SR37N,810
2015,2,2,Weekday,1400,1-Car,No injury/unknown,RAN OFF ROAD RIGHT,VILLAGE & W MIDDLE,811
2015,2,2,Weekday,1600,2-Car,Incapacitating,SPEED TOO FAST FOR WEATHER CONDITIONS,MCNEELY & UNION VALLEY,812
2015,2,2,Weekday,1800,1-Car,No injury/unknown,SPEED TOO FAST FOR WEATHER CONDITIONS,AIRPORT & SR45W,813
2015,1,3,Weekday,2200,2-Car,No injury/unknown,FOLLOWING TOO CLOSELY,8TH & ROOSEVELT,814
2015,2,1,Weekday,2300,1-Car,No injury/unknown,OTHER (DRIVER) - EXPLAIN IN NARRATIVE,DUVALL,815
2015,2,2,Weekday,1300,2-Car,No injury/unknown,SPEED TOO FAST FOR WEATHER CONDITIONS,3RD & SMITH,816
2015,2,2,Weekday,1200,1-Car,No injury/unknown,RAN OFF ROAD RIGHT,W ALLEN & W BLOOMFIELD,817
2015,2,2,Weekday,900,Bus,No injury/unknown,UNSAFE BACKING,1001 EAST 17TH (BLUE LOT) & 17TH,818
2015,2,2,Weekday,1100,2-Car,No injury/unknown,FAILURE TO YIELD RIGHT OF WAY,ENT TO SAMS & SR45W,819
2015,2,3,Weekday,1000,2-Car,No injury/unknown,FAILURE TO YIELD RIGHT OF WAY,W 3RD,820
2015,2,2,Weekday,900,2-Car,Non-incapacitating,SPEED TOO FAST FOR WEATHER CONDITIONS,10TH & FEE,821
2015,2,2,Weekday,1300,2-Car,Incapacitating,FAILURE TO YIELD RIGHT OF WAY,ALLEN & BLOOMFIELD,822
2015,2,3,Weekday,1200,2-Car,No injury/unknown,UNSAFE BACKING,3RD & HAWTHORNE,823
2015,2,3,Weekday,1700,2-Car,No injury/unknown,FAILURE TO YIELD RIGHT OF WAY,E 3RD & S GRANT,824
2015,2,3,Weekday,1000,2-Car,No injury/unknown,OTHER (DRIVER) - EXPLAIN IN NARRATIVE,NORTH MORTON,825
2015,2,3,Weekday,1600,2-Car,Non-incapacitating,UNSAFE BACKING,E LAW & N UNION,826
2015,2,3,Weekday,1900,2-Car,Non-incapacitating,FAILURE TO YIELD RIGHT OF WAY,3RD & INDIANA,827
2015,2,4,Weekday,200,1-Car,No injury/unknown,SPEED TOO FAST FOR WEATHER CONDITIONS,18TH & DUNN,828
2015,2,4,Weekday,500,1-Car,No injury/unknown,OVERCORRECTING/OVERSTEERING,HEDRICK & SR46W,829
2015,2,4,Weekday,900,2-Car,No injury/unknown,UNSAFE BACKING,ODELL,830
2015,2,4,Weekday,900,1-Car,No injury/unknown,OTHER (DRIVER) - EXPLAIN IN NARRATIVE,E 11TH & WALNUT,831
2015,2,4,Weekday,1000,1-Car,No injury/unknown,SPEED TOO FAST FOR WEATHER CONDITIONS,E 9TH & N LINCOLN,832
2015,2,4,Weekday,900,1-Car,No injury/unknown,RAN OFF ROAD RIGHT,E ATWATER & S ARBUTUS,833
2015,2,4,Weekday,700,2-Car,No injury/unknown,UNSAFE BACKING,N GRANT,834
2015,2,4,Weekday,1200,1-Car,No injury/unknown,RAN OFF ROAD RIGHT,SR37N & W 2ND,835
2015,2,3,Weekday,1300,2-Car,No injury/unknown,IMPROPER TURNING,13TH & 709 N FEE (PARKING GARAGE),836
2015,2,4,Weekday,1600,2-Car,No injury/unknown,UNSAFE LANE MOVEMENT,SR446S & SR46E,837
2015,2,4,Weekday,1600,3+ Cars,No injury/unknown,FAILURE TO YIELD RIGHT OF WAY,CONSITUTION & CURRY,838
2015,2,4,Weekday,1500,2-Car,No injury/unknown,FOLLOWING TOO CLOSELY,S MULLER,839
2015,2,4,Weekday,1600,2-Car,No injury/unknown,LEFT OF CENTER,LOST MANS & TREUSDALE,840
2015,2,4,Weekday,1900,2-Car,No injury/unknown,UNSAFE BACKING,COLLEGE & KIRKWOOD,841
2015,2,4,Weekday,2000,3+ Cars,No injury/unknown,FOLLOWING TOO CLOSELY,BUICK CADILLAC & COLLEGE MALL,842
2015,2,4,Weekday,1700,2-Car,No injury/unknown,FAILURE TO YIELD RIGHT OF WAY,RHORER & S WALNUT,843
2015,2,5,Weekday,900,2-Car,No injury/unknown,FAILURE TO YIELD RIGHT OF WAY,N WALNUT & W 11TH,844
2015,2,5,Weekday,1100,2-Car,No injury/unknown,UNSAFE LANE MOVEMENT,N WALNUT & SR4546W,845
2015,2,5,Weekday,1100,2-Car,No injury/unknown,FAILURE TO YIELD RIGHT OF WAY,THIRTEENTH & WALNUT GROVE,846
2015,2,5,Weekday,1100,2-Car,No injury/unknown,FOLLOWING TOO CLOSELY,S LIBERTY & W 3RD,847
2015,2,5,Weekday,1600,2-Car,No injury/unknown,DISREGARD SIGNAL/REG SIGN,7TH & JORDAN,848
2015,2,5,Weekday,1400,2-Car,No injury/unknown,FOLLOWING TOO CLOSELY,LIBERTY & PRIVATE DRIVE,849
2015,2,5,Weekday,1600,3+ Cars,No injury/unknown,UNSAFE LANE MOVEMENT,3RD & GRANT,850
2015,2,4,Weekday,1800,2-Car,No injury/unknown,SPEED TOO FAST FOR WEATHER CONDITIONS,EAST THIRD,851
2015,2,5,Weekday,1700,2-Car,No injury/unknown,FAILURE TO YIELD RIGHT OF WAY,DIXIE & FAIRVIEW,852
2015,2,5,Weekday,1800,2-Car,No injury/unknown,FOLLOWING TOO CLOSELY,46 & DUNN,853
2015,2,5,Weekday,1800,1-Car,No injury/unknown,RAN OFF ROAD RIGHT,LOST MANS & SHADOWOOD,854
2015,2,5,Weekday,400,1-Car,No injury/unknown,SPEED TOO FAST FOR WEATHER CONDITIONS,CHAPEL HILL & SR446S,855
2015,2,4,Weekday,400,1-Car,No injury/unknown,RAN OFF ROAD RIGHT,SR46E & TRAILWAY,856
2015,2,6,Weekday,200,2-Car,Non-incapacitating,FAILURE TO YIELD RIGHT OF WAY,ST RD 46,857
2015,2,6,Weekday,800,2-Car,No injury/unknown,UNSAFE BACKING,SOUTH COPPER BEACH,858
2015,2,5,Weekday,400,2-Car,No injury/unknown,SPEED TOO FAST FOR WEATHER CONDITIONS,2ND & DUNN,859
2015,2,6,Weekday,800,3+ Cars,No injury/unknown,FAILURE TO YIELD RIGHT OF WAY,N ROGERS & W 7TH,860
2015,2,6,Weekday,1000,2-Car,No injury/unknown,OTHER (VEHICLE) - EXPLAIN IN NARRATIVE,S COLLEGE,861
2015,2,5,Weekday,2000,2-Car,No injury/unknown,FAILURE TO YIELD RIGHT OF WAY,COLLEGE & KIRKWOOD,862
2015,2,6,Weekday,1300,2-Car,No injury/unknown,FAILURE TO YIELD RIGHT OF WAY,E COTTAGE & WOODLAWN,863
2015,2,6,Weekday,1100,2-Car,No injury/unknown,FAILURE TO YIELD RIGHT OF WAY,OAK & SALE,864
2015,2,6,Weekday,1400,2-Car,No injury/unknown,UNSAFE BACKING,S INDIANA,865
2015,2,6,Weekday,1500,2-Car,No injury/unknown,FOLLOWING TOO CLOSELY,FULLERTON & SR37,866
2015,2,6,Weekday,1600,2-Car,No injury/unknown,FAILURE TO YIELD RIGHT OF WAY,BARGE & S LEONARD SPRINGS,867
2015,2,6,Weekday,1800,2-Car,No injury/unknown,FOLLOWING TOO CLOSELY,N CURRY & W WOODYARD,868
2015,2,5,Weekday,1400,2-Car,No injury/unknown,FAILURE TO YIELD RIGHT OF WAY,BROOKWOOD & HILLCREST,869
2015,2,5,Weekday,2000,1-Car,Non-incapacitating,SPEED TOO FAST FOR WEATHER CONDITIONS,WEST ISON & WEST LEONARD SPRINGS,870
2015,2,6,Weekday,1400,1-Car,Incapacitating,RAN OFF ROAD RIGHT,EAST RAMP CREEK & SOUTH SHIELDS RIDGE,871
2015,2,5,Weekday,1000,1-Car,No injury/unknown,RAN OFF ROAD RIGHT,SKIRVIN & SR45,872
2015,2,7,Weekend,300,1-Car,No injury/unknown,RAN OFF ROAD RIGHT,DUNN & SR37W,873
2015,2,5,Weekday,400,1-Car,No injury/unknown,ROADWAY SURFACE CONDITION,S ROCKPORT & SR37S,874
2015,2,7,Weekend,300,2-Car,Non-incapacitating,SPEED TOO FAST FOR WEATHER CONDITIONS,10TH,875
2015,2,7,Weekend,1000,2-Car,No injury/unknown,SPEED TOO FAST FOR WEATHER CONDITIONS,BLOOMFIELD & SR37N,876
2015,2,7,Weekend,900,2-Car,No injury/unknown,FAILURE TO YIELD RIGHT OF WAY,N KINSER,877
2015,2,7,Weekend,1200,2-Car,No injury/unknown,FAILURE TO YIELD RIGHT OF WAY,FORRESTER & OLCOTT,878
2015,2,7,Weekend,1100,2-Car,No injury/unknown,OTHER (DRIVER) - EXPLAIN IN NARRATIVE,N ROGERS,879
2015,2,7,Weekend,1400,2-Car,No injury/unknown,IMPROPER TURNING,E BURKS,880
2015,2,1,Weekday,2100,2-Car,No injury/unknown,FOLLOWING TOO CLOSELY,ENDWRIGHT & SR46W,881
2015,2,7,Weekend,1500,2-Car,No injury/unknown,UNSAFE BACKING,EAST 7TH,882
2015,2,7,Weekend,2000,2-Car,No injury/unknown,CELL PHONE USAGE,ROCKPORT & W COUNTRY CLUB,883
2015,2,7,Weekend,2100,1-Car,No injury/unknown,SPEED TOO FAST FOR WEATHER CONDITIONS,N JORDAN,884
2015,2,7,Weekend,2100,2-Car,No injury/unknown,FOLLOWING TOO CLOSELY,10TH & SUNRISE,885
2015,2,1,Weekend,400,1-Car,No injury/unknown,SPEED TOO FAST FOR WEATHER CONDITIONS,NORTH WALNUT,886
2015,2,7,Weekend,100,2-Car,No injury/unknown,SPEED TOO FAST FOR WEATHER CONDITIONS,INDIANA & THIRD,887
2015,2,7,Weekend,1200,1-Car,No injury/unknown,OTHER (DRIVER) - EXPLAIN IN NARRATIVE,N FAIRVIEW & W 11TH,888
2015,2,6,Weekday,900,Bus,No injury/unknown,UNSAFE BACKING,GATES,889
2015,2,1,Weekend,900,2-Car,No injury/unknown,SPEED TOO FAST FOR WEATHER CONDITIONS,SR45W,890
2015,2,1,Weekend,1100,2-Car,No injury/unknown,FAILURE TO YIELD RIGHT OF WAY,2ND & LINCOLN,891
2015,2,1,Weekend,1300,2-Car,Non-incapacitating,FAILURE TO YIELD RIGHT OF WAY,AUTO MALL & COVENANTER,892
2015,2,7,Weekend,1600,1-Car,Non-incapacitating,ANIMAL/OBJECT IN ROADWAY,E BRYANTS CREEK & SR37N,893
2015,2,7,Weekend,1300,1-Car,No injury/unknown,IMPROPER LANE USAGE,W VERNAL LOT 59,894
2015,2,1,Weekend,1500,2-Car,No injury/unknown,DRIVER DISTRACTED - EXPLAIN IN NARRATIVE,RAMP 14,895
2015,2,1,Weekend,1500,1-Car,No injury/unknown,RAN OFF ROAD RIGHT,S HINDS & SR45W,896
2015,2,1,Weekend,1700,2-Car,No injury/unknown,FAILURE TO YIELD RIGHT OF WAY,KINSER & SR46W,897
2015,2,1,Weekday,2000,2-Car,No injury/unknown,FAILURE TO YIELD RIGHT OF WAY,37 & 3RD,898
2015,2,1,Weekend,100,1-Car,No injury/unknown,RAN OFF ROAD RIGHT,E BETHEL & N OLD SR 37,899
2015,2,2,Weekday,700,1-Car,Incapacitating,RAN OFF ROAD RIGHT,ARLINGTON & MAPLE GROVE,900
2015,2,2,Weekday,800,Bus,No injury/unknown,IMPROPER PASSING,INDIANA & THIRD,901
2015,2,2,Weekday,1100,2-Car,Non-incapacitating,FOLLOWING TOO CLOSELY,PATTERSON & ROGERS,902
2015,2,2,Weekday,1100,2-Car,No injury/unknown,UNSAFE BACKING,N JACOB,903
2015,2,2,Weekday,1000,2-Car,Non-incapacitating,FOLLOWING TOO CLOSELY,7TH & ROGERS,904
2015,2,2,Weekday,1100,Bus,No injury/unknown,OTHER (DRIVER) - EXPLAIN IN NARRATIVE,3RD & INDIANA,905
2015,3,2,Weekday,1800,1-Car,Non-incapacitating,RAN OFF ROAD RIGHT,ADAMS & ALLEN,906
2015,3,3,Weekday,800,2-Car,No injury/unknown,DISREGARD SIGNAL/REG SIGN,SO ROGERS & W 2ND,907
2015,3,3,Weekday,800,1-Car,Non-incapacitating,RAN OFF ROAD RIGHT,JORDAN & READ N,908
2015,3,3,Weekday,1100,2-Car,No injury/unknown,FAILURE TO YIELD RIGHT OF WAY,LONGVIEW & PETE ELLIS,909
2015,3,2,Weekday,2200,1-Car,No injury/unknown,FAILURE TO YIELD RIGHT OF WAY,GREEN & ROGERS,910
2015,3,3,Weekday,1500,2-Car,No injury/unknown,UNSAFE BACKING,S ROCKPORT,911
2015,3,3,Weekday,1700,1-Car,No injury/unknown,UNSAFE BACKING,JEFFERSON & TENTH,912
2015,3,3,Weekday,1800,2-Car,No injury/unknown,FAILURE TO YIELD RIGHT OF WAY,E GRIMES & S WALNUT,913
2015,3,2,Weekday,1400,2-Car,No injury/unknown,OTHER (DRIVER) - EXPLAIN IN NARRATIVE,NORTH KINSER,914
2015,3,3,Weekday,1800,2-Car,Incapacitating,FAILURE TO YIELD RIGHT OF WAY,2ND & ADAMS,915