year,month,day,weekend,hour,collision_type,injury_type,primary_factor,reported_location,unique_id
2015,3,3,Weekday,1500,2-Car,No injury/unknown,FAILURE TO YIELD RIGHT OF WAY,KIRKWOOD & MADISON,916
2015,3,3,Weekday,2100,2-Car,No injury/unknown,FOLLOWING TOO CLOSELY,10TH & CAMPBELL,917
2015,3,3,Weekday,1000,2-Car,Non-incapacitating,OTHER (DRIVER) - EXPLAIN IN NARRATIVE,WINSLOW & XAVIER,918
2015,2,7,Weekend,1000,3+ Cars,No injury/unknown,DRIVER DISTRACTED - EXPLAIN IN NARRATIVE,CHAMBERS & SR37N,919
2015,3,2,Weekday,1200,2-Car,No injury/unknown,UNSAFE LANE MOVEMENT,N BRYANTS CREEK & SR37N,920
2015,3,2,Weekday,1400,2-Car,No injury/unknown,FAILURE TO YIELD RIGHT OF WAY,S BURCH & W EVANS,921
2015,3,4,Weekday,1200,2-Car,No injury/unknown,FAILURE TO YIELD RIGHT OF WAY,45 46 & WALNUT,922
2015,3,4,Weekday,1700,2-Car,No injury/unknown,SPEED TOO FAST FOR WEATHER CONDITIONS,N CURRY & W WOODYARD,923
2015,3,4,Weekday,1700,3+ Cars,Non-incapacitating,SPEED TOO FAST FOR WEATHER CONDITIONS,11TH & INDIANA,924
2015,3,4,Weekday,1700,2-Car,No injury/unknown,FAILURE TO YIELD RIGHT OF WAY,MATLOCK & SR46,925
2015,3,4,Weekday,1800,2-Car,No injury/unknown,ROADWAY SURFACE CONDITION,W RICHLAND PLAZA,926
2015,3,4,Weekday,1400,1-Car,Incapacitating,RAN OFF ROAD RIGHT,BANTA & W COUNTRY CLUB,927
2015,3,4,Weekday,1700,3+ Cars,Incapacitating,ROADWAY SURFACE CONDITION,FRITZ & NORTH WALNUT,928
2015,3,4,Weekday,600,1-Car,No injury/unknown,ROADWAY SURFACE CONDITION,NORTH KINSER & WEST 17TH,929
2015,3,4,Weekday,1800,Bus,No injury/unknown,SPEED TOO FAST FOR WEATHER CONDITIONS,10TH & TULIP TREE,930
2015,3,4,Weekday,1800,2-Car,No injury/unknown,ROADWAY SURFACE CONDITION,3RD,931
2015,3,4,Weekday,1600,Bus,No injury/unknown,SPEED TOO FAST FOR WEATHER CONDITIONS,JORDAN & TENTH,932
2015,2,5,Weekday,1700,2-Car,No injury/unknown,DRIVER DISTRACTED - EXPLAIN IN NARRATIVE,CHANDLER & MAIN,933
2015,3,1,Weekday,1900,2-Car,No injury/unknown,FAILURE TO YIELD RIGHT OF WAY,SALE & TEMPERANCE,934
2015,3,4,Weekday,1600,2-Car,No injury/unknown,SPEED TOO FAST FOR WEATHER CONDITIONS,17TH & JORDAN,935
2015,3,4,Weekday,1700,2-Car,No injury/unknown,FOLLOWING TOO CLOSELY,ELWREN & SR45W,936
2015,3,4,Weekday,1800,1-Car,No injury/unknown,SPEED TOO FAST FOR WEATHER CONDITIONS,ROCKPORT & STANSIFER,937
2015,3,4,Weekday,1700,2-Car,No injury/unknown,SPEED TOO FAST FOR WEATHER CONDITIONS,ALLEN & BLOOMFIELD,938
2015,3,4,Weekday,1800,2-Car,No injury/unknown,SPEED TOO FAST FOR WEATHER CONDITIONS,LANDMARK & W 3RD,939
2015,3,4,Weekday,1800,2-Car,No injury/unknown,SPEED TOO FAST FOR WEATHER CONDITIONS,ATWATER & HIGHLAND,940
2015,3,4,Weekday,1000,2-Car,No injury/unknown,OTHER (VEHICLE) - EXPLAIN IN NARRATIVE,EAST 17TH,941
2015,3,4,Weekday,1700,2-Car,No injury/unknown,SPEED TOO FAST FOR WEATHER CONDITIONS,COUNTRYSIDE & ROCKPORT,942
2015,3,4,Weekday,1800,2-Car,No injury/unknown,FAILURE TO YIELD RIGHT OF WAY,E 3RD & S GRANT,943
2015,3,4,Weekday,1600,2-Car,No injury/unknown,SPEED TOO FAST FOR WEATHER CONDITIONS,E 10TH & RANGE,944
2015,3,4,Weekday,1800,2-Car,No injury/unknown,SPEED TOO FAST FOR WEATHER CONDITIONS,3RD & ROSE,945
2015,3,4,Weekday,1700,1-Car,No injury/unknown,RAN OFF ROAD RIGHT,SMITHVILLE & SR37,946
2015,3,4,Weekday,2100,2-Car,No injury/unknown,SPEED TOO FAST FOR WEATHER CONDITIONS,LOIS & ROGERS,947
2015,3,4,Weekday,1800,2-Car,No injury/unknown,ROADWAY SURFACE CONDITION,3RD & GRANT,948
2015,3,4,Weekday,1600,Bus,No injury/unknown,FOLLOWING TOO CLOSELY,N COLLEGE & W 6TH,949
2015,3,4,Weekday,1800,2-Car,No injury/unknown,RAN OFF ROAD RIGHT,E 17TH & N WALNUT,950
2015,3,4,Weekday,1600,2-Car,No injury/unknown,ROADWAY SURFACE CONDITION,17TH & N KINSER,951
2015,3,4,Weekday,1400,2-Car,Incapacitating,FAILURE TO YIELD RIGHT OF WAY,E 3RD & S PARK RIDGE,952
2015,3,4,Weekday,1700,2-Car,No injury/unknown,OTHER (DRIVER) - EXPLAIN IN NARRATIVE,E 7TH & N WASHINGTON,953
2015,3,4,Weekday,1600,3+ Cars,No injury/unknown,OTHER (DRIVER) - EXPLAIN IN NARRATIVE,E 7TH & N WASHINGTON,954
2015,3,4,Weekday,1700,3+ Cars,No injury/unknown,FOLLOWING TOO CLOSELY,E 17TH & S WALNUT,955
2015,3,4,Weekday,1800,1-Car,No injury/unknown,IMPROPER TURNING,COTTAGE & FORREST,956
2015,3,4,Weekday,1700,2-Car,No injury/unknown,SPEED TOO FAST FOR WEATHER CONDITIONS,11TH & INDIANA,957
2015,3,3,Weekday,900,2-Car,No injury/unknown,OTHER (DRIVER) - EXPLAIN IN NARRATIVE,LIBERTY,958
2015,3,5,Weekday,1100,2-Car,No injury/unknown,OTHER (DRIVER) - EXPLAIN IN NARRATIVE,SR37S,959
2015,3,5,Weekday,1100,2-Car,No injury/unknown,IMPROPER LANE USAGE,HENDERSON & SMITH,960
2015,3,4,Weekday,1600,2-Car,No injury/unknown,UNSAFE SPEED,S OLD SR37 & W GORDON,961
2015,3,4,Weekday,1800,2-Car,No injury/unknown,UNSAFE SPEED,E BETHEL LANE & SR45,962
2015,3,4,Weekday,1700,Bus,No injury/unknown,FOLLOWING TOO CLOSELY,CURRY & GIFFORD,963
2015,3,4,Weekday,600,2-Car,No injury/unknown,DISREGARD SIGNAL/REG SIGN,ADAMS & ALLEN,964
2015,3,5,Weekday,1400,Bus,No injury/unknown,IMPROPER LANE USAGE,7TH & DUNN,965
2015,3,5,Weekday,1400,2-Car,No injury/unknown,UNSAFE BACKING,519 W HOOSIER COURT,966
2015,3,5,Weekday,1600,2-Car,No injury/unknown,UNSAFE LANE MOVEMENT,7TH & WASHINGTON,967
2015,3,5,Weekday,1700,2-Car,No injury/unknown,FOLLOWING TOO CLOSELY,FEE & LAW,968
2015,3,5,Weekday,1900,2-Car,No injury/unknown,IMPROPER TURNING,3RD & JORDAN,969
2015,3,4,Weekday,1700,2-Car,No injury/unknown,SPEED TOO FAST FOR WEATHER CONDITIONS,BARRINGTON,970
2015,3,4,Weekday,1600,3+ Cars,No injury/unknown,SPEED TOO FAST FOR WEATHER CONDITIONS,1OTH & PETE ELLIS,971
2015,3,4,Weekday,1700,1-Car,No injury/unknown,ROADWAY SURFACE CONDITION,S CURRY & SR45,972
2015,3,5,Weekday,1700,2-Car,No injury/unknown,UNSAFE LANE MOVEMENT,THIRTEENTH & WOODLAWN,973
2015,3,5,Weekday,1500,Bus,No injury/unknown,UNSAFE BACKING,N DANIELS,974
2015,3,5,Weekday,1500,1-Car,No injury/unknown,RAN OFF ROAD RIGHT,MT CARMEL & N LITTLE WOLF MOUNTAIN,975
2015,3,5,Weekday,2000,2-Car,No injury/unknown,FOLLOWING TOO CLOSELY,10TH & JORDAN,976
2015,3,5,Weekday,1500,2-Car,No injury/unknown,UNSAFE BACKING,E 3RD,977
2015,3,5,Weekday,1700,2-Car,Incapacitating,DRIVER ASLEEP OR FATIGUED,SR45W & W LEONARD SPRINGS,978
2015,3,5,Weekday,1400,2-Car,No injury/unknown,UNSAFE BACKING,EAST AMY,979
2015,3,6,Weekday,900,2-Car,No injury/unknown,FOLLOWING TOO CLOSELY,11TH & COLLEGE,980
2015,3,5,Weekday,900,1-Car,No injury/unknown,ROADWAY SURFACE CONDITION,E 3RD,981
2015,3,6,Weekday,300,2-Car,No injury/unknown,UNSAFE BACKING,N JORDAN,982
2015,3,5,Weekday,1600,2-Car,No injury/unknown,DRIVER DISTRACTED - EXPLAIN IN NARRATIVE,3RD & STATE 37,983
2015,3,6,Weekday,1300,2-Car,Non-incapacitating,FAILURE TO YIELD RIGHT OF WAY,17TH & JORDAN,984
2015,3,3,Weekday,1300,2-Car,No injury/unknown,SPEED TOO FAST FOR WEATHER CONDITIONS,S OLD 37,985
2015,3,6,Weekday,1700,2-Car,Non-incapacitating,FAILURE TO YIELD RIGHT OF WAY,S LIBERTY & SR45W,986
2015,3,4,Weekday,2000,1-Car,No injury/unknown,RAN OFF ROAD RIGHT,INGRAM & SR37,987
2015,3,6,Weekday,1500,3+ Cars,Incapacitating,FOLLOWING TOO CLOSELY,ELWREN & SR45W,988
2015,3,5,Weekday,2300,2-Car,No injury/unknown,IMPROPER TURNING,E UNIVERSITY,989
2015,3,6,Weekend,2000,2-Car,No injury/unknown,FOLLOWING TOO CLOSELY,10TH & SR4546S,990
2015,3,6,Weekday,1800,2-Car,No injury/unknown,FOLLOWING TOO CLOSELY,E SAMPLE & SR37N,991
2015,3,6,Weekday,1800,2-Car,No injury/unknown,FAILURE TO YIELD RIGHT OF WAY,N HARTSTRAIT & W VERNAL,992
2015,3,6,Weekend,1900,2-Car,No injury/unknown,FOLLOWING TOO CLOSELY,SR45W & W AIRPORT,993
2015,3,6,Weekend,2200,1-Car,No injury/unknown,RAN OFF ROAD RIGHT,10TH & GRANT,994
2015,3,6,Weekend,2100,2-Car,No injury/unknown,UNSAFE BACKING,E EASTGATE,995
2015,3,7,Weekend,100,2-Car,No injury/unknown,FAILURE TO YIELD RIGHT OF WAY,10TH & N COLLEGE,996
2015,3,7,Weekend,1100,2-Car,Non-incapacitating,OTHER (DRIVER) - EXPLAIN IN NARRATIVE,NORTH WALNUT,997
2015,3,3,Weekday,1200,2-Car,No injury/unknown,UNSAFE BACKING,E KIRKWOOD,998
2015,3,4,Weekday,800,2-Car,Incapacitating,FOLLOWING TOO CLOSELY,SMITH & WALNUT,999
2015,3,3,Weekday,600,1-Car,No injury/unknown,DRIVER ASLEEP OR FATIGUED,NORTH COUNTY LINE & SR46W,1000
2015,3,4,Weekday,1100,2-Car,No injury/unknown,UNSAFE SPEED,2ND,1001
2015,3,3,Weekday,1100,2-Car,No injury/unknown,UNSAFE BACKING,FULLERTON,1002
2015,3,3,Weekday,1300,2-Car,No injury/unknown,UNSAFE BACKING,LUXBURY,1003
2015,3,4,Weekday,700,2-Car,No injury/unknown,FAILURE TO YIELD RIGHT OF WAY,DILLMAN & OLD ST RD 37,1004
2015,3,5,Weekday,1100,2-Car,No injury/unknown,FAILURE TO YIELD RIGHT OF WAY,E 3RD & S PETE ELLIS,1005
2015,3,4,Weekday,2000,1-Car,Non-incapacitating,RAN OFF ROAD RIGHT,LOWER BIRDIEGALYAN & SR46E,1006
2015,3,5,Weekday,1800,2-Car,No injury/unknown,UNSAFE BACKING,E SOUTHERN & S WALNUT,1007
2015,3,5,Weekday,1300,2-Car,No injury/unknown,FOLLOWING TOO CLOSELY,SR45W,1008
2015,3,2,Weekday,1200,2-Car,No injury/unknown,FOLLOWING TOO CLOSELY,LOVE & SR46W,1009
2015,3,5,Weekday,200,1-Car,Incapacitating,RAN OFF ROAD RIGHT,S LIBERTY,1010
2015,5,7,Weekend,1200,2-Car,No injury/unknown,UNSAFE SPEED,SR37 & VERNAL,1011
2015,3,6,Weekday,0,2-Car,No injury/unknown,IMPROPER LANE USAGE,N MONROE & SUMMIT,1012
2015,3,6,Weekend,2300,2-Car,No injury/unknown,UNSAFE BACKING,BRITTANY & BURBURY,1013
2015,3,6,Weekend,2300,1-Car,No injury/unknown,ANIMAL/OBJECT IN ROADWAY,SR37S & WAYPORT,1014
2015,3,7,Weekend,200,2-Car,No injury/unknown,OTHER (DRIVER) - EXPLAIN IN NARRATIVE,DUNN & THIRD,1015
2015,3,7,Weekend,1400,2-Car,No injury/unknown,UNSAFE BACKING,E 2ND,1016
2015,3,7,Weekend,900,Bus,No injury/unknown,UNSAFE LANE MOVEMENT,E 8TH & N FORREST,1017
2015,3,7,Weekend,1300,2-Car,No injury/unknown,FAILURE TO YIELD RIGHT OF WAY,BLOOMFIELD & SHADELAND,1018
2015,3,7,Weekend,1800,1-Car,No injury/unknown,RAN OFF ROAD RIGHT,W BEECH LANE,1019
2015,3,4,Weekday,1600,1-Car,No injury/unknown,OTHER (ENVIRONMENTAL) - EXPLAIN IN NARR,BOTTOM & SR37N,1020
2015,3,1,Weekend,200,1-Car,No injury/unknown,RAN OFF ROAD RIGHT,SR46W,1021
2015,3,1,Weekend,900,1-Car,No injury/unknown,OVERCORRECTING/OVERSTEERING,W 17TH,1022
2015,3,1,Weekend,900,2-Car,No injury/unknown,UNSAFE BACKING,EAST HUNTER,1023
2015,3,1,Weekend,1000,2-Car,No injury/unknown,FAILURE TO YIELD RIGHT OF WAY,W 3RD,1024
2015,3,7,Weekend,700,1-Car,No injury/unknown,ANIMAL/OBJECT IN ROADWAY,E DILLMAN & S FOXWOOD,1025
2015,3,7,Weekend,900,2-Car,No injury/unknown,FAILURE TO YIELD RIGHT OF WAY,SR37 & W TAPP,1026
2015,3,1,Weekend,800,1-Car,No injury/unknown,ANIMAL/OBJECT IN ROADWAY,CURRY & SR46W,1027
2015,3,1,Weekend,1400,2-Car,No injury/unknown,FOLLOWING TOO CLOSELY,2ND & PATTERSON,1028
2015,3,1,Weekend,1200,2-Car,No injury/unknown,UNSAFE LANE MOVEMENT,E 10TH & N LINCOLN,1029
2015,3,1,Weekend,1800,2-Car,No injury/unknown,FAILURE TO YIELD RIGHT OF WAY,TENTH & UNION,1030
2015,3,1,Weekend,1800,2-Car,No injury/unknown,FOLLOWING TOO CLOSELY,EAST 3RD & SOUTH BALLANTINE,1031
2015,3,1,Weekend,1800,2-Car,No injury/unknown,FOLLOWING TOO CLOSELY,BURMA & SR37N,1032
2015,3,7,Weekend,2200,1-Car,No injury/unknown,RAN OFF ROAD RIGHT,E STATE 45 & N BRUMMETTS CREEK,1033
2015,3,1,Weekend,300,1-Car,No injury/unknown,ANIMAL/OBJECT IN ROADWAY,NORWAY & SMITH,1034
2015,3,6,Weekday,600,2-Car,No injury/unknown,LEFT OF CENTER,GRIFFITH & WOODYARD,1035
2015,3,2,Weekday,700,2-Car,Non-incapacitating,FAILURE TO YIELD RIGHT OF WAY,S LEONARD SPRINGS & W LEONARD SPRINGS,1036
2015,3,2,Weekday,800,2-Car,No injury/unknown,FAILURE TO YIELD RIGHT OF WAY,DUNCAN & SR45W,1037
2015,3,2,Weekday,1100,2-Car,No injury/unknown,FOLLOWING TOO CLOSELY,ROCKPORT & TAPP,1038
2015,3,2,Weekday,2300,2-Car,No injury/unknown,UNSAFE LANE MOVEMENT,E 3RD & SO KINGSTON,1039
2015,3,2,Weekday,1300,1-Car,No injury/unknown,SPEED TOO FAST FOR WEATHER CONDITIONS,W MAIN STREET,1040
2015,3,2,Weekday,1600,2-Car,No injury/unknown,FOLLOWING TOO CLOSELY,SR37S & TAPP,1041
2015,3,2,Weekday,1800,2-Car,No injury/unknown,UNSAFE BACKING,W 17TH,1042
2015,3,2,Weekday,2200,2-Car,No injury/unknown,FAILURE TO YIELD RIGHT OF WAY,7TH & WALNUT,1043
2015,3,3,Weekday,1100,2-Car,No injury/unknown,FOLLOWING TOO CLOSELY,W 3RD & WESTPLEX,1044
2015,3,3,Weekday,1100,2-Car,No injury/unknown,IMPROPER LANE USAGE,3RD & WALNUT,1045
2015,3,3,Weekday,1700,2-Car,No injury/unknown,UNSAFE BACKING,N FEE,1046
2015,3,3,Weekday,1800,1-Car,No injury/unknown,RAN OFF ROAD RIGHT,DUNN & SECOND,1047
2015,3,3,Weekday,1900,2-Car,No injury/unknown,UNSAFE BACKING,SR45W,1048
2015,3,3,Weekday,1600,2-Car,No injury/unknown,FAILURE TO YIELD RIGHT OF WAY,3RD & LIBERTY,1049
2015,3,3,Weekday,1500,1-Car,No injury/unknown,RAN OFF ROAD RIGHT,CHAFFIN CHAPEL & SR46W,1050
2015,3,4,Weekday,800,1-Car,No injury/unknown,ANIMAL/OBJECT IN ROADWAY,ACUFF & SR37N,1051
2015,3,3,Weekday,700,2-Car,Non-incapacitating,FOLLOWING TOO CLOSELY,N BRYANTS CREEK & SR37N,1052
2015,3,6,Weekday,1300,1-Car,No injury/unknown,TIRE FAILURE OR DEFECTIVE,CURRY & VERNAL,1053
2015,3,4,Weekday,2000,2-Car,No injury/unknown,FAILURE TO YIELD RIGHT OF WAY,BLOOMFIELD & LAKE CREST,1054
2015,3,3,Weekday,1200,2-Car,No injury/unknown,UNSAFE BACKING,E 7TH,1055
2015,3,4,Weekday,1400,Bus,No injury/unknown,FAILURE TO YIELD RIGHT OF WAY,E 10TH & FEE,1056
2015,3,4,Weekday,1600,2-Car,No injury/unknown,IMPROPER TURNING,3RD & INDIANA,1057
2015,3,4,Weekday,1600,3+ Cars,No injury/unknown,FAILURE TO YIELD RIGHT OF WAY,14TH & COLLEGE,1058
2015,3,6,Weekend,2200,1-Car,No injury/unknown,OTHER (VEHICLE) - EXPLAIN IN NARRATIVE,WEST GORDON,1059
2015,3,5,Weekday,1700,2-Car,No injury/unknown,FOLLOWING TOO CLOSELY,PETE ELLIS & THIRD,1060
2015,3,5,Weekday,1300,2-Car,No injury/unknown,OTHER (DRIVER) - EXPLAIN IN NARRATIVE,GRANT & SECOND,1061
2015,3,5,Weekday,1800,3+ Cars,No injury/unknown,FOLLOWING TOO CLOSELY,17TH & FEE,1062
2015,3,1,Weekend,1600,2-Car,No injury/unknown,IMPROPER LANE USAGE,E 3RD,1063
2015,3,5,Weekday,1800,2-Car,No injury/unknown,IMPROPER LANE USAGE,E 3RD & HIGHLAND,1064
2015,3,4,Weekday,2200,1-Car,No injury/unknown,ANIMAL/OBJECT IN ROADWAY,FULLERTON & SR37S,1065
2015,3,5,Weekday,2300,2-Car,No injury/unknown,OTHER (DRIVER) - EXPLAIN IN NARRATIVE,E EASTGATE,1066
2015,3,3,Weekday,700,2-Car,No injury/unknown,LEFT OF CENTER,LOST MANS & TRUESDEL,1067
2015,3,6,Weekday,800,2-Car,No injury/unknown,IMPROPER LANE USAGE,UNION,1068
2015,3,4,Weekday,1700,1-Car,No injury/unknown,UNSAFE BACKING,NORTH JORDAN,1069
2015,3,6,Weekday,1500,2-Car,No injury/unknown,FOLLOWING TOO CLOSELY,RANGE & SR46S,1070
2015,3,6,Weekday,1400,2-Car,No injury/unknown,FOLLOWING TOO CLOSELY,10TH & SR4546N,1071
2015,3,6,Weekday,1700,2-Car,No injury/unknown,FAILURE TO YIELD RIGHT OF WAY,KIRKWOOD & MADISON,1072
2015,3,7,Weekend,1000,2-Car,No injury/unknown,FAILURE TO YIELD RIGHT OF WAY,WEST 11TH,1073
2015,3,7,Weekend,800,1-Car,No injury/unknown,RAN OFF ROAD RIGHT,N HEADLEY & TREADWELL,1074
2015,3,7,Weekend,1100,1-Car,No injury/unknown,IMPROPER TURNING,EAST 3RD,1075
2015,3,7,Weekend,1600,2-Car,No injury/unknown,IMPROPER TURNING,DELTA ZETA PARKING LOT EXIT & NORTH JORDAN,1076
2015,3,7,Weekend,1300,2-Car,No injury/unknown,UNSAFE BACKING,E 10TH,1077
2015,3,7,Weekend,1900,1-Car,No injury/unknown,OVERCORRECTING/OVERSTEERING,E 7TH & WOODLAWN,1078
2015,3,5,Weekday,1300,2-Car,No injury/unknown,IMPROPER TURNING,WEST VERNAL,1079
2015,3,6,Weekend,2000,2-Car,No injury/unknown,FOLLOWING TOO CLOSELY,SR37S & TAPP,1080
2015,3,1,Weekend,1600,3+ Cars,No injury/unknown,FAILURE TO YIELD RIGHT OF WAY,LINCOLN & WYLIE,1081
2015,3,2,Weekday,800,Bus,No injury/unknown,UNSAFE BACKING,GRAHAM & S ROCKPORT,1082
2015,3,7,Weekend,1200,2-Car,No injury/unknown,FAILURE TO YIELD RIGHT OF WAY,SR45W,1083
2015,3,2,Weekday,800,2-Car,Non-incapacitating,DISREGARD SIGNAL/REG SIGN,3RD & CORY,1084
2015,3,2,Weekday,800,2-Car,No injury/unknown,UNSAFE BACKING,17TH & IU MEMORIAL STADIUM GATE 6,1085
2015,3,2,Weekday,300,2-Car,No injury/unknown,UNSAFE BACKING,W NORTHLANE,1086
2015,3,2,Weekday,1400,2-Car,No injury/unknown,FAILURE TO YIELD RIGHT OF WAY,WALNUT & WALNUT PARK ACCESS,1087
2015,3,2,Weekday,1500,2-Car,Non-incapacitating,FOLLOWING TOO CLOSELY,E 10TH & SR4546S,1088
2015,3,2,Weekday,1400,2-Car,No injury/unknown,FAILURE TO YIELD RIGHT OF WAY,2ND & SR46W,1089
2015,3,2,Weekday,1700,Bus,No injury/unknown,UNSAFE BACKING,LIVE OAK & STERLING,1090
2015,3,2,Weekday,300,2-Car,No injury/unknown,FOLLOWING TOO CLOSELY,N FOX HOLLOW & SR37N,1091
2015,3,2,Weekday,2200,2-Car,Incapacitating,IMPROPER TURNING,LAMPKINS RIDGE & SR446E,1092
2015,3,3,Weekday,600,1-Car,No injury/unknown,ANIMAL/OBJECT IN ROADWAY,SR37 & ZIKES,1093
2015,3,2,Weekday,1600,1-Car,No injury/unknown,UNSAFE BACKING,2931 E 10TH (DOCK) & RANGE,1094
2015,3,3,Weekday,1000,2-Car,No injury/unknown,OTHER (DRIVER) - EXPLAIN IN NARRATIVE,SR45W,1095
2015,3,2,Weekday,1400,2-Car,No injury/unknown,FOLLOWING TOO CLOSELY,SR45W & STANFORD,1096
2015,3,2,Weekday,900,2-Car,Incapacitating,FAILURE TO YIELD RIGHT OF WAY,ACUFF & SR37N,1097
2015,3,3,Weekday,900,2-Car,No injury/unknown,DISREGARD SIGNAL/REG SIGN,W 3RD,1098
2015,3,2,Weekday,1600,2-Car,No injury/unknown,IMPROPER TURNING,AIRPORT & ENDWRIGHT,1099
2015,3,3,Weekday,1400,2-Car,No injury/unknown,DISREGARD SIGNAL/REG SIGN,RHORER & WALNUT,1100
2015,3,3,Weekday,1300,Cyclist,No injury/unknown,UNSAFE LANE MOVEMENT,GATES & JACOB,1101
2015,3,3,Weekday,1700,3+ Cars,No injury/unknown,FOLLOWING TOO CLOSELY,RANGE & SR46S,1102
2015,3,3,Weekday,1700,2-Car,No injury/unknown,FAILURE TO YIELD RIGHT OF WAY,3RD & KINGSTON,1103
2015,3,3,Weekday,1800,2-Car,No injury/unknown,FOLLOWING TOO CLOSELY,KINSER,1104
2015,3,3,Weekday,1700,1-Car,No injury/unknown,RAN OFF ROAD RIGHT,N LOWER BIRDIE GALYAN & SR46E,1105
2015,3,3,Weekday,2000,2-Car,No injury/unknown,FAILURE TO YIELD RIGHT OF WAY,EAST THIRD & GRANT,1106
2015,3,3,Weekday,1500,Pedestrian,Incapacitating,UNSAFE BACKING,W SR 46,1107
2015,3,3,Weekday,2000,2-Car,No injury/unknown,FOLLOWING TOO CLOSELY,S OLD STATE ROAD 37 & SR37S,1108
2015,3,3,Weekday,1700,Moped/Motorcycle,Incapacitating,FAILURE TO YIELD RIGHT OF WAY,TECUMSEH & THOMAS,1109
2015,4,4,Weekday,0,1-Car,No injury/unknown,RAN OFF ROAD RIGHT,E STRATUM,1110
2015,3,3,Weekday,1000,2-Car,Incapacitating,IMPROPER PASSING,ROGERS & WATSON,1111
2015,4,4,Weekday,600,1-Car,No injury/unknown,DRIVER ASLEEP OR FATIGUED,BRYANTS CREEK & SR37,1112
2015,4,4,Weekday,900,2-Car,No injury/unknown,FAILURE TO YIELD RIGHT OF WAY,7TH & ROGERS,1113
2015,4,4,Weekday,700,2-Car,No injury/unknown,FAILURE TO YIELD RIGHT OF WAY,2700 BLK S WALNUT & WINSLOW,1114
2015,4,4,Weekday,1000,2-Car,Non-incapacitating,FOLLOWING TOO CLOSELY,BURKS & S WALNUT,1115
2015,4,4,Weekday,1100,1-Car,No injury/unknown,RAN OFF ROAD RIGHT,MEADOWCREEK & SARE,1116
2015,4,4,Weekday,1000,2-Car,No injury/unknown,FAILURE TO YIELD RIGHT OF WAY,GRIMES & HENDERSON,1117
2015,3,3,Weekday,2100,2-Car,Incapacitating,LEFT OF CENTER,SR37 & VICTOR,1118
2015,4,4,Weekday,1700,2-Car,No injury/unknown,FOLLOWING TOO CLOSELY,COUNTRY CLUB & MILTON,1119
2015,4,4,Weekday,1700,2-Car,No injury/unknown,FOLLOWING TOO CLOSELY,KIRKWOOD & MAPLE,1120
2015,4,4,Weekday,1500,1-Car,No injury/unknown,UNSAFE BACKING,NORTH MONROE,1121
2015,4,4,Weekday,1500,2-Car,No injury/unknown,FOLLOWING TOO CLOSELY,N CRESTWOOD & N UNION VALLEY,1122
2015,4,4,Weekday,1900,2-Car,No injury/unknown,UNSAFE BACKING,NORTH FEE,1123
2015,4,4,Weekday,1700,2-Car,No injury/unknown,UNSAFE BACKING,N WALNUT,1124
2015,4,4,Weekday,1700,2-Car,No injury/unknown,FOLLOWING TOO CLOSELY,KINSER & STATE RD 45 46 BYPASS,1125
2015,4,4,Weekday,1800,2-Car,No injury/unknown,FOLLOWING TOO CLOSELY,E 12TH & N LINCOLN,1126
2015,4,4,Weekday,1700,2-Car,No injury/unknown,IMPROPER PASSING,CEDAR CHASE & W RED ROCK,1127
2015,3,3,Weekday,1600,2-Car,No injury/unknown,OTHER (DRIVER) - EXPLAIN IN NARRATIVE,EAST 10TH,1128
2015,4,5,Weekday,1300,2-Car,No injury/unknown,IMPROPER LANE USAGE,3RD & FACULTY,1129
2015,4,5,Weekday,2000,2-Car,No injury/unknown,UNSAFE BACKING,SR45 & SR46,1130
2015,4,5,Weekday,1800,2-Car,No injury/unknown,FOLLOWING TOO CLOSELY,N HARTSTRAIT & W VERNAL,1131
2015,4,5,Weekday,2000,2-Car,No injury/unknown,FOLLOWING TOO CLOSELY,SR37N & W 3RD,1132
2015,4,6,Weekday,100,1-Car,Incapacitating,RAN OFF ROAD RIGHT,DUVALL & KOONTZ,1133
2015,4,6,Weekday,1000,2-Car,No injury/unknown,UNSAFE BACKING,W 3RD,1134
2015,4,6,Weekday,1200,2-Car,No injury/unknown,SPEED TOO FAST FOR WEATHER CONDITIONS,ATWATER & HAWTHORNE,1135
2015,4,5,Weekday,900,Bus,No injury/unknown,FAILURE TO YIELD RIGHT OF WAY,3RD & COLLEGE,1136
2015,4,5,Weekday,1600,2-Car,No injury/unknown,IMPROPER LANE USAGE,SR45W,1137
2015,4,6,Weekday,800,3+ Cars,No injury/unknown,OTHER (DRIVER) - EXPLAIN IN NARRATIVE,SR37,1138
2015,4,6,Weekday,1600,2-Car,No injury/unknown,FAILURE TO YIELD RIGHT OF WAY,COLLEGE MALL & EASTLAND,1139
2015,4,5,Weekday,2000,2-Car,Non-incapacitating,FAILURE TO YIELD RIGHT OF WAY,N WALNUT & W 7TH,1140
2015,3,7,Weekend,1500,3+ Cars,Non-incapacitating,FOLLOWING TOO CLOSELY,FRITZ & N WALNUT,1141
2015,4,6,Weekday,1600,1-Car,No injury/unknown,OVERCORRECTING/OVERSTEERING,N DUNN & SR37N,1142
2015,4,6,Weekday,1500,2-Car,No injury/unknown,FOLLOWING TOO CLOSELY,N WILLIS & W 17TH,1143
2015,4,6,Weekend,2100,2-Car,No injury/unknown,DISREGARD SIGNAL/REG SIGN,N ROGERS & W 11TH,1144