year,month,day,weekend,hour,collision_type,injury_type,primary_factor,reported_location,unique_id
2015,4,6,Weekday,900,Pedestrian,No injury/unknown,OTHER (DRIVER) - EXPLAIN IN NARRATIVE,WEST ALLEN,1145
2015,4,7,Weekend,1000,2-Car,No injury/unknown,FAILURE TO YIELD RIGHT OF WAY,HICKORY LEAF & SR45W,1146
2015,4,7,Weekend,1100,2-Car,No injury/unknown,FAILURE TO YIELD RIGHT OF WAY,N ROGERS & W 6TH,1147
2015,4,7,Weekend,1300,2-Car,No injury/unknown,FAILURE TO YIELD RIGHT OF WAY,LIBERTY & W 3RD,1148
2015,4,7,Weekend,1800,1-Car,No injury/unknown,UNSAFE SPEED,1ST & WALKER,1149
2015,4,7,Weekend,1900,3+ Cars,Incapacitating,FOLLOWING TOO CLOSELY,DUNN & SR46E,1150
2015,4,5,Weekday,2000,2-Car,No injury/unknown,ROADWAY SURFACE CONDITION,EAST THIRD STREET & HAWTHORNE,1151
2015,4,7,Weekend,1400,2-Car,No injury/unknown,UNSAFE BACKING,CANTERBURRY,1152
2015,4,1,Weekend,1000,3+ Cars,No injury/unknown,OTHER (DRIVER) - EXPLAIN IN NARRATIVE,10 & SR46S,1153
2015,4,1,Weekend,1600,2-Car,No injury/unknown,UNSAFE BACKING,E 10TH,1154
2015,4,7,Weekend,1800,2-Car,No injury/unknown,IMPROPER TURNING,2ND & WALKER,1155
2015,4,1,Weekday,1900,2-Car,No injury/unknown,FAILURE TO YIELD RIGHT OF WAY,E 9TH & N INDIANA,1156
2015,4,2,Weekday,1400,2-Car,No injury/unknown,FOLLOWING TOO CLOSELY,ATWATER & HIGH,1157
2015,4,2,Weekday,1600,2-Car,Incapacitating,FAILURE TO YIELD RIGHT OF WAY,SOUTH CLARIZZ,1158
2015,4,2,Weekday,1700,3+ Cars,Non-incapacitating,FOLLOWING TOO CLOSELY,10TH & SR46E,1159
2015,4,7,Weekend,1500,2-Car,Non-incapacitating,OTHER (VEHICLE) - EXPLAIN IN NARRATIVE,N RICHARDSON & SR45E,1160
2015,4,1,Weekend,1600,2-Car,No injury/unknown,LEFT OF CENTER,MAPLE GROVE & STANTON,1161
2015,4,1,Weekday,2100,1-Car,No injury/unknown,ANIMAL/OBJECT IN ROADWAY,SOUTH SHORE & TUNNEL,1162
2015,4,7,Weekend,2000,1-Car,No injury/unknown,OTHER (DRIVER) - EXPLAIN IN NARRATIVE,SR37S,1163
2015,4,3,Weekday,700,2-Car,No injury/unknown,UNSAFE BACKING,E 3RD,1164
2015,4,3,Weekday,800,2-Car,No injury/unknown,UNSAFE BACKING,E HOLLYWOOD & E POST,1165
2015,4,3,Weekday,800,2-Car,No injury/unknown,UNSAFE BACKING,EAST 10TH,1166
2015,4,2,Weekday,1400,2-Car,Non-incapacitating,UNSAFE SPEED,SR45 & W ELWREN,1167
2015,4,3,Weekday,1000,2-Car,No injury/unknown,DRIVER DISTRACTED - EXPLAIN IN NARRATIVE,SR37 & VICTOR,1168
2015,4,3,Weekday,1400,2-Car,No injury/unknown,FOLLOWING TOO CLOSELY,S PATTERSON & W 2ND,1169
2015,4,3,Weekday,2200,2-Car,No injury/unknown,LEFT OF CENTER,SR37S & TAPP,1170
2015,4,4,Weekday,200,1-Car,No injury/unknown,RAN OFF ROAD RIGHT,NORTH ROGERS & WEST KIRKWOOD,1171
2015,4,7,Weekend,1700,1-Car,No injury/unknown,RAN OFF ROAD RIGHT,FLATWOODS ROAD & SR46E,1172
2015,4,3,Weekday,1300,1-Car,No injury/unknown,SPEED TOO FAST FOR WEATHER CONDITIONS,PINE GROVE & SR446,1173
2015,4,4,Weekday,1000,2-Car,No injury/unknown,FOLLOWING TOO CLOSELY,GRIMES & HENDERSON,1174
2015,4,4,Weekday,1200,2-Car,No injury/unknown,FOLLOWING TOO CLOSELY,S LIBERTY & W 3RD,1175
2015,4,4,Weekday,1200,2-Car,No injury/unknown,UNSAFE LANE MOVEMENT,N DUNN,1176
2015,4,4,Weekday,1100,Pedestrian,Incapacitating,OTHER (DRIVER) - EXPLAIN IN NARRATIVE,3RD & SOUTH HAWTHORNE,1177
2015,4,3,Weekday,1800,2-Car,No injury/unknown,FOLLOWING TOO CLOSELY,KEGG & TAPP,1178
2015,4,4,Weekday,1600,2-Car,No injury/unknown,FAILURE TO YIELD RIGHT OF WAY,LONGVIEW & PETE ELLIS,1179
2015,4,4,Weekday,1600,2-Car,No injury/unknown,FAILURE TO YIELD RIGHT OF WAY,2ND & SOUTH WALNUT,1180
2015,4,3,Weekday,1700,1-Car,No injury/unknown,ANIMAL/OBJECT IN ROADWAY,S ROCKPORT & W MAY,1181
2015,4,4,Weekday,1500,2-Car,No injury/unknown,UNSAFE BACKING,SOUTH COLLEGE MALL,1182
2015,4,3,Weekday,1800,2-Car,No injury/unknown,LEFT OF CENTER,PARK & TURTLEBACK,1183
2015,4,4,Weekday,800,2-Car,No injury/unknown,LEFT OF CENTER,S PHYLLIS & S ROGERS,1184
2015,4,5,Weekday,1200,1-Car,No injury/unknown,OTHER (VEHICLE) - EXPLAIN IN NARRATIVE,N JORDAN,1185
2015,4,5,Weekday,1300,1-Car,No injury/unknown,UNSAFE BACKING,N JORDAN,1186
2015,4,5,Weekday,1600,2-Car,No injury/unknown,FOLLOWING TOO CLOSELY,10TH & SUNRISE,1187
2015,4,5,Weekday,1400,2-Car,No injury/unknown,FAILURE TO YIELD RIGHT OF WAY,E 14TH & N INDIANA,1188
2015,4,5,Weekday,1800,2-Car,Non-incapacitating,FAILURE TO YIELD RIGHT OF WAY,E COVENANTER & S COLLEGE MALL,1189
2015,4,5,Weekday,1800,2-Car,No injury/unknown,FAILURE TO YIELD RIGHT OF WAY,COLLEGE MALL & COVENANTER,1190
2015,4,5,Weekday,1800,2-Car,Non-incapacitating,FOLLOWING TOO CLOSELY,E GRIMES & S HENDERSON,1191
2015,4,5,Weekday,2100,2-Car,No injury/unknown,FAILURE TO YIELD RIGHT OF WAY,HARTSTRAIT & SR46W,1192
2015,4,5,Weekday,1400,1-Car,No injury/unknown,DRIVER DISTRACTED - EXPLAIN IN NARRATIVE,SOUTH COLLEGE MALL,1193
2015,4,5,Weekday,1500,2-Car,No injury/unknown,FAILURE TO YIELD RIGHT OF WAY,EAST DODDS & SOUTH LINCOLN,1194
2015,4,5,Weekday,200,1-Car,No injury/unknown,IMPROPER TURNING,E 3RD & N PETE ELLIS,1195
2015,4,6,Weekday,300,2-Car,No injury/unknown,FAILURE TO YIELD RIGHT OF WAY,N COLLEGE & SR46E,1196
2015,4,6,Weekday,100,1-Car,No injury/unknown,OTHER (DRIVER) - EXPLAIN IN NARRATIVE,OLD STATE ROAD 37,1197
2015,4,6,Weekday,0,1-Car,No injury/unknown,UNSAFE LANE MOVEMENT,7TH & N WALNUT,1198
2015,4,6,Weekday,700,2-Car,Non-incapacitating,DRIVER ILLNESS,4400 BLK HEATHERWOOD & IRIS,1199
2015,4,6,Weekday,1000,2-Car,Non-incapacitating,FOLLOWING TOO CLOSELY,JOY & ROGERS,1200
2015,4,5,Weekday,1700,2-Car,No injury/unknown,FAILURE TO YIELD RIGHT OF WAY,S WALNUT & S WALNUT STREET,1201
2015,4,1,Weekend,1800,2-Car,No injury/unknown,OTHER (DRIVER) - EXPLAIN IN NARRATIVE,3995 S BUSHMILL & W EDINBURGH,1202
2015,4,5,Weekday,2200,2-Car,No injury/unknown,OTHER (VEHICLE) - EXPLAIN IN NARRATIVE,E 10TH,1203
2015,4,6,Weekday,1600,Moped/Motorcycle,Incapacitating,DRIVER DISTRACTED - EXPLAIN IN NARRATIVE,16TH & N WALNUT,1204
2015,4,6,Weekday,1600,2-Car,No injury/unknown,FOLLOWING TOO CLOSELY,PATTERSON & ROGERS,1205
2015,4,6,Weekday,1400,2-Car,No injury/unknown,UNSAFE BACKING,N MORTON,1206
2015,4,6,Weekday,1700,2-Car,No injury/unknown,FOLLOWING TOO CLOSELY,W THIRD,1207
2015,4,6,Weekday,1700,2-Car,No injury/unknown,DRIVER DISTRACTED - EXPLAIN IN NARRATIVE,6TH & ROGERS,1208
2015,4,5,Weekday,1400,2-Car,No injury/unknown,OTHER (DRIVER) - EXPLAIN IN NARRATIVE,N MATTHEWS,1209
2015,4,5,Weekday,0,1-Car,No injury/unknown,RAN OFF ROAD RIGHT,MERRITT & SR446S,1210
2015,4,6,Weekday,500,1-Car,No injury/unknown,RAN OFF ROAD RIGHT,BETHEL & N OLD STATE ROAD 37,1211
2015,4,6,Weekend,2200,2-Car,No injury/unknown,FAILURE TO YIELD RIGHT OF WAY,8TH & COLLEGE,1212
2015,4,6,Weekday,1100,2-Car,No injury/unknown,FAILURE TO YIELD RIGHT OF WAY,W THIRD,1213
2015,4,7,Weekend,900,2-Car,No injury/unknown,UNSAFE BACKING,HILLSIDE & PARK,1214
2015,4,7,Weekend,700,2-Car,No injury/unknown,FOLLOWING TOO CLOSELY,CURRY & SR48W,1215
2015,5,5,Weekday,1400,2-Car,Non-incapacitating,IMPROPER LANE USAGE,3RD & SWAIN,1216
2015,4,7,Weekend,1200,2-Car,Non-incapacitating,FAILURE TO YIELD RIGHT OF WAY,COLLEGE MALL & COVENANTER,1217
2015,4,6,Weekday,1700,2-Car,No injury/unknown,UNSAFE BACKING,E 10TH,1218
2015,4,7,Weekend,2300,2-Car,No injury/unknown,UNSAFE BACKING,S WALNUT,1219
2015,4,7,Weekend,100,1-Car,No injury/unknown,RAN OFF ROAD RIGHT,MOUNT GILEAD & SR45E,1220
2015,4,1,Weekend,0,1-Car,No injury/unknown,ANIMAL/OBJECT IN ROADWAY,SR37S & W SIMPSON CHAPEL,1221
2015,4,5,Weekday,1700,1-Car,No injury/unknown,RAN OFF ROAD RIGHT,OLD SR 37 & SAMPLE RD,1222
2015,4,6,Weekday,1700,2-Car,No injury/unknown,UNSAFE BACKING,TAPP,1223
2015,4,1,Weekend,1000,2-Car,No injury/unknown,IMPROPER PASSING,17TH & WALNUT,1224
2015,4,2,Weekday,700,2-Car,No injury/unknown,OTHER (DRIVER) - EXPLAIN IN NARRATIVE,LANDMARK & W 3RD,1225
2015,4,2,Weekday,1200,Cyclist,Incapacitating,FAILURE TO YIELD RIGHT OF WAY,7 & UNION,1226
2015,4,2,Weekday,1700,2-Car,No injury/unknown,FOLLOWING TOO CLOSELY,EASTGATE & SR45N,1227
2015,4,1,Weekend,1700,2-Car,Non-incapacitating,FAILURE TO YIELD RIGHT OF WAY,10TH & WASHINGTON,1228
2015,4,2,Weekday,2000,1-Car,Incapacitating,RAN OFF ROAD RIGHT,S COLLEGE & W 2ND,1229
2015,4,1,Weekend,0,1-Car,Non-incapacitating,RAN OFF ROAD RIGHT,SOUTH OLD STATE ROAD 37 & SR37,1230
2015,4,1,Weekend,300,1-Car,No injury/unknown,OTHER (DRIVER) - EXPLAIN IN NARRATIVE,BETHEL & NORTH OLD STATE ROAD 37,1231
2015,4,1,Weekend,1300,1-Car,No injury/unknown,ANIMAL/OBJECT IN ROADWAY,SR37S & ZIKES,1232
2015,4,3,Weekday,900,2-Car,No injury/unknown,FAILURE TO YIELD RIGHT OF WAY,7TH & ROSE,1233
2015,4,3,Weekday,900,2-Car,No injury/unknown,DRIVER DISTRACTED - EXPLAIN IN NARRATIVE,HICKORY & SR48,1234
2015,4,3,Weekday,600,2-Car,No injury/unknown,FAILURE TO YIELD RIGHT OF WAY,KIRBY & SR48W,1235
2015,4,5,Weekday,1100,1-Car,No injury/unknown,ANIMAL/OBJECT IN ROADWAY,MITCHEL & STRAIN RIDGE,1236
2015,4,3,Weekday,1400,3+ Cars,Incapacitating,FOLLOWING TOO CLOSELY,3RD & JEFFERSON,1237
2015,4,3,Weekday,1700,2-Car,No injury/unknown,FOLLOWING TOO CLOSELY,3RD & BRYAN,1238
2015,4,3,Weekday,1700,2-Car,No injury/unknown,UNSAFE BACKING,E CATHCART & S RENWICK,1239
2015,4,2,Weekday,1600,2-Car,No injury/unknown,UNSAFE LANE MOVEMENT,LOVE & SR46E,1240
2015,4,3,Weekday,1600,2-Car,No injury/unknown,FAILURE TO YIELD RIGHT OF WAY,E CONVENANTER & S AUTO MALL,1241
2015,4,6,Weekday,1200,2-Car,No injury/unknown,FOLLOWING TOO CLOSELY,ENRIGHT & SR46W,1242
2015,4,5,Weekday,200,2-Car,No injury/unknown,UNSAFE BACKING,CURRY,1243
2015,4,4,Weekday,700,1-Car,No injury/unknown,RAN OFF ROAD RIGHT,ANDERSON & FISH,1244
2015,4,4,Weekday,800,2-Car,No injury/unknown,IMPROPER TURNING,W KIRKWOOD,1245
2015,4,4,Weekday,1500,2-Car,No injury/unknown,IMPROPER LANE USAGE,EAST 17TH,1246
2015,4,4,Weekday,1400,1-Car,No injury/unknown,OTHER (ENVIRONMENTAL) - EXPLAIN IN NARR,W 12TH,1247
2015,4,4,Weekday,1800,2-Car,No injury/unknown,UNSAFE BACKING,SOUTH WALNUT,1248
2015,4,1,Weekend,1200,2-Car,No injury/unknown,FAILURE TO YIELD RIGHT OF WAY,SR37N & TAPP,1249
2015,4,5,Weekday,800,Pedestrian,Incapacitating,OTHER (DRIVER) - EXPLAIN IN NARRATIVE,KENNEDY,1250
2015,4,5,Weekday,800,2-Car,No injury/unknown,DISREGARD SIGNAL/REG SIGN,45 46 & KINSER,1251
2015,4,4,Weekday,1300,2-Car,No injury/unknown,IMPROPER LANE USAGE,N MONROE & SR4546E,1252
2015,4,4,Weekday,1200,2-Car,No injury/unknown,UNSAFE BACKING,N COLLEGE,1253
2015,4,5,Weekday,900,2-Car,Incapacitating,FAILURE TO YIELD RIGHT OF WAY,E 3RD & MORNINGSIDE,1254
2015,4,5,Weekday,1300,2-Car,No injury/unknown,UNSAFE LANE MOVEMENT,E 10TH,1255
2015,4,5,Weekday,1400,2-Car,No injury/unknown,OTHER (DRIVER) - EXPLAIN IN NARRATIVE,FORREST & KIRKWOOD,1256
2015,4,5,Weekday,1900,2-Car,Non-incapacitating,FAILURE TO YIELD RIGHT OF WAY,EAST 3RD & PARK RIDGE,1257
2015,4,5,Weekday,1700,2-Car,No injury/unknown,FOLLOWING TOO CLOSELY,SR37S & TAPP,1258
2015,4,5,Weekday,2100,2-Car,No injury/unknown,FOLLOWING TOO CLOSELY,E 10TH & N DUNN,1259
2015,4,5,Weekday,2200,2-Car,No injury/unknown,IMPROPER LANE USAGE,BURMA & SR37S,1260
2015,4,6,Weekday,200,2-Car,No injury/unknown,IMPROPER TURNING,N WOODBURN,1261
2015,4,6,Weekday,900,2-Car,No injury/unknown,OTHER (DRIVER) - EXPLAIN IN NARRATIVE,17TH & WALNUT GROVE,1262
2015,4,6,Weekday,900,Cyclist,Non-incapacitating,FAILURE TO YIELD RIGHT OF WAY,SR46 & UNIONVILLE,1263
2015,4,6,Weekday,900,2-Car,No injury/unknown,FAILURE TO YIELD RIGHT OF WAY,HILLSIDE & S WALNUT,1264
2015,4,6,Weekday,1100,2-Car,No injury/unknown,UNSAFE LANE MOVEMENT,KIMBLE & WEST 3RD,1265
2015,4,6,Weekday,1100,3+ Cars,Non-incapacitating,UNSAFE SPEED,EASTGATE & SR46E,1266
2015,4,6,Weekday,700,1-Car,No injury/unknown,RAN OFF ROAD RIGHT,LOST MANS & MAPLE GROVE,1267
2015,4,6,Weekday,1500,Pedestrian,No injury/unknown,FAILURE TO YIELD RIGHT OF WAY,ATWATER & FESS,1268
2015,4,6,Weekday,1800,Moped/Motorcycle,Incapacitating,RAN OFF ROAD RIGHT,EAST SALT CREEK & SR446,1269
2015,4,6,Weekday,1500,2-Car,No injury/unknown,FAILURE TO YIELD RIGHT OF WAY,S COLLEGE & W 4TH,1270
2015,4,6,Weekend,2100,Bus,No injury/unknown,OTHER (DRIVER) - EXPLAIN IN NARRATIVE,GENTRY & KIRKWOOD,1271
2015,4,6,Weekend,2100,1-Car,No injury/unknown,LEFT OF CENTER,N CRESENT & W 17TH,1272
2015,4,6,Weekday,1700,3+ Cars,Incapacitating,FOLLOWING TOO CLOSELY,HARTSTRAIT & SR46E,1273
2015,4,5,Weekday,0,1-Car,No injury/unknown,RAN OFF ROAD RIGHT,ARLINGTON & MAPLE GROVE,1274
2015,4,7,Weekend,600,1-Car,No injury/unknown,BRAKE FAILURE OR DEFECTIVE,E 2ND,1275
2015,4,6,Weekday,1400,2-Car,No injury/unknown,DRIVER DISTRACTED - EXPLAIN IN NARRATIVE,SR37 & TAPP,1276
2015,4,6,Weekday,1200,3+ Cars,No injury/unknown,LEFT OF CENTER,N ROGERS & W 11TH,1277
2015,4,7,Weekend,1200,2-Car,No injury/unknown,FAILURE TO YIELD RIGHT OF WAY,RHORER & WALNUT STREET,1278
2015,4,7,Weekend,1300,2-Car,No injury/unknown,IMPROPER TURNING,MULLER & THIRD,1279
2015,4,7,Weekend,1700,2-Car,No injury/unknown,IMPROPER PASSING,BARRINGTON & EAST 10TH,1280
2015,4,7,Weekend,1800,2-Car,No injury/unknown,FAILURE TO YIELD RIGHT OF WAY,S COLLEGE MALL,1281
2015,4,7,Weekend,1500,Moped/Motorcycle,Non-incapacitating,OTHER (DRIVER) - EXPLAIN IN NARRATIVE,2300 N WALNUT ST & STATE RD 46,1282
2015,4,7,Weekend,1800,2-Car,No injury/unknown,UNSAFE BACKING,N JACOB,1283
2015,4,7,Weekend,1900,2-Car,No injury/unknown,OTHER (VEHICLE) - EXPLAIN IN NARRATIVE,EAST LAW,1284
2015,4,6,Weekday,300,3+ Cars,No injury/unknown,SPEED TOO FAST FOR WEATHER CONDITIONS,KINSER & SR37N,1285
2015,4,7,Weekend,2300,2-Car,No injury/unknown,DISREGARD SIGNAL/REG SIGN,ATWATER & JORDAN,1286
2015,4,7,Weekend,1400,2-Car,Non-incapacitating,FOLLOWING TOO CLOSELY,17TH & SR46,1287
2015,4,1,Weekend,1000,2-Car,No injury/unknown,SPEED TOO FAST FOR WEATHER CONDITIONS,SR4546W & WALNUT,1288
2015,4,1,Weekend,1000,2-Car,No injury/unknown,DISREGARD SIGNAL/REG SIGN,10TH & LINCOLN,1289
2015,4,1,Weekend,1000,2-Car,No injury/unknown,UNSAFE BACKING,SUGAR MAPLE,1290
2015,4,1,Weekend,1100,2-Car,No injury/unknown,IMPROPER LANE USAGE,EAST 3RD & PI BETA PHI,1291
2015,4,7,Weekend,100,2-Car,No injury/unknown,FOLLOWING TOO CLOSELY,FAIRFAX & WALNUT STREET,1292
2015,4,7,Weekend,1800,2-Car,No injury/unknown,FOLLOWING TOO CLOSELY,SAMPLE & SR37S,1293
2015,4,6,Weekend,2100,Moped/Motorcycle,Non-incapacitating,OVERCORRECTING/OVERSTEERING,S KNIGHTRIDGE & SR446N,1294
2015,4,1,Weekend,1300,2-Car,No injury/unknown,FOLLOWING TOO CLOSELY,KIRKWOOD & ROGERS,1295
2015,4,1,Weekend,1300,2-Car,No injury/unknown,UNSAFE BACKING,W SR 45,1296
2015,4,1,Weekend,1600,3+ Cars,No injury/unknown,FOLLOWING TOO CLOSELY,10TH & SR45W,1297
2015,4,1,Weekend,1700,2-Car,No injury/unknown,UNSAFE BACKING,E 10TH,1298
2015,4,1,Weekday,2100,2-Car,No injury/unknown,FAILURE TO YIELD RIGHT OF WAY,JORDAN & THIRD,1299
2015,4,2,Weekday,200,1-Car,No injury/unknown,UNSAFE SPEED,MCCARTNEY & S SARE,1300
2015,4,2,Weekday,700,2-Car,No injury/unknown,FOLLOWING TOO CLOSELY,E HILLSIDE & OLIVE,1301
2015,4,1,Weekend,700,1-Car,Fatal,RAN OFF ROAD RIGHT,INGRAM & SR37N,1302
2015,4,2,Weekday,800,2-Car,No injury/unknown,FOLLOWING TOO CLOSELY,ADAMS & TAPP,1303
2015,4,6,Weekday,1700,2-Car,No injury/unknown,DRIVER DISTRACTED - EXPLAIN IN NARRATIVE,E DILLMAN & OLD STATE ROAD 37,1304
2015,4,2,Weekday,800,2-Car,No injury/unknown,DISREGARD SIGNAL/REG SIGN,ATWATER & JORDAN,1305
2015,4,1,Weekend,200,1-Car,No injury/unknown,ANIMAL/OBJECT IN ROADWAY,N GETTYS CREEK & SR46,1306
2015,4,7,Weekend,100,2-Car,No injury/unknown,IMPROPER LANE USAGE,17TH & N WASHINGTON,1307
2015,4,1,Weekend,1300,2-Car,No injury/unknown,FOLLOWING TOO CLOSELY,10TH & JORDAN,1308
2015,4,7,Weekend,2100,1-Car,No injury/unknown,RAN OFF ROAD RIGHT,SOUTH OLD STATE ROAD 37 & WEST WAYSIDE,1309
2015,4,1,Weekend,1300,2-Car,No injury/unknown,OTHER (DRIVER) - EXPLAIN IN NARRATIVE,WEST BLOOMFIELD,1310
2015,4,7,Weekend,2200,2-Car,No injury/unknown,OTHER (DRIVER) - EXPLAIN IN NARRATIVE,N HINKLE,1311
2015,4,7,Weekend,2200,2-Car,No injury/unknown,UNSAFE BACKING,N ROSE,1312
2015,4,1,Weekend,1600,2-Car,No injury/unknown,UNSAFE BACKING,S KINGSTON,1313
2015,4,1,Weekday,2000,Cyclist,Non-incapacitating,FAILURE TO YIELD RIGHT OF WAY,JORDAN & LAW,1314
2015,3,7,Weekend,2100,2-Car,No injury/unknown,FAILURE TO YIELD RIGHT OF WAY,COLLEGE MALL & COVENANTER,1315
2015,3,1,Weekend,1200,Pedestrian,Incapacitating,UNSAFE BACKING,8TH & NORTH SPRING,1316
2015,4,2,Weekday,0,1-Car,Incapacitating,DISREGARD SIGNAL/REG SIGN,E LAW & N UNION,1317
2015,4,7,Weekend,1300,1-Car,No injury/unknown,RAN OFF ROAD RIGHT,OLD SR 37 & WALNUT,1318
2015,3,6,Weekday,900,1-Car,No injury/unknown,RAN OFF ROAD RIGHT,TUNNEL ROAD,1319
2015,4,6,Weekday,0,1-Car,No injury/unknown,LEFT OF CENTER,CORY LANE,1320
2015,4,7,Weekend,1400,2-Car,No injury/unknown,IMPROPER TURNING,SMITH PIKE & SR46W,1321
2015,4,7,Weekend,2300,Pedestrian,Incapacitating,PEDESTRIAN ACTION,17TH & INDIANA,1322
2015,4,2,Weekday,1900,1-Car,Non-incapacitating,RAN OFF ROAD RIGHT,S VICTOR & VICTOR HEIGHTS,1323
2015,4,2,Weekday,1500,2-Car,No injury/unknown,FAILURE TO YIELD RIGHT OF WAY,DANIELS,1324
2015,4,6,Weekday,0,2-Car,Incapacitating,FAILURE TO YIELD RIGHT OF WAY,EAST SAMPLE & SR37N,1325
2015,4,2,Weekday,2300,2-Car,No injury/unknown,OTHER (DRIVER) - EXPLAIN IN NARRATIVE,11TH & FAIRVIEW,1326
2015,4,2,Weekday,1300,2-Car,No injury/unknown,UNSAFE BACKING,S WALNUT,1327
2015,4,2,Weekday,1100,2-Car,Incapacitating,OTHER (DRIVER) - EXPLAIN IN NARRATIVE,E 10TH & FORREST,1328
2015,4,3,Weekday,700,2-Car,No injury/unknown,FOLLOWING TOO CLOSELY,SR37N,1329
2015,4,3,Weekday,1100,2-Car,No injury/unknown,UNSAFE BACKING,ATWATER & S WOODLAWN,1330
2015,4,3,Weekday,1300,1-Car,No injury/unknown,IMPROPER TURNING,NORTH DUNN,1331
2015,4,3,Weekday,1300,2-Car,No injury/unknown,FOLLOWING TOO CLOSELY,HILLSIDE & WOODLAWN,1332
2015,4,3,Weekday,1600,2-Car,Non-incapacitating,BRAKE FAILURE OR DEFECTIVE,GORDON & S OLD SR 37,1333
2015,4,3,Weekday,1800,2-Car,No injury/unknown,FOLLOWING TOO CLOSELY,EAST THIRD & OVERHILL,1334
2015,4,3,Weekday,1400,3+ Cars,Incapacitating,FOLLOWING TOO CLOSELY,EAST BURKS & SOUTH WALNUT,1335
2015,4,7,Weekend,1400,2-Car,No injury/unknown,SPEED TOO FAST FOR WEATHER CONDITIONS,SMITH,1336
2015,4,3,Weekday,1500,2-Car,No injury/unknown,UNSAFE BACKING,FEE & LAW,1337
2015,4,4,Weekday,300,Pedestrian,Incapacitating,PEDESTRIAN ACTION,10TH & SR46E,1338
2015,4,4,Weekday,800,3+ Cars,No injury/unknown,FOLLOWING TOO CLOSELY,E3RD & SO JEFFERSON,1339
2015,4,4,Weekday,900,2-Car,No injury/unknown,DRIVER DISTRACTED - EXPLAIN IN NARRATIVE,E THIRD & PETE ELLIS,1340
2015,4,1,Weekend,1100,2-Car,No injury/unknown,UNSAFE BACKING,EAST 10TH,1341
2015,4,4,Weekday,1200,2-Car,No injury/unknown,OTHER (DRIVER) - EXPLAIN IN NARRATIVE,S WALNUT,1342
2015,4,4,Weekday,1100,2-Car,No injury/unknown,FOLLOWING TOO CLOSELY,SR37N & W VERNAL,1343
2015,4,4,Weekday,1400,2-Car,No injury/unknown,UNSAFE BACKING,NORTH FEE,1344
2015,4,4,Weekday,1300,2-Car,No injury/unknown,FOLLOWING TOO CLOSELY,BLOOMFIELD & SR37S,1345
2015,4,3,Weekday,1300,2-Car,No injury/unknown,UNSAFE BACKING,E 7TH & WOODLAWN,1346
2015,4,4,Weekday,1300,2-Car,Non-incapacitating,FOLLOWING TOO CLOSELY,SR37N & VERNAL,1347
2015,4,3,Weekday,1600,2-Car,No injury/unknown,FAILURE TO YIELD RIGHT OF WAY,OUTBACK & SR46W,1348
2015,4,3,Weekday,2000,2-Car,No injury/unknown,UNSAFE BACKING,STATE HIGHWAY 37 & WINERY,1349
2015,4,4,Weekday,1300,2-Car,No injury/unknown,IMPROPER TURNING,S MADISON,1350
2015,4,4,Weekday,2100,2-Car,No injury/unknown,FOLLOWING TOO CLOSELY,FESS & THIRD,1351
2015,4,4,Weekday,0,2-Car,No injury/unknown,UNSAFE BACKING,N FAIRVIEW,1352
2015,4,4,Weekday,2300,1-Car,Non-incapacitating,ANIMAL/OBJECT IN ROADWAY,SR37N & TAPP,1353
2015,4,4,Weekday,700,3+ Cars,No injury/unknown,FOLLOWING TOO CLOSELY,BREEDEN & SR45W,1354
2015,4,5,Weekday,1000,2-Car,No injury/unknown,FAILURE TO YIELD RIGHT OF WAY,3RD & UNION,1355
2015,4,5,Weekday,1000,2-Car,No injury/unknown,UNSAFE BACKING,7TH & UNION,1356
2015,4,5,Weekday,1200,2-Car,No injury/unknown,OTHER (DRIVER) - EXPLAIN IN NARRATIVE,EAST THIRD,1357
2015,4,4,Weekday,1100,1-Car,No injury/unknown,IMPROPER LANE USAGE,HUNTER & WOODLAWN,1358
2015,4,4,Weekday,1400,1-Car,No injury/unknown,UNSAFE BACKING,S FAIRFAX,1359
2015,4,5,Weekday,1700,2-Car,Non-incapacitating,IMPROPER LANE USAGE,SR37N & SR45E,1360
2015,4,5,Weekday,1700,2-Car,No injury/unknown,FAILURE TO YIELD RIGHT OF WAY,COTTAGE & INDIANA,1361
2015,5,6,Weekday,100,1-Car,Non-incapacitating,RAN OFF ROAD RIGHT,CHURCH & VICTOR,1362
2015,5,6,Weekday,900,2-Car,No injury/unknown,OTHER (DRIVER) - EXPLAIN IN NARRATIVE,S WALNUT,1363
2015,5,6,Weekday,1500,2-Car,Non-incapacitating,IMPROPER TURNING,3RD & FACULTY,1364
2015,5,6,Weekday,1600,2-Car,No injury/unknown,FOLLOWING TOO CLOSELY,STATE 37 & VERNAL,1365
2015,5,6,Weekday,1500,2-Car,No injury/unknown,UNSAFE BACKING,E SOUTHERN,1366
2015,5,6,Weekday,1500,2-Car,No injury/unknown,UNSAFE BACKING,S WOODSCREST,1367
2015,5,6,Weekday,1800,2-Car,No injury/unknown,DISREGARD SIGNAL/REG SIGN,E 8TH & N GRANT,1368
2015,5,6,Weekend,2100,1-Car,No injury/unknown,OTHER (VEHICLE) - EXPLAIN IN NARRATIVE,BOTTOM & MT CARMEL,1369
2015,5,6,Weekend,2300,2-Car,No injury/unknown,FAILURE TO YIELD RIGHT OF WAY,EAST WEST & GRANT,1370
2015,5,7,Weekend,1100,2-Car,No injury/unknown,FOLLOWING TOO CLOSELY,AIRPORT & SR45W,1371