year,month,day,weekend,hour,collision_type,injury_type,primary_factor,reported_location,unique_id
2015,5,5,Weekday,2200,2-Car,No injury/unknown,UNSAFE BACKING,E 2ND,1600
2015,5,5,Weekday,2100,2-Car,Non-incapacitating,FOLLOWING TOO CLOSELY,2ND & SR37S,1601
2015,5,5,Weekday,700,2-Car,No injury/unknown,FOLLOWING TOO CLOSELY,SR37 & VERNAL PIKE,1602
2015,5,6,Weekday,0,Moped/Motorcycle,Incapacitating,ACCELERATOR FAILURE OR DEFECTIVE,W RAPPEL,1603
2015,5,5,Weekday,100,2-Car,No injury/unknown,FAILURE TO YIELD RIGHT OF WAY,OLD STATE ROAD 37,1604
2015,5,6,Weekday,1000,2-Car,No injury/unknown,UNSAFE BACKING,DUNN & KIRKWOOD,1605
2015,5,6,Weekday,1300,2-Car,Non-incapacitating,FAILURE TO YIELD RIGHT OF WAY,2ND & WALKER,1606
2015,5,6,Weekend,1900,2-Car,Incapacitating,DISREGARD SIGNAL/REG SIGN,2ND & COLLEGE,1607
2015,5,2,Weekday,1500,2-Car,No injury/unknown,FOLLOWING TOO CLOSELY,S FAIRFAX & S WALNUT STREET,1608
2015,5,3,Weekday,1600,2-Car,No injury/unknown,LEFT OF CENTER,5200 S HARRELL & MOFFETT,1609
2015,5,7,Weekend,100,1-Car,No injury/unknown,ANIMAL/OBJECT IN ROADWAY,E POINTE & POINTE VIEW,1610
2015,5,7,Weekend,900,2-Car,No injury/unknown,UNSAFE BACKING,WEST ALLEN,1611
2015,5,7,Weekend,1200,2-Car,No injury/unknown,FOLLOWING TOO CLOSELY,COUNTRY CLUB & ROCKPORT,1612
2015,5,7,Weekend,1400,2-Car,No injury/unknown,DRIVER DISTRACTED - EXPLAIN IN NARRATIVE,SR37 & W 3RD,1613
2015,5,7,Weekend,1300,Pedestrian,Non-incapacitating,PEDESTRIAN ACTION,6TH & GRANT,1614
2015,5,1,Weekend,700,2-Car,No injury/unknown,OTHER (VEHICLE) - EXPLAIN IN NARRATIVE,COUNTRYSIDE,1615
2015,5,1,Weekend,1000,2-Car,No injury/unknown,WRONG WAY ON ONE WAY,ATWATER & MITCHELL,1616
2015,5,6,Weekday,1600,2-Car,No injury/unknown,FAILURE TO YIELD RIGHT OF WAY,S CURRY & SR45W,1617
2015,5,1,Weekend,1200,1-Car,Incapacitating,RAN OFF ROAD RIGHT,GROSS & KNIGHTRIDGE,1618
2015,5,7,Weekend,1600,2-Car,No injury/unknown,BRAKE FAILURE OR DEFECTIVE,S LEONARD SPRINGS,1619
2015,5,1,Weekend,1500,2-Car,No injury/unknown,ENGINE FAILURE OR DEFECTIVE,SR37S & W TAPP,1620
2015,5,1,Weekend,1200,2-Car,No injury/unknown,UNSAFE BACKING,WEST SR 45,1621
2015,5,6,Weekend,2000,2-Car,Incapacitating,FAILURE TO YIELD RIGHT OF WAY,SR37S & WEST SMITHVILLE,1622
2015,5,3,Weekday,100,2-Car,No injury/unknown,UNSAFE BACKING,ALEXANDER & W 11TH,1623
2015,5,1,Weekend,1200,1-Car,No injury/unknown,ANIMAL/OBJECT IN ROADWAY,CO 330 W & S OLD STATE ROAD 37,1624
2015,5,3,Weekday,900,1-Car,No injury/unknown,OTHER (ENVIRONMENTAL) - EXPLAIN IN NARR,N COLLEGE,1625
2015,5,3,Weekday,800,2-Car,No injury/unknown,FOLLOWING TOO CLOSELY,N OLD SR 37 & N WALNUT,1626
2015,5,3,Weekday,900,2-Car,Non-incapacitating,FOLLOWING TOO CLOSELY,SMITH & WALNUT,1627
2015,5,3,Weekday,900,2-Car,Non-incapacitating,DISREGARD SIGNAL/REG SIGN,CURRY & SR 45,1628
2015,5,3,Weekday,900,2-Car,No injury/unknown,DISREGARD SIGNAL/REG SIGN,GRIMES & WALNUT,1629
2015,5,3,Weekday,900,Bus,No injury/unknown,FAILURE TO YIELD RIGHT OF WAY,LINDBERGH & W 15TH,1630
2015,5,2,Weekday,1900,2-Car,No injury/unknown,FOLLOWING TOO CLOSELY,RAMP 14 & STATE ROAD 45,1631
2015,5,3,Weekday,1600,2-Car,No injury/unknown,FOLLOWING TOO CLOSELY,EAST 3RD & PARK RIDGE,1632
2015,5,3,Weekday,2000,2-Car,No injury/unknown,UNSAFE BACKING,E KIRKWOOD,1633
2015,5,3,Weekday,1400,2-Car,No injury/unknown,FOLLOWING TOO CLOSELY,S PATTERSON & W 2ND,1634
2015,5,3,Weekday,2200,2-Car,No injury/unknown,DISREGARD SIGNAL/REG SIGN,CAMPBELL & PARK,1635
2015,5,1,Weekend,300,2-Car,No injury/unknown,DRIVER DISTRACTED - EXPLAIN IN NARRATIVE,GRANT & SIXTH,1636
2015,5,5,Weekday,1700,Moped/Motorcycle,Incapacitating,OVERCORRECTING/OVERSTEERING,DEPOT & SR46W,1637
2015,5,3,Weekday,1400,2-Car,Non-incapacitating,FAILURE TO YIELD RIGHT OF WAY,10TH & CAMPBELL,1638
2015,5,4,Weekday,900,2-Car,No injury/unknown,FAILURE TO YIELD RIGHT OF WAY,2ND & S WALNUT,1639
2015,5,4,Weekday,1000,2-Car,No injury/unknown,BRAKE FAILURE OR DEFECTIVE,SR45E & SR46E,1640
2015,5,6,Weekday,800,2-Car,No injury/unknown,FAILURE TO YIELD RIGHT OF WAY,PAUL & SR46W,1641
2015,5,4,Weekday,1600,2-Car,Non-incapacitating,FOLLOWING TOO CLOSELY,S MADISON & W 2ND,1642
2015,5,1,Weekday,2200,2-Car,No injury/unknown,FOLLOWING TOO CLOSELY,SR37N & WAYPORT,1643
2015,5,5,Weekday,0,1-Car,No injury/unknown,ANIMAL/OBJECT IN ROADWAY,611 CHURCH & ROGERS,1644
2015,5,5,Weekday,700,2-Car,No injury/unknown,FAILURE TO YIELD RIGHT OF WAY,3RD & CLARIZZ,1645
2015,5,5,Weekday,700,1-Car,No injury/unknown,DRIVER DISTRACTED - EXPLAIN IN NARRATIVE,SOUTH COLLEGE,1646
2015,5,5,Weekday,700,Cyclist,Incapacitating,FAILURE TO YIELD RIGHT OF WAY,N KINSER & W PARRISH,1647
2015,5,5,Weekday,900,1-Car,No injury/unknown,IMPROPER TURNING,WOODSCREST,1648
2015,5,5,Weekday,1200,2-Car,No injury/unknown,FOLLOWING TOO CLOSELY,EAST 10TH & INDIANA,1649
2015,5,5,Weekday,1200,2-Car,No injury/unknown,FAILURE TO YIELD RIGHT OF WAY,COTTAGE GROVE & FORREST,1650
2015,5,5,Weekday,1100,2-Car,No injury/unknown,OTHER (DRIVER) - EXPLAIN IN NARRATIVE,E 3RD & KINGSTON,1651
2015,5,5,Weekday,1200,2-Car,No injury/unknown,UNSAFE BACKING,1201 E 3RD EAST SERVICE & 3RD,1652
2015,5,5,Weekday,1300,2-Car,No injury/unknown,IMPROPER LANE USAGE,PETE ELLIS & SR46E,1653
2015,5,4,Weekday,700,1-Car,No injury/unknown,ANIMAL/OBJECT IN ROADWAY,E SMITHVILLE & S FIDLER,1654
2015,5,5,Weekday,2000,2-Car,No injury/unknown,OTHER (DRIVER) - EXPLAIN IN NARRATIVE,DUNN & KIRKWOOD,1655
2015,5,5,Weekday,1400,2-Car,No injury/unknown,IMPROPER TURNING,10TH & COLLEGE,1656
2015,5,5,Weekday,1600,2-Car,No injury/unknown,FAILURE TO YIELD RIGHT OF WAY,E HILLSIDE & S WASHINGTON,1657
2015,5,5,Weekday,1600,2-Car,Non-incapacitating,DISREGARD SIGNAL/REG SIGN,E 6TH & N WALNUT,1658
2015,5,5,Weekday,2300,1-Car,No injury/unknown,IMPROPER TURNING,WOODSCREST,1659
2015,5,5,Weekday,2200,2-Car,No injury/unknown,FOLLOWING TOO CLOSELY,45 46 BYPASS & WALNUT,1660
2015,7,6,Weekday,900,2-Car,No injury/unknown,FAILURE TO YIELD RIGHT OF WAY,3RD & GRANT,1661
2015,7,6,Weekday,1000,2-Car,No injury/unknown,DRIVER DISTRACTED - EXPLAIN IN NARRATIVE,LAKE VIEW & SR46W,1662
2015,7,6,Weekday,1000,2-Car,No injury/unknown,DISREGARD SIGNAL/REG SIGN,3RD & WALNUT,1663
2015,7,4,Weekday,800,2-Car,No injury/unknown,DRIVER DISTRACTED - EXPLAIN IN NARRATIVE,ARLINGTON & SR46W,1664
2015,7,4,Weekday,1200,2-Car,Non-incapacitating,DRIVER ILLNESS,BOTTOM & SR37N,1665
2015,7,4,Weekday,1500,2-Car,No injury/unknown,FAILURE TO YIELD RIGHT OF WAY,SR37S & W FULLERTON,1666
2015,7,5,Weekday,1700,2-Car,No injury/unknown,FOLLOWING TOO CLOSELY,ACUFF & SR37N,1667
2015,7,6,Weekday,1300,2-Car,No injury/unknown,UNSAFE BACKING,E 10TH,1668
2015,7,6,Weekday,1700,2-Car,No injury/unknown,FAILURE TO YIELD RIGHT OF WAY,N FAIRVIEW & W 11TH,1669
2015,7,6,Weekday,1600,2-Car,No injury/unknown,IMPROPER TURNING,E 3RD & JORDAN,1670
2015,7,6,Weekday,1700,2-Car,No injury/unknown,UNSAFE BACKING,E VARSITY,1671
2015,7,6,Weekend,1900,2-Car,No injury/unknown,FOLLOWING TOO CLOSELY,LEONARD SPRINGS & TAPP,1672
2015,7,6,Weekend,2000,2-Car,Non-incapacitating,DISREGARD SIGNAL/REG SIGN,SR37 & WEST 3RD,1673
2015,8,7,Weekend,300,1-Car,No injury/unknown,ANIMAL/OBJECT IN ROADWAY,DILLMAN & OLD STATE ROAD 37,1674
2015,8,7,Weekend,900,2-Car,No injury/unknown,FOLLOWING TOO CLOSELY,SR37N & VERNAL,1675
2015,7,6,Weekday,1200,2-Car,No injury/unknown,FAILURE TO YIELD RIGHT OF WAY,W 2ND,1676
2015,7,5,Weekday,2200,Moped/Motorcycle,Non-incapacitating,ROADWAY SURFACE CONDITION,SOUTH OLD STATE ROAD 37 & SR37,1677
2015,8,7,Weekend,1000,2-Car,No injury/unknown,OTHER (DRIVER) - EXPLAIN IN NARRATIVE,SR37N & STONE MILL,1678
2015,8,7,Weekend,1300,2-Car,No injury/unknown,IMPROPER TURNING,N COLLEGE & W 10TH,1679
2015,8,7,Weekend,1300,2-Car,No injury/unknown,UNSAFE LANE MOVEMENT,E 3RD & S COLLEGE MALL,1680
2015,7,5,Weekday,1600,2-Car,No injury/unknown,FAILURE TO YIELD RIGHT OF WAY,RIDGEWAY & SR46W,1681
2015,8,7,Weekend,1800,3+ Cars,Non-incapacitating,FOLLOWING TOO CLOSELY,SR37S & W VERNAL,1682
2015,8,1,Weekend,300,1-Car,No injury/unknown,RAN OFF ROAD RIGHT,4310 LEONARD SPRINGS & HORNED OWL,1683
2015,8,7,Weekend,1200,2-Car,No injury/unknown,OTHER (DRIVER) - EXPLAIN IN NARRATIVE,JACOB,1684
2015,8,7,Weekend,900,1-Car,No injury/unknown,ANIMAL/OBJECT IN ROADWAY,OLD STATE ROAD 37 & PRAIRIE,1685
2015,8,1,Weekend,900,2-Car,No injury/unknown,FOLLOWING TOO CLOSELY,SMITH & WOODYARD,1686
2015,8,1,Weekend,1000,2-Car,No injury/unknown,OTHER (ENVIRONMENTAL) - EXPLAIN IN NARR,ANDY & NATASHA,1687
2015,8,1,Weekend,700,1-Car,No injury/unknown,RAN OFF ROAD RIGHT,37 & DEPOT HILL,1688
2015,8,1,Weekend,1300,2-Car,Non-incapacitating,DISREGARD SIGNAL/REG SIGN,S ROGERS & W 2ND,1689
2015,7,7,Weekend,2200,2-Car,No injury/unknown,FAILURE TO YIELD RIGHT OF WAY,PAYNETOWN STATE RECREATION & SR446S,1690
2015,8,1,Weekend,1500,2-Car,Non-incapacitating,FOLLOWING TOO CLOSELY,MATTHEWS & SR46W,1691
2015,8,7,Weekend,1500,2-Car,No injury/unknown,UNSAFE BACKING,S LEONARD SPRINGS,1692
2015,7,5,Weekday,2200,1-Car,No injury/unknown,UNSAFE SPEED,SOUTH RENDY & WEST ELLER,1693
2015,7,3,Weekday,1700,2-Car,No injury/unknown,FAILURE TO YIELD RIGHT OF WAY,LEONARD SPRINGS & WALNUT LEAF,1694
2015,7,5,Weekday,1500,2-Car,No injury/unknown,UNSAFE BACKING,MOFFETT & ORNAMENTAL,1695
2015,8,7,Weekend,1400,Pedestrian,No injury/unknown,OTHER (VEHICLE) - EXPLAIN IN NARRATIVE,W AIRPORT,1696
2015,8,1,Weekday,2200,1-Car,Incapacitating,RAN OFF ROAD RIGHT,EAST BOLTINGHOUSE,1697
2015,8,2,Weekday,1200,2-Car,No injury/unknown,OTHER (DRIVER) - EXPLAIN IN NARRATIVE,S LIBERTY & W 3RD,1698
2015,8,2,Weekday,600,1-Car,No injury/unknown,ANIMAL/OBJECT IN ROADWAY,GORE & OLD STATE ROAD 37,1699
2015,8,2,Weekday,1300,1-Car,No injury/unknown,OTHER (DRIVER) - EXPLAIN IN NARRATIVE,1600 N FEE (PLAZA) & FEE,1700
2015,8,2,Weekday,1400,2-Car,No injury/unknown,FAILURE TO YIELD RIGHT OF WAY,ISAAC & PATTERSON,1701
2015,8,2,Weekday,1600,2-Car,Non-incapacitating,FAILURE TO YIELD RIGHT OF WAY,HILLSIDE & WALNUT,1702
2015,8,2,Weekday,1300,2-Car,No injury/unknown,IMPROPER LANE USAGE,S COLLEGE & W 4TH,1703
2015,8,2,Weekday,2000,1-Car,Non-incapacitating,ANIMAL/OBJECT IN ROADWAY,SR37N & WALNUT,1704
2015,8,1,Weekday,1900,1-Car,Non-incapacitating,RAN OFF ROAD RIGHT,REEVES & TERRY,1705
2015,8,1,Weekday,2300,1-Car,Non-incapacitating,RAN OFF ROAD RIGHT,E MONROE DAM,1706
2015,7,6,Weekend,2100,2-Car,No injury/unknown,FAILURE TO YIELD RIGHT OF WAY,KIRKWOOD & WALNUT,1707
2015,8,2,Weekday,2300,1-Car,No injury/unknown,DISREGARD SIGNAL/REG SIGN,7TH & ADAMS,1708
2015,7,1,Weekend,1300,1-Car,No injury/unknown,RAN OFF ROAD RIGHT,MAPLE GROVE,1709
2015,8,3,Weekday,700,2-Car,No injury/unknown,FAILURE TO YIELD RIGHT OF WAY,E VERMILYA & S WALNUT,1710
2015,8,3,Weekday,800,2-Car,No injury/unknown,LEFT OF CENTER,ANDERSON & N BEAN BLOSSOM,1711
2015,8,2,Weekday,1900,2-Car,No injury/unknown,FAILURE TO YIELD RIGHT OF WAY,SOUTH MADISON & WEST KIRKWOOD,1712
2015,8,3,Weekday,1200,2-Car,Non-incapacitating,FOLLOWING TOO CLOSELY,COLLEGE MALL & KROGER WEST DRIVE,1713
2015,8,2,Weekday,900,2-Car,No injury/unknown,FOLLOWING TOO CLOSELY,ARLINGTON & SR46,1714
2015,8,3,Weekday,1400,2-Car,Non-incapacitating,FOLLOWING TOO CLOSELY,BLOOMFIELD & STONE,1715
2015,8,4,Weekday,300,1-Car,No injury/unknown,RAN OFF ROAD RIGHT,NORTH OAK & WEST KIRKWOOD,1716
2015,8,4,Weekday,600,1-Car,No injury/unknown,ANIMAL/OBJECT IN ROADWAY,FAIRFAX & OLD STATE ROAD 37,1717
2015,8,4,Weekday,800,2-Car,No injury/unknown,OTHER (DRIVER) - EXPLAIN IN NARRATIVE,45,1718
2015,8,4,Weekday,1100,2-Car,No injury/unknown,OTHER (DRIVER) - EXPLAIN IN NARRATIVE,HAWTHORNE & KIRKWOOD,1719
2015,8,3,Weekday,1500,2-Car,Non-incapacitating,DISREGARD SIGNAL/REG SIGN,OLD 37 & W CHURCH,1720
2015,8,4,Weekday,1500,2-Car,No injury/unknown,IMPROPER PASSING,WINDING,1721
2015,8,4,Weekday,1500,Bus,No injury/unknown,UNSAFE BACKING,CUSTER & TECUMSEH,1722
2015,8,4,Weekday,1600,2-Car,No injury/unknown,IMPROPER TURNING,LOUDEN & REEVES,1723
2015,8,2,Weekday,2300,2-Car,No injury/unknown,OTHER (VEHICLE) - EXPLAIN IN NARRATIVE,WAYPORT,1724
2015,8,5,Weekday,1700,2-Car,No injury/unknown,IMPROPER TURNING,E 10TH,1725
2015,8,5,Weekday,1700,2-Car,No injury/unknown,IMPROPER TURNING,E 9TH & N COLLEGE,1726
2015,8,5,Weekday,2300,Moped/Motorcycle,Non-incapacitating,ANIMAL/OBJECT IN ROADWAY,COUNTYLINE & REEVES,1727
2015,8,4,Weekday,1200,2-Car,No injury/unknown,IMPROPER TURNING,E 3RD,1728
2015,8,5,Weekday,1100,2-Car,No injury/unknown,OTHER (DRIVER) - EXPLAIN IN NARRATIVE,SOUTH WALNUT,1729
2015,8,4,Weekday,700,2-Car,No injury/unknown,FAILURE TO YIELD RIGHT OF WAY,THAT & VICTOR,1730
2015,8,5,Weekday,800,2-Car,No injury/unknown,FAILURE TO YIELD RIGHT OF WAY,N MATTHEWS & W MAPLE GROVE,1731
2015,8,6,Weekday,900,1-Car,No injury/unknown,OTHER (DRIVER) - EXPLAIN IN NARRATIVE,W 3RD ST,1732
2015,7,7,Weekend,1000,2-Car,Non-incapacitating,DISREGARD SIGNAL/REG SIGN,COLLEGE & KIRKWOOD,1733
2015,8,6,Weekday,700,3+ Cars,No injury/unknown,FAILURE TO YIELD RIGHT OF WAY,ON RAMP TO NB SR 37 & SR 45,1734
2015,8,6,Weekday,900,Cyclist,Incapacitating,FAILURE TO YIELD RIGHT OF WAY,298 W COUNTRY CLUB & S MADISON,1735
2015,8,6,Weekday,900,2-Car,No injury/unknown,OTHER (DRIVER) - EXPLAIN IN NARRATIVE,EAST 3RD,1736
2015,8,6,Weekday,1100,2-Car,No injury/unknown,UNSAFE LANE MOVEMENT,E 13TH,1737
2015,8,6,Weekday,800,2-Car,No injury/unknown,FAILURE TO YIELD RIGHT OF WAY,W 15TH,1738
2015,8,6,Weekday,1300,2-Car,No injury/unknown,IMPROPER PASSING,E 3RD & OVERHILL,1739
2015,8,6,Weekday,1100,2-Car,Incapacitating,FOLLOWING TOO CLOSELY,E 3RD & SO JEFFERSON,1740
2015,8,6,Weekday,1400,2-Car,Incapacitating,FAILURE TO YIELD RIGHT OF WAY,3RD & GRANT,1741
2015,8,6,Weekday,1500,2-Car,No injury/unknown,FOLLOWING TOO CLOSELY,ATWATER & FESS,1742
2015,8,6,Weekday,1700,3+ Cars,No injury/unknown,FOLLOWING TOO CLOSELY,SOUTH HICKORY LEAF & SR45W,1743
2015,8,6,Weekday,1700,2-Car,Non-incapacitating,FOLLOWING TOO CLOSELY,E 3RD & SOUTH COLLEGE MALL,1744
2015,8,6,Weekend,2100,3+ Cars,Non-incapacitating,FOLLOWING TOO CLOSELY,17TH & 45 46,1745
2015,8,4,Weekday,1400,2-Car,No injury/unknown,UNSAFE BACKING,W FULLERTON,1746
2015,8,4,Weekday,1900,1-Car,Non-incapacitating,RAN OFF ROAD RIGHT,LEISURE & S FAIRFAX,1747
2015,8,5,Weekday,1600,1-Car,No injury/unknown,RAN OFF ROAD RIGHT,MONROE DAM & TAILWATER,1748
2015,8,6,Weekday,1300,1-Car,No injury/unknown,RAN OFF ROAD RIGHT,HIGH & ROGERS,1749
2015,8,5,Weekday,1600,1-Car,No injury/unknown,IMPROPER TURNING,S WALNUT,1750
2015,8,6,Weekend,2300,2-Car,No injury/unknown,IMPROPER TURNING,INDIANA & KIRKWOOD,1751
2015,8,7,Weekend,300,2-Car,No injury/unknown,FAILURE TO YIELD RIGHT OF WAY,3RD & GRANT,1752
2015,8,6,Weekend,2200,2-Car,No injury/unknown,OTHER (DRIVER) - EXPLAIN IN NARRATIVE,EAST 3RD,1753
2015,8,6,Weekday,1200,Bus,No injury/unknown,OTHER (DRIVER) - EXPLAIN IN NARRATIVE,E 3RD & S COLLEGE MALL,1754
2015,8,6,Weekday,1200,2-Car,Non-incapacitating,FAILURE TO YIELD RIGHT OF WAY,17TH & COLLEGE,1755
2015,8,7,Weekend,1000,2-Car,No injury/unknown,UNSAFE LANE MOVEMENT,N WALNUT & W 9TH,1756
2015,8,7,Weekend,1200,2-Car,No injury/unknown,FAILURE TO YIELD RIGHT OF WAY,NORTH & S HENDERSON,1757
2015,8,6,Weekday,1700,2-Car,No injury/unknown,FOLLOWING TOO CLOSELY,SR4546E & WALNUT,1758
2015,8,7,Weekend,1700,3+ Cars,No injury/unknown,FOLLOWING TOO CLOSELY,3RD & WOODLAWN,1759
2015,8,7,Weekend,1800,2-Car,No injury/unknown,UNSAFE BACKING,S WALNUT,1760
2015,8,7,Weekend,1700,2-Car,No injury/unknown,FAILURE TO YIELD RIGHT OF WAY,1609 S ROGERS & HILLSIDE,1761
2015,8,6,Weekend,2200,2-Car,No injury/unknown,FAILURE TO YIELD RIGHT OF WAY,E 17TH & N DUNN,1762
2015,8,7,Weekend,1500,2-Car,No injury/unknown,OTHER (DRIVER) - EXPLAIN IN NARRATIVE,W TIMBERS,1763
2015,8,7,Weekend,2300,2-Car,No injury/unknown,FAILURE TO YIELD RIGHT OF WAY,3RD & WASHINGTON,1764
2015,8,7,Weekend,2200,Pedestrian,Non-incapacitating,PEDESTRIAN ACTION,NORTH WALNUT,1765
2015,8,7,Weekend,1000,2-Car,No injury/unknown,FOLLOWING TOO CLOSELY,OLD SR 37 & WALNUT,1766
2015,8,1,Weekend,1200,2-Car,No injury/unknown,UNSAFE BACKING,S WALNUT,1767
2015,8,1,Weekend,900,Cyclist,Incapacitating,FAILURE TO YIELD RIGHT OF WAY,HILLSIDE & NANCY,1768
2015,5,4,Weekday,600,1-Car,No injury/unknown,ANIMAL/OBJECT IN ROADWAY,HINDS & SR45W,1769
2015,5,5,Weekday,800,2-Car,No injury/unknown,FOLLOWING TOO CLOSELY,GRAND & PROFILE,1770
2015,5,5,Weekday,1200,2-Car,Incapacitating,FAILURE TO YIELD RIGHT OF WAY,SMITHVILLE & SR37S,1771
2015,5,5,Weekday,1400,2-Car,Non-incapacitating,FOLLOWING TOO CLOSELY,OLD STATE ROAD 37 & ROGERS,1772
2015,5,5,Weekday,1400,1-Car,Incapacitating,RAN OFF ROAD RIGHT,SR446 & WALDRIP CREEK,1773
2015,5,6,Weekday,600,2-Car,No injury/unknown,OTHER (DRIVER) - EXPLAIN IN NARRATIVE,N MAPLE,1774
2015,5,6,Weekday,1100,2-Car,No injury/unknown,IMPROPER PASSING,E 3RD,1775
2015,5,6,Weekday,1200,3+ Cars,No injury/unknown,FOLLOWING TOO CLOSELY,4TH & WALNUT,1776
2015,5,6,Weekday,1300,1-Car,No injury/unknown,DRIVER DISTRACTED - EXPLAIN IN NARRATIVE,ASHWOOD & RIDGEMOOR,1777
2015,5,6,Weekday,1200,2-Car,No injury/unknown,UNSAFE SPEED,SR46W & UNION VALLEY,1778
2015,5,6,Weekday,1500,2-Car,Incapacitating,FOLLOWING TOO CLOSELY,SR37 & W VERNAL,1779
2015,5,6,Weekday,1200,2-Car,No injury/unknown,UNSAFE BACKING,SOUTH WALNUT,1780
2015,5,6,Weekday,1300,2-Car,Non-incapacitating,FAILURE TO YIELD RIGHT OF WAY,EAST WILSON & SOUTH WALNUT,1781
2015,5,5,Weekday,1600,1-Car,No injury/unknown,RAN OFF ROAD RIGHT,W DILLMAN,1782
2015,5,7,Weekend,800,2-Car,Non-incapacitating,FOLLOWING TOO CLOSELY,E MILLER & S WALNUT,1783
2015,5,7,Weekend,1200,2-Car,No injury/unknown,DISREGARD SIGNAL/REG SIGN,S COLLEGE & W 3RD,1784
2015,5,7,Weekend,1400,3+ Cars,No injury/unknown,FOLLOWING TOO CLOSELY,HENDERSON & HILLSIDE,1785
2015,5,7,Weekend,1200,1-Car,Incapacitating,DRIVER ILLNESS,NORTH JACKSON & WEST 17TH,1786
2015,5,7,Weekend,1600,2-Car,No injury/unknown,SPEED TOO FAST FOR WEATHER CONDITIONS,W HEATHERWOOD,1787
2015,5,5,Weekday,1600,2-Car,No injury/unknown,UNSAFE BACKING,W JACOB,1788
2015,5,7,Weekend,1400,1-Car,No injury/unknown,SPEED TOO FAST FOR WEATHER CONDITIONS,HIGH & WINSLOW,1789
2015,5,7,Weekend,1000,2-Car,No injury/unknown,FAILURE TO YIELD RIGHT OF WAY,S COLLEGE MALL,1790
2015,5,7,Weekend,1200,2-Car,No injury/unknown,FOLLOWING TOO CLOSELY,S EUCLID & W 2ND,1791
2015,5,7,Weekend,1300,1-Car,No injury/unknown,ANIMAL/OBJECT IN ROADWAY,HARVEST & UNION VALLEY,1792
2015,5,1,Weekend,1000,Moped/Motorcycle,Incapacitating,ANIMAL/OBJECT IN ROADWAY,BROWN COUNTY LINE & SR46E,1793
2015,5,1,Weekend,100,2-Car,No injury/unknown,FAILURE TO YIELD RIGHT OF WAY,ROCKPORT & SR37S,1794
2015,5,1,Weekend,900,1-Car,No injury/unknown,OTHER (VEHICLE) - EXPLAIN IN NARRATIVE,S COLLEGE MALL,1795
2015,5,1,Weekend,1200,2-Car,No injury/unknown,UNSAFE BACKING,S COPPER BEECH,1796
2015,5,1,Weekend,1200,2-Car,Non-incapacitating,DISREGARD SIGNAL/REG SIGN,E 3RD & SO KINGSTON,1797
2015,5,1,Weekend,1300,2-Car,No injury/unknown,IMPROPER LANE USAGE,E 3RD & S KINGSTON,1798
2015,5,7,Weekend,2100,1-Car,No injury/unknown,SPEED TOO FAST FOR WEATHER CONDITIONS,E 3RD & FAIRFAX,1799
2015,5,7,Weekend,2200,1-Car,No injury/unknown,SPEED TOO FAST FOR WEATHER CONDITIONS,SMITHVILLE & ZIKES,1800
2015,5,7,Weekend,2000,1-Car,No injury/unknown,SPEED TOO FAST FOR WEATHER CONDITIONS,BROWN CO LINE & SR46E,1801
2015,5,1,Weekend,1700,3+ Cars,Incapacitating,BRAKE FAILURE OR DEFECTIVE,N STATE ROAD 37 & W 3RD,1802
2015,6,2,Weekday,100,1-Car,Incapacitating,DRIVER ILLNESS,E 10TH & SR46,1803
2015,6,2,Weekday,200,2-Car,No injury/unknown,FAILURE TO YIELD RIGHT OF WAY,10TH & SR46S,1804
2015,5,1,Weekend,1200,2-Car,No injury/unknown,FOLLOWING TOO CLOSELY,SR37N & VERNAL,1805
2015,5,6,Weekday,400,Pedestrian,Non-incapacitating,UNSAFE BACKING,S ODELL,1806
2015,6,2,Weekday,1400,3+ Cars,No injury/unknown,FOLLOWING TOO CLOSELY,3RD & WOODSCREST,1807
2015,6,2,Weekday,1400,2-Car,Non-incapacitating,FAILURE TO YIELD RIGHT OF WAY,LEONARD SPRINGS & TAPP,1808
2015,6,2,Weekday,1300,2-Car,Non-incapacitating,FOLLOWING TOO CLOSELY,E 3RD & S WOODSCREST,1809
2015,6,2,Weekday,1700,2-Car,Non-incapacitating,FOLLOWING TOO CLOSELY,HICKORY LEAF & STATE ROAD 45,1810
2015,6,2,Weekday,1800,1-Car,No injury/unknown,BRAKE FAILURE OR DEFECTIVE,7TH & WOODLAWN,1811
2015,6,2,Weekday,1600,3+ Cars,No injury/unknown,FOLLOWING TOO CLOSELY,E 2ND & S MORTON,1812
2015,5,7,Weekend,0,2-Car,Non-incapacitating,OVERCORRECTING/OVERSTEERING,SR37N & WEST BURMA,1813
2015,5,1,Weekend,500,1-Car,Incapacitating,RAN OFF ROAD RIGHT,EAST OLD MEYERS,1814
2015,6,2,Weekday,2100,2-Car,No injury/unknown,FOLLOWING TOO CLOSELY,45 46 & SR37N,1815
2015,6,2,Weekday,2200,3+ Cars,Non-incapacitating,DRIVER DISTRACTED - EXPLAIN IN NARRATIVE,VERMILYA & WALNUT,1816
2015,6,3,Weekday,200,1-Car,No injury/unknown,ANIMAL/OBJECT IN ROADWAY,SOUTH BREEDEN & WEST GRAVES,1817
2015,6,2,Weekday,1300,2-Car,No injury/unknown,FOLLOWING TOO CLOSELY,S EUCLID & W 2ND,1818
2015,6,2,Weekday,2200,2-Car,No injury/unknown,OTHER (DRIVER) - EXPLAIN IN NARRATIVE,W AMARY,1819
2015,6,3,Weekday,1400,2-Car,Incapacitating,FAILURE TO YIELD RIGHT OF WAY,MILLER & WALNUT,1820
2015,6,3,Weekday,1600,2-Car,No injury/unknown,FAILURE TO YIELD RIGHT OF WAY,3RD & CURRY,1821