year,month,day,weekend,hour,collision_type,injury_type,primary_factor,reported_location,unique_id
2015,8,2,Weekday,1500,2-Car,No injury/unknown,SPEED TOO FAST FOR WEATHER CONDITIONS,SR37S & W FULLERTON,2506
2015,8,4,Weekday,1500,1-Car,No injury/unknown,UNSAFE BACKING,E 7TH,2507
2015,8,4,Weekday,1300,2-Car,Non-incapacitating,UNSAFE LANE MOVEMENT,N WALNUT & W 14TH,2508
2015,8,4,Weekday,1600,2-Car,No injury/unknown,UNSAFE BACKING,E 13TH,2509
2015,8,4,Weekday,1600,2-Car,No injury/unknown,FAILURE TO YIELD RIGHT OF WAY,7TH & UNION,2510
2015,8,3,Weekday,2000,2-Car,No injury/unknown,UNSAFE BACKING,E VARSITY,2511
2015,8,4,Weekday,1900,2-Car,No injury/unknown,UNSAFE SPEED,10TH & SR4546,2512
2015,8,4,Weekday,2000,2-Car,No injury/unknown,UNSAFE BACKING,EAST 7TH,2513
2015,8,4,Weekday,1900,2-Car,No injury/unknown,FAILURE TO YIELD RIGHT OF WAY,ATWATER & INDIANA,2514
2015,8,4,Weekday,1700,2-Car,Non-incapacitating,FAILURE TO YIELD RIGHT OF WAY,PROFILE & SR48W,2515
2015,8,4,Weekday,1400,2-Car,Non-incapacitating,FOLLOWING TOO CLOSELY,SR37 & WEST 3RD,2516
2015,8,4,Weekday,2300,2-Car,Non-incapacitating,OTHER (DRIVER) - EXPLAIN IN NARRATIVE,S WALNUT,2517
2015,8,3,Weekday,2000,Moped/Motorcycle,Non-incapacitating,RAN OFF ROAD RIGHT,FAIRFAX & THIRD,2518
2015,8,4,Weekday,1200,2-Car,No injury/unknown,FAILURE TO YIELD RIGHT OF WAY,13TH & WALNUT,2519
2015,8,5,Weekday,600,3+ Cars,Incapacitating,LEFT OF CENTER,SR46W & W FLATWOOD,2520
2015,8,4,Weekday,1300,2-Car,No injury/unknown,UNSAFE BACKING,N MORTON & W 7TH,2521
2015,8,5,Weekday,1100,2-Car,No injury/unknown,OTHER (DRIVER) - EXPLAIN IN NARRATIVE,SR37 & SR45W,2522
2015,8,5,Weekday,1100,2-Car,No injury/unknown,FAILURE TO YIELD RIGHT OF WAY,3RD & WESTPLEX,2523
2015,8,5,Weekday,1200,2-Car,No injury/unknown,UNSAFE BACKING,N UNION,2524
2015,8,5,Weekday,1200,2-Car,No injury/unknown,FOLLOWING TOO CLOSELY,E 3RD & SR46S,2525
2015,8,5,Weekday,1500,2-Car,No injury/unknown,FAILURE TO YIELD RIGHT OF WAY,S WALNUT,2526
2015,8,5,Weekday,1500,2-Car,Non-incapacitating,LEFT OF CENTER,FEE & N JORDAN,2527
2015,8,1,Weekend,1100,2-Car,No injury/unknown,OTHER (DRIVER) - EXPLAIN IN NARRATIVE,SR46W & UNION VALLEY,2528
2015,8,1,Weekend,1300,2-Car,No injury/unknown,OTHER (VEHICLE) - EXPLAIN IN NARRATIVE,E 3RD,2529
2015,8,7,Weekend,1400,2-Car,No injury/unknown,FAILURE TO YIELD RIGHT OF WAY,MATTHEWS & MCNELLY,2530
2015,8,7,Weekend,1500,3+ Cars,Incapacitating,IMPROPER TURNING,SAMPLE & SR37N,2531
2015,8,7,Weekend,2000,1-Car,Incapacitating,RAN OFF ROAD RIGHT,PEDIGO BAY & S VALLEY MISSION,2532
2015,8,1,Weekend,1700,Cyclist,Incapacitating,OTHER (DRIVER) - EXPLAIN IN NARRATIVE,3RD & ROSE,2533
2015,8,1,Weekend,1800,2-Car,Incapacitating,FOLLOWING TOO CLOSELY,SR4546W & WALNUT,2534
2015,8,7,Weekend,1400,2-Car,No injury/unknown,FAILURE TO YIELD RIGHT OF WAY,ISON & SR45W,2535
2015,8,7,Weekend,1800,2-Car,No injury/unknown,FOLLOWING TOO CLOSELY,BURMA & SR37N,2536
2015,8,7,Weekend,900,2-Car,No injury/unknown,UNSAFE BACKING,BELLE & HICKORY,2537
2015,8,1,Weekend,700,2-Car,No injury/unknown,UNSAFE BACKING,9TH & JACKSON,2538
2015,8,1,Weekend,1400,2-Car,No injury/unknown,OTHER (DRIVER) - EXPLAIN IN NARRATIVE,S LINCOLN,2539
2015,8,2,Weekday,1100,2-Car,No injury/unknown,DISREGARD SIGNAL/REG SIGN,ATWATER & JORDAN,2540
2015,8,2,Weekday,1400,2-Car,No injury/unknown,FAILURE TO YIELD RIGHT OF WAY,HILLSIDE & WOODLAWN,2541
2015,8,2,Weekday,1800,2-Car,No injury/unknown,OTHER (DRIVER) - EXPLAIN IN NARRATIVE,SOUTH COLLEGE,2542
2015,8,2,Weekday,1900,2-Car,Non-incapacitating,FOLLOWING TOO CLOSELY,10TH & JORDAN,2543
2015,8,2,Weekday,1800,2-Car,No injury/unknown,FOLLOWING TOO CLOSELY,S LIBERTY & W 3RD,2544
2015,8,2,Weekday,1900,2-Car,Incapacitating,UNSAFE LANE MOVEMENT,7TH & N WALNUT,2545
2015,8,2,Weekday,2200,2-Car,No injury/unknown,FAILURE TO YIELD RIGHT OF WAY,FEE & NORTH JORDAN,2546
2015,8,2,Weekday,1200,2-Car,No injury/unknown,OTHER (DRIVER) - EXPLAIN IN NARRATIVE,SOUTH COLLEGE,2547
2015,8,3,Weekday,700,2-Car,No injury/unknown,UNSAFE BACKING,SOUTH SR 446,2548
2015,8,3,Weekday,800,2-Car,No injury/unknown,FAILURE TO YIELD RIGHT OF WAY,7TH & COLLEGE,2549
2015,8,3,Weekday,800,2-Car,No injury/unknown,DISREGARD SIGNAL/REG SIGN,N DUNN & SR4546E,2550
2015,8,3,Weekday,800,2-Car,No injury/unknown,FAILURE TO YIELD RIGHT OF WAY,DIXIE & LINCOLN,2551
2015,8,3,Weekday,700,2-Car,No injury/unknown,OTHER (DRIVER) - EXPLAIN IN NARRATIVE,S ACADIA,2552
2015,8,3,Weekday,1200,2-Car,No injury/unknown,OTHER (DRIVER) - EXPLAIN IN NARRATIVE,MOORES & WINFIELD,2553
2015,8,3,Weekday,1400,2-Car,No injury/unknown,FOLLOWING TOO CLOSELY,GRIMES & WALNUT,2554
2015,8,3,Weekday,1900,Pedestrian,Non-incapacitating,DISREGARD SIGNAL/REG SIGN,3RD & WOODLAWN,2555
2015,8,3,Weekday,2300,1-Car,No injury/unknown,RAN OFF ROAD RIGHT,W MT CARMEL,2556
2015,8,3,Weekday,1200,2-Car,No injury/unknown,OTHER (DRIVER) - EXPLAIN IN NARRATIVE,GRIMES & WOODLAWN,2557
2015,5,7,Weekend,1500,1-Car,No injury/unknown,RAN OFF ROAD RIGHT,WEST 11TH,2558
2015,8,4,Weekday,1200,2-Car,No injury/unknown,UNSAFE BACKING,E HILLSIDE & S DUNN,2559
2015,8,4,Weekday,1700,2-Car,No injury/unknown,FOLLOWING TOO CLOSELY,10TH & SR46S,2560
2015,8,4,Weekday,1800,2-Car,No injury/unknown,DISREGARD SIGNAL/REG SIGN,1ST & HENDERSON,2561
2015,8,3,Weekday,1500,2-Car,No injury/unknown,UNSAFE BACKING,E ATWATER & S HIGHLAND,2562
2015,8,3,Weekday,1500,2-Car,Incapacitating,FAILURE TO YIELD RIGHT OF WAY,CHERRY & S FAIRFAX,2563
2015,8,2,Weekday,1600,2-Car,Non-incapacitating,FOLLOWING TOO CLOSELY,BUNGER & SR45W,2564
2015,8,2,Weekday,2100,1-Car,No injury/unknown,RAN OFF ROAD RIGHT,DE ANN & MICHAEL,2565
2015,8,2,Weekday,1800,2-Car,No injury/unknown,UNSAFE BACKING,W STATE ROAD 45,2566
2015,8,6,Weekday,1400,3+ Cars,Incapacitating,FOLLOWING TOO CLOSELY,S ISON & SR45W,2567
2015,8,5,Weekday,900,2-Car,No injury/unknown,FAILURE TO YIELD RIGHT OF WAY,STATE ROAD 46,2568
2015,8,5,Weekday,1000,2-Car,No injury/unknown,IMPROPER LANE USAGE,E 10TH,2569
2015,8,5,Weekday,1200,2-Car,No injury/unknown,UNSAFE LANE MOVEMENT,10TH & LINCOLN,2570
2015,8,4,Weekday,1700,2-Car,No injury/unknown,DISREGARD SIGNAL/REG SIGN,S LANDMARK & W 3RD,2571
2015,8,5,Weekday,900,2-Car,No injury/unknown,FOLLOWING TOO CLOSELY,SR37S,2572
2015,8,5,Weekday,1400,Bus,No injury/unknown,UNSAFE BACKING,E 10TH,2573
2015,8,5,Weekday,1400,2-Car,Incapacitating,FAILURE TO YIELD RIGHT OF WAY,E WINSLOW & S HENDERSON,2574
2015,8,5,Weekday,1600,2-Car,No injury/unknown,UNSAFE BACKING,E ATWATER,2575
2015,8,5,Weekday,1700,2-Car,No injury/unknown,FOLLOWING TOO CLOSELY,VERMILYA & WALNUT,2576
2015,8,5,Weekday,0,2-Car,No injury/unknown,UNSAFE LANE MOVEMENT,1216 W 11TH & MONROE,2577
2015,8,5,Weekday,2100,2-Car,Non-incapacitating,IMPROPER LANE USAGE,MAXWELL & WOODLAWN,2578
2015,8,4,Weekday,300,2-Car,Incapacitating,LEFT OF CENTER,HARMONY & SR45W,2579
2015,8,6,Weekday,100,2-Car,No injury/unknown,FOLLOWING TOO CLOSELY,EAST 12TH & NORTH WALNUT,2580
2015,8,6,Weekday,600,2-Car,No injury/unknown,FOLLOWING TOO CLOSELY,10TH & SR46E,2581
2015,8,4,Weekday,1400,2-Car,No injury/unknown,FAILURE TO YIELD RIGHT OF WAY,S LIBERTY,2582
2015,8,6,Weekday,800,2-Car,No injury/unknown,FAILURE TO YIELD RIGHT OF WAY,10TH & DUNN,2583
2015,8,6,Weekday,800,2-Car,No injury/unknown,DISREGARD SIGNAL/REG SIGN,COVENANTER & S HIGH,2584
2015,8,3,Weekday,600,2-Car,No injury/unknown,UNSAFE BACKING,CURRY & VERNAL,2585
2015,8,6,Weekday,900,3+ Cars,No injury/unknown,DRIVER DISTRACTED - EXPLAIN IN NARRATIVE,10TH & UNION,2586
2015,8,3,Weekday,1100,2-Car,No injury/unknown,FAILURE TO YIELD RIGHT OF WAY,RAYLE & TAPP,2587
2015,8,6,Weekday,700,1-Car,No injury/unknown,ANIMAL/OBJECT IN ROADWAY,ANDERSON & SR37N,2588
2015,8,6,Weekday,800,2-Car,No injury/unknown,LEFT OF CENTER,SR46W & STINESVILLE,2589
2015,8,6,Weekday,1200,Pedestrian,Non-incapacitating,TOW HITCH FAILURE,S HENDERSON,2590
2015,8,4,Weekday,1700,1-Car,No injury/unknown,UNSAFE BACKING,N JOHNSON,2591
2015,8,7,Weekend,600,Pedestrian,Non-incapacitating,PEDESTRIAN ACTION,3RD & GATES,2592
2015,8,7,Weekend,1000,2-Car,No injury/unknown,UNSAFE BACKING,S WALNUT,2593
2015,8,7,Weekend,1200,2-Car,No injury/unknown,FAILURE TO YIELD RIGHT OF WAY,17TH & DUNN,2594
2015,8,6,Weekend,2200,Moped/Motorcycle,No injury/unknown,FAILURE TO YIELD RIGHT OF WAY,7TH & JORDAN,2595
2015,8,6,Weekday,1400,2-Car,No injury/unknown,FOLLOWING TOO CLOSELY,DILLMAN & SOUTH OLD STATE ROAD 37,2596
2015,8,6,Weekday,1600,2-Car,No injury/unknown,FOLLOWING TOO CLOSELY,W TAPP,2597
2015,8,6,Weekday,1800,2-Car,No injury/unknown,FOLLOWING TOO CLOSELY,E 7TH & SR46E,2598
2015,8,6,Weekday,1600,2-Car,No injury/unknown,FOLLOWING TOO CLOSELY,CURRY & W 3RD,2599
2015,8,6,Weekend,2100,2-Car,No injury/unknown,UNSAFE LANE MOVEMENT,PATTERSON,2600
2015,8,2,Weekday,0,2-Car,No injury/unknown,IMPROPER LANE USAGE,FLEENER & HASH,2601
2015,8,2,Weekday,1200,2-Car,No injury/unknown,FOLLOWING TOO CLOSELY,3RD & COLLEGE MALL,2602
2015,8,6,Weekday,1700,1-Car,No injury/unknown,RAN OFF ROAD RIGHT,S FAIRFAX & S OLD SR 37,2603
2015,8,1,Weekend,100,1-Car,No injury/unknown,OTHER (DRIVER) - EXPLAIN IN NARRATIVE,17TH & WALNUT,2604
2015,8,4,Weekday,2200,1-Car,No injury/unknown,ANIMAL/OBJECT IN ROADWAY,SR45W,2605
2015,8,6,Weekday,700,2-Car,No injury/unknown,FAILURE TO YIELD RIGHT OF WAY,MAPLE GROVE & RIDGEWAY,2606
2015,8,6,Weekday,1300,2-Car,No injury/unknown,FAILURE TO YIELD RIGHT OF WAY,RHORER & SOUTH WALNUT STREET,2607
2015,8,7,Weekend,1300,1-Car,No injury/unknown,RAN OFF ROAD RIGHT,KENT & MCGOWAN,2608
2015,8,1,Weekend,700,1-Car,No injury/unknown,IMPROPER TURNING,STULL,2609
2015,8,7,Weekend,1800,1-Car,Incapacitating,IMPROPER TURNING,W INDUSTRIAL PARK,2610
2015,8,1,Weekend,1100,2-Car,No injury/unknown,FAILURE TO YIELD RIGHT OF WAY,10TH & COLLEGE,2611
2015,8,1,Weekend,900,3+ Cars,Incapacitating,DISREGARD SIGNAL/REG SIGN,SR37S & W TAPP,2612
2015,8,2,Weekday,1700,2-Car,No injury/unknown,OTHER (DRIVER) - EXPLAIN IN NARRATIVE,45,2613
2015,8,7,Weekend,1700,2-Car,No injury/unknown,FOLLOWING TOO CLOSELY,E 3RD & S COLLEGE MALL,2614
2015,8,1,Weekend,1400,2-Car,No injury/unknown,OTHER (DRIVER) - EXPLAIN IN NARRATIVE,HIGH & MOORES,2615
2015,8,6,Weekday,1200,2-Car,No injury/unknown,UNSAFE BACKING,E 3RD,2616
2015,8,1,Weekday,1900,2-Car,No injury/unknown,IMPROPER TURNING,SWAIN & THIRD,2617
2015,8,1,Weekend,1400,2-Car,No injury/unknown,FOLLOWING TOO CLOSELY,1ST & S COLLEGE,2618
2015,8,6,Weekday,1200,2-Car,No injury/unknown,UNSAFE BACKING,DANIELS,2619
2015,8,2,Weekday,900,1-Car,No injury/unknown,UNSAFE BACKING,W 6TH & W JACKSON,2620
2015,8,7,Weekend,1000,2-Car,No injury/unknown,OTHER (VEHICLE) - EXPLAIN IN NARRATIVE,410 E 6TH & N GRANT,2621
2015,8,2,Weekday,600,2-Car,Incapacitating,DRIVER ASLEEP OR FATIGUED,SR37 & TAPP,2622
2015,8,1,Weekend,1300,2-Car,No injury/unknown,FAILURE TO YIELD RIGHT OF WAY,COTTAGE GROVE & INDIANA,2623
2015,8,2,Weekday,1200,2-Car,No injury/unknown,FAILURE TO YIELD RIGHT OF WAY,E 15TH & N WALNUTST,2624
2015,8,2,Weekday,1500,1-Car,No injury/unknown,OTHER (VEHICLE) - EXPLAIN IN NARRATIVE,RENWICK,2625
2015,8,2,Weekday,1300,1-Car,Incapacitating,DRIVER ILLNESS,RAMP 8 & SR37S,2626
2015,8,2,Weekday,1600,2-Car,No injury/unknown,FOLLOWING TOO CLOSELY,LOVE & SR46W,2627
2015,8,2,Weekday,1700,2-Car,No injury/unknown,UNSAFE BACKING,1ST & WALKER,2628
2015,8,6,Weekday,800,2-Car,Incapacitating,OTHER (DRIVER) - EXPLAIN IN NARRATIVE,SMITHVILLE & SR37N,2629
2015,8,2,Weekday,1300,2-Car,Non-incapacitating,FAILURE TO YIELD RIGHT OF WAY,BUICK CADILLAC & COLLEGE MALL,2630
2015,9,3,Weekday,700,2-Car,No injury/unknown,UNSAFE SPEED,10TH & JORDAN,2631
2015,9,3,Weekday,1000,2-Car,No injury/unknown,FAILURE TO YIELD RIGHT OF WAY,COLLEGE MALL,2632
2015,8,2,Weekday,1500,Cyclist,No injury/unknown,OTHER (DRIVER) - EXPLAIN IN NARRATIVE,E COVENANTER & SO COLLEGE MALL,2633
2015,9,3,Weekday,1200,2-Car,No injury/unknown,DRIVER ASLEEP OR FATIGUED,SR37 & TAPP,2634
2015,9,3,Weekday,1300,Bus,No injury/unknown,UNSAFE LANE MOVEMENT,BALFOUR & N JORDAN EXTENSION,2635
2015,9,3,Weekday,1600,2-Car,No injury/unknown,FOLLOWING TOO CLOSELY,HICKORY LEAF & SR45W,2636
2015,9,3,Weekday,1300,2-Car,No injury/unknown,FOLLOWING TOO CLOSELY,W 3RD,2637
2015,9,3,Weekday,1300,2-Car,No injury/unknown,UNSAFE BACKING,S COLLEGE,2638
2015,9,3,Weekday,1700,2-Car,No injury/unknown,FOLLOWING TOO CLOSELY,COUNTRY CLUB & MADISON,2639
2015,9,3,Weekday,1700,2-Car,No injury/unknown,IMPROPER PASSING,S COLLEGE,2640
2015,9,3,Weekday,1200,2-Car,No injury/unknown,UNSAFE LANE MOVEMENT,DANIELS,2641
2015,9,3,Weekday,1000,2-Car,No injury/unknown,OTHER (DRIVER) - EXPLAIN IN NARRATIVE,6TH & GRANT,2642
2015,9,3,Weekday,900,2-Car,Incapacitating,FAILURE TO YIELD RIGHT OF WAY,BLUE RIDGE & WALNUT,2643
2015,9,4,Weekday,1200,2-Car,No injury/unknown,LEFT OF CENTER,GRIMES & WALNUT,2644
2015,9,3,Weekday,1500,2-Car,No injury/unknown,FAILURE TO YIELD RIGHT OF WAY,N MORTON & W 11TH,2645
2015,8,5,Weekday,1500,2-Car,No injury/unknown,IMPROPER LANE USAGE,HAWTHORNE & HUNTER,2646
2015,9,4,Weekday,1500,2-Car,No injury/unknown,UNSAFE LANE MOVEMENT,10TH & JORDAN,2647
2015,9,4,Weekday,1700,2-Car,No injury/unknown,FOLLOWING TOO CLOSELY,HILLSIDE & WOODLAWN,2648
2015,9,4,Weekday,1500,2-Car,No injury/unknown,DRIVER DISTRACTED - EXPLAIN IN NARRATIVE,RAMP 8 & STATE ROAD 45,2649
2015,9,4,Weekday,1700,2-Car,No injury/unknown,UNSAFE BACKING,E 3RD,2650
2015,9,4,Weekday,1600,Bus,No injury/unknown,UNSAFE BACKING,W ALLEN,2651
2015,9,4,Weekday,2200,2-Car,No injury/unknown,FOLLOWING TOO CLOSELY,3RD & JORDAN,2652
2015,8,3,Weekday,900,2-Car,No injury/unknown,OVERCORRECTING/OVERSTEERING,ADAMS,2653
2015,9,5,Weekday,1100,2-Car,No injury/unknown,UNSAFE BACKING,W 3RD,2654
2015,9,5,Weekday,1100,2-Car,No injury/unknown,FAILURE TO YIELD RIGHT OF WAY,FOREST PARK & SR46W,2655
2015,9,5,Weekday,1100,2-Car,No injury/unknown,DISREGARD SIGNAL/REG SIGN,10TH & SR46W,2656
2015,9,5,Weekday,1000,2-Car,No injury/unknown,DRIVER DISTRACTED - EXPLAIN IN NARRATIVE,SR37S & VICTOR,2657
2015,9,5,Weekday,1100,2-Car,No injury/unknown,FAILURE TO YIELD RIGHT OF WAY,DANIELS WAY & STATE ROAD 48,2658
2015,9,5,Weekday,900,Moped/Motorcycle,Fatal,DISREGARD SIGNAL/REG SIGN,SR37S & VICTOR,2659
2015,9,5,Weekday,1500,2-Car,No injury/unknown,FAILURE TO YIELD RIGHT OF WAY,N WALNUT & W 7TH,2660
2015,9,5,Weekday,1700,2-Car,Non-incapacitating,FOLLOWING TOO CLOSELY,ATWATER & HIGHLAND,2661
2015,9,5,Weekday,1900,2-Car,No injury/unknown,DISREGARD SIGNAL/REG SIGN,3RD & LINCOLN,2662
2015,10,3,Weekday,1500,2-Car,No injury/unknown,STEERING FAILURE,LAKEVIEW & SR46W,2663
2015,10,3,Weekday,1700,2-Car,No injury/unknown,FAILURE TO YIELD RIGHT OF WAY,NORTH COLLEGE & WEST 11TH,2664
2015,10,3,Weekday,1700,3+ Cars,No injury/unknown,FOLLOWING TOO CLOSELY,SOUTH OLD STATE ROAD 37 & WAYSIDE,2665
2015,10,2,Weekday,1300,2-Car,No injury/unknown,IMPROPER TURNING,KIRKWOOD & NORTH WALNUT,2666
2015,10,3,Weekday,2000,2-Car,No injury/unknown,OTHER (DRIVER) - EXPLAIN IN NARRATIVE,2ND & MADISON,2667
2015,10,7,Weekend,200,1-Car,No injury/unknown,RAN OFF ROAD RIGHT,N BOTTOM & W MAPLE GROVE,2668
2015,10,1,Weekend,100,1-Car,No injury/unknown,ROADWAY SURFACE CONDITION,WEST ARLINGTON,2669
2015,10,5,Weekday,1100,1-Car,No injury/unknown,LEFT OF CENTER,E DEVINSHIRE COURT & RUSSELL ROAD,2670
2015,10,7,Weekend,1600,1-Car,No injury/unknown,ROADWAY SURFACE CONDITION,GIFFORD & PARK SQUARE,2671
2015,10,1,Weekend,1400,1-Car,No injury/unknown,DRIVER DISTRACTED - EXPLAIN IN NARRATIVE,LOESCH & W OLD VERNAL,2672
2015,10,4,Weekday,700,2-Car,No injury/unknown,IMPROPER LANE USAGE,3RD,2673
2015,10,3,Weekday,1200,2-Car,No injury/unknown,FOLLOWING TOO CLOSELY,CONSTITUSION & CURRY,2674
2015,10,7,Weekend,800,1-Car,No injury/unknown,DRIVER DISTRACTED - EXPLAIN IN NARRATIVE,S ROCKPORT & S VICTOR,2675
2015,10,4,Weekday,600,1-Car,No injury/unknown,ANIMAL/OBJECT IN ROADWAY,17TH & SR46E,2676
2015,10,4,Weekday,900,2-Car,No injury/unknown,UNSAFE BACKING,12TH & INDIANA,2677
2015,10,4,Weekday,1300,2-Car,No injury/unknown,FAILURE TO YIELD RIGHT OF WAY,E THIRD & PETE ELLIS,2678
2015,10,4,Weekday,1700,2-Car,No injury/unknown,FOLLOWING TOO CLOSELY,SR37N & VERNAL,2679
2015,10,4,Weekday,1500,2-Car,Incapacitating,UNSAFE LANE MOVEMENT,W 3RD ST,2680
2015,10,4,Weekday,1700,2-Car,No injury/unknown,FOLLOWING TOO CLOSELY,E RHORER & S WALNUT STREET,2681
2015,10,2,Weekday,2000,2-Car,No injury/unknown,IMPROPER TURNING,N CURRY & WOODYARD,2682
2015,10,4,Weekday,2000,2-Car,No injury/unknown,FAILURE TO YIELD RIGHT OF WAY,10TH & INDIANA,2683
2015,10,5,Weekday,0,1-Car,Non-incapacitating,RAN OFF ROAD RIGHT,S KINGSTON,2684
2015,10,5,Weekday,700,2-Car,No injury/unknown,FOLLOWING TOO CLOSELY,2ND & S WALNUT,2685
2015,10,5,Weekday,800,2-Car,No injury/unknown,FOLLOWING TOO CLOSELY,3RD & INDIANA,2686
2015,10,5,Weekday,800,2-Car,No injury/unknown,FOLLOWING TOO CLOSELY,3RD & FACULTY,2687
2015,10,4,Weekday,2200,2-Car,Non-incapacitating,DISREGARD SIGNAL/REG SIGN,N OUTBACK & SR46W,2688
2015,10,5,Weekday,1500,2-Car,No injury/unknown,OTHER (DRIVER) - EXPLAIN IN NARRATIVE,S CLARIZZ,2689
2015,10,5,Weekday,1700,2-Car,No injury/unknown,UNSAFE BACKING,HUNTER & SWAIN,2690
2015,10,5,Weekday,1600,1-Car,No injury/unknown,OTHER (DRIVER) - EXPLAIN IN NARRATIVE,STARNES,2691
2015,10,4,Weekday,1800,1-Car,Incapacitating,RAN OFF ROAD RIGHT,MCNEELY & UNION VALLEY,2692
2015,10,5,Weekday,1700,2-Car,No injury/unknown,FAILURE TO YIELD RIGHT OF WAY,LIBERTY & W 3RD,2693
2015,10,5,Weekday,1900,2-Car,No injury/unknown,FAILURE TO YIELD RIGHT OF WAY,CURRY & W 3RD,2694
2015,10,5,Weekday,1300,2-Car,No injury/unknown,FOLLOWING TOO CLOSELY,E 2ND & S WASHINGTON,2695
2015,10,5,Weekday,1700,Moped/Motorcycle,Non-incapacitating,ROADWAY SURFACE CONDITION,10TH & TAMARRON,2696
2015,10,5,Weekday,1300,2-Car,No injury/unknown,IMPROPER TURNING,EAST 3RD,2697
2015,10,4,Weekday,0,2-Car,No injury/unknown,FAILURE TO YIELD RIGHT OF WAY,SR37N & VERNAL,2698
2015,10,3,Weekday,1900,2-Car,No injury/unknown,OTHER (DRIVER) - EXPLAIN IN NARRATIVE,N BRYAN,2699
2015,10,6,Weekday,700,Moped/Motorcycle,Non-incapacitating,FAILURE TO YIELD RIGHT OF WAY,ADAMS & PATTERSON,2700
2015,10,6,Weekday,1400,2-Car,Incapacitating,DISREGARD SIGNAL/REG SIGN,4TH & COLLEGE,2701
2015,10,3,Weekday,1100,2-Car,No injury/unknown,UNSAFE LANE MOVEMENT,6TH & WALNUT,2702
2015,10,6,Weekday,1600,2-Car,No injury/unknown,FAILURE TO YIELD RIGHT OF WAY,EDGEWOOD & SR46W,2703
2015,10,6,Weekday,1500,3+ Cars,No injury/unknown,FOLLOWING TOO CLOSELY,W 3RD,2704
2015,10,6,Weekend,2000,1-Car,No injury/unknown,OTHER (ENVIRONMENTAL) - EXPLAIN IN NARR,3RD & REISNER,2705
2015,10,6,Weekend,2100,Moped/Motorcycle,Incapacitating,RAN OFF ROAD RIGHT,S WALNUT & W ASSOCIATION,2706
2015,10,7,Weekend,300,1-Car,No injury/unknown,ANIMAL/OBJECT IN ROADWAY,SOUTHDOWNS & WOODLAWN,2707
2015,9,5,Weekday,2200,2-Car,No injury/unknown,FOLLOWING TOO CLOSELY,45 46 & THIRD,2708
2015,8,5,Weekday,2200,2-Car,No injury/unknown,FAILURE TO YIELD RIGHT OF WAY,E RHORER & SOUTH WALNUT STREET,2709
2015,8,6,Weekday,1500,2-Car,Incapacitating,FAILURE TO YIELD RIGHT OF WAY,S OLD STATE ROAD 37 & W DILLMAN,2710
2015,9,6,Weekday,1000,2-Car,No injury/unknown,FAILURE TO YIELD RIGHT OF WAY,E 2ND & S HENDERSON,2711
2015,9,6,Weekday,900,2-Car,No injury/unknown,FAILURE TO YIELD RIGHT OF WAY,10TH & SUNRISE,2712
2015,9,6,Weekday,1200,2-Car,No injury/unknown,FAILURE TO YIELD RIGHT OF WAY,E HUNTER & S WOODLAWN,2713
2015,9,5,Weekday,1800,1-Car,Non-incapacitating,RAN OFF ROAD RIGHT,SR48W & W VERNAL,2714
2015,9,6,Weekday,1400,2-Car,No injury/unknown,FAILURE TO YIELD RIGHT OF WAY,CURRY & SR45E,2715
2015,9,6,Weekday,1500,2-Car,No injury/unknown,DRIVER DISTRACTED - EXPLAIN IN NARRATIVE,SAMPLE & SR37,2716
2015,9,6,Weekday,1600,2-Car,No injury/unknown,UNSAFE BACKING,17TH & N JORDAN,2717
2015,9,5,Weekday,1900,2-Car,No injury/unknown,IMPROPER TURNING,E 3RD,2718
2015,9,6,Weekday,1600,2-Car,Non-incapacitating,FOLLOWING TOO CLOSELY,10TH & SR 45 46,2719
2015,9,6,Weekday,1400,1-Car,No injury/unknown,INSECURE/LEAKY LOAD,KINSER & SR46W,2720
2015,9,6,Weekday,1500,Pedestrian,Incapacitating,BRAKE FAILURE OR DEFECTIVE,SOUTH WALNUT STREET,2721
2015,9,6,Weekday,1300,2-Car,No injury/unknown,UNSAFE LANE MOVEMENT,E ATWATER & S DUNN,2722
2015,9,6,Weekday,1800,2-Car,Incapacitating,FAILURE TO YIELD RIGHT OF WAY,PATTERSON & W 3RD,2723
2015,8,5,Weekday,1700,2-Car,Non-incapacitating,FOLLOWING TOO CLOSELY,S WALKER & W 2ND,2724
2015,9,5,Weekday,1700,2-Car,Incapacitating,FAILURE TO YIELD RIGHT OF WAY,ACUFF & SR37,2725
2015,9,6,Weekend,2200,2-Car,No injury/unknown,DRIVER DISTRACTED - EXPLAIN IN NARRATIVE,MULLER,2726
2015,9,6,Weekend,2300,2-Car,No injury/unknown,DISREGARD SIGNAL/REG SIGN,SR37S & SR45W,2727
2015,9,5,Weekday,1300,2-Car,Non-incapacitating,LEFT OF CENTER,MAY & ROCKPORT,2728
2015,9,6,Weekday,1300,2-Car,No injury/unknown,FAILURE TO YIELD RIGHT OF WAY,DODDS & WASHINGTON,2729
2015,9,6,Weekday,900,2-Car,No injury/unknown,FAILURE TO YIELD RIGHT OF WAY,S WALNUT & S WALNUT STREET,2730
2015,9,7,Weekend,1000,2-Car,Non-incapacitating,FOLLOWING TOO CLOSELY,N COLLEGE & W 11TH,2731
2015,9,6,Weekday,1500,2-Car,Non-incapacitating,FAILURE TO YIELD RIGHT OF WAY,3RD & PATTERSON,2732