year,month,day,weekend,hour,collision_type,injury_type,primary_factor,reported_location,unique_id
2015,9,2,Weekday,1100,1-Car,No injury/unknown,OBSTRUCTION NOT MARKED,N JORDAN,2958
2015,9,2,Weekday,1100,2-Car,No injury/unknown,DISREGARD SIGNAL/REG SIGN,ATWATER & S HENDERSON,2959
2015,9,2,Weekday,1100,2-Car,No injury/unknown,IMPROPER TURNING,6TH & INDIANA (VON LEE LOT),2960
2015,9,5,Weekday,1700,2-Car,No injury/unknown,UNSAFE BACKING,LIBERTY,2961
2015,9,2,Weekday,1400,2-Car,No injury/unknown,FAILURE TO YIELD RIGHT OF WAY,E 19TH & LINCOLN,2962
2015,9,2,Weekday,800,2-Car,No injury/unknown,UNSAFE BACKING,E 7TH,2963
2015,9,2,Weekday,700,1-Car,No injury/unknown,ANIMAL/OBJECT IN ROADWAY,SR37S & VERNAL,2964
2015,9,2,Weekday,1600,Cyclist,No injury/unknown,FAILURE TO YIELD RIGHT OF WAY,E KIRKWOOD & S WOODLAWN,2965
2015,9,2,Weekday,1500,2-Car,No injury/unknown,FAILURE TO YIELD RIGHT OF WAY,14TH & N COLLEGE,2966
2015,9,2,Weekday,1900,Pedestrian,Non-incapacitating,FAILURE TO YIELD RIGHT OF WAY,E 10TH & N WASHINGTON,2967
2015,9,2,Weekday,1800,Bus,No injury/unknown,IMPROPER TURNING,E JOHN HINKLE & N PETE ELLIS,2968
2015,9,1,Weekend,1800,2-Car,Non-incapacitating,UNSAFE LANE MOVEMENT,3RD & LINCOLN,2969
2015,9,2,Weekday,1600,3+ Cars,Non-incapacitating,FOLLOWING TOO CLOSELY,S LIBERTY & SR45W,2970
2015,9,7,Weekend,800,1-Car,No injury/unknown,SPEED TOO FAST FOR WEATHER CONDITIONS,W ACUFF,2971
2015,9,6,Weekday,1700,2-Car,No injury/unknown,UNSAFE LANE MOVEMENT,SR37S & WEST BLOOMFIELD,2972
2015,9,2,Weekday,2300,2-Car,No injury/unknown,DRIVER DISTRACTED - EXPLAIN IN NARRATIVE,10TH & CAMPBELL,2973
2015,9,2,Weekday,2300,2-Car,No injury/unknown,FOLLOWING TOO CLOSELY,SOUTH ROGERS & WEST GRAHAM,2974
2015,9,3,Weekday,700,2-Car,No injury/unknown,UNSAFE SPEED,SR37 & VERNAL,2975
2015,8,7,Weekend,1800,2-Car,Non-incapacitating,FOLLOWING TOO CLOSELY,SR37N & VERNAL,2976
2015,9,3,Weekday,900,2-Car,No injury/unknown,DRIVER DISTRACTED - EXPLAIN IN NARRATIVE,SR37S & W VERNAL,2977
2015,9,3,Weekday,1300,2-Car,No injury/unknown,UNSAFE LANE MOVEMENT,E 3RD,2978
2015,9,3,Weekday,1700,2-Car,No injury/unknown,FAILURE TO YIELD RIGHT OF WAY,E 10TH & PARK,2979
2015,9,3,Weekday,1600,2-Car,No injury/unknown,FOLLOWING TOO CLOSELY,SR37N & W BLOOMFIELD,2980
2015,9,3,Weekday,1500,2-Car,No injury/unknown,FAILURE TO YIELD RIGHT OF WAY,E 12TH & INDIANA,2981
2015,9,3,Weekday,1900,2-Car,No injury/unknown,DISREGARD SIGNAL/REG SIGN,ROGERS & W 11TH,2982
2015,9,3,Weekday,2000,Moped/Motorcycle,Incapacitating,UNSAFE SPEED,ROGERS & SARE,2983
2015,9,3,Weekday,2300,2-Car,No injury/unknown,FAILURE TO YIELD RIGHT OF WAY,E 10TH & N UNION,2984
2015,9,3,Weekday,900,Pedestrian,Incapacitating,PEDESTRIAN ACTION,8TH & FORREST,2985
2015,9,4,Weekday,800,3+ Cars,Non-incapacitating,DRIVER DISTRACTED - EXPLAIN IN NARRATIVE,KEGG & TAPP,2986
2015,9,4,Weekday,800,3+ Cars,Incapacitating,FOLLOWING TOO CLOSELY,PINEHURST & TAPP,2987
2015,8,2,Weekday,800,1-Car,No injury/unknown,RAN OFF ROAD RIGHT,FRIENDSHIP & GROSS,2988
2015,9,6,Weekday,1100,1-Car,No injury/unknown,OVERCORRECTING/OVERSTEERING,ROBINSON & TUNNEL,2989
2015,9,6,Weekday,1300,2-Car,No injury/unknown,UNSAFE BACKING,DANIELS,2990
2015,9,1,Weekend,800,2-Car,No injury/unknown,DRIVER DISTRACTED - EXPLAIN IN NARRATIVE,SR37S & THAT,2991
2015,9,4,Weekday,700,Bus,No injury/unknown,UNSAFE BACKING,S KIMBLE,2992
2015,9,3,Weekday,1700,2-Car,No injury/unknown,FOLLOWING TOO CLOSELY,3RD & CLIFTON,2993
2015,9,4,Weekday,1000,1-Car,No injury/unknown,IMPROPER TURNING,N RANGE,2994
2015,9,4,Weekday,1500,2-Car,No injury/unknown,UNSAFE BACKING,EAST 10TH,2995
2015,9,3,Weekday,1400,2-Car,No injury/unknown,FAILURE TO YIELD RIGHT OF WAY,E KIRKWOOD & N DUNN,2996
2015,9,4,Weekday,1900,1-Car,No injury/unknown,ANIMAL/OBJECT IN ROADWAY,E UNIVERSITY & S HENDERSON,2997
2015,9,4,Weekday,1600,2-Car,Non-incapacitating,FAILURE TO YIELD RIGHT OF WAY,RIDGESPRINGS & SR46W,2998
2015,9,4,Weekday,1600,2-Car,Incapacitating,FAILURE TO YIELD RIGHT OF WAY,E WINSLOW & S PICCADILLY,2999
2015,9,4,Weekday,900,2-Car,No injury/unknown,BRAKE FAILURE OR DEFECTIVE,3RD & PATTERSON,3000
2015,9,5,Weekday,1100,2-Car,No injury/unknown,FOLLOWING TOO CLOSELY,E ATWATER & S HENDERSON,3001
2015,9,3,Weekday,1600,2-Car,No injury/unknown,FAILURE TO YIELD RIGHT OF WAY,BASSWOOD & BLOOMFIELD,3002
2015,9,3,Weekday,1800,2-Car,No injury/unknown,UNSAFE BACKING,W FLATWOODS,3003
2015,9,4,Weekday,1400,2-Car,No injury/unknown,UNSAFE BACKING,S LIBERTY,3004
2015,9,5,Weekday,1500,3+ Cars,No injury/unknown,FOLLOWING TOO CLOSELY,E 10TH & PETE ELLIS,3005
2015,9,2,Weekday,2100,1-Car,No injury/unknown,RAN OFF ROAD RIGHT,RED HILL & WALKER,3006
2015,9,3,Weekday,1600,2-Car,No injury/unknown,FOLLOWING TOO CLOSELY,BUNGER & SR45W,3007
2015,9,3,Weekday,1700,2-Car,No injury/unknown,FAILURE TO YIELD RIGHT OF WAY,BETHEL & SR45E,3008
2015,9,4,Weekday,1500,1-Car,No injury/unknown,RAN OFF ROAD RIGHT,BOTTOM & WILLIAMS,3009
2015,9,5,Weekday,1600,2-Car,No injury/unknown,FAILURE TO YIELD RIGHT OF WAY,E ATWATER & S HIGHLAND,3010
2015,9,5,Weekday,1700,2-Car,No injury/unknown,FAILURE TO YIELD RIGHT OF WAY,SOUTH MADISON & WEST COUNTRY CLUB,3011
2015,9,5,Weekday,1700,3+ Cars,No injury/unknown,UNSAFE LANE MOVEMENT,SR446N & SR46W,3012
2015,9,5,Weekday,1900,3+ Cars,No injury/unknown,FOLLOWING TOO CLOSELY,EAST 10TH & NORTH WALNUT,3013
2015,9,6,Weekday,200,2-Car,No injury/unknown,OTHER (DRIVER) - EXPLAIN IN NARRATIVE,E COTTAGE GROVE,3014
2015,9,6,Weekday,900,2-Car,No injury/unknown,OTHER (DRIVER) - EXPLAIN IN NARRATIVE,17TH & MADISON,3015
2015,9,6,Weekday,1100,2-Car,No injury/unknown,FAILURE TO YIELD RIGHT OF WAY,FEE & JORDAN,3016
2015,9,6,Weekday,1300,Moped/Motorcycle,Incapacitating,FAILURE TO YIELD RIGHT OF WAY,ROGERS & SARE,3017
2015,9,6,Weekday,1800,2-Car,No injury/unknown,FOLLOWING TOO CLOSELY,RANGE & SR4546S,3018
2015,9,6,Weekday,1500,2-Car,No injury/unknown,OTHER (VEHICLE) - EXPLAIN IN NARRATIVE,E HILLSIDE & HENDERSON,3019
2015,9,6,Weekend,1900,2-Car,No injury/unknown,FOLLOWING TOO CLOSELY,10TH & JORDAN,3020
2015,9,6,Weekday,1500,1-Car,No injury/unknown,ANIMAL/OBJECT IN ROADWAY,S KNIGHTRIDGE & SR446S,3021
2015,9,6,Weekday,1600,2-Car,No injury/unknown,IMPROPER LANE USAGE,E SAMPLE & SR37N,3022
2015,9,6,Weekday,1400,2-Car,No injury/unknown,OTHER (DRIVER) - EXPLAIN IN NARRATIVE,HIGHLAND & HUNTER,3023
2015,9,7,Weekend,0,1-Car,Non-incapacitating,RAN OFF ROAD RIGHT,JORDAN & UNIVERSITY,3024
2015,9,7,Weekend,900,2-Car,No injury/unknown,FAILURE TO YIELD RIGHT OF WAY,MAXWELL & WOODLAWN,3025
2015,9,7,Weekend,1100,2-Car,No injury/unknown,UNSAFE BACKING,SOUTH WALNUT,3026
2015,9,6,Weekday,1600,1-Car,Incapacitating,OTHER (ENVIRONMENTAL) - EXPLAIN IN NARR,BAYWOOD,3027
2015,9,7,Weekend,1300,1-Car,Non-incapacitating,DRIVER DISTRACTED - EXPLAIN IN NARRATIVE,BILL MALLORY BLVD & SR446S,3028
2015,9,6,Weekend,2000,2-Car,No injury/unknown,IMPROPER PASSING,CURRY & SR46W,3029
2015,9,6,Weekday,1400,1-Car,No injury/unknown,UNSAFE BACKING,S JOHNSON,3030
2015,9,7,Weekend,1900,1-Car,No injury/unknown,ANIMAL/OBJECT IN ROADWAY,SR37S & W STATE ROAD 45,3031
2015,9,7,Weekend,2000,2-Car,No injury/unknown,OTHER (DRIVER) - EXPLAIN IN NARRATIVE,S COLLEGE,3032
2015,9,7,Weekend,2000,2-Car,No injury/unknown,UNSAFE BACKING,3021 E 3RD & S KINGSTON,3033
2015,9,7,Weekend,2300,2-Car,No injury/unknown,UNSAFE LANE MOVEMENT,E 3RD & S HIGHLAND,3034
2015,9,1,Weekend,400,2-Car,No injury/unknown,UNSAFE LANE MOVEMENT,3RD & COLLEGE,3035
2015,9,1,Weekend,1300,2-Car,No injury/unknown,DISREGARD SIGNAL/REG SIGN,ATWATER & HENDERSON,3036
2015,9,1,Weekend,1300,2-Car,Incapacitating,FAILURE TO YIELD RIGHT OF WAY,SOUTH WALNUT & WEST GRIMES,3037
2015,9,1,Weekend,0,2-Car,No injury/unknown,OTHER (DRIVER) - EXPLAIN IN NARRATIVE,E MESA,3038
2015,9,1,Weekend,0,1-Car,No injury/unknown,OTHER (DRIVER) - EXPLAIN IN NARRATIVE,CLEAR CREEK & ROCKPORT,3039
2015,9,1,Weekend,1700,2-Car,No injury/unknown,IMPROPER TURNING,E 10TH,3040
2015,9,1,Weekday,2000,2-Car,No injury/unknown,FOLLOWING TOO CLOSELY,3RD & SWAIN,3041
2015,9,1,Weekend,1400,2-Car,Non-incapacitating,LEFT OF CENTER,BLOOMFIELD & RANSOM,3042
2015,9,1,Weekday,2100,3+ Cars,No injury/unknown,FOLLOWING TOO CLOSELY,10TH & SR4546S,3043
2015,9,1,Weekend,100,1-Car,No injury/unknown,FOLLOWING TOO CLOSELY,BRIAR GATE & SR46W,3044
2015,9,1,Weekend,1200,3+ Cars,No injury/unknown,DISREGARD SIGNAL/REG SIGN,SR46W & UNION VALLEY,3045
2015,9,2,Weekday,1200,2-Car,No injury/unknown,CELL PHONE USAGE,ENT TO SAMS CLUB & SR45E,3046
2015,9,2,Weekday,1400,2-Car,Incapacitating,DRIVER DISTRACTED - EXPLAIN IN NARRATIVE,3RD & FRANKLIN,3047
2015,9,2,Weekday,1700,2-Car,No injury/unknown,IMPROPER TURNING,3RD & WALNUT,3048
2015,9,2,Weekday,1600,2-Car,No injury/unknown,FAILURE TO YIELD RIGHT OF WAY,3RD & CURRY,3049
2015,9,2,Weekday,1700,Cyclist,Non-incapacitating,BRAKE FAILURE OR DEFECTIVE,HILLVIEW & OLD STATE ROAD   37,3050
2015,9,1,Weekday,2100,2-Car,No injury/unknown,UNSAFE SPEED,E WHISNAND & N OLD STATE RD 37,3051
2015,9,2,Weekday,2000,2-Car,No injury/unknown,UNSAFE LANE MOVEMENT,19TH & N WALNUT,3052
2015,9,2,Weekday,800,2-Car,Non-incapacitating,VIEW OBSTRUCTED,SR37N & SR46W,3053
2015,9,2,Weekday,1100,2-Car,No injury/unknown,UNSAFE BACKING,ROGERS & THAT,3054
2015,9,2,Weekday,2100,2-Car,No injury/unknown,DISREGARD SIGNAL/REG SIGN,3RD & CURRY,3055
2015,9,3,Weekday,700,1-Car,No injury/unknown,IMPROPER LANE USAGE,7TH & 900 E 7TH,3056
2015,9,3,Weekday,800,2-Car,Non-incapacitating,FOLLOWING TOO CLOSELY,ATWATER & CLIFTON,3057
2015,9,3,Weekday,800,2-Car,No injury/unknown,LEFT OF CENTER,E ROGERS & S SPICEWOOD,3058
2015,9,3,Weekday,1100,Bus,Incapacitating,DISREGARD SIGNAL/REG SIGN,E HILLSIDE & S WALNUT,3059
2015,9,3,Weekday,1200,2-Car,No injury/unknown,FOLLOWING TOO CLOSELY,2ND & COLLEGE,3060
2015,9,2,Weekday,2100,2-Car,Non-incapacitating,FAILURE TO YIELD RIGHT OF WAY,AUTO MALL & COVENANTER,3061
2015,9,3,Weekday,1200,2-Car,No injury/unknown,UNSAFE SPEED,10TH & DUNN,3062
2015,9,1,Weekday,2200,1-Car,No injury/unknown,SPEED TOO FAST FOR WEATHER CONDITIONS,ARLINGTON & MAPLE GROVE,3063
2015,9,3,Weekday,1200,2-Car,Non-incapacitating,LEFT OF CENTER,N DUNN & OLD SR 37,3064
2015,9,3,Weekday,1400,2-Car,No injury/unknown,FOLLOWING TOO CLOSELY,ATWATER & HENDERSON,3065
2015,9,6,Weekday,1600,2-Car,Non-incapacitating,FAILURE TO YIELD RIGHT OF WAY,ARLINGTON & SR46,3066
2015,9,3,Weekday,1400,2-Car,No injury/unknown,SPEED TOO FAST FOR WEATHER CONDITIONS,S WALKER & W 2ND,3067
2015,9,3,Weekday,1600,Bus,No injury/unknown,OTHER (DRIVER) - EXPLAIN IN NARRATIVE,W DODDS,3068
2015,9,3,Weekday,1700,1-Car,No injury/unknown,SPEED TOO FAST FOR WEATHER CONDITIONS,DUNN & SR37N,3069
2015,9,3,Weekday,1700,2-Car,Non-incapacitating,SPEED TOO FAST FOR WEATHER CONDITIONS,KIRKWOOD & ROGERS,3070
2015,9,3,Weekday,1700,2-Car,No injury/unknown,FAILURE TO YIELD RIGHT OF WAY,SOUTH LIBERTY & WEST 3RD,3071
2015,9,3,Weekday,1700,2-Car,Incapacitating,FAILURE TO YIELD RIGHT OF WAY,CATHCART & SARE,3072
2015,9,1,Weekend,800,2-Car,No injury/unknown,FAILURE TO YIELD RIGHT OF WAY,SR46,3073
2015,9,3,Weekday,1800,3+ Cars,No injury/unknown,FOLLOWING TOO CLOSELY,CONSTITUTION & LIBERTY,3074
2015,9,3,Weekday,1600,2-Car,No injury/unknown,FOLLOWING TOO CLOSELY,GRIMES & S WALNUT,3075
2015,9,3,Weekday,2000,2-Car,No injury/unknown,UNSAFE LANE MOVEMENT,E ATWATER & S SWAIN,3076
2015,9,3,Weekday,1800,1-Car,No injury/unknown,RAN OFF ROAD RIGHT,N  BARR & N MT TABOR,3077
2015,9,3,Weekday,1500,1-Car,No injury/unknown,FOLLOWING TOO CLOSELY,FORREST PARK & SMITH,3078
2015,9,1,Weekend,1800,2-Car,No injury/unknown,FOLLOWING TOO CLOSELY,OLD RICHARDSON & SR446S,3079
2015,9,3,Weekday,2100,1-Car,No injury/unknown,ANIMAL/OBJECT IN ROADWAY,E FARR & N FISH,3080
2015,9,3,Weekday,2200,2-Car,No injury/unknown,UNSAFE SPEED,CURRY & GIFFORD,3081
2015,9,3,Weekday,1200,2-Car,No injury/unknown,DRIVER DISTRACTED - EXPLAIN IN NARRATIVE,S MAPLE & W 2ND,3082
2015,9,5,Weekday,2000,2-Car,No injury/unknown,UNSAFE LANE MOVEMENT,N CURRY & VERNAL,3083
2015,9,2,Weekday,900,2-Car,No injury/unknown,TIRE FAILURE OR DEFECTIVE,CURRY & GIFFORD,3084
2015,9,3,Weekday,1400,1-Car,No injury/unknown,ANIMAL/OBJECT IN ROADWAY,CHURCH & ROGERS,3085
2015,9,2,Weekday,1400,1-Car,No injury/unknown,FAILURE TO YIELD RIGHT OF WAY,POINTE,3086
2015,9,4,Weekday,700,2-Car,Incapacitating,LEFT OF CENTER,MAPLE GROVE & NORTH MAPLE GROVE,3087
2015,9,3,Weekday,1200,Pedestrian,Non-incapacitating,OTHER (DRIVER) - EXPLAIN IN NARRATIVE,SOUTH JORDAN,3088
2015,9,4,Weekday,1300,2-Car,Non-incapacitating,FAILURE TO YIELD RIGHT OF WAY,E 3RD & KINGSTON,3089
2015,9,4,Weekday,1300,2-Car,No injury/unknown,FOLLOWING TOO CLOSELY,SR37S & SR45W,3090
2015,9,3,Weekday,800,2-Car,No injury/unknown,FOLLOWING TOO CLOSELY,SOUTH PARK SQUARE & SR48,3091
2015,9,4,Weekday,1600,1-Car,No injury/unknown,RAN OFF ROAD RIGHT,ADAMS & ALLEN,3092
2015,9,4,Weekday,1100,1-Car,No injury/unknown,RAN OFF ROAD RIGHT,OLD STATE ROAD 37 NORTH & SAMPLE,3093
2015,9,4,Weekday,1200,2-Car,No injury/unknown,UNSAFE BACKING,STATE ROAD 45,3094
2015,9,4,Weekday,2000,2-Car,No injury/unknown,UNSAFE BACKING,DUNN & NINETEENTH,3095
2015,9,4,Weekday,1800,2-Car,Incapacitating,FAILURE TO YIELD RIGHT OF WAY,SR46W & UNION VALLEY,3096
2015,9,4,Weekday,2200,2-Car,No injury/unknown,UNSAFE BACKING,S WINSLOW,3097
2015,9,4,Weekday,2300,2-Car,No injury/unknown,FAILURE TO YIELD RIGHT OF WAY,S ROGERS & W 2ND,3098
2015,9,4,Weekday,2100,2-Car,No injury/unknown,IMPROPER LANE USAGE,COTTAGE GROVE & INDIANA,3099
2015,10,5,Weekday,800,1-Car,Non-incapacitating,ANIMAL/OBJECT IN ROADWAY,FLATTWOODS ROAD & STATE ROAD 46 WEST,3100
2015,10,5,Weekday,900,2-Car,No injury/unknown,FOLLOWING TOO CLOSELY,SR37S & SR45W,3101
2015,10,5,Weekday,1200,2-Car,No injury/unknown,FOLLOWING TOO CLOSELY,SR37S,3102
2015,10,5,Weekday,1300,1-Car,No injury/unknown,IMPROPER TURNING,E 17TH,3103
2015,9,1,Weekday,2100,2-Car,No injury/unknown,SPEED TOO FAST FOR WEATHER CONDITIONS,BOLIN & ROCKPORT,3104
2015,9,2,Weekday,1700,2-Car,No injury/unknown,FOLLOWING TOO CLOSELY,SPARKS & SR45W,3105
2015,9,3,Weekday,1600,2-Car,No injury/unknown,FOLLOWING TOO CLOSELY,CONSTITUTION & LIBERTY,3106
2015,10,5,Weekday,1500,2-Car,No injury/unknown,FOLLOWING TOO CLOSELY,SR37N & VERNAL,3107
2015,9,4,Weekday,1900,2-Car,No injury/unknown,OVERCORRECTING/OVERSTEERING,E 6TH & WASHINGTON,3108
2015,10,5,Weekday,1400,2-Car,No injury/unknown,FOLLOWING TOO CLOSELY,E SR 45 46 & WALNUT,3109
2015,9,4,Weekday,1800,2-Car,No injury/unknown,IMPROPER TURNING,E 3RD,3110
2015,10,5,Weekday,1600,2-Car,No injury/unknown,FAILURE TO YIELD RIGHT OF WAY,E 14TH & N INDIANA,3111
2015,10,5,Weekday,1400,2-Car,No injury/unknown,FAILURE TO YIELD RIGHT OF WAY,1100 BLOCK OF S MADISON & EAST WEST,3112
2015,10,5,Weekday,1600,2-Car,No injury/unknown,FOLLOWING TOO CLOSELY,S ADAMS & W TAPP,3113
2015,10,5,Weekday,1500,2-Car,No injury/unknown,FAILURE TO YIELD RIGHT OF WAY,E SOUTHERN & S HENDERSON,3114
2015,10,5,Weekday,900,2-Car,Incapacitating,FAILURE TO YIELD RIGHT OF WAY,S WALNUT & W GRIMES,3115
2015,9,4,Weekday,1300,2-Car,No injury/unknown,UNSAFE BACKING,BLOOMFIELD & PARKING LOT,3116
2015,10,6,Weekday,1300,2-Car,No injury/unknown,UNSAFE LANE MOVEMENT,E 3RD,3117
2015,10,6,Weekday,600,1-Car,No injury/unknown,DRIVER ASLEEP OR FATIGUED,SR46E & WOODVIEW,3118
2015,10,6,Weekday,700,2-Car,No injury/unknown,FOLLOWING TOO CLOSELY,COUNTRY CLUB & WALNUT,3119
2015,9,4,Weekday,2300,2-Car,No injury/unknown,UNSAFE BACKING,SOUTH WASHINGTON,3120
2015,10,6,Weekday,1100,2-Car,No injury/unknown,FOLLOWING TOO CLOSELY,S LIBERTY & W CONSTITUTION,3121
2015,10,6,Weekday,1100,2-Car,No injury/unknown,UNSAFE LANE MOVEMENT,E 3RD & S WILLIAMSBURG,3122
2015,10,5,Weekday,1900,2-Car,No injury/unknown,IMPROPER TURNING,E 3RD & S JORDAN,3123
2015,10,6,Weekday,1500,2-Car,No injury/unknown,FAILURE TO YIELD RIGHT OF WAY,3RD & PETE ELLIS,3124
2015,10,6,Weekday,1700,2-Car,No injury/unknown,FAILURE TO YIELD RIGHT OF WAY,WASHINGTON & WILSON,3125
2015,10,6,Weekday,1500,2-Car,No injury/unknown,FAILURE TO YIELD RIGHT OF WAY,JORDAN & LINGELBACH,3126
2015,10,6,Weekday,1700,2-Car,No injury/unknown,UNSAFE BACKING,E 10TH,3127
2015,10,6,Weekend,2000,2-Car,No injury/unknown,IMPROPER TURNING,S OAKDALE & W BLOOMFIELD,3128
2015,9,4,Weekday,2000,2-Car,No injury/unknown,UNSAFE BACKING,W GORDON,3129
2015,10,6,Weekday,1800,2-Car,No injury/unknown,OTHER (DRIVER) - EXPLAIN IN NARRATIVE,315 S COLLEGE MALL & E 3RD,3130
2015,10,6,Weekend,2300,1-Car,No injury/unknown,RAN OFF ROAD RIGHT,RUSH & SR446S,3131
2015,10,6,Weekend,2200,Pedestrian,Non-incapacitating,FAILURE TO YIELD RIGHT OF WAY,6TH & LINCOLN,3132
2015,10,6,Weekend,2100,2-Car,No injury/unknown,FAILURE TO YIELD RIGHT OF WAY,E 10TH & N COLLEGE,3133
2015,10,6,Weekday,1100,2-Car,No injury/unknown,FOLLOWING TOO CLOSELY,OLD STATE ROAD 37 & WALNUT,3134
2015,10,7,Weekend,900,2-Car,No injury/unknown,UNSAFE BACKING,S PARK RIDGE,3135
2015,10,7,Weekend,1200,2-Car,No injury/unknown,FOLLOWING TOO CLOSELY,DUNN & SR4546W,3136
2015,10,7,Weekend,1100,2-Car,No injury/unknown,RAN OFF ROAD RIGHT,9TH & COLLEGE,3137
2015,10,6,Weekend,2200,2-Car,Incapacitating,IMPROPER PASSING,BYPASS SR 45 46 & N WALNUT,3138
2015,10,7,Weekend,1700,2-Car,No injury/unknown,FAILURE TO YIELD RIGHT OF WAY,E MILLER & WALNUT,3139
2015,10,6,Weekday,1400,2-Car,No injury/unknown,FAILURE TO YIELD RIGHT OF WAY,SOUTH COLLEGE MALL,3140
2015,10,6,Weekend,1900,2-Car,Non-incapacitating,LEFT OF CENTER,N DUNN & N OLD STATE ROAD 37,3141
2015,10,7,Weekend,1700,2-Car,Non-incapacitating,UNSAFE BACKING,S LEONARD SPRINGS,3142
2015,10,6,Weekday,1600,2-Car,No injury/unknown,FOLLOWING TOO CLOSELY,N CURRY & VERNAL,3143
2015,10,6,Weekday,1800,1-Car,No injury/unknown,RAN OFF ROAD RIGHT,N BRUMMETTS CREEK & SR46E,3144
2015,10,5,Weekday,2300,2-Car,No injury/unknown,UNSAFE LANE MOVEMENT,N COLLEGE & W KIRKWOOD,3145
2015,10,7,Weekend,2000,Pedestrian,Non-incapacitating,UNSAFE BACKING,N TAMARACK,3146
2015,10,5,Weekday,1700,2-Car,No injury/unknown,IMPROPER PASSING,SISCOE & SR46W,3147
2015,10,7,Weekend,2100,Bus,No injury/unknown,IMPROPER TURNING,GOLF COURSE SERVICE & RANGE,3148
2015,10,6,Weekend,2000,2-Car,No injury/unknown,UNSAFE BACKING,W SR 45,3149
2015,10,7,Weekend,300,1-Car,Incapacitating,SPEED TOO FAST FOR WEATHER CONDITIONS,E NEHRT & E ROBINSON,3150
2015,10,1,Weekend,100,2-Car,No injury/unknown,UNSAFE BACKING,5TH & JEFFERSON,3151
2015,10,1,Weekend,0,2-Car,No injury/unknown,DISREGARD SIGNAL/REG SIGN,E 10TH & N JORDAN,3152
2015,10,1,Weekend,100,2-Car,No injury/unknown,FAILURE TO YIELD RIGHT OF WAY,10TH & JORDAN,3153
2015,10,1,Weekend,1200,2-Car,Non-incapacitating,OTHER (DRIVER) - EXPLAIN IN NARRATIVE,N WALNUT & SR4546W,3154
2015,10,1,Weekend,1300,2-Car,No injury/unknown,FOLLOWING TOO CLOSELY,2300 N WALNUT & BYPASS SR 45 46,3155
2015,10,1,Weekend,1400,2-Car,No injury/unknown,FOLLOWING TOO CLOSELY,17TH & SR46E,3156
2015,10,1,Weekend,900,2-Car,No injury/unknown,FAILURE TO YIELD RIGHT OF WAY,LOVE & SR46W,3157
2015,10,1,Weekend,1400,2-Car,Non-incapacitating,FOLLOWING TOO CLOSELY,10TH & SUNRISE,3158
2015,10,1,Weekend,1000,2-Car,No injury/unknown,UNSAFE BACKING,EAST 7TH,3159
2015,10,1,Weekend,1700,Moped/Motorcycle,Non-incapacitating,UNSAFE SPEED,ATWATER & HIGH,3160
2015,10,1,Weekend,1800,2-Car,No injury/unknown,OTHER (ENVIRONMENTAL) - EXPLAIN IN NARR,SHUFFLE CREEK,3161
2015,10,1,Weekday,1900,2-Car,No injury/unknown,IMPROPER TURNING,ATWATER & FACULTY,3162
2015,10,1,Weekday,2100,2-Car,No injury/unknown,FOLLOWING TOO CLOSELY,EAST 14TH & NORTH WALNUT,3163
2015,10,6,Weekday,1500,2-Car,No injury/unknown,LEFT OF CENTER,ROCKPORT & VICTOR,3164
2015,10,6,Weekday,1700,2-Car,No injury/unknown,UNSAFE LANE MOVEMENT,CONSTUSION & CURRY,3165
2015,10,6,Weekday,1800,2-Car,No injury/unknown,FOLLOWING TOO CLOSELY,MONROE DAM & S OLD STATE RD 37,3166
2015,10,1,Weekend,1400,2-Car,No injury/unknown,OTHER (DRIVER) - EXPLAIN IN NARRATIVE,351 S LINCOLN & SMITH,3167
2015,10,1,Weekend,1700,2-Car,No injury/unknown,DISREGARD SIGNAL/REG SIGN,N COLLEGE & W 11TH,3168
2015,10,1,Weekend,100,1-Car,No injury/unknown,RAN OFF ROAD RIGHT,W ELWREN,3169
2015,10,1,Weekend,1300,2-Car,No injury/unknown,FAILURE TO YIELD RIGHT OF WAY,11TH & COLLEGE,3170
2015,10,1,Weekday,2000,2-Car,No injury/unknown,UNSAFE BACKING,BRANDON & E GRAHAM,3171
2015,10,7,Weekend,1300,3+ Cars,No injury/unknown,FAILURE TO YIELD RIGHT OF WAY,RHORER & SOUTH OLD37,3172
2015,10,2,Weekday,1400,3+ Cars,Non-incapacitating,FOLLOWING TOO CLOSELY,3RD & WYNNEDALE,3173
2015,10,2,Weekday,1700,2-Car,No injury/unknown,FAILURE TO YIELD RIGHT OF WAY,2ND & COLLEGE MALL,3174
2015,10,2,Weekday,1800,1-Car,No injury/unknown,OTHER (DRIVER) - EXPLAIN IN NARRATIVE,3904 SAGE & PEPPERIDGE,3175
2015,10,2,Weekday,1900,2-Car,No injury/unknown,FOLLOWING TOO CLOSELY,17TH & JORDAN,3176
2015,10,2,Weekday,2000,3+ Cars,Incapacitating,FOLLOWING TOO CLOSELY,STATE ROAD 37 & VERNAL,3177
2015,10,3,Weekday,200,2-Car,No injury/unknown,OTHER (DRIVER) - EXPLAIN IN NARRATIVE,W STATE ROAD 45,3178
2015,10,3,Weekday,1000,2-Car,No injury/unknown,DISREGARD SIGNAL/REG SIGN,410 S WOODSCREST & ENTRANCE TO IUCU,3179
2015,9,4,Weekday,1200,2-Car,No injury/unknown,OTHER (DRIVER) - EXPLAIN IN NARRATIVE,N GATES,3180