year,month,day,weekend,hour,collision_type,injury_type,primary_factor,reported_location,unique_id
2015,10,3,Weekday,1100,2-Car,Non-incapacitating,FOLLOWING TOO CLOSELY,17TH & WALNUT,3181
2015,10,3,Weekday,1000,Cyclist,No injury/unknown,FAILURE TO YIELD RIGHT OF WAY,3RD & CLARIZZ,3182
2015,10,3,Weekday,1700,2-Car,No injury/unknown,FAILURE TO YIELD RIGHT OF WAY,3RD & PARKING LOT,3183
2015,10,3,Weekday,1600,2-Car,No injury/unknown,OTHER (DRIVER) - EXPLAIN IN NARRATIVE,S ROGERS,3184
2015,10,3,Weekday,1600,2-Car,No injury/unknown,FAILURE TO YIELD RIGHT OF WAY,20TH & DUNN,3185
2015,10,6,Weekend,2200,2-Car,No injury/unknown,OTHER (DRIVER) - EXPLAIN IN NARRATIVE,LIBERTY,3186
2015,10,7,Weekend,200,1-Car,No injury/unknown,UNSAFE BACKING,N COLLEGE & W 6TH,3187
2015,10,6,Weekday,1100,1-Car,No injury/unknown,UNSAFE SPEED,FAIRFAX & SCHACHT,3188
2015,10,7,Weekend,1200,2-Car,No injury/unknown,IMPROPER TURNING,E ATWATER & S HENDERSON,3189
2015,10,5,Weekday,1700,2-Car,No injury/unknown,OTHER (DRIVER) - EXPLAIN IN NARRATIVE,SOUTH COLLEGE,3190
2015,10,5,Weekday,2100,3+ Cars,No injury/unknown,FOLLOWING TOO CLOSELY,N FEE & SR4546S,3191
2015,10,7,Weekend,1700,2-Car,No injury/unknown,FOLLOWING TOO CLOSELY,10TH,3192
2015,10,7,Weekend,1700,2-Car,No injury/unknown,FAILURE TO YIELD RIGHT OF WAY,17TH & LINCOLN,3193
2015,10,6,Weekday,1500,1-Car,No injury/unknown,OTHER (VEHICLE) - EXPLAIN IN NARRATIVE,S HANDY,3194
2015,10,7,Weekend,600,1-Car,Non-incapacitating,RAN OFF ROAD RIGHT,S ROGERS & W FAIRWAY,3195
2015,10,6,Weekday,1200,2-Car,No injury/unknown,OTHER (DRIVER) - EXPLAIN IN NARRATIVE,7TH & GRANT,3196
2015,10,1,Weekend,100,1-Car,No injury/unknown,UNSAFE BACKING,100 E DIXIE & S WALNUT,3197
2015,10,1,Weekend,1200,2-Car,No injury/unknown,UNSAFE BACKING,N MADISON & W 6TH,3198
2015,10,1,Weekend,1500,2-Car,No injury/unknown,FOLLOWING TOO CLOSELY,10TH & 45 46,3199
2015,10,1,Weekend,1500,2-Car,No injury/unknown,FOLLOWING TOO CLOSELY,SR46 & UNIONVILLE,3200
2015,10,4,Weekday,2000,1-Car,No injury/unknown,ANIMAL/OBJECT IN ROADWAY,E MONROE DAM & SR37,3201
2015,10,1,Weekday,2000,1-Car,Non-incapacitating,UNSAFE SPEED,S YANCY & W 3RD,3202
2015,10,1,Weekday,2100,2-Car,No injury/unknown,FOLLOWING TOO CLOSELY,SR45 & SR46,3203
2015,10,6,Weekday,1400,2-Car,No injury/unknown,FOLLOWING TOO CLOSELY,ARLINGTON,3204
2015,10,1,Weekend,800,2-Car,No injury/unknown,DISREGARD SIGNAL/REG SIGN,SR37S & SR46E,3205
2015,10,7,Weekend,1100,2-Car,No injury/unknown,UNSAFE BACKING,DAVIS & LINCOLN,3206
2015,10,2,Weekday,1000,2-Car,No injury/unknown,UNSAFE BACKING,WEST 17,3207
2015,10,2,Weekday,1500,2-Car,No injury/unknown,UNSAFE BACKING,S BRANDON,3208
2015,10,2,Weekday,400,2-Car,No injury/unknown,FAILURE TO YIELD RIGHT OF WAY,E 9TH & N LICOLN,3209
2015,10,2,Weekday,1500,2-Car,No injury/unknown,FOLLOWING TOO CLOSELY,N DANIELS & ZENITH,3210
2015,10,2,Weekday,1700,2-Car,No injury/unknown,FOLLOWING TOO CLOSELY,NORTH BOUND ON RAMP 37 & WEST BLOOMFIELD,3211
2015,10,2,Weekday,2000,3+ Cars,No injury/unknown,FOLLOWING TOO CLOSELY,10TH & WOODLAWN,3212
2015,10,2,Weekday,1700,2-Car,No injury/unknown,IMPROPER TURNING,N FEE,3213
2015,10,2,Weekday,1700,Moped/Motorcycle,Incapacitating,FOLLOWING TOO CLOSELY,S COLLEGE & W 1ST,3214
2015,10,3,Weekday,0,1-Car,No injury/unknown,RAN OFF ROAD RIGHT,7781 KIRKSVILLE & HARMONY,3215
2015,10,1,Weekend,0,2-Car,No injury/unknown,TIRE FAILURE OR DEFECTIVE,SR37 & SR45,3216
2015,10,3,Weekday,1100,Moped/Motorcycle,No injury/unknown,OTHER (DRIVER) - EXPLAIN IN NARRATIVE,ABBY & WINSLOW,3217
2015,10,3,Weekday,1300,2-Car,No injury/unknown,UNSAFE LANE MOVEMENT,ATWATER & JORDAN,3218
2015,10,3,Weekday,1300,Pedestrian,Incapacitating,FAILURE TO YIELD RIGHT OF WAY,FOURTH & INDIANA,3219
2015,10,3,Weekday,1600,2-Car,Non-incapacitating,FAILURE TO YIELD RIGHT OF WAY,EAST 3RD & PARK RIDGE,3220
2015,10,3,Weekday,1800,2-Car,No injury/unknown,UNSAFE LANE MOVEMENT,CAPITOL & SR46W,3221
2015,10,3,Weekday,1800,2-Car,No injury/unknown,FOLLOWING TOO CLOSELY,SR37S,3222
2015,10,2,Weekday,1500,2-Car,No injury/unknown,FAILURE TO YIELD RIGHT OF WAY,S STRAIN RIDGE,3223
2015,10,2,Weekday,1600,2-Car,Incapacitating,FOLLOWING TOO CLOSELY,E SCHACHT & S FAIRFAX,3224
2015,10,3,Weekday,2000,2-Car,Non-incapacitating,FOLLOWING TOO CLOSELY,EAST 2ND & WOODSCREST,3225
2015,10,3,Weekday,1500,2-Car,No injury/unknown,FOLLOWING TOO CLOSELY,N PRAIRIE GREEN & SR45E,3226
2015,10,3,Weekday,1700,Pedestrian,Incapacitating,FAILURE TO YIELD RIGHT OF WAY,LEONARD SPRINGS & W ST RD 45,3227
2015,10,3,Weekday,2100,Pedestrian,Non-incapacitating,HEADLIGHT DEFECTIVE OR NOT ON,4TH & GRANT,3228
2015,10,3,Weekday,1800,2-Car,Non-incapacitating,UNSAFE LANE MOVEMENT,3RD & PATTERSON,3229
2015,10,4,Weekday,2300,3+ Cars,No injury/unknown,OTHER (DRIVER) - EXPLAIN IN NARRATIVE,PECAN & SOUTH OAKDALE,3230
2015,10,4,Weekday,1100,2-Car,No injury/unknown,IMPROPER TURNING,W KIRKWOOD,3231
2015,10,4,Weekday,1200,2-Car,No injury/unknown,FAILURE TO YIELD RIGHT OF WAY,LANDMARK & W 3RD,3232
2015,10,4,Weekday,1200,1-Car,No injury/unknown,UNSAFE LANE MOVEMENT,SR37N,3233
2015,10,4,Weekday,1500,2-Car,Non-incapacitating,FAILURE TO YIELD RIGHT OF WAY,E 6TH & N WASHINGTON,3234
2015,10,4,Weekday,1500,3+ Cars,No injury/unknown,FOLLOWING TOO CLOSELY,SUNNY SLOPES & WALNUT STREET,3235
2015,10,3,Weekday,1800,1-Car,No injury/unknown,RAN OFF ROAD RIGHT,E BETHEL & N HINKLE,3236
2015,10,4,Weekday,1200,Bus,No injury/unknown,OTHER (DRIVER) - EXPLAIN IN NARRATIVE,S PARK SQUARE,3237
2015,10,4,Weekday,1700,3+ Cars,Non-incapacitating,FAILURE TO YIELD RIGHT OF WAY,GATES & W 3RD,3238
2015,10,3,Weekday,1800,3+ Cars,Incapacitating,FOLLOWING TOO CLOSELY,SR45W & WEST AIRPORT,3239
2015,10,4,Weekday,1600,1-Car,No injury/unknown,RAN OFF ROAD RIGHT,E SOUTHSHORE & N BEACHWOOD,3240
2015,10,4,Weekday,2000,2-Car,No injury/unknown,UNSAFE BACKING,E 3RD,3241
2015,10,4,Weekday,1400,2-Car,Non-incapacitating,FAILURE TO YIELD RIGHT OF WAY,SALE & VINE,3242
2015,10,5,Weekday,500,1-Car,No injury/unknown,ANIMAL/OBJECT IN ROADWAY,KINSER & SR37N,3243
2015,10,5,Weekday,1200,2-Car,No injury/unknown,OTHER (DRIVER) - EXPLAIN IN NARRATIVE,MILLER & WALNUT,3244
2015,10,5,Weekday,1500,1-Car,No injury/unknown,OTHER (DRIVER) - EXPLAIN IN NARRATIVE,S EDGEWOOD,3245
2015,10,5,Weekday,1600,2-Car,No injury/unknown,FAILURE TO YIELD RIGHT OF WAY,KIRKWOOD & ROGERS,3246
2015,10,5,Weekday,1500,2-Car,Incapacitating,FAILURE TO YIELD RIGHT OF WAY,CURRY & ROLL,3247
2015,10,5,Weekday,2100,2-Car,No injury/unknown,DRIVER DISTRACTED - EXPLAIN IN NARRATIVE,TENTH & WOODLAWN,3248
2015,10,6,Weekday,0,2-Car,Incapacitating,IMPROPER LANE USAGE,E 10TH,3249
2015,10,5,Weekday,2300,1-Car,Non-incapacitating,UNSAFE SPEED,E KIRKWOOD & S DUNN,3250
2015,10,5,Weekday,1300,2-Car,No injury/unknown,FOLLOWING TOO CLOSELY,SR37S & SR45W,3251
2015,10,5,Weekday,800,2-Car,No injury/unknown,VIEW OBSTRUCTED,KINSER & SKYLINE,3252
2015,10,2,Weekday,1300,2-Car,No injury/unknown,FOLLOWING TOO CLOSELY,SMITH & SR46W,3253
2015,10,6,Weekday,900,2-Car,No injury/unknown,UNSAFE BACKING,JORDAN & PRESIDENTS LOT,3254
2015,9,4,Weekday,1300,2-Car,No injury/unknown,UNSAFE BACKING,3RD,3255
2015,10,6,Weekday,1100,2-Car,No injury/unknown,UNSAFE BACKING,E WOODBINE,3256
2015,10,6,Weekday,1200,2-Car,No injury/unknown,DISREGARD SIGNAL/REG SIGN,COTTAGE GROVE & WOODLAWN,3257
2015,10,6,Weekday,1200,1-Car,Non-incapacitating,RAN OFF ROAD RIGHT,N WALNUT & SR 45 46,3258
2015,10,6,Weekday,1100,Cyclist,Non-incapacitating,FAILURE TO YIELD RIGHT OF WAY,7TH & JORDAN,3259
2015,10,6,Weekday,1700,2-Car,No injury/unknown,FOLLOWING TOO CLOSELY,E 17TH & SR4546E,3260
2015,10,6,Weekend,2000,1-Car,No injury/unknown,ANIMAL/OBJECT IN ROADWAY,GIFFORD & KIRBY,3261
2015,10,6,Weekday,1500,3+ Cars,No injury/unknown,FOLLOWING TOO CLOSELY,S HICKORY & SR45W,3262
2015,10,6,Weekend,2100,2-Car,No injury/unknown,FOLLOWING TOO CLOSELY,2ND & WALKER,3263
2015,10,3,Weekday,2100,2-Car,Incapacitating,FAILURE TO YIELD RIGHT OF WAY,3RD,3264
2015,10,6,Weekday,1000,2-Car,No injury/unknown,FAILURE TO YIELD RIGHT OF WAY,COUNTRY CLUB & WALNUT,3265
2015,10,6,Weekday,1100,2-Car,No injury/unknown,BRAKE FAILURE OR DEFECTIVE,OLD SR 37 & WALNUT,3266
2015,10,7,Weekend,1000,2-Car,Non-incapacitating,DISREGARD SIGNAL/REG SIGN,1ST & S WASHINGTON,3267
2015,10,5,Weekday,1300,2-Car,No injury/unknown,DRIVER DISTRACTED - EXPLAIN IN NARRATIVE,HARTSTRAIT & STATE ROAD 48,3268
2015,10,7,Weekend,1100,2-Car,No injury/unknown,FAILURE TO YIELD RIGHT OF WAY,N WILLIS & WESTFIELD,3269
2015,10,6,Weekend,2100,2-Car,No injury/unknown,FOLLOWING TOO CLOSELY,S COLLEGE & W 3RD,3270
2015,10,7,Weekend,1400,2-Car,No injury/unknown,UNSAFE BACKING,W 2ND,3271
2015,10,6,Weekday,1800,2-Car,No injury/unknown,UNSAFE BACKING,CASSANDRA & LEONARD SPRINGS,3272
2015,10,6,Weekend,2000,1-Car,Incapacitating,RAN OFF ROAD RIGHT,BIRDIE GALYAN & SR46E,3273
2015,10,7,Weekend,1700,2-Car,No injury/unknown,FAILURE TO YIELD RIGHT OF WAY,2ND & COLLEGE MALL,3274
2015,10,7,Weekend,1700,2-Car,Non-incapacitating,FAILURE TO YIELD RIGHT OF WAY,S COLLEGE MALL,3275
2015,10,7,Weekend,1500,Pedestrian,Non-incapacitating,PEDESTRIAN ACTION,E 18TH & N DUNN,3276
2015,10,7,Weekend,1700,2-Car,Non-incapacitating,FOLLOWING TOO CLOSELY,E 10TH & N FORREST,3277
2015,10,7,Weekend,2000,2-Car,No injury/unknown,UNSAFE BACKING,S INDIANA,3278
2015,10,1,Weekend,300,1-Car,No injury/unknown,RAN OFF ROAD RIGHT,KIRKWOOD & OAK,3279
2015,10,3,Weekday,700,2-Car,No injury/unknown,UNSAFE LANE MOVEMENT,FOREST PARK & SMITH,3280
2015,10,7,Weekend,1400,2-Car,No injury/unknown,UNSAFE LANE MOVEMENT,E 3RD & S SWAIN,3281
2015,10,1,Weekend,1300,2-Car,No injury/unknown,FAILURE TO YIELD RIGHT OF WAY,BURKS & WALNUT,3282
2015,10,5,Weekday,1800,1-Car,Incapacitating,RAN OFF ROAD RIGHT,SR46W & STINESVILLE,3283
2015,10,1,Weekend,1200,2-Car,No injury/unknown,IMPROPER TURNING,15TH & NORTH WALNUT,3284
2015,10,1,Weekend,1800,Pedestrian,Non-incapacitating,DISREGARD SIGNAL/REG SIGN,KIRKWOOD & WASHINGTON,3285
2015,10,1,Weekday,1900,2-Car,Non-incapacitating,FAILURE TO YIELD RIGHT OF WAY,CORY & WEST 3RD,3286
2015,10,1,Weekend,1800,2-Car,No injury/unknown,FAILURE TO YIELD RIGHT OF WAY,6TH & INDIANA,3287
2015,10,1,Weekend,1600,2-Car,No injury/unknown,FAILURE TO YIELD RIGHT OF WAY,E 3RD & KINGSTON,3288
2015,10,1,Weekend,900,2-Car,Non-incapacitating,FOLLOWING TOO CLOSELY,LEE PAUL & SR37N,3289
2015,10,1,Weekend,1300,1-Car,No injury/unknown,ANIMAL/OBJECT IN ROADWAY,HARRELL ROAD & RHORER ROAD,3290
2015,10,1,Weekend,1200,1-Car,Non-incapacitating,RAN OFF ROAD RIGHT,GENTRY & SR446S,3291
2015,10,5,Weekday,1200,2-Car,No injury/unknown,UNSAFE BACKING,S FESS,3292
2015,10,2,Weekday,1600,2-Car,No injury/unknown,DRIVER DISTRACTED - EXPLAIN IN NARRATIVE,SR37 & VERNAL,3293
2015,10,2,Weekday,1600,Pedestrian,Incapacitating,FAILURE TO YIELD RIGHT OF WAY,E JONES & JORDAN,3294
2015,10,7,Weekend,1500,1-Car,No injury/unknown,OVERCORRECTING/OVERSTEERING,THOMAS & VERNAL,3295
2015,10,7,Weekend,1900,2-Car,No injury/unknown,ANIMAL/OBJECT IN ROADWAY,ELLIS & SR37N,3296
2015,10,1,Weekend,1500,2-Car,No injury/unknown,OVERCORRECTING/OVERSTEERING,CARMOLA & N SMITH,3297
2015,10,2,Weekday,1700,2-Car,No injury/unknown,FOLLOWING TOO CLOSELY,CURRY & WOODYARD,3298
2015,10,2,Weekday,1500,2-Car,No injury/unknown,FOLLOWING TOO CLOSELY,MCCRACKEN & SMITH,3299
2015,10,2,Weekday,2000,3+ Cars,Non-incapacitating,FOLLOWING TOO CLOSELY,SOUTH CURRY & SR45W,3300
2015,10,2,Weekday,1900,2-Car,No injury/unknown,FAILURE TO YIELD RIGHT OF WAY,EAST 5TH & NORTH CLARK,3301
2015,10,1,Weekend,0,1-Car,No injury/unknown,ANIMAL/OBJECT IN ROADWAY,ACUFF & SR37N,3302
2015,10,1,Weekend,500,1-Car,No injury/unknown,OTHER (DRIVER) - EXPLAIN IN NARRATIVE,SR446S & WALDRIP CREEK,3303
2015,10,3,Weekday,1200,2-Car,No injury/unknown,FAILURE TO YIELD RIGHT OF WAY,3RD & LIBERTY,3304
2015,10,3,Weekday,1500,Moped/Motorcycle,No injury/unknown,FAILURE TO YIELD RIGHT OF WAY,FEE & HODGE HALL SERVICE DRIVE,3305
2015,10,3,Weekday,1700,2-Car,No injury/unknown,UNSAFE LANE MOVEMENT,N JORDAN,3306
2015,10,3,Weekday,1700,2-Car,No injury/unknown,OTHER (ENVIRONMENTAL) - EXPLAIN IN NARR,PROFILE,3307
2015,10,3,Weekday,100,2-Car,No injury/unknown,OTHER (DRIVER) - EXPLAIN IN NARRATIVE,EAST WATERSEDGE,3308
2015,10,2,Weekday,1500,2-Car,Incapacitating,UNSAFE SPEED,N HARTSTRAIT & W VERNAL,3309
2015,10,3,Weekday,2200,2-Car,No injury/unknown,UNSAFE BACKING,S FRANKLIN,3310
2015,10,7,Weekend,0,1-Car,No injury/unknown,OTHER (DRIVER) - EXPLAIN IN NARRATIVE,M SMITH & W NORWAY,3311
2015,10,4,Weekday,300,1-Car,No injury/unknown,DRIVER ASLEEP OR FATIGUED,E MOORES & S SARE,3312
2015,10,3,Weekday,1300,1-Car,Incapacitating,OTHER (DRIVER) - EXPLAIN IN NARRATIVE,N KINSER PILE,3313
2015,10,3,Weekday,1300,2-Car,No injury/unknown,FAILURE TO YIELD RIGHT OF WAY,N ROGERS & W 11TH,3314
2015,10,4,Weekday,1000,Cyclist,Non-incapacitating,WRONG WAY ON ONE WAY,14TH & N WALNUT,3315
2015,10,4,Weekday,1100,2-Car,No injury/unknown,FAILURE TO YIELD RIGHT OF WAY,E MAXWELL & S WOODLAWN,3316
2015,10,7,Weekend,1800,2-Car,No injury/unknown,FAILURE TO YIELD RIGHT OF WAY,DUNN & SR45,3317
2015,10,4,Weekday,1600,1-Car,Non-incapacitating,OTHER (ENVIRONMENTAL) - EXPLAIN IN NARR,DUNN & SR37N,3318
2015,10,4,Weekday,1600,2-Car,No injury/unknown,FOLLOWING TOO CLOSELY,ATWATER & PARK,3319
2015,10,3,Weekday,2100,2-Car,No injury/unknown,FOLLOWING TOO CLOSELY,17TH & INDIANA,3320
2015,10,4,Weekday,1600,2-Car,No injury/unknown,FOLLOWING TOO CLOSELY,SOUTH LANDMARK & WEST 3RD,3321
2015,10,4,Weekday,1700,2-Car,No injury/unknown,FAILURE TO YIELD RIGHT OF WAY,8TH & JEFFERSON,3322
2015,10,4,Weekday,2000,2-Car,Non-incapacitating,FOLLOWING TOO CLOSELY,ATWATER & HENDERSON,3323
2015,10,4,Weekday,1600,2-Car,No injury/unknown,FOLLOWING TOO CLOSELY,CORY & WEST 3RD,3324
2015,10,4,Weekday,2000,2-Car,No injury/unknown,FAILURE TO YIELD RIGHT OF WAY,FEE & LAW,3325
2015,10,4,Weekday,2200,1-Car,No injury/unknown,ANIMAL/OBJECT IN ROADWAY,S STANFORD & W ELWREN,3326
2015,10,4,Weekday,2200,2-Car,No injury/unknown,DRIVER DISTRACTED - EXPLAIN IN NARRATIVE,W VERNAL,3327
2015,10,3,Weekday,1300,2-Car,Incapacitating,DISREGARD SIGNAL/REG SIGN,SR37S & SR46E,3328
2015,10,5,Weekday,700,Bus,Incapacitating,FOLLOWING TOO CLOSELY,2876 S WALNUT & PINEWOOD,3329
2015,10,5,Weekday,1100,2-Car,No injury/unknown,UNSAFE LANE MOVEMENT,E 3RD & N WALNUT,3330
2015,10,5,Weekday,1000,2-Car,No injury/unknown,FAILURE TO YIELD RIGHT OF WAY,W CASCADE & W GOURLEY,3331
2015,10,5,Weekday,1200,2-Car,No injury/unknown,OTHER (DRIVER) - EXPLAIN IN NARRATIVE,1ST & WALNUT,3332
2015,10,5,Weekday,1200,Pedestrian,Incapacitating,DISREGARD SIGNAL/REG SIGN,S FAIRVIEW & W 4TH,3333
2015,10,4,Weekday,1600,2-Car,No injury/unknown,UNSAFE BACKING,W WYLIE,3334
2015,10,4,Weekday,1700,Moped/Motorcycle,No injury/unknown,UNSAFE SPEED,SMITH & SR46W,3335
2015,10,5,Weekday,1700,2-Car,No injury/unknown,FAILURE TO YIELD RIGHT OF WAY,SIMPSON CHAPEL & SR37N,3336
2015,10,5,Weekday,1700,1-Car,No injury/unknown,ANIMAL/OBJECT IN ROADWAY,S OLD STATE ROAD 37 & S ROGERS,3337
2015,10,4,Weekday,2300,1-Car,No injury/unknown,DRIVER DISTRACTED - EXPLAIN IN NARRATIVE,2ND & WOODCREST,3338
2015,10,6,Weekday,0,1-Car,No injury/unknown,RAN OFF ROAD RIGHT,MT CARMEL & STINESVILLE,3339
2015,10,4,Weekday,900,2-Car,No injury/unknown,UNSAFE BACKING,E 2ND,3340
2015,10,1,Weekend,1400,2-Car,No injury/unknown,DRIVER DISTRACTED - EXPLAIN IN NARRATIVE,SAMPLE & SR37N,3341
2015,10,2,Weekday,1300,2-Car,No injury/unknown,UNSAFE LANE MOVEMENT,N CURRY & W VERNAL,3342
2015,10,6,Weekday,1200,2-Car,No injury/unknown,IMPROPER LANE USAGE,S WALNUT,3343
2015,10,6,Weekday,1500,Bus,No injury/unknown,FAILURE TO YIELD RIGHT OF WAY,SOUTH WALNUT & WINSLOW,3344
2015,10,6,Weekday,1400,2-Car,No injury/unknown,FAILURE TO YIELD RIGHT OF WAY,8TH & GRANT,3345
2015,10,5,Weekday,1600,3+ Cars,No injury/unknown,FOLLOWING TOO CLOSELY,3RD & WYNNEDALE,3346
2015,10,6,Weekday,1500,Pedestrian,Incapacitating,RAN OFF ROAD RIGHT,2951 N BANKERS & E RUSGAN,3347
2015,10,6,Weekday,1500,2-Car,No injury/unknown,FAILURE TO YIELD RIGHT OF WAY,GOURLEY & KINSER,3348
2015,10,6,Weekend,1900,2-Car,No injury/unknown,FAILURE TO YIELD RIGHT OF WAY,3RD & PETE ELLIS,3349
2015,10,6,Weekend,2000,2-Car,No injury/unknown,FAILURE TO YIELD RIGHT OF WAY,EAST 2ND & HIGH,3350
2015,10,6,Weekend,2100,2-Car,No injury/unknown,FAILURE TO YIELD RIGHT OF WAY,EAST 10TH & NORTH WALNUT,3351
2015,10,4,Weekday,1000,2-Car,No injury/unknown,IMPROPER TURNING,SR446S & WALDRIP CREEK,3352
2015,10,6,Weekday,800,2-Car,Incapacitating,FAILURE TO YIELD RIGHT OF WAY,KINSER & SR4546W,3353
2015,10,5,Weekday,1000,2-Car,No injury/unknown,FOLLOWING TOO CLOSELY,SR37N & TAPP,3354
2015,10,5,Weekday,1200,2-Car,No injury/unknown,UNSAFE BACKING,ROLLING RIDGE,3355
2015,10,7,Weekend,900,2-Car,Incapacitating,FAILURE TO YIELD RIGHT OF WAY,7TH & SR45E,3356
2015,10,6,Weekday,1300,2-Car,Non-incapacitating,FOLLOWING TOO CLOSELY,EAST 10TH & NORTH PETE ELLIS,3357
2015,10,7,Weekend,1300,2-Car,No injury/unknown,SPEED TOO FAST FOR WEATHER CONDITIONS,OLDSTATE ROAD 37 S & STATE ROAD 37 S,3358
2015,10,6,Weekday,1600,2-Car,No injury/unknown,IMPROPER TURNING,HICKORY & SR48W,3359
2015,10,7,Weekend,1400,2-Car,No injury/unknown,UNSAFE LANE MOVEMENT,3RD & COLLEGE MALL,3360
2015,10,7,Weekend,1400,2-Car,No injury/unknown,SPEED TOO FAST FOR WEATHER CONDITIONS,OLD SR 37 & RHORER,3361
2015,10,7,Weekend,1600,1-Car,Incapacitating,SPEED TOO FAST FOR WEATHER CONDITIONS,DUNN & SR37N,3362
2015,10,7,Weekend,1700,1-Car,No injury/unknown,IMPROPER TURNING,7TH & HIGHWAY 45 46,3363
2015,10,7,Weekend,1600,2-Car,No injury/unknown,SPEED TOO FAST FOR WEATHER CONDITIONS,DUNN & OLD STATE ROAD 37 N,3364
2015,10,7,Weekend,1600,2-Car,No injury/unknown,LEFT OF CENTER,E SCHACHT & S FAIRFAX,3365
2015,10,7,Weekend,1700,2-Car,No injury/unknown,SPEED TOO FAST FOR WEATHER CONDITIONS,N HARTSTRAIT & W VERNAL,3366
2015,10,7,Weekend,1800,1-Car,No injury/unknown,RAN OFF ROAD RIGHT,E MARTIN & E STATE ROAD 45,3367
2015,10,7,Weekend,2000,1-Car,No injury/unknown,ANIMAL/OBJECT IN ROADWAY,E STATE ROAD 45 & N PATHWAYS,3368
2015,10,7,Weekend,1600,1-Car,No injury/unknown,RAN OFF ROAD RIGHT,W REEVES,3369
2015,10,7,Weekend,1800,2-Car,No injury/unknown,FAILURE TO YIELD RIGHT OF WAY,BLACK OAKS & ROBINSON,3370
2015,10,7,Weekend,1900,2-Car,No injury/unknown,SPEED TOO FAST FOR WEATHER CONDITIONS,S OLD RICHARDSON & SR446S,3371
2015,10,7,Weekend,500,1-Car,No injury/unknown,ANIMAL/OBJECT IN ROADWAY,SR45N & W 3RD,3372
2015,10,1,Weekend,700,2-Car,No injury/unknown,FAILURE TO YIELD RIGHT OF WAY,SR37S & VERNAL,3373
2015,10,7,Weekend,800,Pedestrian,Non-incapacitating,PEDESTRIAN ACTION,KINSER & SR4546W,3374
2015,10,7,Weekend,1500,2-Car,No injury/unknown,FOLLOWING TOO CLOSELY,E 3RD ST & S PETE ELLIS,3375
2015,10,7,Weekend,1100,2-Car,No injury/unknown,OTHER (DRIVER) - EXPLAIN IN NARRATIVE,E MAXWELL & S STULL,3376
2015,10,1,Weekend,1500,2-Car,No injury/unknown,FAILURE TO YIELD RIGHT OF WAY,FEE & SR4546W,3377
2015,10,7,Weekend,1500,2-Car,Incapacitating,OVERCORRECTING/OVERSTEERING,SR37N & WINERY,3378
2015,10,1,Weekend,1400,1-Car,No injury/unknown,UNSAFE SPEED,MAIN FOREST & ROSENBAUM,3379
2015,10,1,Weekend,1600,2-Car,No injury/unknown,FOLLOWING TOO CLOSELY,BURMA & SR37N,3380
2015,10,1,Weekend,1700,2-Car,Non-incapacitating,FOLLOWING TOO CLOSELY,S WYNNEDALE & W 3RD,3381
2015,10,2,Weekday,700,2-Car,No injury/unknown,FOLLOWING TOO CLOSELY,WALNUT ST & WINSLOW,3382
2015,10,2,Weekday,600,1-Car,No injury/unknown,ANIMAL/OBJECT IN ROADWAY,BRYANTS CREEK & SR37,3383
2015,10,2,Weekday,800,2-Car,No injury/unknown,FAILURE TO YIELD RIGHT OF WAY,SALE & SR46,3384
2015,10,2,Weekday,1100,2-Car,No injury/unknown,UNSAFE BACKING,S LIBERTY,3385
2015,10,2,Weekday,700,Bus,Incapacitating,LEFT OF CENTER,COOPERATIVE & TAPP,3386
2015,10,2,Weekday,1200,2-Car,No injury/unknown,FAILURE TO YIELD RIGHT OF WAY,N COLLEGE & W 9TH,3387
2015,10,1,Weekend,1300,2-Car,No injury/unknown,UNSAFE BACKING,STATE ROAD 48,3388
2015,10,2,Weekday,1200,2-Car,No injury/unknown,FAILURE TO YIELD RIGHT OF WAY,E HILLSIDE & OLIVE,3389
2015,10,1,Weekend,1100,3+ Cars,No injury/unknown,FOLLOWING TOO CLOSELY,BRYANTS CREEK & SR37N,3390
2015,10,2,Weekday,1700,2-Car,No injury/unknown,FOLLOWING TOO CLOSELY,EAST 17TH & WALNUT GROVE,3391
2015,10,2,Weekday,1700,2-Car,No injury/unknown,UNSAFE BACKING,E LINGELBACH,3392
2015,10,2,Weekday,1900,2-Car,No injury/unknown,UNSAFE BACKING,EAST 3RD,3393
2015,10,2,Weekday,1600,2-Car,Non-incapacitating,FAILURE TO YIELD RIGHT OF WAY,E ATWATER & S HENDERSON,3394
2015,10,2,Weekday,500,2-Car,No injury/unknown,FOLLOWING TOO CLOSELY,S BUNGER & SR45W,3395
2015,10,4,Weekday,1100,2-Car,No injury/unknown,FAILURE TO YIELD RIGHT OF WAY,CURRY & VERNAL,3396
2015,10,2,Weekday,1200,2-Car,No injury/unknown,OTHER (DRIVER) - EXPLAIN IN NARRATIVE,GRIMES & WALNUT,3397
2015,10,3,Weekday,800,2-Car,Non-incapacitating,FOLLOWING TOO CLOSELY,E 10TH & N SMITH,3398
2015,10,3,Weekday,900,Bus,No injury/unknown,FOLLOWING TOO CLOSELY,ADAMS & KIRKWOOD,3399
2015,10,6,Weekday,1300,2-Car,No injury/unknown,FOLLOWING TOO CLOSELY,CAPITOL & SR46W,3400
2015,10,3,Weekday,1100,2-Car,No injury/unknown,FOLLOWING TOO CLOSELY,E 3RD & MITCHELL,3401