year,month,day,weekend,hour,collision_type,injury_type,primary_factor,reported_location,unique_id
2014,7,3,Weekday,900,1-Car,No injury/unknown,RAN OFF ROAD RIGHT,WOODALL RD & WOODLAND,4289
2014,7,4,Weekday,600,1-Car,No injury/unknown,RAN OFF ROAD RIGHT,E ANDERSON RD & N LOW GAP RD RD,4290
2014,11,2,Weekday,500,1-Car,No injury/unknown,ANIMAL/OBJECT IN ROADWAY,SR36N & W VERNAL,4291
2014,8,5,Weekday,600,2-Car,No injury/unknown,FOLLOWING TOO CLOSELY,COUNTY LINE & SR46W,4292
2014,12,5,Weekday,0,1-Car,No injury/unknown,RAN OFF ROAD RIGHT,HEDRICK,4293
2014,1,5,Weekday,1900,1-Car,No injury/unknown,OVERCORRECTING/OVERSTEERING,N MT GILEAD & SR45E,4294
2014,2,1,Weekend,1200,2-Car,Incapacitating,FAILURE TO YIELD RIGHT OF WAY,SR37N & WINERY,4295
2014,7,2,Weekday,2000,1-Car,Non-incapacitating,RAN OFF ROAD RIGHT,WOODALL & WOODLAND RD,4296
2014,9,7,Weekend,1400,2-Car,No injury/unknown,UNSAFE SPEED,SR37N & WINERY RD,4297
2014,10,6,Weekday,1400,3+ Cars,Non-incapacitating,LEFT OF CENTER,MERRITT & SR446S,4298
2014,2,5,Weekday,1500,2-Car,No injury/unknown,TIRE FAILURE OR DEFECTIVE,HEDRICK & SR46W,4299
2014,11,1,Weekend,1100,1-Car,No injury/unknown,ANIMAL/OBJECT IN ROADWAY,BOTTOM & SR37,4300
2014,7,6,Weekday,1300,1-Car,No injury/unknown,ANIMAL/OBJECT IN ROADWAY,BOTTOM & SR37N,4301
2014,8,2,Weekday,500,1-Car,Non-incapacitating,RAN OFF ROAD RIGHT,BOTTOM RD,4302
2014,6,6,Weekend,2100,2-Car,Non-incapacitating,FAILURE TO YIELD RIGHT OF WAY,SR37N & THAMES,4303
2014,7,6,Weekday,500,1-Car,No injury/unknown,RAN OFF ROAD RIGHT,N BARR & N MT TABOR,4304
2014,7,4,Weekday,2200,1-Car,No injury/unknown,RAN OFF ROAD RIGHT,WOODALL RD & WOODLAND,4305
2014,1,7,Weekend,2100,1-Car,No injury/unknown,RAN OFF ROAD RIGHT,SR46 & STINESVILLE RD,4306
2014,4,1,Weekend,1200,2-Car,No injury/unknown,UNSAFE BACKING,37 HWY,4307
2014,5,7,Weekend,2300,1-Car,No injury/unknown,ANIMAL/OBJECT IN ROADWAY,SR46E & STINESVILLE ROAD,4308
2014,11,3,Weekday,1200,1-Car,No injury/unknown,RAN OFF ROAD RIGHT,NORTHSHORE,4309
2014,3,7,Weekend,1100,2-Car,No injury/unknown,IMPROPER TURNING,S LIBERTY DR & W 3RD,4310
2014,11,2,Weekday,2000,2-Car,No injury/unknown,INSECURE/LEAKY LOAD,N PURCELL & SR37N,4311
2014,8,2,Weekday,1700,2-Car,No injury/unknown,FAILURE TO YIELD RIGHT OF WAY,SR37N,4312
2014,9,1,Weekend,1400,1-Car,No injury/unknown,ACCELERATOR FAILURE OR DEFECTIVE,SR37N,4313
2014,9,5,Weekday,1500,2-Car,No injury/unknown,FOLLOWING TOO CLOSELY,SAMPLE & SR37N,4314
2014,3,1,Weekend,300,1-Car,No injury/unknown,RAN OFF ROAD RIGHT,E SAMPLE & SR37N,4315
2014,3,2,Weekday,1700,2-Car,No injury/unknown,OTHER (DRIVER) - EXPLAIN IN NARRATIVE,E ANDERSON RD,4316
2014,1,7,Weekend,2300,1-Car,Non-incapacitating,ANIMAL/OBJECT IN ROADWAY,SAMPLE & SR37S,4317
2014,9,1,Weekend,1500,Moped/Motorcycle,Non-incapacitating,RAN OFF ROAD RIGHT,COYLE & SHILO RD,4318
2014,12,4,Weekday,1000,2-Car,No injury/unknown,FOLLOWING TOO CLOSELY,SR46W & STINESVILLE,4319
2014,11,7,Weekend,0,1-Car,No injury/unknown,ANIMAL/OBJECT IN ROADWAY,SAMPLE & SR37N,4320
2014,8,1,Weekend,1100,1-Car,Non-incapacitating,DRIVER DISTRACTED - EXPLAIN IN NARRATIVE,COWDEN RD & MT TABOR,4321
2014,10,7,Weekend,400,1-Car,No injury/unknown,RAN OFF ROAD RIGHT,SR46W & STINESVILLE,4322
2014,7,4,Weekday,1100,1-Car,Non-incapacitating,RAN OFF ROAD RIGHT,E ANDERSON RD & N OLD STATE ROAD 37,4323
2014,8,6,Weekday,800,1-Car,No injury/unknown,RAN OFF ROAD RIGHT,E ANDERSON RD & N OLD STATE ROAD 37,4324
2014,10,5,Weekday,1100,1-Car,No injury/unknown,RAN OFF ROAD RIGHT,E ANDERSON RD & N OLD STATE 37,4325
2014,1,4,Weekday,1900,1-Car,No injury/unknown,ANIMAL/OBJECT IN ROADWAY,ANDERSON RD & DORA,4326
2014,9,2,Weekday,1200,2-Car,No injury/unknown,FAILURE TO YIELD RIGHT OF WAY,N WAYPORT & SR37S,4327
2014,4,1,Weekend,500,2-Car,No injury/unknown,UNSAFE LANE MOVEMENT,45 46 BYPASS & NORTH WALNUT ST,4328
2014,8,1,Weekend,1600,1-Car,Non-incapacitating,RAN OFF ROAD RIGHT,NORTH MAPLE GROVE RD & WEST DELAP,4329
2014,3,1,Weekend,1600,1-Car,No injury/unknown,UNSAFE BACKING,DELAP RD,4330
2014,1,4,Weekday,1300,2-Car,Non-incapacitating,FAILURE TO YIELD RIGHT OF WAY,SR37 & WAYPORT,4331
2014,1,6,Weekday,1400,2-Car,No injury/unknown,UNSAFE SPEED,N WAYPORT & SR37N,4332
2014,8,2,Weekday,2100,2-Car,No injury/unknown,FAILURE TO YIELD RIGHT OF WAY,SR37N & WAYPORT,4333
2014,9,1,Weekend,0,2-Car,No injury/unknown,FAILURE TO YIELD RIGHT OF WAY,SR37N & WAYPORT,4334
2014,9,3,Weekday,500,Moped/Motorcycle,No injury/unknown,UNSAFE LANE MOVEMENT,SR37N & WAYPORT,4335
2014,11,6,Weekday,1800,2-Car,Incapacitating,FAILURE TO YIELD RIGHT OF WAY,SR37N & WAYPORT,4336
2014,11,2,Weekday,1200,2-Car,No injury/unknown,TIRE FAILURE OR DEFECTIVE,SR37 & SR37N,4337
2014,12,4,Weekday,1600,2-Car,No injury/unknown,DRIVER DISTRACTED - EXPLAIN IN NARRATIVE,SR37 & WEST FULLERTON,4338
2014,12,5,Weekday,700,1-Car,No injury/unknown,RAN OFF ROAD RIGHT,MOUNT TABOR,4339
2014,5,6,Weekday,1800,1-Car,Non-incapacitating,UNSAFE LANE MOVEMENT,N WAYPORT & SR37N,4340
2014,1,4,Weekday,1600,2-Car,No injury/unknown,ROADWAY SURFACE CONDITION,DELAP & WOODALL RD,4341
2014,4,3,Weekday,300,1-Car,Incapacitating,RAN OFF ROAD RIGHT,N MT GILEAD RD & UPPER BIRDIE GALYAN,4342
2014,7,4,Weekday,2200,1-Car,No injury/unknown,RAN OFF ROAD RIGHT,SR37N & WAYPORT,4343
2014,8,6,Weekend,1900,1-Car,Non-incapacitating,SPEED TOO FAST FOR WEATHER CONDITIONS,SR37N & WAYPORT,4344
2014,11,2,Weekday,800,Bus,Non-incapacitating,LEFT OF CENTER,CHAFIN CHAPEL & SR46W,4345
2014,9,5,Weekday,1800,2-Car,No injury/unknown,FOLLOWING TOO CLOSELY,CHAFIN CHAPEL & SR46W,4346
2014,1,5,Weekday,100,1-Car,No injury/unknown,RAN OFF ROAD RIGHT,CHAFIN CHAPEL & SR46W,4347
2014,10,4,Weekday,800,1-Car,No injury/unknown,RAN OFF ROAD RIGHT,OLD ST RD 37 & S ROGERS,4348
2014,10,4,Weekday,1500,1-Car,Non-incapacitating,RAN OFF ROAD RIGHT,MILLER,4349
2014,1,7,Weekend,2000,1-Car,No injury/unknown,ANIMAL/OBJECT IN ROADWAY,EAST SPARKS & SR37N,4350
2014,5,2,Weekday,1500,2-Car,Incapacitating,LEFT OF CENTER,SR46W & W FLATWOODS,4351
2014,2,7,Weekend,0,2-Car,Fatal,LEFT OF CENTER,FLATWOODS & SR46W,4352
2014,8,4,Weekday,700,2-Car,Incapacitating,FAILURE TO YIELD RIGHT OF WAY,COWDEN & DELAP RD,4353
2014,11,7,Weekend,100,1-Car,No injury/unknown,ANIMAL/OBJECT IN ROADWAY,FLATWOODS & STARNES,4354
2014,6,1,Weekend,700,1-Car,No injury/unknown,ANIMAL/OBJECT IN ROADWAY,FLATWOODS & SR46E,4355
2014,6,5,Weekday,900,2-Car,No injury/unknown,FOLLOWING TOO CLOSELY,FLATWOODS & SR46W,4356
2014,1,7,Weekend,1200,2-Car,Fatal,LEFT OF CENTER,FLATWOODS & SR46W,4357
2014,9,1,Weekend,0,1-Car,No injury/unknown,RAN OFF ROAD RIGHT,EAST WYLIE RD & SR37N,4358
2014,9,1,Weekend,0,1-Car,Incapacitating,RAN OFF ROAD RIGHT,EAST WYLIE RD & SR37N,4359
2014,10,5,Weekday,1700,2-Car,Non-incapacitating,OTHER (DRIVER) - EXPLAIN IN NARRATIVE,E SOUTHSHORE & N SHUFFLE CREEK,4360
2014,1,7,Weekend,1800,1-Car,No injury/unknown,RAN OFF ROAD RIGHT,NORTH RICHARDSON & SOUTH SHORE DR,4361
2014,1,1,Weekday,2000,2-Car,No injury/unknown,UNSAFE BACKING,SR46W RD,4362
2014,3,3,Weekday,1800,2-Car,No injury/unknown,UNSAFE BACKING,W STATE ROAD 46 HWY,4363
2014,3,2,Weekday,1200,2-Car,No injury/unknown,UNSAFE BACKING,SR  46 HWY,4364
2014,4,3,Weekday,0,2-Car,No injury/unknown,UNSAFE BACKING,SR46W,4365
2014,7,3,Weekday,1700,2-Car,No injury/unknown,FAILURE TO YIELD RIGHT OF WAY,W STATE ROAD 46 HWY,4366
2014,7,3,Weekday,1600,2-Car,No injury/unknown,UNSAFE BACKING,W STATE ROAD 46 RD,4367
2014,8,4,Weekday,1000,2-Car,No injury/unknown,UNSAFE BACKING,WEST STATE ROAD 46 RD,4368
2014,10,7,Weekend,2000,Cyclist,Non-incapacitating,HEADLIGHT DEFECTIVE OR NOT ON,SR46W,4369
2014,10,5,Weekday,2300,1-Car,No injury/unknown,RAN OFF ROAD RIGHT,SR46W,4370
2014,11,6,Weekday,1600,2-Car,No injury/unknown,UNSAFE BACKING,SR46W,4371
2014,6,1,Weekend,1100,1-Car,No injury/unknown,RAN OFF ROAD RIGHT,E SOUTHSHORE DR & N RICHARDSON,4372
2014,11,1,Weekend,0,1-Car,No injury/unknown,OTHER (DRIVER) - EXPLAIN IN NARRATIVE,SR37N & WALNUT,4373
2014,11,6,Weekday,1500,2-Car,No injury/unknown,FOLLOWING TOO CLOSELY,NORTH WALNUT,4374
2014,1,5,Weekday,2000,1-Car,No injury/unknown,RAN OFF ROAD RIGHT,FLATWOODS RD & SR46W,4375
2014,9,5,Weekday,2000,2-Car,Non-incapacitating,FOLLOWING TOO CLOSELY,MATTHEWS & N MOUNT TABOR RD,4376
2014,12,1,Weekend,1000,1-Car,No injury/unknown,ANIMAL/OBJECT IN ROADWAY,E ROBINSON & HUDOFF,4377
2014,10,6,Weekend,2100,2-Car,Non-incapacitating,LEFT OF CENTER,SHUFFLE CREEK & SR45E,4378
2014,2,3,Weekday,1800,1-Car,Non-incapacitating,RAN OFF ROAD RIGHT,N UNION VALLEY RD & W MCNEELEY,4379
2014,5,5,Weekday,700,2-Car,No injury/unknown,FOLLOWING TOO CLOSELY,N MAPLE GROVE & W MAPLE GROVE RD,4380
2014,5,5,Weekday,2000,1-Car,No injury/unknown,RAN OFF ROAD RIGHT,BOTTOM & W MAPLE GROVE RD,4381
2014,12,1,Weekday,1900,1-Car,No injury/unknown,DRIVER DISTRACTED - EXPLAIN IN NARRATIVE,N BOTTOM & W MAPLE GROVE,4382
2014,10,5,Weekday,1700,1-Car,No injury/unknown,RAN OFF ROAD RIGHT,N MAPLE GROVE & W MAPLE GROVE,4383
2014,11,1,Weekend,1500,2-Car,No injury/unknown,FAILURE TO YIELD RIGHT OF WAY,N BOTTOM & W MAPLE GROVE,4384
2014,2,3,Weekday,900,1-Car,Non-incapacitating,UNSAFE SPEED,E ROBINSON & N OLD SR37 RD,4385
2014,1,3,Weekday,500,1-Car,No injury/unknown,RAN OFF ROAD RIGHT,SHILO RD & TUNNEL,4386
2014,1,3,Weekday,1000,1-Car,No injury/unknown,RAN OFF ROAD RIGHT,N RED HILL RD & W STATE 46,4387
2014,4,2,Weekday,1700,2-Car,No injury/unknown,FAILURE TO YIELD RIGHT OF WAY,REDHILL & SR46W,4388
2014,4,3,Weekday,1400,2-Car,No injury/unknown,IMPROPER TURNING,RED HILL & SR46W,4389
2014,1,5,Weekday,2000,1-Car,No injury/unknown,OVERCORRECTING/OVERSTEERING,N MATTHEWS DR & W MAPLE GROVE,4390
2014,5,7,Weekend,1400,2-Car,No injury/unknown,UNSAFE BACKING,MAPLE GROVE RD,4391
2014,1,4,Weekday,1600,1-Car,No injury/unknown,RAN OFF ROAD RIGHT,N UNION VALLEY RD & W MAPLE GROVE,4392
2014,8,1,Weekend,600,1-Car,No injury/unknown,RAN OFF ROAD RIGHT,UNION VALLEY RD & W MAPLE GROVE RD,4393
2014,9,2,Weekday,1600,2-Car,No injury/unknown,RAN OFF ROAD RIGHT,MATTEWS & SR46W,4394
2014,9,2,Weekday,1200,Moped/Motorcycle,Non-incapacitating,RAN OFF ROAD RIGHT,N PATHWAYS & SR45E,4395
2014,9,7,Weekend,700,Moped/Motorcycle,Non-incapacitating,RAN OFF ROAD RIGHT,N PATHWAYS & SR45E,4396
2014,10,4,Weekday,2000,2-Car,Incapacitating,LEFT OF CENTER,OLD 37 & ROBINSON RD,4397
2014,10,6,Weekend,2300,1-Car,Incapacitating,RAN OFF ROAD RIGHT,MAPLE GROVE & UNION VALLEY,4398
2014,3,3,Weekday,1400,2-Car,No injury/unknown,IMPROPER TURNING,N MATHEWS DR,4399
2014,8,7,Weekend,1500,1-Car,No injury/unknown,RAN OFF ROAD RIGHT,COUNTY LINE & WEST REEVES RD,4400
2014,11,3,Weekday,1000,2-Car,No injury/unknown,RAN OFF ROAD RIGHT,N TUNNEL,4401
2014,2,2,Weekday,1500,2-Car,No injury/unknown,OTHER (DRIVER) - EXPLAIN IN NARRATIVE,1 & TEMPERANCE ST,4402
2014,2,5,Weekday,700,1-Car,No injury/unknown,ANIMAL/OBJECT IN ROADWAY,SR37N & WYLIE,4403
2014,10,5,Weekday,1300,2-Car,No injury/unknown,OTHER (DRIVER) - EXPLAIN IN NARRATIVE,NEHRT & ROBINSON,4404
2014,6,7,Weekend,1200,2-Car,No injury/unknown,BRAKE FAILURE OR DEFECTIVE,NEHRT & ROBINSON RD,4405
2014,8,2,Weekday,1100,1-Car,Incapacitating,SPEED TOO FAST FOR WEATHER CONDITIONS,E ROBINSON RD & NEHRT,4406
2014,12,3,Weekday,800,1-Car,No injury/unknown,ANIMAL/OBJECT IN ROADWAY,E ROBINSON & N OLD STATE RD 37,4407
2014,7,7,Weekend,1100,1-Car,Non-incapacitating,RAN OFF ROAD RIGHT,N RICHARDSON & SR45E,4408
2014,2,4,Weekday,800,1-Car,No injury/unknown,RAN OFF ROAD RIGHT,EAST DOLEN & OLD IN 37 HWY,4409
2014,8,3,Weekday,2100,2-Car,No injury/unknown,FOLLOWING TOO CLOSELY,MAIN ST & TEMPERANCE,4410
2014,9,3,Weekday,1200,2-Car,No injury/unknown,LEFT OF CENTER,MCNEELY & RIDGEWAY DR,4411
2014,10,2,Weekday,1700,2-Car,No injury/unknown,FAILURE TO YIELD RIGHT OF WAY,POPLAR & SR46W,4412
2014,1,7,Weekend,2000,1-Car,No injury/unknown,SPEED TOO FAST FOR WEATHER CONDITIONS,N UNION VALLEY & W MCNEELY ST,4413
2014,12,7,Weekend,1700,2-Car,No injury/unknown,FOLLOWING TOO CLOSELY,POPLAR & SR46W,4414
2014,1,7,Weekend,400,1-Car,No injury/unknown,RAN OFF ROAD RIGHT,LENTZ RD & NEHRT,4415
2014,4,2,Weekday,1800,2-Car,No injury/unknown,UNSAFE BACKING,W REEVES RD,4416
2014,9,2,Weekday,1500,2-Car,No injury/unknown,OTHER (DRIVER) - EXPLAIN IN NARRATIVE,EDGEWOOD DR,4417
2014,10,1,Weekend,1400,Moped/Motorcycle,No injury/unknown,RAN OFF ROAD RIGHT,EDGEWOOD  PARKING LOT DR,4418
2014,1,6,Weekday,1400,2-Car,No injury/unknown,ROADWAY SURFACE CONDITION,EDGEWOOD & EDGEWOOD DR,4419
2014,3,5,Weekday,700,1-Car,No injury/unknown,RAN OFF ROAD RIGHT,DELAP & MATHEWS DR,4420
2014,2,6,Weekend,2300,2-Car,Non-incapacitating,DISREGARD SIGNAL/REG SIGN,MAIN ST & MATTHEWS,4421
2014,2,5,Weekday,1400,1-Car,Non-incapacitating,RAN OFF ROAD RIGHT,ROBINSON & TUNNEL RD,4422
2014,5,3,Weekday,1500,2-Car,Non-incapacitating,FOLLOWING TOO CLOSELY,CHANDLER & SR46W,4423
2014,6,1,Weekday,2200,1-Car,No injury/unknown,UNSAFE BACKING,MATTHEWS & SR46W,4424
2014,12,4,Weekday,0,2-Car,No injury/unknown,UNSAFE LANE MOVEMENT,MATTHEWS & SR46E,4425
2014,1,6,Weekday,700,2-Car,No injury/unknown,UNSAFE BACKING,ASSOCIATION ST & SALE,4426
2014,1,3,Weekday,1300,3+ Cars,No injury/unknown,ROADWAY SURFACE CONDITION,MATTHEWS & SR46W,4427
2014,8,6,Weekday,1300,2-Car,No injury/unknown,OTHER (ENVIRONMENTAL) - EXPLAIN IN NARR,MATTHEWS & SR46W,4428
2014,11,5,Weekday,1100,2-Car,No injury/unknown,FOLLOWING TOO CLOSELY,MATTHEWS & SR46W,4429
2014,3,1,Weekend,1600,1-Car,No injury/unknown,SPEED TOO FAST FOR WEATHER CONDITIONS,SR37S,4430
2014,5,5,Weekday,2000,2-Car,No injury/unknown,UNSAFE SPEED,ASSOCIATION & CHERRY ST,4431
2014,12,4,Weekday,1600,2-Car,No injury/unknown,UNSAFE BACKING,WEST TEMPERANCE,4432
2014,11,4,Weekday,900,2-Car,No injury/unknown,UNSAFE LANE MOVEMENT,KELLI & SR46W,4433
2014,1,4,Weekday,1400,2-Car,No injury/unknown,FAILURE TO YIELD RIGHT OF WAY,N SALE & SR46E,4434
2014,2,3,Weekday,1700,2-Car,No injury/unknown,ROADWAY SURFACE CONDITION,S SALE & SR46W,4435
2014,5,3,Weekday,1900,2-Car,No injury/unknown,FOLLOWING TOO CLOSELY,SALE & SR46W,4436
2014,7,6,Weekday,1700,2-Car,No injury/unknown,IMPROPER TURNING,SALE & SR46W,4437
2014,7,7,Weekend,1100,2-Car,No injury/unknown,IMPROPER TURNING,NORTH SALE & SR46W,4438
2014,8,2,Weekday,1300,Moped/Motorcycle,No injury/unknown,FAILURE TO YIELD RIGHT OF WAY,SALE & SR46W,4439
2014,8,2,Weekday,700,2-Car,No injury/unknown,FAILURE TO YIELD RIGHT OF WAY,SALE & SR46W,4440
2014,10,6,Weekday,900,2-Car,No injury/unknown,IMPROPER TURNING,SALE & SR46E,4441
2014,9,7,Weekend,1300,2-Car,Non-incapacitating,IMPROPER LANE USAGE,NORTH SALE & SR46W,4442
2014,10,2,Weekday,1600,2-Car,No injury/unknown,DRIVER DISTRACTED - EXPLAIN IN NARRATIVE,46 & SALE,4443
2014,12,6,Weekday,1400,2-Car,No injury/unknown,OTHER (ENVIRONMENTAL) - EXPLAIN IN NARR,SALE & SR46W,4444
2014,2,6,Weekday,1700,1-Car,No injury/unknown,SPEED TOO FAST FOR WEATHER CONDITIONS,BOTTOM & SR37,4445
2014,5,7,Weekend,1000,1-Car,No injury/unknown,RAN OFF ROAD RIGHT,FIFTH & SR46W,4446
2014,12,6,Weekday,800,1-Car,No injury/unknown,RAN OFF ROAD RIGHT,SR37N & SR46W,4447
2014,8,6,Weekday,600,Pedestrian,Fatal,PEDESTRIAN ACTION,FITH & SR46E,4448
2014,9,1,Weekday,2300,2-Car,No injury/unknown,OTHER (DRIVER) - EXPLAIN IN NARRATIVE,ASSOCIATION & SALE ST,4449
2014,10,6,Weekday,1400,2-Car,No injury/unknown,FAILURE TO YIELD RIGHT OF WAY,ASSOCIATION ST & SALE,4450
2014,10,7,Weekend,1300,2-Car,No injury/unknown,UNSAFE BACKING,N TUNNEL RD,4451
2014,4,1,Weekend,1200,2-Car,No injury/unknown,FOLLOWING TOO CLOSELY,SR37S & SR45W,4452
2014,5,6,Weekend,1900,2-Car,No injury/unknown,FOLLOWING TOO CLOSELY,SR37S & SR45W,4453
2014,2,5,Weekday,1200,2-Car,No injury/unknown,FOLLOWING TOO CLOSELY,N WALNUT ST,4454
2014,4,6,Weekday,1600,2-Car,No injury/unknown,UNSAFE BACKING,N WALNUT ST,4455
2014,8,3,Weekday,0,2-Car,No injury/unknown,UNSAFE BACKING,N WALNUT ST,4456
2014,10,2,Weekday,1800,2-Car,No injury/unknown,DRIVER DISTRACTED - EXPLAIN IN NARRATIVE,N WALNUT,4457
2014,2,3,Weekday,700,1-Car,No injury/unknown,SPEED TOO FAST FOR WEATHER CONDITIONS,OAK & SALE ST,4458
2014,10,7,Weekend,1500,3+ Cars,Incapacitating,UNSAFE LANE MOVEMENT,2ND & SR46W,4459
2014,2,4,Weekday,1400,1-Car,No injury/unknown,RAN OFF ROAD RIGHT,N OLD STATE ROAD 37 RD & OLD MEYERS,4460
2014,11,7,Weekend,1900,1-Car,No injury/unknown,LEFT OF CENTER,E OLD MEYERS & N OLD SR 37,4461
2014,4,3,Weekday,2000,1-Car,No injury/unknown,RAN OFF ROAD RIGHT,DAISY & WILDFLOWER DR,4462
2014,12,3,Weekday,1800,2-Car,No injury/unknown,FAILURE TO YIELD RIGHT OF WAY,1ST & VINE,4463
2014,1,2,Weekday,900,2-Car,No injury/unknown,ROADWAY SURFACE CONDITION,FENCELINE RD & GILMORE,4464
2014,2,7,Weekend,1400,1-Car,No injury/unknown,ROADWAY SURFACE CONDITION,FENCE LINE & GILMORE RD,4465
2014,3,7,Weekend,2200,1-Car,No injury/unknown,RAN OFF ROAD RIGHT,N FLOYD & SR45E,4466
2014,3,6,Weekend,2100,1-Car,No injury/unknown,ANIMAL/OBJECT IN ROADWAY,SHUFFLE CREEK & SR45E,4467
2014,11,3,Weekday,1500,3+ Cars,No injury/unknown,TIRE FAILURE OR DEFECTIVE,W REEVES,4468
2014,1,6,Weekend,2000,1-Car,No injury/unknown,RAN OFF ROAD RIGHT,N LOUDEN & W REEVES RD,4469
2014,5,3,Weekday,800,2-Car,Non-incapacitating,OTHER (DRIVER) - EXPLAIN IN NARRATIVE,REEVES RD,4470
2014,5,6,Weekend,2200,1-Car,No injury/unknown,ANIMAL/OBJECT IN ROADWAY,N UNION VALLEY RD & W TANGLEWOOD,4471
2014,12,6,Weekday,600,2-Car,No injury/unknown,DRIVER ASLEEP OR FATIGUED,SALE & THOMAS,4472
2014,2,3,Weekday,700,1-Car,Non-incapacitating,SPEED TOO FAST FOR WEATHER CONDITIONS,REEVES & THOMAS RD,4473
2014,10,6,Weekday,1000,2-Car,No injury/unknown,IMPROPER TURNING,1ST & SR46E,4474
2014,1,5,Weekday,1000,1-Car,No injury/unknown,SPEED TOO FAST FOR WEATHER CONDITIONS,BOTTOM & SR37,4475
2014,1,5,Weekday,900,1-Car,No injury/unknown,SPEED TOO FAST FOR WEATHER CONDITIONS,BOTTOM & SR37,4476
2014,1,5,Weekday,2100,1-Car,No injury/unknown,RAN OFF ROAD RIGHT,E BOLTINGHOUSE RD & E EARL YOUNG,4477
2014,6,4,Weekday,1300,2-Car,No injury/unknown,UNSAFE BACKING,BOLTINGHOUSE RD & EARL YOUNG,4478
2014,10,1,Weekend,1400,2-Car,No injury/unknown,UNSAFE BACKING,W SUSAN DR,4479
2014,12,7,Weekend,900,2-Car,No injury/unknown,SPEED TOO FAST FOR WEATHER CONDITIONS,HARTSTRAIT & SR46W,4480
2014,7,2,Weekday,1400,1-Car,Non-incapacitating,DRIVER ILLNESS,HARTSTRAIT & SR46W,4481
2014,7,4,Weekday,900,2-Car,No injury/unknown,DRIVER DISTRACTED - EXPLAIN IN NARRATIVE,HARTSTRAIT & SR46W,4482
2014,9,6,Weekend,2100,2-Car,No injury/unknown,DRIVER DISTRACTED - EXPLAIN IN NARRATIVE,HARTSTRAIT RD & SR46W,4483
2014,9,7,Weekend,400,1-Car,Non-incapacitating,UNSAFE SPEED,HART STRAIT & SR46W,4484
2014,12,3,Weekday,700,2-Car,No injury/unknown,FAILURE TO YIELD RIGHT OF WAY,PARK & SR46E,4485
2014,12,1,Weekend,1800,1-Car,No injury/unknown,UNSAFE SPEED,PARK & SR46W,4486
2014,1,5,Weekday,900,1-Car,No injury/unknown,OTHER (DRIVER) - EXPLAIN IN NARRATIVE,PARK & SR46W,4487
2014,10,6,Weekday,1800,Cyclist,Incapacitating,PEDESTRIAN ACTION,PARK & SR46W,4488
2014,11,2,Weekday,1900,1-Car,No injury/unknown,RAN OFF ROAD RIGHT,RUSSELL & SERENDIPITY,4489
2014,12,5,Weekday,600,1-Car,No injury/unknown,ANIMAL/OBJECT IN ROADWAY,E MOFFETT & S FAIRFAX,4490
2014,7,1,Weekend,1200,1-Car,Non-incapacitating,RAN OFF ROAD RIGHT,EARL YOUN & SR45E,4491
2014,11,5,Weekday,1100,1-Car,No injury/unknown,SPEED TOO FAST FOR WEATHER CONDITIONS,N DUNN & SR37N,4492
2014,2,6,Weekday,1400,2-Car,No injury/unknown,LEFT OF CENTER,ENDWRIGHT RD & SR46W,4493
2014,6,2,Weekday,900,1-Car,No injury/unknown,UNSAFE SPEED,SR45 & TUNNEL,4494
2014,6,6,Weekday,700,1-Car,No injury/unknown,ANIMAL/OBJECT IN ROADWAY,BOTTOM & SR37,4495
2014,11,5,Weekday,1600,3+ Cars,Non-incapacitating,FOLLOWING TOO CLOSELY,N CURRY & W PROFILE,4496
2014,7,7,Weekend,400,1-Car,No injury/unknown,UNSAFE SPEED,EAST STONE MILL & EAST WISNAND RD,4497
2014,12,5,Weekday,1600,2-Car,No injury/unknown,UNSAFE BACKING,N CAPITAL,4498
2014,9,4,Weekday,1700,2-Car,No injury/unknown,FAILURE TO YIELD RIGHT OF WAY,ENDWRIGHT & SR46W,4499
2014,9,5,Weekday,1400,2-Car,No injury/unknown,IMPROPER TURNING,ENDWRIGHT & SR46W,4500
2014,1,5,Weekday,1000,1-Car,No injury/unknown,SPEED TOO FAST FOR WEATHER CONDITIONS,KINSER & SR37S,4501
2014,1,5,Weekday,1100,1-Car,No injury/unknown,SPEED TOO FAST FOR WEATHER CONDITIONS,KINSER & SR37S,4502
2014,10,6,Weekday,100,1-Car,No injury/unknown,ANIMAL/OBJECT IN ROADWAY,CAPITOL & SR46W,4503
2014,6,7,Weekend,1500,2-Car,No injury/unknown,DRIVER DISTRACTED - EXPLAIN IN NARRATIVE,LOST MANS & UNION VALELY RD,4504
2014,6,4,Weekday,1200,2-Car,No injury/unknown,FAILURE TO YIELD RIGHT OF WAY,N KINSER PIKE,4505
2014,8,6,Weekday,700,1-Car,No injury/unknown,RAN OFF ROAD RIGHT,E WHISNAND RD & N OLD STATE ROAD 37 RD,4506
2014,12,1,Weekday,1900,1-Car,No injury/unknown,ANIMAL/OBJECT IN ROADWAY,E WHISNAND & N OLD STATE ROAD 37 BUSINESS,4507
2014,11,7,Weekend,900,1-Car,No injury/unknown,RAN OFF ROAD RIGHT,E WHISNAND & N OLD STATE RD 37,4508
2014,9,4,Weekday,1700,2-Car,No injury/unknown,FAILURE TO YIELD RIGHT OF WAY,E PRAIRIE & N OLD 37 RD,4509
2014,7,2,Weekday,1600,1-Car,Incapacitating,RAN OFF ROAD RIGHT,COX & SR45E,4510
2014,4,4,Weekday,100,2-Car,Non-incapacitating,FAILURE TO YIELD RIGHT OF WAY,N KINSER & SR37N,4511