year,month,day,weekend,hour,collision_type,injury_type,primary_factor,reported_location,unique_id
2014,10,6,Weekday,1200,1-Car,No injury/unknown,RAN OFF ROAD RIGHT,KINSER & SR37N,4512
2014,8,4,Weekday,1700,2-Car,No injury/unknown,OTHER (DRIVER) - EXPLAIN IN NARRATIVE,LAKE VIEW & SR46W,4513
2014,4,4,Weekday,1600,2-Car,Non-incapacitating,FAILURE TO YIELD RIGHT OF WAY,LAKEVIEW DR & SR46W,4514
2014,12,5,Weekday,1700,2-Car,No injury/unknown,UNSAFE BACKING,LOUDEN,4515
2014,11,7,Weekend,1900,1-Car,No injury/unknown,ANIMAL/OBJECT IN ROADWAY,BRUMMETS CREEK & SR46E,4516
2014,8,5,Weekday,1100,Moped/Motorcycle,Non-incapacitating,OVERCORRECTING/OVERSTEERING,BRUMMETS CREEK & SR46E,4517
2014,9,5,Weekday,2000,Moped/Motorcycle,Non-incapacitating,RAN OFF ROAD RIGHT,N BRUMMETTS CREEK & SR46E,4518
2014,12,7,Weekend,900,1-Car,No injury/unknown,RAN OFF ROAD RIGHT,WHITE RIVER,4519
2014,1,5,Weekday,600,1-Car,No injury/unknown,SPEED TOO FAST FOR WEATHER CONDITIONS,EARL YOUNG & SR45E,4520
2014,1,7,Weekend,2200,1-Car,No injury/unknown,ROADWAY SURFACE CONDITION,SR45E,4521
2014,1,6,Weekday,1500,3+ Cars,Non-incapacitating,RAN OFF ROAD RIGHT,SR45E,4522
2014,6,6,Weekday,1600,2-Car,No injury/unknown,FAILURE TO YIELD RIGHT OF WAY,EAST STATE ROAD 45 RD,4523
2014,12,1,Weekend,1800,1-Car,No injury/unknown,OTHER (VEHICLE) - EXPLAIN IN NARRATIVE,E STATE ROAD 45,4524
2014,1,5,Weekday,300,1-Car,No injury/unknown,RAN OFF ROAD RIGHT,MEADOWVALE & UNION VALLEY RD,4525
2014,1,6,Weekday,800,2-Car,Non-incapacitating,FOLLOWING TOO CLOSELY,LOVE & SR46W,4526
2014,2,4,Weekday,800,2-Car,No injury/unknown,UNSAFE LANE MOVEMENT,LOVE & SR46E,4527
2014,9,5,Weekday,2000,2-Car,Non-incapacitating,FAILURE TO YIELD RIGHT OF WAY,LOVE & SR46W,4528
2014,9,6,Weekday,1800,2-Car,Non-incapacitating,FAILURE TO YIELD RIGHT OF WAY,LOVE & SR46W,4529
2014,5,1,Weekday,1900,2-Car,No injury/unknown,FAILURE TO YIELD RIGHT OF WAY,LOVE & SR46W,4530
2014,9,6,Weekday,1500,2-Car,Non-incapacitating,FOLLOWING TOO CLOSELY,N UNION VALLEY RD & N WILLOW,4531
2014,12,5,Weekday,1900,1-Car,Incapacitating,RAN OFF ROAD RIGHT,OLD STATE ROAD 45 & S GARRISON CHAPEL,4532
2014,2,1,Weekend,0,2-Car,No injury/unknown,FAILURE TO YIELD RIGHT OF WAY,RIDGEWOOD & SR46W,4533
2014,11,7,Weekend,2300,1-Car,No injury/unknown,ANIMAL/OBJECT IN ROADWAY,RIDGEWOOD & SR46W,4534
2014,9,3,Weekday,800,2-Car,No injury/unknown,OTHER (DRIVER) - EXPLAIN IN NARRATIVE,EAST THIRD & PETE ELLIS DR,4535
2014,11,7,Weekend,2000,2-Car,No injury/unknown,UNSAFE BACKING,HARTSTRAIT,4536
2014,3,7,Weekend,2000,1-Car,No injury/unknown,RAN OFF ROAD RIGHT,RATLIFF & STARNES RD,4537
2014,9,2,Weekday,1400,3+ Cars,Incapacitating,FAILURE TO YIELD RIGHT OF WAY,BRIARGATE & SR46W,4538
2014,6,3,Weekday,1600,2-Car,Non-incapacitating,FAILURE TO YIELD RIGHT OF WAY,BRIAR GATE & SR46W,4539
2014,8,1,Weekend,1300,2-Car,No injury/unknown,UNSAFE BACKING,W RICHLAND PLAZA DR,4540
2014,1,2,Weekday,1800,2-Car,No injury/unknown,HEADLIGHT DEFECTIVE OR NOT ON,RICHLAND PLAZA DRIVE & SR46W,4541
2014,5,4,Weekday,1300,2-Car,No injury/unknown,OTHER (DRIVER) - EXPLAIN IN NARRATIVE,KINSER & SR37S,4542
2014,1,5,Weekday,1300,2-Car,No injury/unknown,UNSAFE BACKING,FOSTER NORTH DR & LAW,4543
2014,11,2,Weekday,1700,1-Car,Non-incapacitating,RAN OFF ROAD RIGHT,N RIDGEWOOD & W DUNLEIGH,4544
2014,9,1,Weekend,1400,3+ Cars,Non-incapacitating,FOLLOWING TOO CLOSELY,NORTH STATE ROAD 37 BUSINESS RD & W BAYLES,4545
2014,6,7,Weekend,2000,2-Car,No injury/unknown,FAILURE TO YIELD RIGHT OF WAY,SR46 & UNION VALLEY,4546
2014,4,4,Weekday,1200,2-Car,Non-incapacitating,FOLLOWING TOO CLOSELY,OUTBACK & W SR46 RD,4547
2014,11,3,Weekday,700,2-Car,No injury/unknown,FAILURE TO YIELD RIGHT OF WAY,1655 E BETHEL LANE & N CHRISTINAN LANE,4548
2014,2,6,Weekday,700,1-Car,No injury/unknown,RAN OFF ROAD RIGHT,BETHAL LANE LN & OLD STATE ROAD 37,4549
2014,8,4,Weekday,300,1-Car,Non-incapacitating,RAN OFF ROAD RIGHT,EAST BETHEL & NORTH OLD STATE ROAD 37 RD,4550
2014,4,3,Weekday,2100,1-Car,No injury/unknown,RAN OFF ROAD RIGHT,RATLIFF RD & THOMAS,4551
2014,1,4,Weekday,2000,1-Car,No injury/unknown,UNSAFE BACKING,RATLIFF & THOMAS RD,4552
2014,9,3,Weekday,700,1-Car,No injury/unknown,ANIMAL/OBJECT IN ROADWAY,RATLIFF & THOMAS,4553
2014,2,5,Weekday,1900,3+ Cars,No injury/unknown,FAILURE TO YIELD RIGHT OF WAY,SR46W & UNION VALLEY,4554
2014,2,4,Weekday,800,2-Car,No injury/unknown,FOLLOWING TOO CLOSELY,SR46W & UNION VALLEY RD,4555
2014,5,2,Weekday,700,1-Car,No injury/unknown,INSECURE/LEAKY LOAD,SR46W & UNION VALLEY,4556
2014,5,6,Weekday,1200,2-Car,No injury/unknown,DISREGARD SIGNAL/REG SIGN,SR46W & UNION VALLEY,4557
2014,8,7,Weekend,2100,2-Car,Non-incapacitating,FAILURE TO YIELD RIGHT OF WAY,N UNION VALLEY & SR46W,4558
2014,9,6,Weekday,1800,2-Car,No injury/unknown,DISREGARD SIGNAL/REG SIGN,SR46W & UNION VALLEY,4559
2014,10,6,Weekday,1600,2-Car,No injury/unknown,FAILURE TO YIELD RIGHT OF WAY,UNION VALLEY,4560
2014,12,5,Weekday,1700,2-Car,No injury/unknown,SPEED TOO FAST FOR WEATHER CONDITIONS,SR46W & UNION VALLEY,4561
2014,1,1,Weekend,800,1-Car,No injury/unknown,RAN OFF ROAD RIGHT,BETHEL LN & HINKLE,4562
2014,3,2,Weekday,1500,1-Car,No injury/unknown,SPEED TOO FAST FOR WEATHER CONDITIONS,BETHEL LN & STIDD,4563
2014,1,6,Weekday,800,1-Car,No injury/unknown,RAN OFF ROAD RIGHT,BETHEL LN & BOLTINGHOUSE,4564
2014,8,5,Weekday,100,1-Car,No injury/unknown,RAN OFF ROAD RIGHT,BETHEL LN & STIDD,4565
2014,10,6,Weekend,2200,1-Car,No injury/unknown,TIRE FAILURE OR DEFECTIVE,BETHEL LANE RD & STIDD,4566
2014,12,5,Weekday,1900,2-Car,No injury/unknown,FOLLOWING TOO CLOSELY,OUTBACK & SR46W,4567
2014,11,6,Weekday,1200,2-Car,No injury/unknown,FOLLOWING TOO CLOSELY,OUTBACK & SR46W,4568
2014,7,4,Weekday,300,1-Car,No injury/unknown,RAN OFF ROAD RIGHT,BETHEL LN & ROBS,4569
2014,11,7,Weekend,1100,3+ Cars,Non-incapacitating,IMPROPER LANE USAGE,SR46W & UNION VALLEY,4570
2014,1,6,Weekend,2300,2-Car,No injury/unknown,DRIVER DISTRACTED - EXPLAIN IN NARRATIVE,DEER PARK & SR46W,4571
2014,12,5,Weekday,1700,2-Car,No injury/unknown,UNSAFE LANE MOVEMENT,SR46W & UNION VALLEY,4572
2014,1,1,Weekend,1600,1-Car,No injury/unknown,RAN OFF ROAD RIGHT,E BETHEL LN & N BAUGH,4573
2014,4,4,Weekday,1700,Moped/Motorcycle,No injury/unknown,UNSAFE BACKING,BAUGH & E BETHEL LN,4574
2014,11,5,Weekday,800,1-Car,No injury/unknown,RAN OFF ROAD RIGHT,3895 E BETHEL LANE & N BAUGH,4575
2014,4,1,Weekend,1400,2-Car,No injury/unknown,UNSAFE SPEED,BAUGH & BETHEL LN,4576
2014,1,4,Weekday,1500,2-Car,No injury/unknown,FAILURE TO YIELD RIGHT OF WAY,FOREST PARK & SR46W,4577
2014,9,2,Weekday,1100,2-Car,No injury/unknown,FAILURE TO YIELD RIGHT OF WAY,DEER PARK & SR46W,4578
2014,7,2,Weekday,1200,2-Car,Incapacitating,FOLLOWING TOO CLOSELY,OUTBACK & SR46W,4579
2014,7,4,Weekday,1400,1-Car,Non-incapacitating,DRIVER ILLNESS,S KIRBY RD,4580
2014,7,3,Weekday,1300,2-Car,No injury/unknown,FAILURE TO YIELD RIGHT OF WAY,FORREST PARK & SR46W,4581
2014,7,4,Weekday,900,1-Car,Non-incapacitating,RAN OFF ROAD RIGHT,DIAMOND & RATLIFF RD,4582
2014,1,5,Weekday,800,1-Car,No injury/unknown,RAN OFF ROAD RIGHT,FORREST PARK DR & SR46W,4583
2014,2,6,Weekday,300,2-Car,No injury/unknown,ROADWAY SURFACE CONDITION,DEER PARK & SR46W,4584
2014,4,5,Weekday,800,2-Car,No injury/unknown,FAILURE TO YIELD RIGHT OF WAY,DEER PARK & SR46W,4585
2014,9,7,Weekend,1100,2-Car,Non-incapacitating,FOLLOWING TOO CLOSELY,DEER PARK & SR46W,4586
2014,11,7,Weekend,1200,2-Car,No injury/unknown,FAILURE TO YIELD RIGHT OF WAY,DEER PARK & SR46W,4587
2014,12,3,Weekday,2100,2-Car,No injury/unknown,UNSAFE LANE MOVEMENT,DEER PARK & SR46W,4588
2014,3,6,Weekday,1800,2-Car,No injury/unknown,FOLLOWING TOO CLOSELY,DEER PARK & SR46W,4589
2014,1,7,Weekend,1700,1-Car,No injury/unknown,ROADWAY SURFACE CONDITION,E BETHL LN & N MYERS,4590
2014,5,3,Weekday,1100,Moped/Motorcycle,Incapacitating,OTHER (DRIVER) - EXPLAIN IN NARRATIVE,BETHEL LN & HINKLE,4591
2014,1,6,Weekday,1000,2-Car,No injury/unknown,DRIVER DISTRACTED - EXPLAIN IN NARRATIVE,HIGHLAND DR,4592
2014,1,5,Weekday,700,1-Car,No injury/unknown,ANIMAL/OBJECT IN ROADWAY,DEER PARK & SR46W,4593
2014,11,3,Weekday,1600,2-Car,No injury/unknown,FAILURE TO YIELD RIGHT OF WAY,NORTH DEER PARK & SR46W,4594
2014,11,7,Weekend,2200,1-Car,No injury/unknown,ANIMAL/OBJECT IN ROADWAY,SR37S & WINERY,4595
2014,2,3,Weekday,1700,2-Car,No injury/unknown,FOLLOWING TOO CLOSELY,N BROOKWOOD DR & W BROOKWOOD,4596
2014,2,3,Weekday,1900,2-Car,No injury/unknown,FAILURE TO YIELD RIGHT OF WAY,SMITH PIKE & SR46W,4597
2014,7,7,Weekend,1400,Moped/Motorcycle,Non-incapacitating,FAILURE TO YIELD RIGHT OF WAY,FORREST & N SMITH PIKE,4598
2014,9,2,Weekday,1500,2-Car,No injury/unknown,FOLLOWING TOO CLOSELY,FOREST PARK & N SMITH PIKE,4599
2014,1,5,Weekday,1000,2-Car,Non-incapacitating,DISREGARD SIGNAL/REG SIGN,SMITH & SR46W,4600
2014,2,2,Weekday,2200,2-Car,No injury/unknown,FOLLOWING TOO CLOSELY,N SMITH & SR46W,4601
2014,3,7,Weekend,1500,2-Car,No injury/unknown,FOLLOWING TOO CLOSELY,SMITH & SR46W,4602
2014,5,4,Weekday,1200,2-Car,No injury/unknown,BRAKE FAILURE OR DEFECTIVE,SMITH PIKE & SR46W,4603
2014,7,4,Weekday,1000,3+ Cars,No injury/unknown,FAILURE TO YIELD RIGHT OF WAY,SMITH PIKE & SR46W,4604
2014,8,3,Weekday,1400,3+ Cars,No injury/unknown,BRAKE FAILURE OR DEFECTIVE,SMITH PIKE & SR46W,4605
2014,9,6,Weekday,1700,2-Car,Non-incapacitating,DISREGARD SIGNAL/REG SIGN,N SMITH & SR46W,4606
2014,10,6,Weekday,1700,Bus,No injury/unknown,UNSAFE SPEED,NORTH SMITH PIKE & SR46,4607
2014,1,1,Weekend,200,1-Car,No injury/unknown,RAN OFF ROAD RIGHT,CENTENNIAL DR & STATE ROAD 46,4608
2014,3,6,Weekday,1700,2-Car,No injury/unknown,INSECURE/LEAKY LOAD,SMITH PIKE & SR46W,4609
2014,1,3,Weekday,800,1-Car,Non-incapacitating,RAN OFF ROAD RIGHT,BETHEL & SR45E,4610
2014,11,7,Weekend,1400,2-Car,No injury/unknown,LEFT OF CENTER,BETHEL & SR45E,4611
2014,10,4,Weekday,1600,2-Car,No injury/unknown,FAILURE TO YIELD RIGHT OF WAY,SMITH PIKE & SR46,4612
2014,9,6,Weekday,1800,2-Car,No injury/unknown,FOLLOWING TOO CLOSELY,ARLINGTON & SR46W,4613
2014,10,6,Weekday,1700,2-Car,Non-incapacitating,FAILURE TO YIELD RIGHT OF WAY,ARLINGTON & SR46W,4614
2014,8,3,Weekday,1600,2-Car,No injury/unknown,FOLLOWING TOO CLOSELY,ARLINGTON & SR46W,4615
2014,1,7,Weekend,1700,2-Car,No injury/unknown,UNSAFE BACKING,WEST STATE ROAD 46 RD,4616
2014,2,7,Weekend,1600,2-Car,No injury/unknown,BRAKE FAILURE OR DEFECTIVE,SMITH & W SR 46 RD,4617
2014,5,4,Weekday,800,1-Car,No injury/unknown,RAN OFF ROAD RIGHT,N SHELBURNE DR & W FAWKESWAY,4618
2014,10,6,Weekday,1600,2-Car,No injury/unknown,FAILURE TO YIELD RIGHT OF WAY,N SMITH & SR46,4619
2014,2,7,Weekend,2200,1-Car,Non-incapacitating,RAN OFF ROAD RIGHT,N HAIRTSTRAIT RD & RATLIFF,4620
2014,4,6,Weekend,1900,2-Car,No injury/unknown,FOLLOWING TOO CLOSELY,N HARTSTRAIT & W RATLIFF RD,4621
2014,9,3,Weekday,1300,1-Car,Non-incapacitating,RAN OFF ROAD RIGHT,N HARTSTRAIT & W WOODYARD RD,4622
2014,8,5,Weekday,600,1-Car,No injury/unknown,RAN OFF ROAD RIGHT,N HARTSTRAIT RD & W WOODYARD,4623
2014,2,7,Weekend,1100,2-Car,No injury/unknown,FAILURE TO YIELD RIGHT OF WAY,S LIBERTY DR & W SR 45,4624
2014,7,4,Weekday,1700,2-Car,No injury/unknown,FAILURE TO YIELD RIGHT OF WAY,ACUFF & SR37,4625
2014,3,6,Weekday,1200,2-Car,No injury/unknown,UNSAFE LANE MOVEMENT,PROW & SR37,4626
2014,12,6,Weekend,2100,2-Car,No injury/unknown,IMPROPER LANE USAGE,SR37S & SR46W,4627
2014,2,3,Weekday,800,1-Car,No injury/unknown,SPEED TOO FAST FOR WEATHER CONDITIONS,37 & ACUFF RD,4628
2014,3,2,Weekday,1900,2-Car,No injury/unknown,FAILURE TO YIELD RIGHT OF WAY,ACUFF & SR37N,4629
2014,4,7,Weekend,900,3+ Cars,No injury/unknown,FAILURE TO YIELD RIGHT OF WAY,ACUFF & SR37N,4630
2014,9,4,Weekday,800,2-Car,No injury/unknown,FAILURE TO YIELD RIGHT OF WAY,ACUFF & SR37S,4631
2014,10,4,Weekday,1500,1-Car,No injury/unknown,SPEED TOO FAST FOR WEATHER CONDITIONS,ACUFF & PROW,4632
2014,3,2,Weekday,1600,2-Car,No injury/unknown,FAILURE TO YIELD RIGHT OF WAY,FORREST PARK & SMITH PIKE,4633
2014,10,6,Weekday,200,3+ Cars,No injury/unknown,ROADWAY SURFACE CONDITION,FORREST PARK & SMITH PIKE PIKE,4634
2014,4,2,Weekday,1800,2-Car,No injury/unknown,FOLLOWING TOO CLOSELY,N SMITH PIKE & W FORREST PARK,4635
2014,9,2,Weekday,1900,3+ Cars,No injury/unknown,SPEED TOO FAST FOR WEATHER CONDITIONS,FORREST PARK & NORTH SMITH PIKE,4636
2014,9,1,Weekend,200,1-Car,No injury/unknown,ANIMAL/OBJECT IN ROADWAY,HILLVIEW & OLD 37 RD,4637
2014,9,2,Weekday,1800,2-Car,Non-incapacitating,FOLLOWING TOO CLOSELY,N SMITH PIKE & W FOREST PARK,4638
2014,10,6,Weekday,1400,2-Car,Non-incapacitating,SPEED TOO FAST FOR WEATHER CONDITIONS,N SMITH & W FORREST PARK,4639
2014,12,7,Weekend,900,2-Car,No injury/unknown,SPEED TOO FAST FOR WEATHER CONDITIONS,FORREST PARK & SMITH,4640
2014,12,2,Weekday,1400,3+ Cars,No injury/unknown,FOLLOWING TOO CLOSELY,FOREST PARK & SMITH,4641
2014,8,5,Weekday,1600,2-Car,No injury/unknown,OTHER (DRIVER) - EXPLAIN IN NARRATIVE,46 HWY,4642
2014,6,1,Weekday,1900,1-Car,No injury/unknown,SPEED TOO FAST FOR WEATHER CONDITIONS,DUNN & NORTH OLD STATE ROAD 37 RD,4643
2014,8,2,Weekday,700,1-Car,No injury/unknown,RAN OFF ROAD RIGHT,N DUNN & N OLD SR 37 RD,4644
2014,9,3,Weekday,900,2-Car,Non-incapacitating,LEFT OF CENTER,N DUNN & N OLD SR 37 RD,4645
2014,10,6,Weekday,1000,1-Car,Non-incapacitating,SPEED TOO FAST FOR WEATHER CONDITIONS,DUNN & OLD SR 37 HWY,4646
2014,10,6,Weekday,1800,2-Car,Non-incapacitating,SPEED TOO FAST FOR WEATHER CONDITIONS,DUNN & OLD STATE 37,4647
2014,11,3,Weekday,1600,3+ Cars,Incapacitating,LEFT OF CENTER,DUNN & OLD STATE ROAD 37,4648
2014,2,6,Weekday,1500,1-Car,No injury/unknown,SPEED TOO FAST FOR WEATHER CONDITIONS,DUNN & OLD 37 RD,4649
2014,2,6,Weekday,1600,3+ Cars,No injury/unknown,FOLLOWING TOO CLOSELY,N DUNN & N OLD ST RD 37 RD,4650
2014,8,6,Weekend,2000,1-Car,No injury/unknown,IMPROPER TURNING,446 HWY,4651
2014,4,6,Weekday,1700,2-Car,No injury/unknown,FOLLOWING TOO CLOSELY,OLD STATE RD 37 RD & STONE MILL,4652
2014,6,6,Weekday,400,2-Car,No injury/unknown,FOLLOWING TOO CLOSELY,SR46 & SR46W,4653
2014,8,1,Weekend,400,1-Car,Non-incapacitating,RAN OFF ROAD RIGHT,SR46W & W ARLINGTON,4654
2014,11,7,Weekend,100,2-Car,No injury/unknown,DRIVER DISTRACTED - EXPLAIN IN NARRATIVE,46 & SR46W,4655
2014,12,5,Weekday,2000,1-Car,Fatal,RAN OFF ROAD RIGHT,SR46 & W ARLINGTON,4656
2014,1,5,Weekday,1800,1-Car,No injury/unknown,SPEED TOO FAST FOR WEATHER CONDITIONS,HENNESSEY & SOUTH ROCKPORT RD,4657
2014,2,2,Weekday,1900,Pedestrian,Non-incapacitating,OTHER (VEHICLE) - EXPLAIN IN NARRATIVE,N ROSEWOOD DR,4658
2014,1,3,Weekday,1700,1-Car,No injury/unknown,RAN OFF ROAD RIGHT,ARMSTRONG & WOODLAND DR,4659
2014,9,5,Weekday,1600,3+ Cars,Non-incapacitating,DRIVER DISTRACTED - EXPLAIN IN NARRATIVE,BUSINESS 37 & OLD STATE ROAD 37 RD,4660
2014,8,6,Weekday,1600,2-Car,Non-incapacitating,DISREGARD SIGNAL/REG SIGN,OLD STATE ROAD 37 & WALNUT ST,4661
2014,10,4,Weekday,2200,2-Car,No injury/unknown,FOLLOWING TOO CLOSELY,N OLD SR 37 & N WALNUT,4662
2014,12,4,Weekday,2300,1-Car,Non-incapacitating,OVERCORRECTING/OVERSTEERING,NORTH OLD STATE ROAD 37 & NORTH WALNUT,4663
2014,7,4,Weekday,1800,3+ Cars,No injury/unknown,FOLLOWING TOO CLOSELY,COFFEY & SMITH PIKE,4664
2014,3,6,Weekday,1500,Pedestrian,Incapacitating,UNSAFE LANE MOVEMENT,DUNN ST & OLD SR 37,4665
2014,4,6,Weekday,1100,2-Car,No injury/unknown,OTHER (DRIVER) - EXPLAIN IN NARRATIVE,N ST RD 46 RD,4666
2014,4,6,Weekday,1700,2-Car,No injury/unknown,IMPROPER TURNING,S STATE RD 46 BYP,4667
2014,9,6,Weekday,0,1-Car,No injury/unknown,IMPROPER TURNING,STATE ROAD 46 HWY,4668
2014,12,2,Weekday,1800,2-Car,No injury/unknown,UNSAFE BACKING,S STATE ROAD 46,4669
2014,4,4,Weekday,1700,2-Car,No injury/unknown,OVERCORRECTING/OVERSTEERING,N HARTSTRAIGHT & SR46W,4670
2014,10,1,Weekday,2000,2-Car,No injury/unknown,FAILURE TO YIELD RIGHT OF WAY,HARTSTRAIGHT & SR46W,4671
2014,10,6,Weekday,1600,2-Car,No injury/unknown,FAILURE TO YIELD RIGHT OF WAY,CLOVER & MEADOWLANDS DR,4672
2014,10,5,Weekday,1600,1-Car,No injury/unknown,RAN OFF ROAD RIGHT,N DUNN ST,4673
2014,4,5,Weekday,1300,Bus,No injury/unknown,IMPROPER PASSING,FISHERS CT & JORDAN,4674
2014,11,7,Weekend,400,1-Car,No injury/unknown,ANIMAL/OBJECT IN ROADWAY,E BAYLES & N STATE ROAD 37 BUSINESS,4675
2014,11,3,Weekday,1800,1-Car,No injury/unknown,RAN OFF ROAD RIGHT,N SMITH & W CARMOLA,4676
2014,10,3,Weekday,1200,1-Car,No injury/unknown,RAN OFF ROAD RIGHT,E MARTIN & SR45E,4677
2014,8,2,Weekday,2100,1-Car,No injury/unknown,RAN OFF ROAD RIGHT,MARTIN & SR45E,4678
2014,2,3,Weekday,900,Bus,No injury/unknown,FAILURE TO YIELD RIGHT OF WAY,N KINSER PIKE,4679
2014,3,2,Weekday,1500,2-Car,No injury/unknown,FAILURE TO YIELD RIGHT OF WAY,N KINSER PIKE,4680
2014,4,7,Weekend,1100,Pedestrian,No injury/unknown,PEDESTRIAN ACTION,N KINSER PIKE,4681
2014,4,6,Weekday,700,2-Car,No injury/unknown,UNSAFE BACKING,N KINSER PIKE,4682
2014,5,6,Weekday,700,2-Car,No injury/unknown,OTHER (DRIVER) - EXPLAIN IN NARRATIVE,N KINSER PIKE,4683
2014,12,2,Weekday,1700,2-Car,No injury/unknown,FOLLOWING TOO CLOSELY,N KINSER,4684
2014,11,5,Weekday,900,2-Car,No injury/unknown,OTHER (DRIVER) - EXPLAIN IN NARRATIVE,N KINSER,4685
2014,4,4,Weekday,400,1-Car,Non-incapacitating,SPEED TOO FAST FOR WEATHER CONDITIONS,LAKEWOOD & N DUNN ST,4686
2014,12,7,Weekend,1600,3+ Cars,Non-incapacitating,SPEED TOO FAST FOR WEATHER CONDITIONS,NORWAY & SMITH,4687
2014,1,4,Weekday,800,2-Car,Non-incapacitating,FOLLOWING TOO CLOSELY,S ROCKPORT RD & W FULLERTON,4688
2014,10,4,Weekday,1500,1-Car,No injury/unknown,OVERCORRECTING/OVERSTEERING,ACUFF & SR37N,4689
2014,2,6,Weekday,1500,2-Car,No injury/unknown,FOLLOWING TOO CLOSELY,ACUFF & SR37N,4690
2014,9,1,Weekend,100,1-Car,Non-incapacitating,RAN OFF ROAD RIGHT,HINKLE RD,4691
2014,10,2,Weekday,700,2-Car,No injury/unknown,DRIVER DISTRACTED - EXPLAIN IN NARRATIVE,3901 N KINSER PK (MAROON DR) & COUGAR PASS,4692
2014,2,6,Weekday,700,2-Car,No injury/unknown,FAILURE TO YIELD RIGHT OF WAY,KINSER PIKE,4693
2014,3,6,Weekday,1500,2-Car,No injury/unknown,UNSAFE BACKING,KINSER PIKE,4694
2014,10,6,Weekend,1900,3+ Cars,Non-incapacitating,DRIVER DISTRACTED - EXPLAIN IN NARRATIVE,KINSER & SR45E,4695
2014,5,1,Weekday,2000,2-Car,No injury/unknown,FOLLOWING TOO CLOSELY,RUSSELL & SR45E,4696
2014,1,2,Weekday,1300,1-Car,No injury/unknown,RAN OFF ROAD RIGHT,N RUSSELL & SR45E,4697
2014,2,4,Weekday,1800,2-Car,No injury/unknown,IMPROPER PASSING,N RUSSELL & SR45E,4698
2014,2,3,Weekday,700,1-Car,No injury/unknown,RAN OFF ROAD RIGHT,WALCOTT & WOODYARD RD,4699
2014,5,2,Weekday,1700,2-Car,No injury/unknown,UNSAFE BACKING,7TH & FORREST AVE,4700
2014,10,6,Weekday,500,1-Car,No injury/unknown,ANIMAL/OBJECT IN ROADWAY,SR37S & TAPP,4701
2014,9,3,Weekday,1300,2-Car,No injury/unknown,SPEED TOO FAST FOR WEATHER CONDITIONS,MAPLE GROVE & W ARLINGTON RD,4702
2014,12,2,Weekday,1000,1-Car,No injury/unknown,ANIMAL/OBJECT IN ROADWAY,RUSSELL & SR45,4703
2014,4,4,Weekday,900,2-Car,No injury/unknown,UNSAFE BACKING,RUSSELL & SR45E,4704
2014,5,6,Weekday,0,1-Car,No injury/unknown,RAN OFF ROAD RIGHT,DUNN ST & KENWOOD,4705
2014,1,6,Weekend,2000,1-Car,No injury/unknown,RAN OFF ROAD RIGHT,WALCOTT & WOODYARD RD,4706
2014,2,4,Weekday,900,2-Car,No injury/unknown,UNSAFE LANE MOVEMENT,SR37N & WESTBURY VILLAGE,4707
2014,8,5,Weekday,1100,2-Car,No injury/unknown,UNSAFE BACKING,400 BLOCK E BLUE RIDGE DR & KENWOOD,4708
2014,12,7,Weekend,1700,1-Car,No injury/unknown,ANIMAL/OBJECT IN ROADWAY,ARLINGTON & STOUTS CREEK,4709
2014,11,1,Weekday,2000,1-Car,No injury/unknown,ANIMAL/OBJECT IN ROADWAY,ARLINGTON & STOUTES CREEK,4710
2014,2,5,Weekday,1700,Bus,No injury/unknown,FAILURE TO YIELD RIGHT OF WAY,N STONEYCREST & W WINDING WAY,4711
2014,9,2,Weekday,1400,1-Car,Incapacitating,RAN OFF ROAD RIGHT,RUSSELL & SR45E,4712
2014,9,2,Weekday,1700,2-Car,No injury/unknown,DRIVER ASLEEP OR FATIGUED,CONNAUGHT & SR37S,4713
2014,8,2,Weekday,2100,2-Car,Non-incapacitating,LEFT OF CENTER,WALCOTT & WOODYARD RD,4714
2014,2,7,Weekend,900,1-Car,No injury/unknown,RAN OFF ROAD RIGHT,S SR37 RAMP SOUTH BOUND RD & SR46,4715
2014,8,3,Weekday,300,1-Car,No injury/unknown,ANIMAL/OBJECT IN ROADWAY,SR37N & SR46,4716
2014,9,7,Weekend,1700,2-Car,No injury/unknown,FOLLOWING TOO CLOSELY,BLUE RIDGE & WALNUT ST,4717
2014,10,1,Weekend,1800,2-Car,No injury/unknown,FOLLOWING TOO CLOSELY,BLUE RIDGE & NORTH WALNUT ST,4718
2014,5,3,Weekday,1300,2-Car,No injury/unknown,UNSAFE BACKING,2210 NORTH HEADLEY (DRIVE) RD & HEADLEY,4719
2014,2,2,Weekday,900,1-Car,Non-incapacitating,RAN OFF ROAD RIGHT,NORTH RUSSELL RD,4720
2014,1,3,Weekday,800,1-Car,No injury/unknown,RAN OFF ROAD RIGHT,SR37N & SR46W,4721
2014,3,1,Weekend,700,1-Car,No injury/unknown,RAN OFF ROAD RIGHT,3140 N RUSSELL RD & E LANAM,4722
2014,11,4,Weekday,1600,2-Car,No injury/unknown,UNSAFE LANE MOVEMENT,ARLINGTON & SR37,4723
2014,1,4,Weekday,1100,2-Car,No injury/unknown,FOLLOWING TOO CLOSELY,SR37S & SR46W,4724
2014,3,6,Weekday,600,2-Car,No injury/unknown,FAILURE TO YIELD RIGHT OF WAY,SR37N & SR46W,4725
2014,12,3,Weekday,800,2-Car,Incapacitating,DISREGARD SIGNAL/REG SIGN,SR37 & SR46W,4726
2014,12,4,Weekday,1700,1-Car,No injury/unknown,ANIMAL/OBJECT IN ROADWAY,46 & SR37,4727