year,month,day,weekend,hour,collision_type,injury_type,primary_factor,reported_location,unique_id
2014,12,1,Weekday,2300,Pedestrian,Incapacitating,PEDESTRIAN ACTION,NORTH WALNUT,4728
2014,8,6,Weekday,1500,2-Car,No injury/unknown,UNSAFE BACKING,N WALNUT ST,4729
2014,7,5,Weekday,1500,2-Car,No injury/unknown,FOLLOWING TOO CLOSELY,N CURRY & SR46W,4730
2014,9,3,Weekday,1600,2-Car,No injury/unknown,FOLLOWING TOO CLOSELY,N CURRY & SR46W,4731
2014,12,3,Weekday,1300,2-Car,No injury/unknown,LEFT OF CENTER,CURRY & SR46W,4732
2014,12,4,Weekday,1300,2-Car,No injury/unknown,UNSAFE BACKING,3140 WEST WHITEHALL CROSSING & GATES,4733
2014,6,4,Weekday,300,1-Car,No injury/unknown,DRIVER ASLEEP OR FATIGUED,4535 WOODYARD RD & LOESCH,4734
2014,9,1,Weekend,900,1-Car,No injury/unknown,ROADWAY SURFACE CONDITION,N RUSSELL RD & N TIMBERCREST,4735
2014,8,7,Weekend,1100,3+ Cars,No injury/unknown,FOLLOWING TOO CLOSELY,10TH & 45 46 BYP,4736
2014,2,1,Weekend,200,1-Car,No injury/unknown,SPEED TOO FAST FOR WEATHER CONDITIONS,ARLINGTON RD & PROWL,4737
2014,5,3,Weekday,800,1-Car,No injury/unknown,RAN OFF ROAD RIGHT,LOESCH RD RD & OLD VERNAL,4738
2014,11,1,Weekend,1700,1-Car,No injury/unknown,ANIMAL/OBJECT IN ROADWAY,ARLINGTON & SR37N,4739
2014,5,4,Weekday,1800,2-Car,No injury/unknown,FAILURE TO YIELD RIGHT OF WAY,FRITZ & N WALNUT ST,4740
2014,7,2,Weekday,900,2-Car,No injury/unknown,TIRE FAILURE OR DEFECTIVE,CONNAUGHT & SR37N,4741
2014,8,7,Weekend,1100,1-Car,No injury/unknown,RAN OFF ROAD RIGHT,KINSER PIKE & SKYLINE,4742
2014,1,7,Weekend,1600,1-Car,No injury/unknown,RAN OFF ROAD RIGHT,N CURRY PIKE & W WOODYARD,4743
2014,5,7,Weekend,800,1-Car,No injury/unknown,RAN OFF ROAD RIGHT,N CURRY & W WOODYARD RD,4744
2014,5,4,Weekday,1500,2-Car,No injury/unknown,FAILURE TO YIELD RIGHT OF WAY,CURRY PIKE & WOODYARD,4745
2014,7,6,Weekend,1900,2-Car,No injury/unknown,ANIMAL/OBJECT IN ROADWAY,CURRY PIKE & WOODYARD,4746
2014,7,1,Weekend,1200,2-Car,Incapacitating,FAILURE TO YIELD RIGHT OF WAY,N CURRY PIKE & W WOODYARD,4747
2014,8,7,Weekend,1200,2-Car,No injury/unknown,FOLLOWING TOO CLOSELY,S SMITH PIKE & W WOODYARD,4748
2014,6,7,Weekend,400,1-Car,No injury/unknown,UNSAFE SPEED,N KINSER PIKE & SKYLINE,4749
2014,9,6,Weekend,2000,Cyclist,No injury/unknown,OTHER (DRIVER) - EXPLAIN IN NARRATIVE,2621 NORTH KINSER PIKE & WEST SKYLINE,4750
2014,9,6,Weekday,700,2-Car,No injury/unknown,FAILURE TO YIELD RIGHT OF WAY,N KINSER PIKE & SKYLINE,4751
2014,4,3,Weekday,100,1-Car,No injury/unknown,RAN OFF ROAD RIGHT,N HEADLEY RD & TREADWELL,4752
2014,11,2,Weekday,1400,1-Car,No injury/unknown,RAN OFF ROAD RIGHT,N HEADLEY & TREADWELL,4753
2014,10,4,Weekday,2100,1-Car,No injury/unknown,ANIMAL/OBJECT IN ROADWAY,SR37 & SR45,4754
2014,10,6,Weekday,1800,2-Car,No injury/unknown,UNSAFE LANE MOVEMENT,SR37S & SR45,4755
2014,10,6,Weekday,1600,2-Car,No injury/unknown,UNSAFE BACKING,EAST MILO B SAMPSON BLVD,4756
2014,2,6,Weekday,1800,2-Car,No injury/unknown,IMPROPER LANE USAGE,MILO B SAMPSON ST,4757
2014,9,2,Weekday,1300,2-Car,No injury/unknown,OTHER (DRIVER) - EXPLAIN IN NARRATIVE,ATWATER & HENDERSON ST,4758
2014,8,7,Weekend,400,1-Car,Fatal,UNSAFE SPEED,STARNES & WEST HOWARD RD,4759
2014,10,5,Weekday,1900,2-Car,No injury/unknown,UNSAFE BACKING,S LIBERTY,4760
2014,10,7,Weekend,1200,2-Car,No injury/unknown,UNSAFE BACKING,LIBERTY,4761
2014,7,1,Weekend,1500,1-Car,No injury/unknown,RAN OFF ROAD RIGHT,SR37N & SR4546,4762
2014,5,1,Weekday,1900,1-Car,No injury/unknown,RAN OFF ROAD RIGHT,LOESCH RD & VERNAL,4763
2014,1,1,Weekday,2000,1-Car,No injury/unknown,OTHER (VEHICLE) - EXPLAIN IN NARRATIVE,THOMAS ROAD RD & WEST VERNAL PIKE,4764
2014,3,6,Weekday,900,1-Car,No injury/unknown,DISREGARD SIGNAL/REG SIGN,THOMAS RD & VERNAL,4765
2014,7,5,Weekday,900,2-Car,No injury/unknown,UNSAFE SPEED,N THOMAS RD & W VERNAL PIKE,4766
2014,4,3,Weekday,1100,2-Car,No injury/unknown,UNSAFE BACKING,WOODYARD RD,4767
2014,7,2,Weekday,900,2-Car,Non-incapacitating,FAILURE TO YIELD RIGHT OF WAY,45 46 & WALNUT ST,4768
2014,10,4,Weekday,1300,1-Car,No injury/unknown,RAN OFF ROAD RIGHT,HOWARD & LOUDEN,4769
2014,3,2,Weekday,1200,1-Car,Non-incapacitating,UNSAFE SPEED,SR37N,4770
2014,1,4,Weekday,500,2-Car,No injury/unknown,FAILURE TO YIELD RIGHT OF WAY,SR37 & SR45W,4771
2014,4,5,Weekday,1200,2-Car,No injury/unknown,FOLLOWING TOO CLOSELY,SR37S & SR45,4772
2014,6,2,Weekday,600,2-Car,No injury/unknown,OTHER (DRIVER) - EXPLAIN IN NARRATIVE,SR37 & SR45W,4773
2014,9,1,Weekend,1100,2-Car,No injury/unknown,FOLLOWING TOO CLOSELY,SR37S & SR45,4774
2014,9,1,Weekend,1100,2-Car,Non-incapacitating,FOLLOWING TOO CLOSELY,SR37S & SR45W,4775
2014,8,6,Weekend,2100,2-Car,No injury/unknown,UNSAFE BACKING,N STONELAKE DR,4776
2014,7,7,Weekend,1200,2-Car,No injury/unknown,UNSAFE LANE MOVEMENT,SR37S & SR46E,4777
2014,3,4,Weekday,1500,2-Car,Non-incapacitating,FAILURE TO YIELD RIGHT OF WAY,SR46W & STONELAKE,4778
2014,10,5,Weekday,1600,2-Car,Non-incapacitating,DRIVER DISTRACTED - EXPLAIN IN NARRATIVE,SR45E & STONELAKE,4779
2014,5,3,Weekday,800,2-Car,No injury/unknown,FAILURE TO YIELD RIGHT OF WAY,SR45 & WALNUT ST,4780
2014,10,6,Weekend,2000,2-Car,Incapacitating,FOLLOWING TOO CLOSELY,NORTH MONROE & SR46E,4781
2014,3,4,Weekday,1400,3+ Cars,Non-incapacitating,FOLLOWING TOO CLOSELY,45 46 & KINSER PIKE,4782
2014,9,2,Weekday,1600,2-Car,Non-incapacitating,FOLLOWING TOO CLOSELY,45 46 BYP & N MONROE,4783
2014,12,5,Weekday,400,1-Car,No injury/unknown,ANIMAL/OBJECT IN ROADWAY,MONROE & SR46W,4784
2014,2,5,Weekday,2200,1-Car,No injury/unknown,RAN OFF ROAD RIGHT,HARTSTRAIGHT RD & VERNAL PIKE,4785
2014,11,6,Weekday,1800,1-Car,No injury/unknown,DISREGARD SIGNAL/REG SIGN,HARTSTRAIT & VERNAL,4786
2014,10,2,Weekday,1700,2-Car,No injury/unknown,FOLLOWING TOO CLOSELY,N KINSER & SR46E,4787
2014,10,6,Weekday,1800,2-Car,No injury/unknown,FOLLOWING TOO CLOSELY,KINSER & SR46E,4788
2014,6,6,Weekday,1700,2-Car,No injury/unknown,FOLLOWING TOO CLOSELY,KINSER & SR46E,4789
2014,8,6,Weekday,1500,2-Car,Non-incapacitating,FOLLOWING TOO CLOSELY,45 46 BYP & KINSER,4790
2014,4,7,Weekend,1900,2-Car,Non-incapacitating,DISREGARD SIGNAL/REG SIGN,ARLINGTON RD & GOURLEY,4791
2014,8,1,Weekday,1900,1-Car,Non-incapacitating,OTHER (DRIVER) - EXPLAIN IN NARRATIVE,ARLINGTON RD & GOURLEY,4792
2014,9,3,Weekday,1100,2-Car,No injury/unknown,FAILURE TO YIELD RIGHT OF WAY,ARLINGTON RD & GOURLEY,4793
2014,2,1,Weekend,900,2-Car,Non-incapacitating,SPEED TOO FAST FOR WEATHER CONDITIONS,N KINSER & SR4546W,4794
2014,3,6,Weekday,1800,2-Car,No injury/unknown,DISREGARD SIGNAL/REG SIGN,NORTH KINSER & SR46E,4795
2014,4,3,Weekday,800,Bus,No injury/unknown,FOLLOWING TOO CLOSELY,KINSER & SR4546W,4796
2014,4,5,Weekday,700,3+ Cars,No injury/unknown,DRIVER DISTRACTED - EXPLAIN IN NARRATIVE,KINSER & SR4546W,4797
2014,4,2,Weekday,1400,3+ Cars,No injury/unknown,FAILURE TO YIELD RIGHT OF WAY,N KINSER & STATE ROAD 45 46 BYP,4798
2014,5,6,Weekday,900,3+ Cars,Non-incapacitating,FAILURE TO YIELD RIGHT OF WAY,N KINSER & SR4546E,4799
2014,5,6,Weekday,1400,2-Car,Non-incapacitating,FOLLOWING TOO CLOSELY,N KINSER PIKE & SR 45 46,4800
2014,7,3,Weekday,700,2-Car,Non-incapacitating,FOLLOWING TOO CLOSELY,N KINSER & SR4546W,4801
2014,7,7,Weekend,2000,2-Car,No injury/unknown,FOLLOWING TOO CLOSELY,NORTH KINSER & SR46W,4802
2014,7,3,Weekday,1100,2-Car,Non-incapacitating,FOLLOWING TOO CLOSELY,KINSER & SR4546W,4803
2014,8,6,Weekday,1200,3+ Cars,Non-incapacitating,FOLLOWING TOO CLOSELY,KINSER & W ST RD 45 46 BYP,4804
2014,8,3,Weekday,800,3+ Cars,Non-incapacitating,FAILURE TO YIELD RIGHT OF WAY,N KINSER & SR4546E,4805
2014,10,2,Weekday,2000,2-Car,No injury/unknown,FOLLOWING TOO CLOSELY,N KINSER & SR4546E,4806
2014,9,6,Weekday,1500,3+ Cars,No injury/unknown,DRIVER DISTRACTED - EXPLAIN IN NARRATIVE,N KINSER & SR4546W,4807
2014,10,4,Weekday,1100,2-Car,Non-incapacitating,FAILURE TO YIELD RIGHT OF WAY,N KINSER & SR46W,4808
2014,10,6,Weekend,2100,3+ Cars,No injury/unknown,UNSAFE SPEED,KINSER & SR4546E,4809
2014,10,2,Weekday,900,2-Car,Non-incapacitating,SPEED TOO FAST FOR WEATHER CONDITIONS,N KINSER & SR4546W,4810
2014,12,7,Weekend,1800,2-Car,No injury/unknown,FOLLOWING TOO CLOSELY,N KINSER & SR4546W,4811
2014,5,3,Weekday,1200,2-Car,Non-incapacitating,FOLLOWING TOO CLOSELY,SR 45 46 BYPASS & WALNUT ST,4812
2014,8,4,Weekday,1600,2-Car,No injury/unknown,FOLLOWING TOO CLOSELY,KINSER & SR46W,4813
2014,9,2,Weekday,1800,2-Car,Non-incapacitating,DRIVER DISTRACTED - EXPLAIN IN NARRATIVE,45 46 BYP & KINSER,4814
2014,2,2,Weekday,1500,1-Car,Non-incapacitating,OVERCORRECTING/OVERSTEERING,GOURLEY PIKE & MONROE,4815
2014,4,1,Weekend,900,2-Car,No injury/unknown,FAILURE TO YIELD RIGHT OF WAY,N MONROE ST & W GOURLEY,4816
2014,7,2,Weekday,1800,2-Car,Non-incapacitating,DISREGARD SIGNAL/REG SIGN,N MONROE ST & W GOURLEY,4817
2014,10,6,Weekend,2000,2-Car,Incapacitating,LEFT OF CENTER,GOURLEY & MONROE,4818
2014,12,4,Weekday,1800,2-Car,No injury/unknown,FAILURE TO YIELD RIGHT OF WAY,GOURLEY & MONROE,4819
2014,4,1,Weekend,300,1-Car,No injury/unknown,RAN OFF ROAD RIGHT,N FRITZ DR,4820
2014,11,1,Weekend,1200,2-Car,No injury/unknown,UNSAFE BACKING,WILLIS,4821
2014,2,2,Weekday,1500,2-Car,No injury/unknown,DRIVER DISTRACTED - EXPLAIN IN NARRATIVE,SR46W & WALNUT ST,4822
2014,2,3,Weekday,900,2-Car,No injury/unknown,FAILURE TO YIELD RIGHT OF WAY,4546 BYP & WALNUT,4823
2014,4,3,Weekday,900,2-Car,No injury/unknown,UNSAFE LANE MOVEMENT,SR46E & WALNUT,4824
2014,6,3,Weekday,1200,2-Car,No injury/unknown,FAILURE TO YIELD RIGHT OF WAY,N WALNUT & SR 45 46 BYPASS BYP,4825
2014,7,3,Weekday,1500,2-Car,No injury/unknown,FAILURE TO YIELD RIGHT OF WAY,N WALNUT & SR46E,4826
2014,9,5,Weekday,1400,2-Car,Non-incapacitating,FAILURE TO YIELD RIGHT OF WAY,SR4546E & WALNUT,4827
2014,9,3,Weekday,2100,2-Car,Non-incapacitating,FOLLOWING TOO CLOSELY,SR46W & WALNUT,4828
2014,9,2,Weekday,1400,Moped/Motorcycle,Non-incapacitating,FAILURE TO YIELD RIGHT OF WAY,N WALNUT & SR46W,4829
2014,10,4,Weekday,600,2-Car,No injury/unknown,DISREGARD SIGNAL/REG SIGN,SR4546N & WALNUT,4830
2014,10,6,Weekday,700,2-Car,No injury/unknown,FOLLOWING TOO CLOSELY,WALNUT,4831
2014,11,4,Weekday,1400,Pedestrian,Non-incapacitating,UNSAFE BACKING,WALNUT,4832
2014,10,1,Weekend,1600,2-Car,No injury/unknown,FOLLOWING TOO CLOSELY,W ST RD 45,4833
2014,12,5,Weekday,1100,2-Car,No injury/unknown,FAILURE TO YIELD RIGHT OF WAY,W SR 45,4834
2014,7,2,Weekday,800,2-Car,No injury/unknown,IMPROPER LANE USAGE,N WALNUT & SR46E,4835
2014,11,6,Weekday,1300,2-Car,No injury/unknown,DRIVER DISTRACTED - EXPLAIN IN NARRATIVE,DUNN & SR46,4836
2014,1,6,Weekend,2300,1-Car,No injury/unknown,IMPROPER TURNING,N COLLEGE & OLD STATE RD 37 RD,4837
2014,2,5,Weekday,1300,3+ Cars,Non-incapacitating,FAILURE TO YIELD RIGHT OF WAY,COLLEGE & SR46E,4838
2014,6,5,Weekday,1100,3+ Cars,No injury/unknown,OTHER (DRIVER) - EXPLAIN IN NARRATIVE,COLLEGE & SR45E,4839
2014,8,3,Weekday,1800,1-Car,No injury/unknown,OVERCORRECTING/OVERSTEERING,N COLLEGE & SR 45 46 BYP,4840
2014,8,7,Weekend,1200,2-Car,No injury/unknown,SPEED TOO FAST FOR WEATHER CONDITIONS,N COLLEGE AVE & SR 45 46 BYPASS,4841
2014,9,4,Weekday,2000,Cyclist,No injury/unknown,FAILURE TO YIELD RIGHT OF WAY,COLLEGE AVE & OLD STATE ROAD 37,4842
2014,4,5,Weekday,1600,2-Car,Non-incapacitating,FOLLOWING TOO CLOSELY,MARTHA & SR46E,4843
2014,6,1,Weekend,1300,2-Car,Non-incapacitating,FOLLOWING TOO CLOSELY,MARTHA & SR46W,4844
2014,2,4,Weekday,2000,2-Car,Non-incapacitating,OTHER (DRIVER) - EXPLAIN IN NARRATIVE,DUNN & SR4546W,4845
2014,4,3,Weekday,700,2-Car,No injury/unknown,UNSAFE SPEED,DUNN & SR46W,4846
2014,4,3,Weekday,1900,3+ Cars,No injury/unknown,FOLLOWING TOO CLOSELY,DUNN & SR4546S,4847
2014,5,3,Weekday,1400,2-Car,No injury/unknown,DISREGARD SIGNAL/REG SIGN,DUNN ST & SR46E,4848
2014,6,4,Weekday,2100,2-Car,Non-incapacitating,FAILURE TO YIELD RIGHT OF WAY,DUNN & SR4546E,4849
2014,6,6,Weekend,2100,3+ Cars,Non-incapacitating,OTHER (ENVIRONMENTAL) - EXPLAIN IN NARR,DUNN & SR4546W,4850
2014,9,7,Weekend,1700,2-Car,No injury/unknown,DRIVER DISTRACTED - EXPLAIN IN NARRATIVE,DUNN & SR45W,4851
2014,4,2,Weekday,1700,2-Car,No injury/unknown,FOLLOWING TOO CLOSELY,45 46 BYP & WALNUT,4852
2014,6,6,Weekday,1800,2-Car,No injury/unknown,FOLLOWING TOO CLOSELY,45 46 BYP & COLLEGE,4853
2014,8,3,Weekday,1500,2-Car,No injury/unknown,FAILURE TO YIELD RIGHT OF WAY,45 46 BYP & N WALNUT,4854
2014,9,1,Weekend,1600,Moped/Motorcycle,Non-incapacitating,IMPROPER TURNING,45 46 BYP & N WALNUT,4855
2014,8,7,Weekend,2000,1-Car,No injury/unknown,OVERCORRECTING/OVERSTEERING,IN SR 45  46 BYP & N DUNN,4856
2014,4,6,Weekend,2300,2-Car,No injury/unknown,FOLLOWING TOO CLOSELY,45 46 BYP & DUNN,4857
2014,3,1,Weekday,1900,2-Car,No injury/unknown,SPEED TOO FAST FOR WEATHER CONDITIONS,DUNN ST & SR46,4858
2014,4,3,Weekday,700,2-Car,No injury/unknown,FAILURE TO YIELD RIGHT OF WAY,DUNN & SR45 SR46 BYP,4859
2014,12,7,Weekend,600,2-Car,No injury/unknown,SPEED TOO FAST FOR WEATHER CONDITIONS,DUNN & SR46,4860
2014,7,3,Weekday,1700,2-Car,No injury/unknown,FOLLOWING TOO CLOSELY,DUNN & SR46,4861
2014,4,5,Weekday,2000,2-Car,No injury/unknown,FOLLOWING TOO CLOSELY,MATLOCK RD & SR46,4862
2014,11,6,Weekday,700,1-Car,No injury/unknown,RAN OFF ROAD RIGHT,WEST GOURLEY,4863
2014,11,4,Weekday,1800,2-Car,No injury/unknown,FOLLOWING TOO CLOSELY,SR45 & SR46,4864
2014,1,3,Weekday,2100,2-Car,No injury/unknown,FOLLOWING TOO CLOSELY,SR45 & SR46,4865
2014,10,6,Weekend,1900,2-Car,No injury/unknown,UNSAFE BACKING,EAST MATLOCK RD,4866
2014,1,5,Weekday,1500,2-Car,No injury/unknown,LEFT OF CENTER,MATLOCK & N HEADLEY RD,4867
2014,2,3,Weekday,200,1-Car,Non-incapacitating,RAN OFF ROAD RIGHT,W ARLINGTON RD,4868
2014,12,7,Weekend,700,1-Car,No injury/unknown,SPEED TOO FAST FOR WEATHER CONDITIONS,N MILO B SAMPSON & SR46,4869
2014,9,5,Weekday,100,3+ Cars,No injury/unknown,OTHER (DRIVER) - EXPLAIN IN NARRATIVE,W HOOSIER CT,4870
2014,12,6,Weekday,1200,1-Car,No injury/unknown,IMPROPER TURNING,HICKORY,4871
2014,3,2,Weekday,200,1-Car,No injury/unknown,ANIMAL/OBJECT IN ROADWAY,FEE & SR4546E,4872
2014,4,1,Weekend,0,Moped/Motorcycle,Non-incapacitating,LEFT OF CENTER,FEE & SR4546,4873
2014,5,7,Weekend,1300,2-Car,No injury/unknown,FAILURE TO YIELD RIGHT OF WAY,EAST MATLOCK & SR46E,4874
2014,12,2,Weekday,0,1-Car,No injury/unknown,RAN OFF ROAD RIGHT,MT GILEAD & SR45E,4875
2014,8,5,Weekday,1000,2-Car,No injury/unknown,FAILURE TO YIELD RIGHT OF WAY,KINSER PIKE,4876
2014,4,4,Weekday,700,1-Car,No injury/unknown,RAN OFF ROAD RIGHT,E SR 45 RD & MT GILEAD,4877
2014,2,4,Weekday,800,2-Car,No injury/unknown,UNSAFE SPEED,GOURLEY & N KINSER PIKE,4878
2014,7,4,Weekday,1700,2-Car,Non-incapacitating,FAILURE TO YIELD RIGHT OF WAY,GOURLEY & KINSER PIKE,4879
2014,8,5,Weekday,1500,2-Car,No injury/unknown,FAILURE TO YIELD RIGHT OF WAY,GOURLEY & N KINSER PIKE,4880
2014,9,5,Weekday,1600,2-Car,No injury/unknown,UNSAFE LANE MOVEMENT,N KINSER PIKE & W GOURLEY,4881
2014,1,6,Weekday,700,Bus,No injury/unknown,OTHER (DRIVER) - EXPLAIN IN NARRATIVE,KINSER PIKE,4882
2014,6,7,Weekend,1400,2-Car,No injury/unknown,FAILURE TO YIELD RIGHT OF WAY,NORTH KINSER PIKE,4883
2014,11,3,Weekday,1200,2-Car,No injury/unknown,DRIVER DISTRACTED - EXPLAIN IN NARRATIVE,KINSER,4884
2014,3,2,Weekday,1600,1-Car,No injury/unknown,OTHER (DRIVER) - EXPLAIN IN NARRATIVE,W GOURLEY PIKE,4885
2014,5,7,Weekend,0,2-Car,No injury/unknown,UNSAFE BACKING,W GOURLEY PIKE,4886
2014,11,5,Weekday,400,1-Car,No injury/unknown,RAN OFF ROAD RIGHT,CASCADE & GOURLEY,4887
2014,12,7,Weekend,1300,3+ Cars,Non-incapacitating,OTHER (DRIVER) - EXPLAIN IN NARRATIVE,FEE,4888
2014,10,3,Weekday,1200,1-Car,No injury/unknown,TRAFFIC CONTROL INOPERATIVE/MISSING/OBSC,NORTH RANGE & RANGE,4889
2014,10,4,Weekday,800,1-Car,No injury/unknown,ANIMAL/OBJECT IN ROADWAY,N UNION VALLEY RD & W MCNEELY,4890
2014,4,7,Weekend,1100,2-Car,No injury/unknown,UNSAFE BACKING,7TH & SUNRISE DR,4891
2014,8,2,Weekday,1600,Bus,No injury/unknown,IMPROPER PASSING,E SMITH & S WASHINGTON ST,4892
2014,12,2,Weekday,1200,2-Car,No injury/unknown,OVERCORRECTING/OVERSTEERING,FEE & JORDAN,4893
2014,2,6,Weekday,1300,2-Car,No injury/unknown,UNSAFE SPEED,FEE LN & NORTH JORDAN EXTENSION,4894
2014,4,7,Weekend,900,Cyclist,Incapacitating,FAILURE TO YIELD RIGHT OF WAY,FEE & NORTH JORDAN AVE,4895
2014,2,5,Weekday,1700,2-Car,Non-incapacitating,DRIVER DISTRACTED - EXPLAIN IN NARRATIVE,FISHER & NORTH JORDAN AVE,4896
2014,3,3,Weekday,1700,Bus,No injury/unknown,IMPROPER TURNING,FISHER & NORTH JORDAN AVE,4897
2014,10,4,Weekday,1900,1-Car,No injury/unknown,SPEED TOO FAST FOR WEATHER CONDITIONS,NORTH DUNN & SR37N,4898
2014,10,2,Weekday,1500,1-Car,Non-incapacitating,UNSAFE SPEED,DUNN & SR37N,4899
2014,8,4,Weekday,1200,2-Car,No injury/unknown,FOLLOWING TOO CLOSELY,N KINSER PIKE & W AMARYLLIS,4900
2014,2,6,Weekday,1300,2-Car,No injury/unknown,UNSAFE BACKING,SOUTH WALNUT ST,4901
2014,12,2,Weekday,1900,2-Car,No injury/unknown,IMPROPER TURNING,AMARYLLIS,4902
2014,8,1,Weekend,1200,2-Car,No injury/unknown,UNSAFE BACKING,AMARYLLIS DR,4903
2014,8,7,Weekend,100,2-Car,No injury/unknown,UNSAFE BACKING,N WALNUT ST & OLD ST RD 37,4904
2014,9,5,Weekday,600,2-Car,No injury/unknown,FOLLOWING TOO CLOSELY,N OLD ST 37 RD & N WALNUT,4905
2014,4,6,Weekday,1800,2-Car,No injury/unknown,UNSAFE SPEED,N COLLEGE AVE,4906
2014,9,1,Weekend,1200,2-Car,No injury/unknown,UNSAFE BACKING,N COLLEGE AVE,4907
2014,9,2,Weekday,0,2-Car,No injury/unknown,OTHER (DRIVER) - EXPLAIN IN NARRATIVE,VARSITY LN,4908
2014,5,7,Weekend,1000,1-Car,No injury/unknown,OTHER (DRIVER) - EXPLAIN IN NARRATIVE,NORTH DUNN ST,4909
2014,7,2,Weekday,2100,1-Car,No injury/unknown,DISREGARD SIGNAL/REG SIGN,VARSITY LN,4910
2014,10,3,Weekday,1400,2-Car,No injury/unknown,DISREGARD SIGNAL/REG SIGN,E VARSITY LN,4911
2014,1,5,Weekday,2200,2-Car,No injury/unknown,SPEED TOO FAST FOR WEATHER CONDITIONS,ARLINGTON VALLEY DR & WILLIS,4912
2014,4,1,Weekend,1400,2-Car,No injury/unknown,UNSAFE BACKING,N FEE LN,4913
2014,11,7,Weekend,0,1-Car,No injury/unknown,OBSTRUCTION NOT MARKED,N FEE,4914
2014,9,5,Weekday,600,3+ Cars,No injury/unknown,OTHER (DRIVER) - EXPLAIN IN NARRATIVE,ARLINGTON VALLEY & THORNTREE DR,4915
2014,2,6,Weekday,1600,1-Car,No injury/unknown,IMPROPER TURNING,KINSER & NORTHLANE DR,4916
2014,11,3,Weekday,1300,2-Car,No injury/unknown,OTHER (DRIVER) - EXPLAIN IN NARRATIVE,10TH & 1600 E 10TH (PARKING LOT),4917
2014,1,5,Weekday,1200,1-Car,No injury/unknown,SPEED TOO FAST FOR WEATHER CONDITIONS,N WALNUT ST,4918
2014,6,5,Weekday,1100,2-Car,No injury/unknown,IMPROPER TURNING,N WALNUT ST,4919
2014,11,7,Weekend,1100,2-Car,No injury/unknown,UNSAFE BACKING,N WALNUT,4920
2014,9,1,Weekend,300,2-Car,No injury/unknown,UNSAFE BACKING,20TH & WASHINGTON ST,4921
2014,5,5,Weekday,100,2-Car,No injury/unknown,RAN OFF ROAD RIGHT,E 20TH ST,4922
2014,6,2,Weekday,1600,3+ Cars,No injury/unknown,FOLLOWING TOO CLOSELY,20TH & DUNN ST,4923
2014,3,4,Weekday,900,2-Car,No injury/unknown,IMPROPER LANE USAGE,20TH ST & LINCOLN,4924
2014,8,3,Weekday,2300,2-Car,No injury/unknown,UNSAFE BACKING,E 20TH ST & N LINCOLN,4925
2014,4,7,Weekend,200,2-Car,No injury/unknown,UNSAFE BACKING,E 20TH ST,4926
2014,1,7,Weekend,900,1-Car,No injury/unknown,UNSAFE BACKING,NORTH FEE LN,4927
2014,3,7,Weekend,0,2-Car,No injury/unknown,UNSAFE BACKING,N COLLEGE AVE,4928
2014,8,4,Weekday,900,2-Car,No injury/unknown,UNSAFE BACKING,N RANGE RD,4929
2014,2,5,Weekday,1000,Cyclist,Non-incapacitating,FAILURE TO YIELD RIGHT OF WAY,19TH & DUNN ST,4930
2014,9,1,Weekend,1600,2-Car,No injury/unknown,FAILURE TO YIELD RIGHT OF WAY,19TH & DUNN ST,4931
2014,11,7,Weekend,0,1-Car,No injury/unknown,RAN OFF ROAD RIGHT,19TH & DUNN,4932
2014,7,5,Weekday,1800,2-Car,No injury/unknown,UNSAFE BACKING,N COLLEGE AVE,4933
2014,7,6,Weekday,1300,Moped/Motorcycle,Non-incapacitating,IMPROPER TURNING,E 18TH & N LINCOLN ST,4934
2014,4,6,Weekday,1600,2-Car,No injury/unknown,UNSAFE BACKING,NORTH JORDAN AVE,4935
2014,8,3,Weekday,1600,2-Car,No injury/unknown,UNSAFE BACKING,E 18TH ST & N GRANT,4936
2014,1,7,Weekend,1600,2-Car,No injury/unknown,IMPROPER TURNING,NORTH DUNN ST,4937
2014,10,5,Weekday,1000,2-Car,No injury/unknown,UNSAFE LANE MOVEMENT,17TH & SR46W,4938
2014,5,6,Weekday,100,2-Car,No injury/unknown,UNSAFE BACKING,WOODBURN AVE,4939
2014,11,6,Weekend,2100,2-Car,No injury/unknown,IMPROPER TURNING,17TH & FEE,4940
2014,11,5,Weekday,2000,Moped/Motorcycle,No injury/unknown,UNSAFE SPEED,N LONGFELLOW & W LOWER VALLEY,4941
2014,8,2,Weekday,1900,Pedestrian,Non-incapacitating,PEDESTRIAN ACTION,N ARLINGTON PARK DR,4942
2014,1,5,Weekday,1800,2-Car,No injury/unknown,FOLLOWING TOO CLOSELY,17TH & SR4546S,4943
2014,2,7,Weekend,100,1-Car,No injury/unknown,RAN OFF ROAD RIGHT,17TH & SR46S,4944
2014,2,5,Weekday,1800,2-Car,No injury/unknown,IMPROPER TURNING,17TH & SR4546S,4945
2014,5,1,Weekend,1700,Moped/Motorcycle,Non-incapacitating,OTHER (DRIVER) - EXPLAIN IN NARRATIVE,17TH & SR4546N,4946
2014,6,6,Weekday,700,2-Car,No injury/unknown,DISREGARD SIGNAL/REG SIGN,E 17TH & SR4546E,4947
2014,9,7,Weekend,2000,2-Car,Non-incapacitating,FAILURE TO YIELD RIGHT OF WAY,17TH & SR46S,4948