year,month,day,weekend,hour,collision_type,injury_type,primary_factor,reported_location,unique_id
2014,10,4,Weekday,1900,2-Car,Incapacitating,DISREGARD SIGNAL/REG SIGN,17TH & SR4546S,4949
2014,12,2,Weekday,1800,2-Car,No injury/unknown,SPEED TOO FAST FOR WEATHER CONDITIONS,17TH & SR4546N,4950
2014,8,2,Weekday,1700,2-Car,Non-incapacitating,FOLLOWING TOO CLOSELY,EAST 17TH & SR46,4951
2014,7,5,Weekday,800,3+ Cars,No injury/unknown,FAILURE TO YIELD RIGHT OF WAY,EAST 17TH & SR46,4952
2014,12,3,Weekday,1900,3+ Cars,Non-incapacitating,FAILURE TO YIELD RIGHT OF WAY,EAST 17TH & SR46,4953
2014,2,3,Weekday,1600,2-Car,No injury/unknown,SPEED TOO FAST FOR WEATHER CONDITIONS,N JORDAN AVE,4954
2014,9,2,Weekday,800,2-Car,No injury/unknown,IMPROPER TURNING,DUNN ST,4955
2014,11,2,Weekday,1200,2-Car,No injury/unknown,IMPROPER TURNING,EAST 17TH & SR46,4956
2014,1,5,Weekday,800,1-Car,No injury/unknown,SPEED TOO FAST FOR WEATHER CONDITIONS,17TH & SR46W,4957
2014,5,4,Weekday,2000,2-Car,No injury/unknown,OTHER (DRIVER) - EXPLAIN IN NARRATIVE,17TH & LINCOLN ST,4958
2014,6,2,Weekday,1800,1-Car,No injury/unknown,FOLLOWING TOO CLOSELY,ARLINGTON RD & MONROE,4959
2014,11,2,Weekday,1400,2-Car,No injury/unknown,SPEED TOO FAST FOR WEATHER CONDITIONS,17TH & LINGELBACH,4960
2014,9,2,Weekday,700,Cyclist,Incapacitating,FAILURE TO YIELD RIGHT OF WAY,CURRY & VERNAL PIKE,4961
2014,1,1,Weekday,2200,1-Car,No injury/unknown,RAN OFF ROAD RIGHT,N CURRY & W VERNAL PIKE,4962
2014,2,6,Weekend,2100,2-Car,No injury/unknown,IMPROPER LANE USAGE,CURRY PIKE & VERNAL,4963
2014,3,1,Weekend,1100,1-Car,No injury/unknown,RAN OFF ROAD RIGHT,1800 NORTH CURRY PIKE & W VERNAL,4964
2014,5,4,Weekday,1600,2-Car,Non-incapacitating,FOLLOWING TOO CLOSELY,900 N CURRY PIKE & W VERNAL,4965
2014,7,2,Weekday,1700,2-Car,No injury/unknown,FAILURE TO YIELD RIGHT OF WAY,N CURRY PIKE & VERNAL,4966
2014,9,2,Weekday,500,2-Car,No injury/unknown,FAILURE TO YIELD RIGHT OF WAY,CURRY PIKE & VERNAL,4967
2014,9,4,Weekday,700,Moped/Motorcycle,Non-incapacitating,FAILURE TO YIELD RIGHT OF WAY,N CURRY & W VERNAL PIKE,4968
2014,9,3,Weekday,100,Moped/Motorcycle,Incapacitating,FAILURE TO YIELD RIGHT OF WAY,N CURRY PIKE & W VERNAL,4969
2014,10,5,Weekday,900,2-Car,No injury/unknown,DISREGARD SIGNAL/REG SIGN,N CURRY PIKE & W VERNAL,4970
2014,11,3,Weekday,1600,2-Car,No injury/unknown,UNSAFE SPEED,N CURRY & W VERNAL,4971
2014,11,2,Weekday,1200,2-Car,No injury/unknown,FAILURE TO YIELD RIGHT OF WAY,CURRY & VERNAL,4972
2014,11,2,Weekday,800,2-Car,No injury/unknown,FOLLOWING TOO CLOSELY,N CURRY & W VERNAL,4973
2014,5,4,Weekday,1700,1-Car,No injury/unknown,UNSAFE BACKING,W VERNAL PIKE,4974
2014,2,6,Weekday,900,2-Car,No injury/unknown,ROADWAY SURFACE CONDITION,ENTERPRISE DR & VERNAL,4975
2014,1,5,Weekday,2100,2-Car,No injury/unknown,UNSAFE BACKING,NORTH DUNN ST,4976
2014,5,2,Weekday,1200,2-Car,No injury/unknown,UNSAFE BACKING,NORTH DUNN ST,4977
2014,8,6,Weekday,1500,2-Car,No injury/unknown,OVERCORRECTING/OVERSTEERING,N JORDAN AVE,4978
2014,4,3,Weekday,2100,Moped/Motorcycle,Incapacitating,OTHER (DRIVER) - EXPLAIN IN NARRATIVE,N WILLIS & W 17TH STREET ST,4979
2014,1,6,Weekday,600,1-Car,No injury/unknown,RAN OFF ROAD RIGHT,1500 BLK W 17TH ST & LINDBERGH,4980
2014,1,1,Weekend,1800,2-Car,No injury/unknown,UNSAFE BACKING,EAST 17TH ST,4981
2014,1,1,Weekend,1700,2-Car,No injury/unknown,FOLLOWING TOO CLOSELY,EAST 17TH & WOODLAWN AVE,4982
2014,10,3,Weekday,2000,2-Car,No injury/unknown,IMPROPER TURNING,N JORDAN AVE,4983
2014,2,6,Weekday,1600,Bus,No injury/unknown,FOLLOWING TOO CLOSELY,EAST 17TH ST & WALNUT GROVE,4984
2014,8,5,Weekday,1600,2-Car,No injury/unknown,OVERCORRECTING/OVERSTEERING,EAST 17TH & FORREST AVE,4985
2014,8,6,Weekday,1100,1-Car,No injury/unknown,OTHER (VEHICLE) - EXPLAIN IN NARRATIVE,W 17TH ST,4986
2014,1,6,Weekday,1500,3+ Cars,Non-incapacitating,FOLLOWING TOO CLOSELY,17TH ST & WASHINGTON,4987
2014,7,4,Weekday,900,2-Car,No injury/unknown,UNSAFE BACKING,WEST 17TH ST,4988
2014,5,5,Weekday,2200,2-Car,No injury/unknown,UNSAFE BACKING,E 17TH ST,4989
2014,6,6,Weekday,200,2-Car,No injury/unknown,IMPROPER LANE USAGE,17TH & N LINCOLN ST,4990
2014,8,3,Weekday,1800,2-Car,Non-incapacitating,FOLLOWING TOO CLOSELY,E 17TH ST & N LINCOLN,4991
2014,10,4,Weekday,1700,2-Car,No injury/unknown,FAILURE TO YIELD RIGHT OF WAY,17TH & LINCOLN,4992
2014,2,6,Weekday,1300,2-Car,No injury/unknown,FAILURE TO YIELD RIGHT OF WAY,17TH ST & DUNN,4993
2014,4,2,Weekday,1300,2-Car,No injury/unknown,UNSAFE BACKING,17TH ST & DUNN,4994
2014,4,4,Weekday,100,2-Car,No injury/unknown,UNSAFE LANE MOVEMENT,17TH ST & DUNN,4995
2014,9,4,Weekday,1200,2-Car,No injury/unknown,UNSAFE BACKING,17TH ST & DUNN,4996
2014,10,2,Weekday,1200,2-Car,No injury/unknown,FOLLOWING TOO CLOSELY,17TH ST & DUNN,4997
2014,12,6,Weekend,2300,2-Car,No injury/unknown,UNSAFE BACKING,17TH & DUNN,4998
2014,12,7,Weekend,700,1-Car,No injury/unknown,SPEED TOO FAST FOR WEATHER CONDITIONS,17TH & DUNN,4999
2014,2,3,Weekday,1600,3+ Cars,No injury/unknown,SPEED TOO FAST FOR WEATHER CONDITIONS,EAST 17TH ST & FESS,5000
2014,5,4,Weekday,1600,Bus,No injury/unknown,IMPROPER TURNING,EAST 17TH ST & INDIANA,5001
2014,11,6,Weekday,1600,Cyclist,Non-incapacitating,IMPROPER TURNING,EAST 17TH & INDIANA,5002
2014,11,4,Weekday,1700,2-Car,No injury/unknown,FOLLOWING TOO CLOSELY,EAST 17TH & FEE,5003
2014,11,3,Weekday,2100,2-Car,No injury/unknown,DRIVER DISTRACTED - EXPLAIN IN NARRATIVE,EAST 17TH & FEE,5004
2014,4,4,Weekday,800,2-Car,No injury/unknown,DRIVER DISTRACTED - EXPLAIN IN NARRATIVE,N JACKSON & W 17TH ST,5005
2014,7,5,Weekday,1000,1-Car,No injury/unknown,RAN OFF ROAD RIGHT,17TH ST & JACKSON,5006
2014,8,3,Weekday,2100,2-Car,No injury/unknown,FAILURE TO YIELD RIGHT OF WAY,17TH ST & JACKSON,5007
2014,9,5,Weekday,2100,Cyclist,Non-incapacitating,FAILURE TO YIELD RIGHT OF WAY,17TH ST & JACKSON,5008
2014,4,5,Weekday,1600,2-Car,No injury/unknown,FOLLOWING TOO CLOSELY,17TH ST & INDIANA,5009
2014,8,7,Weekend,600,1-Car,Non-incapacitating,CELL PHONE USAGE,17TH ST & INDIANA,5010
2014,10,6,Weekday,1500,2-Car,No injury/unknown,UNSAFE BACKING,17TH & INDIANA AVE,5011
2014,10,2,Weekday,1700,2-Car,Non-incapacitating,FAILURE TO YIELD RIGHT OF WAY,17TH ST,5012
2014,11,7,Weekend,0,Pedestrian,Incapacitating,PEDESTRIAN ACTION,17TH & INDIANA,5013
2014,6,6,Weekend,2200,2-Car,No injury/unknown,FOLLOWING TOO CLOSELY,17TH & COLLEGE AVE,5014
2014,3,3,Weekday,1300,2-Car,No injury/unknown,UNSAFE SPEED,17TH ST & INDIANA,5015
2014,3,5,Weekday,1000,2-Car,No injury/unknown,UNSAFE BACKING,1001 E 17TH (WHITE LOT) ST & DUNN,5016
2014,1,1,Weekday,2000,Bus,No injury/unknown,IMPROPER PASSING,17TH & NORTH FOSTER DR,5017
2014,5,4,Weekday,1400,Bus,Non-incapacitating,DRIVER ILLNESS,E 17TH ST,5018
2014,7,2,Weekday,1500,2-Car,No injury/unknown,FAILURE TO YIELD RIGHT OF WAY,17TH ST & FESS,5019
2014,11,5,Weekday,1000,1-Car,No injury/unknown,UNSAFE BACKING,E 17TH,5020
2014,11,6,Weekday,1800,2-Car,No injury/unknown,UNSAFE BACKING,DUNN & EAST 17TH,5021
2014,3,6,Weekday,300,1-Car,No injury/unknown,UNSAFE SPEED,N KINSER & W 17TH ST,5022
2014,4,6,Weekday,1500,2-Car,No injury/unknown,DISREGARD SIGNAL/REG SIGN,17TH ST & NORTH MADISON,5023
2014,5,3,Weekday,1200,2-Car,No injury/unknown,OTHER (DRIVER) - EXPLAIN IN NARRATIVE,17TH & MADISON ST,5024
2014,6,2,Weekday,1400,Pedestrian,Non-incapacitating,IMPROPER LANE USAGE,17TH & MADISON ST,5025
2014,7,5,Weekday,1600,2-Car,No injury/unknown,OTHER (DRIVER) - EXPLAIN IN NARRATIVE,N MADISON ST & W 17TH,5026
2014,9,1,Weekend,0,2-Car,No injury/unknown,CELL PHONE USAGE,N KINSER PIKE & W 17TH,5027
2014,10,2,Weekday,1200,2-Car,No injury/unknown,DISREGARD SIGNAL/REG SIGN,17 TH ST & KINSER,5028
2014,10,6,Weekday,900,2-Car,No injury/unknown,FAILURE TO YIELD RIGHT OF WAY,N MADISON ST & W 17TH,5029
2014,10,3,Weekday,800,2-Car,No injury/unknown,DISREGARD SIGNAL/REG SIGN,17TH ST & MADISON,5030
2014,2,2,Weekday,1400,2-Car,No injury/unknown,SPEED TOO FAST FOR WEATHER CONDITIONS,17TH ST & WOODLAWN,5031
2014,10,7,Weekend,1900,2-Car,Non-incapacitating,FAILURE TO YIELD RIGHT OF WAY,17TH & WOODLAWN,5032
2014,1,2,Weekday,1300,2-Car,No injury/unknown,FAILURE TO YIELD RIGHT OF WAY,17TH ST & WOODBURN,5033
2014,1,7,Weekend,700,2-Car,No injury/unknown,UNSAFE LANE MOVEMENT,17TH & COLLEGE AVE,5034
2014,2,6,Weekday,1200,2-Car,No injury/unknown,FOLLOWING TOO CLOSELY,N COLLEGE & W 17TH ST,5035
2014,3,2,Weekday,2200,2-Car,No injury/unknown,FOLLOWING TOO CLOSELY,S COLLEGE & W 17TH ST,5036
2014,5,3,Weekday,700,2-Car,No injury/unknown,OTHER (VEHICLE) - EXPLAIN IN NARRATIVE,17TH & COLLEGE AVE,5037
2014,6,2,Weekday,1200,2-Car,Non-incapacitating,FOLLOWING TOO CLOSELY,17TH ST & COLLEGE,5038
2014,8,7,Weekend,1700,2-Car,No injury/unknown,FOLLOWING TOO CLOSELY,17TH & COLLEGE AVE,5039
2014,8,5,Weekday,1000,1-Car,No injury/unknown,OTHER (VEHICLE) - EXPLAIN IN NARRATIVE,17TH & COLLEGE,5040
2014,9,1,Weekend,1600,2-Car,No injury/unknown,FOLLOWING TOO CLOSELY,17TH & COLLEGE AVE,5041
2014,11,6,Weekend,2100,2-Car,No injury/unknown,FAILURE TO YIELD RIGHT OF WAY,N COLLEGE & W 17TH,5042
2014,1,5,Weekday,1700,2-Car,No injury/unknown,UNSAFE BACKING,EAST 17TH ST,5043
2014,3,5,Weekday,1400,2-Car,No injury/unknown,FAILURE TO YIELD RIGHT OF WAY,EAST 17TH ST,5044
2014,4,5,Weekday,1400,2-Car,No injury/unknown,FOLLOWING TOO CLOSELY,SEVENTEENTH ST & WALNUT,5045
2014,5,7,Weekend,1200,2-Car,No injury/unknown,IMPROPER LANE USAGE,EAST 17TH ST,5046
2014,8,5,Weekday,800,2-Car,No injury/unknown,UNSAFE BACKING,EAST 17TH ST,5047
2014,9,6,Weekday,1600,2-Car,No injury/unknown,UNSAFE BACKING,E 17TH ST,5048
2014,10,5,Weekday,1200,2-Car,No injury/unknown,FAILURE TO YIELD RIGHT OF WAY,17TH ST & WALNUT GROVE,5049
2014,11,7,Weekend,1600,2-Car,No injury/unknown,FAILURE TO YIELD RIGHT OF WAY,17TH & WALNUT GROVE,5050
2014,12,3,Weekday,2100,2-Car,No injury/unknown,OTHER (DRIVER) - EXPLAIN IN NARRATIVE,E 17TH,5051
2014,1,4,Weekday,800,2-Car,No injury/unknown,FAILURE TO YIELD RIGHT OF WAY,17TH ST & WALNUT,5052
2014,9,4,Weekday,1200,1-Car,No injury/unknown,OTHER (DRIVER) - EXPLAIN IN NARRATIVE,E 17TH ST,5053
2014,1,6,Weekday,1500,2-Car,No injury/unknown,UNSAFE LANE MOVEMENT,17TH & N WALNUT ST,5054
2014,4,3,Weekday,2300,1-Car,No injury/unknown,RAN OFF ROAD RIGHT,17TH & WALNUT ST,5055
2014,10,2,Weekday,2200,2-Car,No injury/unknown,DISREGARD SIGNAL/REG SIGN,17TH & N WALNUT,5056
2014,8,4,Weekday,1500,2-Car,No injury/unknown,FOLLOWING TOO CLOSELY,17TH ST & N WALNUT,5057
2014,10,6,Weekend,1900,2-Car,No injury/unknown,LEFT OF CENTER,17TH ST & WALNUT,5058
2014,10,6,Weekday,1700,2-Car,No injury/unknown,FAILURE TO YIELD RIGHT OF WAY,E 17TH & N WALNUT ST,5059
2014,10,4,Weekday,1500,2-Car,Non-incapacitating,SPEED TOO FAST FOR WEATHER CONDITIONS,17TH & WALNUT,5060
2014,10,4,Weekday,2100,1-Car,No injury/unknown,SPEED TOO FAST FOR WEATHER CONDITIONS,E 17TH & N WALNUT,5061
2014,10,1,Weekend,1200,Bus,No injury/unknown,IMPROPER TURNING,N WALNUT & W 17TH,5062
2014,11,2,Weekday,1500,2-Car,Non-incapacitating,IMPROPER TURNING,17TH & WALNUT,5063
2014,12,6,Weekday,1400,2-Car,No injury/unknown,FAILURE TO YIELD RIGHT OF WAY,N CURRY & W JONATHAN,5064
2014,5,1,Weekend,1100,2-Car,No injury/unknown,UNSAFE BACKING,EAST 17TH ST,5065
2014,3,1,Weekend,200,2-Car,No injury/unknown,DISREGARD SIGNAL/REG SIGN,17TH & FEE LN,5066
2014,4,3,Weekday,900,2-Car,No injury/unknown,UNSAFE BACKING,LAW & NORTH FOSTER DR,5067
2014,5,5,Weekday,2200,1-Car,No injury/unknown,OBSTRUCTION NOT MARKED,E 17TH ST,5068
2014,5,6,Weekend,2100,2-Car,No injury/unknown,UNSAFE BACKING,17TH ST,5069
2014,1,7,Weekend,2100,2-Car,No injury/unknown,UNSAFE BACKING,1414 N JORDAN (PARKING) AVE & N JORDAN,5070
2014,1,6,Weekday,1100,Bus,No injury/unknown,OTHER (DRIVER) - EXPLAIN IN NARRATIVE,17TH & N JORDAN (EXTENSION) AVE,5071
2014,2,2,Weekday,1900,2-Car,No injury/unknown,FAILURE TO YIELD RIGHT OF WAY,17TH ST & JORDAN,5072
2014,3,2,Weekday,700,Pedestrian,Non-incapacitating,PEDESTRIAN ACTION,17TH & NORTH JORDAN (EXTENSION) AVE,5073
2014,4,6,Weekend,2100,2-Car,No injury/unknown,FOLLOWING TOO CLOSELY,17TH ST & JORDAN,5074
2014,4,2,Weekday,1000,1-Car,No injury/unknown,SPEED TOO FAST FOR WEATHER CONDITIONS,17TH ST & JORDAN,5075
2014,8,4,Weekday,1400,2-Car,No injury/unknown,UNSAFE SPEED,17TH & JORDAN AVE,5076
2014,8,6,Weekday,1500,Cyclist,Non-incapacitating,FAILURE TO YIELD RIGHT OF WAY,1640 NORTH JORDAN & NORTH JORDAN AVE,5077
2014,9,4,Weekday,2100,2-Car,No injury/unknown,IMPROPER PASSING,17TH ST & JORDAN,5078
2014,9,7,Weekend,1600,2-Car,Non-incapacitating,UNSAFE SPEED,E 17TH ST & N JORDAN AVE,5079
2014,11,4,Weekday,900,1-Car,No injury/unknown,OTHER (DRIVER) - EXPLAIN IN NARRATIVE,101 N JORDAN (MAC CIRCLE) & JORDAN,5080
2014,10,4,Weekday,1600,2-Car,No injury/unknown,FOLLOWING TOO CLOSELY,EAST 17TH ST & JORDAN,5081
2014,4,2,Weekday,2000,2-Car,No injury/unknown,FAILURE TO YIELD RIGHT OF WAY,EAST 17TH & JORDAN AVE,5082
2014,1,5,Weekday,1600,2-Car,Non-incapacitating,LEFT OF CENTER,OAKDALE & PECAN LN,5083
2014,5,6,Weekday,1500,1-Car,No injury/unknown,ANIMAL/OBJECT IN ROADWAY,CURRY PIKE & VERNAL,5084
2014,1,4,Weekday,1400,2-Car,No injury/unknown,UNSAFE BACKING,NORTH MADISON & WEST KENWOOD DR,5085
2014,5,4,Weekday,900,2-Car,No injury/unknown,UNSAFE BACKING,KENWOOD DR & MADISON,5086
2014,6,3,Weekday,1900,2-Car,No injury/unknown,UNSAFE BACKING,KENWOOD & MADISON ST,5087
2014,10,6,Weekday,1700,Moped/Motorcycle,Non-incapacitating,FOLLOWING TOO CLOSELY,KENWOOD & MADISON AVE,5088
2014,8,1,Weekday,1900,2-Car,No injury/unknown,FOLLOWING TOO CLOSELY,BURKS & WALNUT STREET PIKE,5089
2014,5,3,Weekday,800,2-Car,No injury/unknown,UNSAFE BACKING,HOWE & MAPLE ST,5090
2014,2,6,Weekday,1400,Pedestrian,Incapacitating,PEDESTRIAN ACTION,EAST 17TH & FEE LN,5091
2014,5,4,Weekday,1500,2-Car,No injury/unknown,UNSAFE BACKING,JORDAN AVE,5092
2014,11,6,Weekend,2200,2-Car,No injury/unknown,UNSAFE BACKING,SOUTH COLLEGE MALL,5093
2014,7,4,Weekday,1300,Pedestrian,Non-incapacitating,FAILURE TO YIELD RIGHT OF WAY,1ST & WALNUT ST,5094
2014,6,6,Weekday,1500,2-Car,Non-incapacitating,DISREGARD SIGNAL/REG SIGN,EAST 1ST & SOUTH WALNUT ST,5095
2014,9,2,Weekday,1000,2-Car,No injury/unknown,OTHER (DRIVER) - EXPLAIN IN NARRATIVE,1ST & WALNUT AVE,5096
2014,10,6,Weekday,900,Pedestrian,Incapacitating,FAILURE TO YIELD RIGHT OF WAY,1ST & WALNUT,5097
2014,11,4,Weekday,1400,2-Car,No injury/unknown,IMPROPER TURNING,16TH & N WALNUT,5098
2014,9,3,Weekday,1200,Bus,No injury/unknown,IMPROPER TURNING,E LINGELBACH LN,5099
2014,1,6,Weekend,2200,2-Car,No injury/unknown,IMPROPER TURNING,15 & WALNUT ST,5100
2014,1,4,Weekday,1600,2-Car,Non-incapacitating,DRIVER DISTRACTED - EXPLAIN IN NARRATIVE,16TH & MADISON ST,5101
2014,10,2,Weekday,100,3+ Cars,Non-incapacitating,RAN OFF ROAD RIGHT,N DUNN ST,5102
2014,8,3,Weekday,1500,2-Car,No injury/unknown,OVERCORRECTING/OVERSTEERING,17TH & MAPLE ST,5103
2014,5,5,Weekday,1600,2-Car,No injury/unknown,UNSAFE BACKING,W HENSONBURG RD & W VERNAL,5104
2014,3,6,Weekday,1700,Bus,No injury/unknown,UNSAFE LANE MOVEMENT,EAST LINGELBACH LN,5105
2014,8,6,Weekday,1400,2-Car,No injury/unknown,FOLLOWING TOO CLOSELY,SR37 & VERNAL,5106
2014,1,7,Weekend,1300,1-Car,No injury/unknown,OVERCORRECTING/OVERSTEERING,W 15TH ST,5107
2014,12,6,Weekday,1700,2-Car,No injury/unknown,UNSAFE BACKING,VERNAL,5108
2014,1,3,Weekday,1100,1-Car,No injury/unknown,SPEED TOO FAST FOR WEATHER CONDITIONS,VERNAL PIKE,5109
2014,8,6,Weekend,2300,2-Car,No injury/unknown,UNSAFE LANE MOVEMENT,VERNAL PIKE,5110
2014,3,2,Weekday,1000,1-Car,No injury/unknown,IMPROPER TURNING,W INDUSTRIAL PARK DR & W VERNAL,5111
2014,12,7,Weekend,1500,2-Car,No injury/unknown,OTHER (VEHICLE) - EXPLAIN IN NARRATIVE,S COLLEGE MALL,5112
2014,6,7,Weekend,1000,2-Car,Non-incapacitating,SPEED TOO FAST FOR WEATHER CONDITIONS,SR37N & W VERNAL,5113
2014,3,6,Weekday,1200,2-Car,No injury/unknown,OTHER (DRIVER) - EXPLAIN IN NARRATIVE,N FEE LN,5114
2014,8,1,Weekend,100,2-Car,No injury/unknown,IMPROPER TURNING,N FEE LN,5115
2014,11,6,Weekend,1900,2-Car,No injury/unknown,UNSAFE BACKING,N FEE,5116
2014,12,1,Weekend,1700,2-Car,No injury/unknown,UNSAFE LANE MOVEMENT,JORDAN & LINGELBACH,5117
2014,3,4,Weekday,1000,2-Car,Non-incapacitating,UNSAFE BACKING,SR37N & VERNAL PIKE,5118
2014,6,3,Weekday,1500,1-Car,No injury/unknown,RAN OFF ROAD RIGHT,LEMON & VERNAL PIKE,5119
2014,7,4,Weekday,1900,1-Car,No injury/unknown,ANIMAL/OBJECT IN ROADWAY,LEMON & W VERNAL PIKE,5120
2014,2,5,Weekday,1500,2-Car,No injury/unknown,UNSAFE LANE MOVEMENT,1ST & COLLEGE AVE,5121
2014,1,6,Weekend,2100,2-Car,No injury/unknown,UNSAFE SPEED,SR37 & VERNAL,5122
2014,11,4,Weekday,1000,1-Car,No injury/unknown,IMPROPER TURNING,S WALNUT,5123
2014,2,5,Weekday,1300,2-Car,Non-incapacitating,UNSAFE LANE MOVEMENT,SR37N & VERNAL,5124
2014,4,3,Weekday,1700,2-Car,No injury/unknown,FAILURE TO YIELD RIGHT OF WAY,15TH & N DUNN ST,5125
2014,10,6,Weekday,100,2-Car,No injury/unknown,OTHER (DRIVER) - EXPLAIN IN NARRATIVE,15TH & DUNN,5126
2014,9,7,Weekend,200,2-Car,No injury/unknown,OTHER (DRIVER) - EXPLAIN IN NARRATIVE,15TH ST & DUNN,5127
2014,5,7,Weekend,100,3+ Cars,No injury/unknown,OTHER (DRIVER) - EXPLAIN IN NARRATIVE,15TH ST,5128
2014,9,5,Weekday,900,2-Car,Non-incapacitating,FOLLOWING TOO CLOSELY,SR37S & VERNAL,5129
2014,3,2,Weekday,1500,Moped/Motorcycle,Non-incapacitating,RAN OFF ROAD RIGHT,37 & VERNAL PIKE,5130
2014,1,3,Weekday,900,2-Car,No injury/unknown,FAILURE TO YIELD RIGHT OF WAY,N WOODBURN & W 15TH ST,5131
2014,2,3,Weekday,1700,2-Car,No injury/unknown,SPEED TOO FAST FOR WEATHER CONDITIONS,S COLLEGE & W 1ST ST,5132
2014,4,5,Weekday,1000,2-Car,No injury/unknown,FAILURE TO YIELD RIGHT OF WAY,N COLLEGE AVE & W 15TH,5133
2014,7,4,Weekday,1500,2-Car,Non-incapacitating,DISREGARD SIGNAL/REG SIGN,1ST & COLLEGE AVE,5134
2014,7,5,Weekday,1100,Pedestrian,Non-incapacitating,PEDESTRIAN ACTION,1ST & COLLEGE AVE,5135
2014,8,7,Weekend,1500,2-Car,No injury/unknown,FOLLOWING TOO CLOSELY,S COLLEGE AVE & W 1ST,5136
2014,12,2,Weekday,1700,2-Car,No injury/unknown,BRAKE FAILURE OR DEFECTIVE,S COLLEGE & W 1ST,5137
2014,3,4,Weekday,200,1-Car,No injury/unknown,RAN OFF ROAD RIGHT,N LINDBERGH DR & W 15TH,5138
2014,3,4,Weekday,200,2-Car,No injury/unknown,UNSAFE BACKING,1100 N LINDBERGH ST & W 15TH,5139
2014,7,4,Weekday,800,Moped/Motorcycle,Non-incapacitating,FAILURE TO YIELD RIGHT OF WAY,15TH & LINDBERGH DR,5140
2014,1,4,Weekday,700,1-Car,No injury/unknown,RAN OFF ROAD RIGHT,N WALNUT ST & W 15TH,5141
2014,1,2,Weekday,1400,Pedestrian,Non-incapacitating,FAILURE TO YIELD RIGHT OF WAY,15TH ST & N WALNUT,5142
2014,2,4,Weekday,800,2-Car,Non-incapacitating,FAILURE TO YIELD RIGHT OF WAY,E 15TH & N WALNUT ST,5143
2014,5,7,Weekend,300,Pedestrian,No injury/unknown,FAILURE TO YIELD RIGHT OF WAY,15TH & WALNUT ST,5144
2014,9,7,Weekend,1400,2-Car,No injury/unknown,FAILURE TO YIELD RIGHT OF WAY,E 15TH ST & N WALNUT,5145
2014,8,4,Weekday,2200,2-Car,No injury/unknown,IMPROPER TURNING,N WALNUT ST & W 15TH,5146
2014,12,4,Weekday,200,2-Car,No injury/unknown,FAILURE TO YIELD RIGHT OF WAY,15TH & WALNUT,5147
2014,2,7,Weekend,1800,2-Car,No injury/unknown,IMPROPER TURNING,E 10TH ST & SR45,5148
2014,3,2,Weekday,2100,2-Car,No injury/unknown,FOLLOWING TOO CLOSELY,10TH & SR4546N,5149
2014,7,6,Weekday,1000,2-Car,No injury/unknown,UNSAFE LANE MOVEMENT,10TH & SR4546N,5150
2014,8,6,Weekday,1500,2-Car,No injury/unknown,IMPROPER LANE USAGE,10TH & SR45S,5151
2014,10,5,Weekday,1700,1-Car,No injury/unknown,OTHER (VEHICLE) - EXPLAIN IN NARRATIVE,10TH & SR45E,5152
2014,10,3,Weekday,1800,2-Car,No injury/unknown,FOLLOWING TOO CLOSELY,10TH & SR4546S,5153
2014,12,6,Weekday,1500,2-Car,No injury/unknown,FOLLOWING TOO CLOSELY,10TH & SR4546S,5154
2014,1,6,Weekday,1500,2-Car,No injury/unknown,FOLLOWING TOO CLOSELY,E 10TH ST & E SR 45,5155
2014,8,6,Weekday,800,2-Car,Non-incapacitating,FOLLOWING TOO CLOSELY,N OLD SR 37 & W VERNAL PIKE,5156
2014,10,4,Weekday,800,2-Car,No injury/unknown,FAILURE TO YIELD RIGHT OF WAY,15TH & JACKSON,5157
2014,5,6,Weekday,1500,2-Car,No injury/unknown,UNSAFE LANE MOVEMENT,1ST & S ROGERS ST,5158
2014,10,3,Weekday,1200,2-Car,No injury/unknown,FOLLOWING TOO CLOSELY,1ST & ROGERS,5159
2014,4,5,Weekday,1000,2-Car,No injury/unknown,UNSAFE BACKING,E LINGELBACH LN,5160
2014,2,3,Weekday,800,2-Car,No injury/unknown,UNSAFE BACKING,EAST LINGELBACH LN,5161
2014,10,2,Weekday,700,2-Car,No injury/unknown,FOLLOWING TOO CLOSELY,SR37N & VERNAL,5162
2014,2,3,Weekday,1400,2-Car,No injury/unknown,FOLLOWING TOO CLOSELY,SR37S & VERNAL,5163
2014,3,6,Weekday,500,3+ Cars,Non-incapacitating,DRIVER ASLEEP OR FATIGUED,SR37S & VERNAL,5164
2014,3,2,Weekday,1400,2-Car,No injury/unknown,DISREGARD SIGNAL/REG SIGN,SR37N & VERNAL,5165
2014,6,6,Weekday,100,2-Car,Non-incapacitating,DISREGARD SIGNAL/REG SIGN,SR37S & VERNAL,5166
2014,7,5,Weekday,800,2-Car,No injury/unknown,FAILURE TO YIELD RIGHT OF WAY,SR37N & W VERNAL,5167
2014,8,1,Weekend,1500,2-Car,No injury/unknown,FOLLOWING TOO CLOSELY,SR37N & VERNAL,5168
2014,10,7,Weekend,1400,2-Car,No injury/unknown,FOLLOWING TOO CLOSELY,SR37S & VERNAL,5169
2014,12,4,Weekday,1800,2-Car,Incapacitating,FOLLOWING TOO CLOSELY,SR37S & W VERNAL,5170