year,month,day,weekend,hour,collision_type,injury_type,primary_factor,reported_location,unique_id
2014,12,6,Weekday,1200,1-Car,No injury/unknown,ANIMAL/OBJECT IN ROADWAY,SR48 & VERNAL,5171
2014,5,2,Weekday,800,3+ Cars,Non-incapacitating,FOLLOWING TOO CLOSELY,2ND & PATTERSON ST,5172
2014,2,3,Weekday,1000,2-Car,No injury/unknown,FAILURE TO YIELD RIGHT OF WAY,SR37N & W VERNAL,5173
2014,3,7,Weekend,1300,2-Car,No injury/unknown,BRAKE FAILURE OR DEFECTIVE,SR37N & VERNAL,5174
2014,4,4,Weekday,1400,2-Car,No injury/unknown,DISREGARD SIGNAL/REG SIGN,US37N & W VERNAL PIKE,5175
2014,5,7,Weekend,0,1-Car,No injury/unknown,ANIMAL/OBJECT IN ROADWAY,SR37N & W VERNAL,5176
2014,6,3,Weekday,1400,2-Car,Non-incapacitating,FOLLOWING TOO CLOSELY,SR37S & VERNAL,5177
2014,6,2,Weekday,1600,2-Car,No injury/unknown,UNSAFE LANE MOVEMENT,SR37N & VERNAL,5178
2014,7,5,Weekday,1200,2-Car,No injury/unknown,FOLLOWING TOO CLOSELY,SR37S & VERNAL,5179
2014,9,5,Weekday,700,2-Car,No injury/unknown,FOLLOWING TOO CLOSELY,SR37N & VERNAL,5180
2014,12,6,Weekend,2000,2-Car,No injury/unknown,IMPROPER LANE USAGE,WEST VERNAL,5181
2014,4,4,Weekday,400,2-Car,No injury/unknown,FOLLOWING TOO CLOSELY,CURRY PIKE & VERNAL,5182
2014,4,3,Weekday,1500,2-Car,No injury/unknown,DRIVER DISTRACTED - EXPLAIN IN NARRATIVE,N SMITH PIKE & W FORREST PARK,5183
2014,1,1,Weekend,1500,2-Car,No injury/unknown,IMPROPER TURNING,FEE & NORTH FOSTER DR,5184
2014,12,2,Weekday,800,2-Car,Non-incapacitating,FOLLOWING TOO CLOSELY,FEE & FOSTER,5185
2014,10,5,Weekday,1700,2-Car,No injury/unknown,FOLLOWING TOO CLOSELY,E 10TH ST & SR4546,5186
2014,1,6,Weekday,1100,2-Car,Non-incapacitating,FOLLOWING TOO CLOSELY,SR37N & VERNAL,5187
2014,3,4,Weekday,100,3+ Cars,No injury/unknown,FOLLOWING TOO CLOSELY,SR37N & VERNAL PIKE,5188
2014,6,4,Weekday,2100,2-Car,No injury/unknown,FAILURE TO YIELD RIGHT OF WAY,SR37N & W VERNAL,5189
2014,9,5,Weekday,1300,2-Car,No injury/unknown,OTHER TELEMATICS IN USE,SR37N & VERNAL,5190
2014,3,4,Weekday,200,2-Car,No injury/unknown,UNSAFE SPEED,15TH & LINDBERGH DR,5191
2014,3,3,Weekday,1000,1-Car,No injury/unknown,UNSAFE BACKING,NORTH RANGE RD,5192
2014,2,4,Weekday,400,1-Car,No injury/unknown,OTHER (ENVIRONMENTAL) - EXPLAIN IN NARR,PETE ELLIS & RANGE RD,5193
2014,2,7,Weekend,2100,3+ Cars,No injury/unknown,FAILURE TO YIELD RIGHT OF WAY,14TH ST & INDIANA,5194
2014,2,5,Weekday,1700,2-Car,No injury/unknown,FOLLOWING TOO CLOSELY,14TH & INDIANA AVE,5195
2014,4,2,Weekday,1400,3+ Cars,No injury/unknown,FAILURE TO YIELD RIGHT OF WAY,14TH & INDIANA AVE,5196
2014,11,6,Weekday,1500,2-Car,No injury/unknown,FAILURE TO YIELD RIGHT OF WAY,14TH & N INDIANA,5197
2014,5,3,Weekday,1600,1-Car,No injury/unknown,RAN OFF ROAD RIGHT,E 14TH & N DUNN ST,5198
2014,2,7,Weekend,0,2-Car,No injury/unknown,OTHER (VEHICLE) - EXPLAIN IN NARRATIVE,N FEE LN,5199
2014,11,1,Weekday,2000,2-Car,No injury/unknown,UNSAFE BACKING,N FEE,5200
2014,11,3,Weekday,2200,2-Car,No injury/unknown,FAILURE TO YIELD RIGHT OF WAY,S CURRY,5201
2014,4,3,Weekday,1700,2-Car,No injury/unknown,UNSAFE BACKING,N JORDAN AVE,5202
2014,9,7,Weekend,1400,1-Car,No injury/unknown,UNSAFE BACKING,N ROGERS ST,5203
2014,3,1,Weekend,1700,2-Car,No injury/unknown,SPEED TOO FAST FOR WEATHER CONDITIONS,LINDBERG DR & W14TH,5204
2014,1,5,Weekday,1100,3+ Cars,Non-incapacitating,FAILURE TO YIELD RIGHT OF WAY,14TH & INDIANA AVE,5205
2014,8,4,Weekday,1400,2-Car,No injury/unknown,DISREGARD SIGNAL/REG SIGN,N WOODBURN & W 14 ST,5206
2014,1,1,Weekend,400,Moped/Motorcycle,No injury/unknown,IMPROPER TURNING,14TH ST,5207
2014,4,2,Weekday,1500,2-Car,No injury/unknown,FAILURE TO YIELD RIGHT OF WAY,14TH ST & LINCOLN,5208
2014,12,6,Weekday,1600,2-Car,No injury/unknown,IMPROPER LANE USAGE,E 14TH & N LINCOLN,5209
2014,12,3,Weekday,200,2-Car,No injury/unknown,OTHER (DRIVER) - EXPLAIN IN NARRATIVE,14TH & LINCOLN,5210
2014,7,2,Weekday,1700,2-Car,No injury/unknown,SPEED TOO FAST FOR WEATHER CONDITIONS,SR37N & VERNAL,5211
2014,12,4,Weekday,1200,2-Car,No injury/unknown,FOLLOWING TOO CLOSELY,SR37N & VERNAL,5212
2014,1,7,Weekend,1700,2-Car,No injury/unknown,FAILURE TO YIELD RIGHT OF WAY,14TH ST & N COLLEGE,5213
2014,2,5,Weekday,1600,2-Car,No injury/unknown,FAILURE TO YIELD RIGHT OF WAY,14TH & COLLEGE AVE,5214
2014,2,1,Weekend,1600,2-Car,No injury/unknown,UNSAFE BACKING,N COLLEGE AVE,5215
2014,2,6,Weekday,1500,2-Car,No injury/unknown,FAILURE TO YIELD RIGHT OF WAY,14TH ST & NORTH COLLEGE,5216
2014,3,6,Weekday,900,2-Car,No injury/unknown,UNSAFE BACKING,N COLLEGE AVE,5217
2014,4,5,Weekday,1300,2-Car,No injury/unknown,OTHER (DRIVER) - EXPLAIN IN NARRATIVE,N COLLEGE AVE,5218
2014,1,3,Weekday,800,2-Car,No injury/unknown,SPEED TOO FAST FOR WEATHER CONDITIONS,14TH & WALNUT ST,5219
2014,1,6,Weekday,1500,2-Car,No injury/unknown,UNSAFE LANE MOVEMENT,14TH & N WALNUT ST,5220
2014,2,7,Weekend,0,2-Car,Non-incapacitating,FAILURE TO YIELD RIGHT OF WAY,14TH & N WALNUT ST,5221
2014,2,7,Weekend,1800,2-Car,No injury/unknown,FAILURE TO YIELD RIGHT OF WAY,N WALNUT ST & W 14TH,5222
2014,5,2,Weekday,700,Cyclist,Non-incapacitating,FAILURE TO YIELD RIGHT OF WAY,14TH & WALNUT ST,5223
2014,4,6,Weekday,1400,2-Car,Non-incapacitating,UNSAFE LANE MOVEMENT,14TH & WALNUT ST,5224
2014,7,6,Weekday,800,2-Car,No injury/unknown,IMPROPER TURNING,N WALNUT ST & W 14TH,5225
2014,10,4,Weekday,1200,2-Car,Non-incapacitating,IMPROPER LANE USAGE,14TH & WALNUT,5226
2014,10,1,Weekend,1000,2-Car,No injury/unknown,IMPROPER TURNING,N WALNUT & W 14TH,5227
2014,11,6,Weekday,1100,2-Car,Non-incapacitating,IMPROPER TURNING,14TH & WALNUT,5228
2014,12,6,Weekday,1100,2-Car,No injury/unknown,UNSAFE BACKING,14TH & WALNUT,5229
2014,4,7,Weekend,300,3+ Cars,No injury/unknown,OTHER (DRIVER) - EXPLAIN IN NARRATIVE,N UNION & N UNION ST,5230
2014,12,7,Weekend,800,2-Car,No injury/unknown,ROADWAY SURFACE CONDITION,14TH & MADISON,5231
2014,2,3,Weekday,1000,2-Car,No injury/unknown,IMPROPER TURNING,N SUNRISE GREETING CT,5232
2014,4,5,Weekday,2300,1-Car,No injury/unknown,UNSAFE BACKING,INDUSTRIAL PARK DR,5233
2014,11,2,Weekday,1800,2-Car,No injury/unknown,UNSAFE SPEED,SR37 & VERNAL,5234
2014,2,2,Weekday,700,2-Car,No injury/unknown,FOLLOWING TOO CLOSELY,EAST UNIVERSITY & SR45N,5235
2014,11,6,Weekday,1300,2-Car,No injury/unknown,LEFT OF CENTER,13TH & DUNN,5236
2014,2,7,Weekend,800,2-Car,No injury/unknown,FAILURE TO YIELD RIGHT OF WAY,100 N DANIELS WAY & SR48W,5237
2014,1,7,Weekend,1400,2-Car,No injury/unknown,FAILURE TO YIELD RIGHT OF WAY,13TH & INDIANA AVE,5238
2014,12,4,Weekday,900,2-Car,No injury/unknown,FAILURE TO YIELD RIGHT OF WAY,E 13TH & N INDIANA,5239
2014,4,5,Weekday,1200,2-Car,No injury/unknown,OTHER (DRIVER) - EXPLAIN IN NARRATIVE,13TH ST & FESS,5240
2014,1,4,Weekday,1000,1-Car,Non-incapacitating,RAN OFF ROAD RIGHT,N WALNUT ST,5241
2014,1,1,Weekend,1700,1-Car,No injury/unknown,RAN OFF ROAD RIGHT,BUSINESS 37 N HWY & OLD STATE  37 N,5242
2014,4,7,Weekend,1700,2-Car,No injury/unknown,IMPROPER TURNING,FEE LN & FOSTER CIRCLE,5243
2014,2,2,Weekday,1400,2-Car,No injury/unknown,UNSAFE BACKING,THIRTEENTH & WOODLAWN AVE,5244
2014,11,5,Weekday,1200,2-Car,No injury/unknown,LEFT OF CENTER,EAST 13TH & WOODLAWN,5245
2014,3,7,Weekend,300,2-Car,No injury/unknown,IMPROPER TURNING,E 13TH ST,5246
2014,5,3,Weekday,800,2-Car,No injury/unknown,FAILURE TO YIELD RIGHT OF WAY,RUSSELL RD,5247
2014,10,2,Weekday,1200,2-Car,No injury/unknown,UNSAFE BACKING,S COLLEGE MALL,5248
2014,2,1,Weekend,1500,2-Car,Non-incapacitating,TRAFFIC CONTROL INOPERATIVE/MISSING/OBSC,INDIANA AVE & THIRTEENTH,5249
2014,7,5,Weekday,800,2-Car,No injury/unknown,UNSAFE BACKING,NORTH FEE LN,5250
2014,8,2,Weekday,2300,2-Car,No injury/unknown,OTHER (DRIVER) - EXPLAIN IN NARRATIVE,NORTH FEE LN,5251
2014,5,3,Weekday,1000,2-Car,No injury/unknown,IMPROPER TURNING,13TH & WALNUT GRV,5252
2014,11,3,Weekday,600,2-Car,No injury/unknown,FAILURE TO YIELD RIGHT OF WAY,13TH & WALNUT GROVE,5253
2014,2,3,Weekday,1600,Bus,No injury/unknown,UNSAFE LANE MOVEMENT,NORTH ILLINOIS ST & WEST 13TH,5254
2014,10,6,Weekday,1800,2-Car,No injury/unknown,UNSAFE BACKING,N ILLINOIS ST & W 13TH,5255
2014,9,3,Weekday,1400,2-Car,No injury/unknown,IMPROPER TURNING,13TH & JACKSON ST,5256
2014,6,5,Weekday,1300,2-Car,No injury/unknown,UNSAFE BACKING,N FEE LN,5257
2014,8,5,Weekday,1500,2-Car,No injury/unknown,UNSAFE BACKING,N FEE LN,5258
2014,12,2,Weekday,300,1-Car,No injury/unknown,RAN OFF ROAD RIGHT,E 10TH,5259
2014,8,2,Weekday,1100,1-Car,No injury/unknown,DRIVER DISTRACTED - EXPLAIN IN NARRATIVE,INDIANA AVE & THIRTEENTH,5260
2014,8,7,Weekend,1500,3+ Cars,No injury/unknown,UNSAFE SPEED,SR37N & VERNAL,5261
2014,8,3,Weekday,1500,2-Car,No injury/unknown,FOLLOWING TOO CLOSELY,N CRESCENT & W VERNAL PIKE,5262
2014,4,4,Weekday,800,Bus,No injury/unknown,FOLLOWING TOO CLOSELY,N BLAIR & W 14TH ST,5263
2014,2,3,Weekday,1600,2-Car,No injury/unknown,FOLLOWING TOO CLOSELY,SR37 & SR45,5264
2014,8,1,Weekend,1400,3+ Cars,Non-incapacitating,FAILURE TO YIELD RIGHT OF WAY,JORDAN AVE & LAW,5265
2014,1,4,Weekday,1000,2-Car,Non-incapacitating,IMPROPER LANE USAGE,14TH & COLLEGE AVE,5266
2014,3,5,Weekday,1400,3+ Cars,No injury/unknown,UNSAFE SPEED,SR37N & VERNAL,5267
2014,9,2,Weekday,1200,2-Car,No injury/unknown,UNSAFE BACKING,E 12TH ST & N WASHINGTO,5268
2014,4,3,Weekday,900,2-Car,No injury/unknown,FAILURE TO YIELD RIGHT OF WAY,E 12TH ST & WASHINGTON,5269
2014,5,3,Weekday,1800,Cyclist,Non-incapacitating,FAILURE TO YIELD RIGHT OF WAY,E 12TH ST & N INDIANA,5270
2014,11,4,Weekday,1100,Moped/Motorcycle,Non-incapacitating,FAILURE TO YIELD RIGHT OF WAY,12TH & INDIANA,5271
2014,11,4,Weekday,900,2-Car,No injury/unknown,FAILURE TO YIELD RIGHT OF WAY,12TH & INDIANA,5272
2014,8,5,Weekday,1600,2-Car,No injury/unknown,UNSAFE BACKING,INDIANA & TWELVETH ST,5273
2014,3,6,Weekday,1800,Moped/Motorcycle,Incapacitating,RAN OFF ROAD RIGHT,12TH & NORTH OOLITIC DR,5274
2014,3,1,Weekend,300,1-Car,No injury/unknown,ROADWAY SURFACE CONDITION,N LINDBERGH & W 12TH ST,5275
2014,8,3,Weekday,1800,Moped/Motorcycle,Non-incapacitating,DISREGARD SIGNAL/REG SIGN,N LINDBERGH DR & W 12TH,5276
2014,11,2,Weekday,2100,2-Car,No injury/unknown,UNSAFE BACKING,W 12TH,5277
2014,1,1,Weekend,800,2-Car,No injury/unknown,UNSAFE BACKING,N SUMMIT ST & W 12TH,5278
2014,3,1,Weekend,1700,2-Car,No injury/unknown,FAILURE TO YIELD RIGHT OF WAY,N MONROE ST & W 12TH,5279
2014,2,3,Weekday,1000,2-Car,No injury/unknown,WRONG WAY ON ONE WAY,E 12TH & N WALNUT ST,5280
2014,5,6,Weekday,300,Cyclist,Non-incapacitating,FAILURE TO YIELD RIGHT OF WAY,12TH & N WALNUT ST,5281
2014,12,6,Weekday,1200,2-Car,No injury/unknown,FOLLOWING TOO CLOSELY,JORDAN & LAW,5282
2014,9,5,Weekday,800,Cyclist,Non-incapacitating,FAILURE TO YIELD RIGHT OF WAY,FEE LN & LAW,5283
2014,12,5,Weekday,1400,Bus,No injury/unknown,OTHER (DRIVER) - EXPLAIN IN NARRATIVE,FEE & LAW,5284
2014,5,6,Weekday,1700,2-Car,No injury/unknown,SPEED TOO FAST FOR WEATHER CONDITIONS,FEE & LAW LN,5285
2014,7,3,Weekday,1700,2-Car,No injury/unknown,FOLLOWING TOO CLOSELY,SR37N & VERNAL,5286
2014,9,4,Weekday,1900,2-Car,No injury/unknown,OTHER (DRIVER) - EXPLAIN IN NARRATIVE,E LAW LN & N FOSTER,5287
2014,7,4,Weekday,700,2-Car,No injury/unknown,UNSAFE BACKING,NORTH WALNUT GRV,5288
2014,1,3,Weekday,1500,Pedestrian,Non-incapacitating,PEDESTRIAN ACTION,E LAW LN & FEE,5289
2014,1,6,Weekday,100,2-Car,No injury/unknown,VIEW OBSTRUCTED,JORDAN AVE & LAW,5290
2014,4,5,Weekday,1400,2-Car,No injury/unknown,FAILURE TO YIELD RIGHT OF WAY,JORDAN AVE & LAW,5291
2014,10,5,Weekday,100,2-Car,No injury/unknown,UNSAFE BACKING,E LAW & N JORDAN,5292
2014,8,4,Weekday,1500,2-Car,No injury/unknown,SPEED TOO FAST FOR WEATHER CONDITIONS,SR45 & SR46,5293
2014,9,2,Weekday,900,2-Car,No injury/unknown,UNSAFE BACKING,E 11TH & N WASHINGTON ST,5294
2014,3,6,Weekday,200,2-Car,No injury/unknown,OTHER (DRIVER) - EXPLAIN IN NARRATIVE,11TH ST & LINCOLN,5295
2014,3,4,Weekday,2300,2-Car,No injury/unknown,OTHER (DRIVER) - EXPLAIN IN NARRATIVE,N GRANT ST,5296
2014,11,2,Weekday,800,2-Car,No injury/unknown,FAILURE TO YIELD RIGHT OF WAY,DUNN & E 11TH,5297
2014,8,2,Weekday,1000,2-Car,Non-incapacitating,WRONG WAY ON ONE WAY,11TH & INDIANA AVE,5298
2014,3,4,Weekday,1200,2-Car,No injury/unknown,FAILURE TO YIELD RIGHT OF WAY,11TH ST & PARK,5299
2014,5,6,Weekday,1700,2-Car,No injury/unknown,FOLLOWING TOO CLOSELY,S COLLEGE AVE & SMITH,5300
2014,2,1,Weekend,0,2-Car,No injury/unknown,SPEED TOO FAST FOR WEATHER CONDITIONS,JORDAN AVE & LAW,5301
2014,3,2,Weekday,1500,Pedestrian,Non-incapacitating,DRIVER DISTRACTED - EXPLAIN IN NARRATIVE,1200 BLK W 11TH ST & ADAMS,5302
2014,6,1,Weekday,2000,2-Car,No injury/unknown,FAILURE TO YIELD RIGHT OF WAY,11TH ST & MONROE,5303
2014,3,1,Weekend,800,1-Car,No injury/unknown,UNSAFE SPEED,11TH & VERNAL PIKE,5304
2014,8,2,Weekday,1500,Cyclist,Non-incapacitating,FOLLOWING TOO CLOSELY,N LINDBERGH & W 11TH ST,5305
2014,7,3,Weekday,1000,2-Car,No injury/unknown,UNSAFE BACKING,NORTH ALEXANDER & WEST 11TH ST,5306
2014,8,6,Weekend,2100,2-Car,No injury/unknown,UNSAFE BACKING,W 11TH ST,5307
2014,12,5,Weekday,1800,Bus,No injury/unknown,FAILURE TO YIELD RIGHT OF WAY,ELEVENTH & WOODLAWN,5308
2014,10,3,Weekday,1500,2-Car,Non-incapacitating,FOLLOWING TOO CLOSELY,11TH & FEE,5309
2014,5,6,Weekday,1700,2-Car,Non-incapacitating,FAILURE TO YIELD RIGHT OF WAY,11TH ST & N MORTON,5310
2014,7,5,Weekday,1400,2-Car,No injury/unknown,IMPROPER TURNING,11TH & N WALNUT ST,5311
2014,10,3,Weekday,1300,Bus,No injury/unknown,FOLLOWING TOO CLOSELY,N WALNUT & W 11TH,5312
2014,12,2,Weekday,1900,1-Car,No injury/unknown,IMPROPER LANE USAGE,11TH & WALNUT,5313
2014,5,4,Weekday,1300,2-Car,No injury/unknown,UNSAFE BACKING,11TH ST & WALNUT,5314
2014,1,5,Weekday,1800,Pedestrian,Non-incapacitating,FAILURE TO YIELD RIGHT OF WAY,11TH & COLLEGE AVE,5315
2014,6,3,Weekday,1500,2-Car,No injury/unknown,DISREGARD SIGNAL/REG SIGN,N COLLEGE AVE & W 11TH,5316
2014,8,6,Weekday,1600,3+ Cars,No injury/unknown,FOLLOWING TOO CLOSELY,S COLLEGE AVE & W 11TH,5317
2014,9,6,Weekday,1500,2-Car,No injury/unknown,VIEW OBSTRUCTED,11TH & COLLEGE AVE,5318
2014,10,3,Weekday,2200,3+ Cars,No injury/unknown,SPEED TOO FAST FOR WEATHER CONDITIONS,N COLLEGE AVE & W 11TH,5319
2014,12,1,Weekday,2100,2-Car,No injury/unknown,OTHER (DRIVER) - EXPLAIN IN NARRATIVE,N COLLEGE,5320
2014,9,4,Weekday,1400,Bus,Non-incapacitating,DISREGARD SIGNAL/REG SIGN,11TH ST & MORTON,5321
2014,9,6,Weekend,2000,2-Car,No injury/unknown,FAILURE TO YIELD RIGHT OF WAY,11TH ST & MORTON,5322
2014,10,6,Weekend,2100,2-Car,No injury/unknown,FAILURE TO YIELD RIGHT OF WAY,N MORTON & W 11TH ST,5323
2014,10,7,Weekend,1600,2-Car,No injury/unknown,FAILURE TO YIELD RIGHT OF WAY,11TH & MORTON,5324
2014,5,2,Weekday,2100,3+ Cars,No injury/unknown,OTHER (DRIVER) - EXPLAIN IN NARRATIVE,N WOODBRIDGE DR,5325
2014,7,3,Weekday,1200,Cyclist,No injury/unknown,DISREGARD SIGNAL/REG SIGN,11TH & ROGERS ST,5326
2014,7,4,Weekday,1100,Cyclist,Non-incapacitating,RAN OFF ROAD RIGHT,N ROGERS ST & W 11TH,5327
2014,11,3,Weekday,1500,Bus,No injury/unknown,LEFT OF CENTER,11TH & ROGERS,5328
2014,11,5,Weekday,700,2-Car,Non-incapacitating,FAILURE TO YIELD RIGHT OF WAY,N ROGERS & W 11TH,5329
2014,11,3,Weekday,1900,2-Car,Incapacitating,IMPROPER TURNING,11TH & ROGERS,5330
2014,2,7,Weekend,1600,1-Car,Non-incapacitating,RAN OFF ROAD RIGHT,N FAIRVIEW ST ST & W 11TH,5331
2014,2,7,Weekend,1600,1-Car,Non-incapacitating,RAN OFF ROAD RIGHT,N FAIRVIEW & W 11TH ST,5332
2014,2,7,Weekend,1600,2-Car,Non-incapacitating,RAN OFF ROAD RIGHT,N FAIRVIEW & W 11TH ST,5333
2014,10,3,Weekday,900,Bus,No injury/unknown,FAILURE TO YIELD RIGHT OF WAY,N FAIRVIEW & W 11TH,5334
2014,9,6,Weekday,1600,3+ Cars,Non-incapacitating,FOLLOWING TOO CLOSELY,10TH & SR46S,5335
2014,3,5,Weekday,1600,2-Car,No injury/unknown,UNSAFE BACKING,EAST LAW LN,5336
2014,7,2,Weekday,1000,2-Car,No injury/unknown,UNSAFE BACKING,LAW LN,5337
2014,9,3,Weekday,1400,2-Car,No injury/unknown,UNSAFE BACKING,LAW LN,5338
2014,5,5,Weekday,1100,Cyclist,No injury/unknown,FAILURE TO YIELD RIGHT OF WAY,11TH & COLLEGE AVE,5339
2014,1,1,Weekday,1900,1-Car,No injury/unknown,RAN OFF ROAD RIGHT,11TH & WALNUT ST,5340
2014,8,4,Weekday,2000,2-Car,No injury/unknown,UNSAFE BACKING,NORTH FORREST AVE,5341
2014,10,3,Weekday,1700,2-Car,No injury/unknown,UNSAFE SPEED,SR37 & VERNAL,5342
2014,9,6,Weekday,1600,2-Car,No injury/unknown,FOLLOWING TOO CLOSELY,SR37N & VERNAL,5343
2014,7,5,Weekday,0,2-Car,No injury/unknown,UNSAFE BACKING,N FEE LN,5344
2014,8,1,Weekend,1500,2-Car,No injury/unknown,UNSAFE BACKING,N FEE LN,5345
2014,9,3,Weekday,1800,2-Car,No injury/unknown,UNSAFE BACKING,N FEE LN,5346
2014,2,6,Weekday,1500,2-Car,No injury/unknown,FAILURE TO YIELD RIGHT OF WAY,10TH ST & SMITH,5347
2014,2,2,Weekday,1500,2-Car,No injury/unknown,FOLLOWING TOO CLOSELY,10TH & SMITH RD,5348
2014,5,7,Weekend,1700,2-Car,No injury/unknown,FAILURE TO YIELD RIGHT OF WAY,10TH ST & SMITH,5349
2014,6,5,Weekday,1700,2-Car,Non-incapacitating,FOLLOWING TOO CLOSELY,E 10TH & N SMITH RD,5350
2014,9,4,Weekday,1800,2-Car,No injury/unknown,FOLLOWING TOO CLOSELY,10TH & SMITH RD,5351
2014,10,4,Weekday,300,1-Car,No injury/unknown,DISREGARD SIGNAL/REG SIGN,10TH ST & SMITH,5352
2014,11,5,Weekday,2000,2-Car,No injury/unknown,FAILURE TO YIELD RIGHT OF WAY,E 10TH & SMITH,5353
2014,3,1,Weekend,300,1-Car,No injury/unknown,RAN OFF ROAD RIGHT,W VERNAL PIKE,5354
2014,10,5,Weekday,900,1-Car,No injury/unknown,RAN OFF ROAD RIGHT,W VERNAL PIKE,5355
2014,7,4,Weekday,1300,1-Car,No injury/unknown,OTHER (VEHICLE) - EXPLAIN IN NARRATIVE,NORTH WALNUT GROVE AVE,5356
2014,9,4,Weekday,1300,2-Car,Non-incapacitating,UNSAFE SPEED,10TH & SR46E,5357
2014,9,6,Weekday,1200,2-Car,No injury/unknown,WRONG WAY ON ONE WAY,COTTAGE GROVE AVE & GRANT,5358
2014,9,3,Weekday,1600,2-Car,No injury/unknown,FAILURE TO YIELD RIGHT OF WAY,COTTAGE GROVE & DUNN ST,5359
2014,12,4,Weekday,1200,2-Car,No injury/unknown,FAILURE TO YIELD RIGHT OF WAY,E COTTAGE GROVE & N INDIANA,5360
2014,4,2,Weekday,1700,1-Car,No injury/unknown,RAN OFF ROAD RIGHT,COTTAGE GROVE AVE & PARK,5361
2014,10,4,Weekday,1800,2-Car,No injury/unknown,FAILURE TO YIELD RIGHT OF WAY,COTTAGE GROVE & PARK AVE,5362
2014,1,6,Weekday,1500,2-Car,No injury/unknown,FAILURE TO YIELD RIGHT OF WAY,COTTAGE GROVE & WOODLAWN AVE,5363
2014,2,4,Weekday,1800,2-Car,No injury/unknown,FAILURE TO YIELD RIGHT OF WAY,COTTAGE GROVE & WOODLAWN AVE,5364
2014,11,2,Weekday,900,2-Car,No injury/unknown,DISREGARD SIGNAL/REG SIGN,E COTTAGE GROVE & N WOODLAWN,5365
2014,8,7,Weekend,1300,2-Car,No injury/unknown,SPEED TOO FAST FOR WEATHER CONDITIONS,SR46 & UNIONVILLE,5366
2014,12,5,Weekday,1000,2-Car,No injury/unknown,UNSAFE BACKING,WHITEHALL CROSSING,5367
2014,9,5,Weekday,1400,2-Car,No injury/unknown,IMPROPER TURNING,W WHITEHALL CROSSING DR,5368
2014,5,5,Weekday,1700,2-Car,No injury/unknown,FAILURE TO YIELD RIGHT OF WAY,COTTAGE GROVE ST & PARK,5369
2014,11,1,Weekend,1600,2-Car,No injury/unknown,UNSAFE BACKING,NORTH FEE,5370
2014,1,5,Weekday,1800,2-Car,No injury/unknown,IMPROPER LANE USAGE,NORTH FEE LN,5371
2014,2,6,Weekday,1200,1-Car,No injury/unknown,UNSAFE LANE MOVEMENT,NORTH FEE LN,5372
2014,3,6,Weekday,1700,2-Car,No injury/unknown,UNSAFE BACKING,NORTH UNION ST,5373
2014,2,6,Weekday,1600,2-Car,No injury/unknown,SPEED TOO FAST FOR WEATHER CONDITIONS,11TH & COLLEGE AVE,5374
2014,9,3,Weekday,1600,2-Car,No injury/unknown,UNSAFE BACKING,RANGE & SR45,5375
2014,10,4,Weekday,1200,2-Car,No injury/unknown,UNSAFE SPEED,10TH & SR46S,5376
2014,2,6,Weekday,1600,2-Car,No injury/unknown,LEFT OF CENTER,10TH ST & SMITH,5377
2014,4,5,Weekday,1300,Pedestrian,Non-incapacitating,OTHER (DRIVER) - EXPLAIN IN NARRATIVE,COTTAGE GROVE AVE & SUMMIT,5378
2014,2,7,Weekend,200,2-Car,No injury/unknown,LEFT OF CENTER,BARRINGTON DR,5379
2014,2,5,Weekday,1700,1-Car,No injury/unknown,VIEW OBSTRUCTED,NORTH UNION ST,5380
2014,7,4,Weekday,1500,2-Car,No injury/unknown,UNSAFE BACKING,N UNION CT,5381
2014,12,4,Weekday,1800,1-Car,No injury/unknown,UNSAFE BACKING,N UNION,5382
2014,12,4,Weekday,1400,2-Car,No injury/unknown,UNSAFE BACKING,N UNION,5383
2014,3,6,Weekday,1000,1-Car,No injury/unknown,UNSAFE BACKING,NORTH RANGE RD,5384
2014,9,6,Weekend,2200,2-Car,No injury/unknown,UNSAFE BACKING,SMITH RD,5385
2014,4,1,Weekend,300,1-Car,No injury/unknown,ANIMAL/OBJECT IN ROADWAY,PARK RIDGE RD & WILTSHIRE,5386
2014,4,4,Weekday,2100,Cyclist,No injury/unknown,HEADLIGHT DEFECTIVE OR NOT ON,SMITH & SR45,5387
2014,6,3,Weekday,1800,2-Car,No injury/unknown,UNSAFE LANE MOVEMENT,E 10TH & SR46E,5388
2014,12,6,Weekday,1200,2-Car,No injury/unknown,OTHER (DRIVER) - EXPLAIN IN NARRATIVE,10TH & SR46W,5389
2014,1,7,Weekend,200,2-Car,No injury/unknown,UNSAFE SPEED,10TH & COLLEGE AVE,5390
2014,1,5,Weekday,1300,2-Car,No injury/unknown,UNSAFE BACKING,S ROGERS ST,5391
2014,3,4,Weekday,1700,2-Car,No injury/unknown,UNSAFE BACKING,S ROGERS ST,5392
2014,6,2,Weekday,900,2-Car,No injury/unknown,OTHER (DRIVER) - EXPLAIN IN NARRATIVE,S ROGERS ST,5393
2014,4,7,Weekend,400,1-Car,No injury/unknown,RAN OFF ROAD RIGHT,SR37S & W WHITEHALL CROSSING,5394
2014,8,5,Weekday,1600,2-Car,Non-incapacitating,DISREGARD SIGNAL/REG SIGN,CURRY PIKE & PROFILE,5395