year,month,day,weekend,hour,collision_type,injury_type,primary_factor,reported_location,unique_id
2014,2,6,Weekday,100,1-Car,No injury/unknown,RAN OFF ROAD RIGHT,10TH & MORTON ST,5396
2014,4,2,Weekday,1300,3+ Cars,No injury/unknown,UNSAFE SPEED,10TH & SR46S,5397
2014,11,5,Weekday,1800,2-Car,No injury/unknown,UNSAFE LANE MOVEMENT,10TH & FEE,5398
2014,6,1,Weekend,900,2-Car,No injury/unknown,FOLLOWING TOO CLOSELY,10TH ST & GRANDVIEW,5399
2014,4,4,Weekday,900,2-Car,No injury/unknown,OTHER (DRIVER) - EXPLAIN IN NARRATIVE,10TH & SR46E,5400
2014,12,3,Weekday,1800,2-Car,No injury/unknown,UNSAFE LANE MOVEMENT,DANIELS & SR48W,5401
2014,1,7,Weekend,0,1-Car,No injury/unknown,IMPROPER TURNING,N WALNUT ST,5402
2014,1,5,Weekday,1100,2-Car,No injury/unknown,FAILURE TO YIELD RIGHT OF WAY,10TH & N MORTON ST,5403
2014,8,3,Weekday,1200,2-Car,No injury/unknown,DRIVER ILLNESS,W 10TH ST,5404
2014,2,6,Weekday,1700,2-Car,No injury/unknown,SPEED TOO FAST FOR WEATHER CONDITIONS,10TH & COLLEGE AVE,5405
2014,2,2,Weekday,0,2-Car,No injury/unknown,DISREGARD SIGNAL/REG SIGN,10TH ST & COLLEGE,5406
2014,4,7,Weekend,1800,2-Car,No injury/unknown,DISREGARD SIGNAL/REG SIGN,10TH ST & COLLEGE,5407
2014,5,6,Weekday,100,2-Car,No injury/unknown,IMPROPER TURNING,N COLLEGE AVE,5408
2014,9,6,Weekday,1700,2-Car,No injury/unknown,UNSAFE LANE MOVEMENT,N COLLEGE AVE & W 10TH,5409
2014,10,1,Weekend,900,2-Car,No injury/unknown,FAILURE TO YIELD RIGHT OF WAY,10TH ST & COLLEGE,5410
2014,10,3,Weekday,2100,2-Car,No injury/unknown,IMPROPER TURNING,10TH & S COLLEGE,5411
2014,12,2,Weekday,2300,2-Car,No injury/unknown,UNSAFE LANE MOVEMENT,10TH & COLLEGE,5412
2014,12,3,Weekday,1300,2-Car,No injury/unknown,FAILURE TO YIELD RIGHT OF WAY,10TH & COLLEGE,5413
2014,3,4,Weekday,1600,2-Car,No injury/unknown,FOLLOWING TOO CLOSELY,10TH & N WALNUT ST,5414
2014,3,6,Weekday,600,2-Car,No injury/unknown,DISREGARD SIGNAL/REG SIGN,N WALNUT ST & W 10TH,5415
2014,7,3,Weekday,1500,2-Car,No injury/unknown,IMPROPER TURNING,E 10TH & N WALNUT ST,5416
2014,10,6,Weekday,1600,2-Car,No injury/unknown,IMPROPER LANE USAGE,N WALNUT & W 10TH,5417
2014,12,6,Weekday,1100,2-Car,No injury/unknown,DISREGARD SIGNAL/REG SIGN,E 10TH & N WALNUT,5418
2014,1,5,Weekday,1200,2-Car,No injury/unknown,UNSAFE BACKING,E 10TH ST,5419
2014,7,4,Weekday,900,2-Car,Non-incapacitating,FOLLOWING TOO CLOSELY,10TH ST & WASHINGTON,5420
2014,4,6,Weekend,2100,2-Car,No injury/unknown,UNSAFE SPEED,TENTH & UNIONVILLE RD,5421
2014,11,2,Weekday,2200,2-Car,No injury/unknown,UNSAFE LANE MOVEMENT,10TH & JORDAN,5422
2014,1,7,Weekend,2300,2-Car,No injury/unknown,FAILURE TO YIELD RIGHT OF WAY,10TH ST & LINCOLN,5423
2014,2,2,Weekday,1600,2-Car,No injury/unknown,FAILURE TO YIELD RIGHT OF WAY,10TH ST & LINCOLN,5424
2014,7,2,Weekday,1300,2-Car,No injury/unknown,UNSAFE BACKING,10TH & LINCOLN ST,5425
2014,9,6,Weekday,800,Moped/Motorcycle,Incapacitating,FAILURE TO YIELD RIGHT OF WAY,10TH ST & LINCOLN,5426
2014,12,3,Weekday,1600,2-Car,No injury/unknown,FAILURE TO YIELD RIGHT OF WAY,10TH & LINCOLN,5427
2014,3,3,Weekday,100,2-Car,No injury/unknown,IMPROPER LANE USAGE,E 10TH ST,5428
2014,12,4,Weekday,1000,1-Car,No injury/unknown,DRIVER ASLEEP OR FATIGUED,BUSINEESS 37 N STATE & WISNAND,5429
2014,1,7,Weekend,2100,1-Car,Non-incapacitating,VIEW OBSTRUCTED,N WALNUT GROVE ST,5430
2014,2,7,Weekend,1700,2-Car,No injury/unknown,FOLLOWING TOO CLOSELY,E 10TH ST & GRANT,5431
2014,3,7,Weekend,1200,2-Car,Non-incapacitating,FAILURE TO YIELD RIGHT OF WAY,E 10TH ST & N GRANT,5432
2014,5,6,Weekday,1400,Cyclist,Non-incapacitating,FAILURE TO YIELD RIGHT OF WAY,E 10TH ST & N GRANT,5433
2014,9,4,Weekday,1800,2-Car,No injury/unknown,FAILURE TO YIELD RIGHT OF WAY,10TH ST & GRANT AVE,5434
2014,10,4,Weekday,1300,2-Car,No injury/unknown,FAILURE TO YIELD RIGHT OF WAY,10TH & GRANT ST,5435
2014,10,6,Weekend,1900,2-Car,No injury/unknown,FAILURE TO YIELD RIGHT OF WAY,EAST 10TH ST & NORTH GRANT,5436
2014,2,1,Weekend,1800,1-Car,No injury/unknown,DRIVER DISTRACTED - EXPLAIN IN NARRATIVE,10TH ST & PROW,5437
2014,9,5,Weekday,1500,Bus,No injury/unknown,UNSAFE BACKING,TENTH ST & WOODLAWN,5438
2014,4,2,Weekday,600,2-Car,No injury/unknown,IMPROPER TURNING,SR46N & TENTH,5439
2014,7,5,Weekday,600,1-Car,No injury/unknown,WRONG WAY ON ONE WAY,COLLEGE AVE & TENTH,5440
2014,2,4,Weekday,1200,2-Car,No injury/unknown,UNSAFE BACKING,EAST TENTH ST,5441
2014,7,5,Weekday,1400,2-Car,No injury/unknown,FOLLOWING TOO CLOSELY,E 10TH ST & N DUNN,5442
2014,12,6,Weekday,1500,2-Car,No injury/unknown,FAILURE TO YIELD RIGHT OF WAY,10TH & DUNN,5443
2014,5,3,Weekday,2100,1-Car,No injury/unknown,IMPROPER TURNING,10TH ST & INDIANA,5444
2014,5,3,Weekday,1300,3+ Cars,Non-incapacitating,UNSAFE SPEED,10TH ST & INDIANA,5445
2014,10,7,Weekend,1700,2-Car,No injury/unknown,FOLLOWING TOO CLOSELY,10TH & INDIANA AVE,5446
2014,10,7,Weekend,1200,2-Car,No injury/unknown,DRIVER DISTRACTED - EXPLAIN IN NARRATIVE,10TH & INDIANA,5447
2014,12,5,Weekday,2300,2-Car,No injury/unknown,UNSAFE LANE MOVEMENT,10TH & INDIANA,5448
2014,11,2,Weekday,1800,1-Car,No injury/unknown,ANIMAL/OBJECT IN ROADWAY,SR37N & WILLIAMS,5449
2014,10,6,Weekday,1200,2-Car,No injury/unknown,SPEED TOO FAST FOR WEATHER CONDITIONS,10TH & INDIANA,5450
2014,10,3,Weekday,1500,2-Car,No injury/unknown,FOLLOWING TOO CLOSELY,INDIANA & TENTH,5451
2014,2,5,Weekday,900,2-Car,No injury/unknown,FOLLOWING TOO CLOSELY,E 10TH ST & N FESS,5452
2014,3,4,Weekday,1700,3+ Cars,No injury/unknown,FOLLOWING TOO CLOSELY,10TH ST & FESS,5453
2014,4,6,Weekday,1700,2-Car,No injury/unknown,IMPROPER TURNING,10TH & FESS AVE,5454
2014,1,4,Weekday,1800,Bus,No injury/unknown,OVERCORRECTING/OVERSTEERING,10TH ST & JEFFERSON,5455
2014,8,5,Weekday,1300,1-Car,No injury/unknown,OTHER (DRIVER) - EXPLAIN IN NARRATIVE,10TH ST & JEFFERSON,5456
2014,10,4,Weekday,1800,2-Car,No injury/unknown,FAILURE TO YIELD RIGHT OF WAY,10TH & PARK,5457
2014,7,2,Weekday,600,1-Car,No injury/unknown,OTHER (DRIVER) - EXPLAIN IN NARRATIVE,EAST 10TH ST,5458
2014,2,6,Weekday,1500,2-Car,No injury/unknown,UNSAFE BACKING,E 10TH ST,5459
2014,9,6,Weekday,1000,1-Car,No injury/unknown,OVERCORRECTING/OVERSTEERING,EAST 10TH ST,5460
2014,2,5,Weekday,900,2-Car,No injury/unknown,FOLLOWING TOO CLOSELY,10TH ST & 46,5461
2014,2,2,Weekday,1100,2-Car,Non-incapacitating,FOLLOWING TOO CLOSELY,EAST 10TH & SR46N,5462
2014,3,4,Weekday,1600,2-Car,Non-incapacitating,FOLLOWING TOO CLOSELY,SR45E & SR46N,5463
2014,3,7,Weekend,400,2-Car,No injury/unknown,UNSAFE LANE MOVEMENT,10TH & SR46E,5464
2014,4,5,Weekday,800,2-Car,No injury/unknown,UNSAFE SPEED,SR45W & SR46W,5465
2014,4,6,Weekday,1200,2-Car,No injury/unknown,FOLLOWING TOO CLOSELY,10TH ST & SR46,5466
2014,10,6,Weekday,1100,2-Car,No injury/unknown,DISREGARD SIGNAL/REG SIGN,10TH & SR46E,5467
2014,8,4,Weekday,1100,2-Car,No injury/unknown,FOLLOWING TOO CLOSELY,10TH & SR46E,5468
2014,9,6,Weekday,1500,2-Car,No injury/unknown,FOLLOWING TOO CLOSELY,10TH & SR46S,5469
2014,12,5,Weekday,1200,2-Car,No injury/unknown,UNSAFE SPEED,10TH & SR46E,5470
2014,5,5,Weekday,1400,2-Car,No injury/unknown,IMPROPER TURNING,E 10TH ST,5471
2014,11,1,Weekday,2200,2-Car,No injury/unknown,IMPROPER TURNING,TENTH & WALNUT GROVE,5472
2014,1,6,Weekday,1200,3+ Cars,No injury/unknown,FOLLOWING TOO CLOSELY,FORREST & TENTH ST,5473
2014,4,4,Weekday,1700,3+ Cars,Non-incapacitating,SPEED TOO FAST FOR WEATHER CONDITIONS,FORREST & TENTH ST,5474
2014,12,2,Weekday,2000,2-Car,No injury/unknown,UNSAFE BACKING,FORREST & TENTH,5475
2014,4,5,Weekday,1500,2-Car,No injury/unknown,FAILURE TO YIELD RIGHT OF WAY,10TH & WOODLAWN AVE,5476
2014,7,5,Weekday,1700,2-Car,No injury/unknown,FOLLOWING TOO CLOSELY,10TH ST & WOODLAWN,5477
2014,9,5,Weekday,2100,2-Car,No injury/unknown,UNSAFE BACKING,10TH ST & WOODLAWN,5478
2014,10,5,Weekday,1000,2-Car,No injury/unknown,UNSAFE BACKING,10TH & WOODLAWN,5479
2014,8,6,Weekday,1500,3+ Cars,No injury/unknown,FOLLOWING TOO CLOSELY,10TH ST & FORREST,5480
2014,9,3,Weekday,1300,2-Car,No injury/unknown,DRIVER DISTRACTED - EXPLAIN IN NARRATIVE,10TH ST & NORTH FORREST,5481
2014,11,3,Weekday,2000,2-Car,No injury/unknown,FOLLOWING TOO CLOSELY,FEE & TENTH,5482
2014,9,2,Weekday,2300,2-Car,No injury/unknown,UNSAFE LANE MOVEMENT,FEE & TENTH ST,5483
2014,9,3,Weekday,1700,2-Car,No injury/unknown,FOLLOWING TOO CLOSELY,TENTH ST & WOODLAWN,5484
2014,9,4,Weekday,500,2-Car,No injury/unknown,IMPROPER LANE USAGE,10TH & MORTON ST,5485
2014,2,3,Weekday,1800,2-Car,No injury/unknown,SPEED TOO FAST FOR WEATHER CONDITIONS,FEE & TENTH ST,5486
2014,4,5,Weekday,900,2-Car,No injury/unknown,FOLLOWING TOO CLOSELY,JORDAN AVE & TENTH,5487
2014,2,6,Weekday,1000,2-Car,No injury/unknown,OTHER (DRIVER) - EXPLAIN IN NARRATIVE,10TH ST & CAMPBELL,5488
2014,9,5,Weekday,1700,3+ Cars,Non-incapacitating,FOLLOWING TOO CLOSELY,10TH ST & CAMPBELL,5489
2014,9,4,Weekday,2100,2-Car,No injury/unknown,FOLLOWING TOO CLOSELY,E 10TH ST & N CAMPBELL,5490
2014,1,4,Weekday,2100,2-Car,No injury/unknown,UNSAFE BACKING,TENTH ST & UNION,5491
2014,12,3,Weekday,1900,Pedestrian,Incapacitating,PEDESTRIAN ACTION,10TH & FEE,5492
2014,1,5,Weekday,1000,2-Car,No injury/unknown,SPEED TOO FAST FOR WEATHER CONDITIONS,10TH ST & FEE,5493
2014,8,3,Weekday,1200,2-Car,No injury/unknown,IMPROPER PASSING,11TH ST & FEE,5494
2014,5,6,Weekday,1800,2-Car,No injury/unknown,SPEED TOO FAST FOR WEATHER CONDITIONS,E 10TH ST & N SUNRISE,5495
2014,3,6,Weekday,1300,2-Car,No injury/unknown,UNSAFE SPEED,10TH ST & SUNRISE,5496
2014,2,3,Weekday,1600,2-Car,No injury/unknown,SPEED TOO FAST FOR WEATHER CONDITIONS,10TH ST & SUNRISE,5497
2014,3,5,Weekday,1800,2-Car,No injury/unknown,FAILURE TO YIELD RIGHT OF WAY,10TH ST & SUNRISE,5498
2014,7,1,Weekend,1400,1-Car,No injury/unknown,UNSAFE BACKING,E 10TH ST,5499
2014,12,3,Weekday,1300,2-Car,No injury/unknown,UNSAFE BACKING,EAST 10TH,5500
2014,3,4,Weekday,1200,2-Car,No injury/unknown,OVERCORRECTING/OVERSTEERING,10TH & PARK AVE,5501
2014,9,5,Weekday,800,2-Car,No injury/unknown,VIEW OBSTRUCTED,EAST 10TH ST,5502
2014,12,3,Weekday,2200,2-Car,No injury/unknown,UNSAFE BACKING,E 10TH,5503
2014,12,2,Weekday,2200,2-Car,No injury/unknown,UNSAFE BACKING,E 10TH,5504
2014,3,4,Weekday,0,1-Car,No injury/unknown,LEFT OF CENTER,10TH ST & FEE,5505
2014,9,6,Weekend,2300,2-Car,Non-incapacitating,FAILURE TO YIELD RIGHT OF WAY,TENTH & UNION ST,5506
2014,1,5,Weekday,900,1-Car,No injury/unknown,OTHER (DRIVER) - EXPLAIN IN NARRATIVE,SR46 & UNIONVILLE RD,5507
2014,1,4,Weekday,2200,2-Car,No injury/unknown,SPEED TOO FAST FOR WEATHER CONDITIONS,SR46 & UNIONVILLE,5508
2014,2,4,Weekday,1700,2-Car,No injury/unknown,FOLLOWING TOO CLOSELY,SR46 & UNIONVILLE,5509
2014,5,5,Weekday,2000,2-Car,No injury/unknown,FOLLOWING TOO CLOSELY,SR46 & UNIONVILLE,5510
2014,8,1,Weekend,1400,2-Car,No injury/unknown,SPEED TOO FAST FOR WEATHER CONDITIONS,SR46 & UNIONVILLE,5511
2014,8,3,Weekday,1800,2-Car,No injury/unknown,FOLLOWING TOO CLOSELY,SR46 & UNIONVILLE,5512
2014,9,6,Weekday,1400,Bus,No injury/unknown,UNSAFE LANE MOVEMENT,SR46 & UNIONVILLE,5513
2014,10,6,Weekend,2000,2-Car,Incapacitating,FOLLOWING TOO CLOSELY,SR46 & UNIONVILLE,5514
2014,12,3,Weekday,800,2-Car,No injury/unknown,FOLLOWING TOO CLOSELY,SR46 & UNIONVILLE,5515
2014,12,2,Weekday,800,1-Car,No injury/unknown,VIEW OBSTRUCTED,SR46 & UNIONVILLE,5516
2014,2,7,Weekend,100,1-Car,No injury/unknown,OTHER (VEHICLE) - EXPLAIN IN NARRATIVE,10TH ST & JORDAN,5517
2014,11,1,Weekend,1500,2-Car,No injury/unknown,FOLLOWING TOO CLOSELY,E 10TH & N HILLTOP GARDEN,5518
2014,8,6,Weekday,1100,2-Car,No injury/unknown,OTHER (DRIVER) - EXPLAIN IN NARRATIVE,SR45 & SR46,5519
2014,9,7,Weekend,1300,Moped/Motorcycle,Non-incapacitating,IMPROPER TURNING,10TH ST & TULIP TREE,5520
2014,2,4,Weekday,2200,2-Car,No injury/unknown,UNSAFE BACKING,N JORDAN AVE,5521
2014,2,6,Weekday,1700,2-Car,No injury/unknown,SPEED TOO FAST FOR WEATHER CONDITIONS,10TH & JORDAN AVE,5522
2014,9,4,Weekday,1200,2-Car,No injury/unknown,UNSAFE BACKING,N JORDAN AVE,5523
2014,10,2,Weekday,1900,2-Car,No injury/unknown,FOLLOWING TOO CLOSELY,10TH ST & JORDAN,5524
2014,9,4,Weekday,800,2-Car,No injury/unknown,DRIVER DISTRACTED - EXPLAIN IN NARRATIVE,45 46 & E 10TH ST,5525
2014,10,4,Weekday,1800,3+ Cars,Non-incapacitating,SPEED TOO FAST FOR WEATHER CONDITIONS,10TH & PETE ELLIS,5526
2014,1,6,Weekday,1700,2-Car,Non-incapacitating,FOLLOWING TOO CLOSELY,10TH ST & UNION,5527
2014,2,6,Weekday,1700,2-Car,No injury/unknown,FOLLOWING TOO CLOSELY,10TH ST & UNION,5528
2014,4,1,Weekend,1400,2-Car,No injury/unknown,UNSAFE BACKING,E TENTH ST,5529
2014,12,3,Weekday,1700,2-Car,No injury/unknown,UNSAFE BACKING,E 10TH,5530
2014,3,1,Weekend,200,1-Car,No injury/unknown,UNSAFE LANE MOVEMENT,10TH & RANGE RD,5531
2014,4,5,Weekday,1600,3+ Cars,No injury/unknown,FOLLOWING TOO CLOSELY,RANGE & SR46E,5532
2014,5,4,Weekday,2200,2-Car,No injury/unknown,FAILURE TO YIELD RIGHT OF WAY,E 10TH ST & PETE ELLIS,5533
2014,5,3,Weekday,1700,3+ Cars,No injury/unknown,FOLLOWING TOO CLOSELY,E 10TH ST & N PETE ELLIS,5534
2014,8,6,Weekend,2100,1-Car,No injury/unknown,BRAKE FAILURE OR DEFECTIVE,10TH & RANGE RD,5535
2014,9,5,Weekday,1500,2-Car,No injury/unknown,FOLLOWING TOO CLOSELY,RANGE & SR45S,5536
2014,9,6,Weekday,1600,2-Car,No injury/unknown,FOLLOWING TOO CLOSELY,RANGE & SR4546E,5537
2014,10,2,Weekday,800,2-Car,No injury/unknown,FOLLOWING TOO CLOSELY,E 10TH ST & N PETE ELLIS,5538
2014,10,5,Weekday,1800,2-Car,No injury/unknown,FAILURE TO YIELD RIGHT OF WAY,10TH & PETE ELLIS,5539
2014,11,2,Weekday,1400,3+ Cars,Non-incapacitating,FOLLOWING TOO CLOSELY,RANGE & SR4546N,5540
2014,11,6,Weekend,2000,2-Car,Non-incapacitating,FOLLOWING TOO CLOSELY,RANGE & SR46S,5541
2014,2,7,Weekend,900,3+ Cars,No injury/unknown,SPEED TOO FAST FOR WEATHER CONDITIONS,E 10TH ST,5542
2014,7,3,Weekday,1000,2-Car,Non-incapacitating,IMPROPER LANE USAGE,JOHN HINKLE & SR45E,5543
2014,5,1,Weekend,1500,2-Car,No injury/unknown,DRIVER DISTRACTED - EXPLAIN IN NARRATIVE,EAST 10TH ST,5544
2014,2,7,Weekend,1500,2-Car,No injury/unknown,IMPROPER TURNING,E 10TH ST,5545
2014,12,6,Weekday,1500,2-Car,No injury/unknown,DRIVER ASLEEP OR FATIGUED,EAST 10TH,5546
2014,8,5,Weekday,500,2-Car,No injury/unknown,OTHER (DRIVER) - EXPLAIN IN NARRATIVE,2931 EAST 10TH (PARKING LOT) ST & RANGE,5547
2014,10,3,Weekday,700,1-Car,No injury/unknown,UNSAFE BACKING,2931 E 10TH (PARKING LOT) & RANGE,5548
2014,4,2,Weekday,2100,3+ Cars,No injury/unknown,FOLLOWING TOO CLOSELY,10TH ST & UNION,5549
2014,5,3,Weekday,1700,Cyclist,Non-incapacitating,UNSAFE LANE MOVEMENT,10TH ST & UNION,5550
2014,6,6,Weekday,1200,2-Car,No injury/unknown,DRIVER DISTRACTED - EXPLAIN IN NARRATIVE,E 10TH ST,5551
2014,7,5,Weekday,1800,2-Car,No injury/unknown,UNSAFE BACKING,E 10TH ST,5552
2014,2,3,Weekday,1400,2-Car,No injury/unknown,UNSAFE BACKING,E 10TH ST,5553
2014,5,6,Weekday,1200,2-Car,No injury/unknown,IMPROPER TURNING,E 10TH ST,5554
2014,9,6,Weekday,1400,1-Car,No injury/unknown,OTHER (DRIVER) - EXPLAIN IN NARRATIVE,E 10TH ST,5555
2014,10,6,Weekend,1900,2-Car,No injury/unknown,FOLLOWING TOO CLOSELY,10TH & UNION,5556
2014,6,2,Weekday,1100,2-Car,No injury/unknown,FAILURE TO YIELD RIGHT OF WAY,10TH & UNION ST,5557
2014,9,2,Weekday,1600,3+ Cars,No injury/unknown,FOLLOWING TOO CLOSELY,10TH ST & UNION,5558
2014,12,1,Weekend,1600,2-Car,No injury/unknown,IMPROPER TURNING,10TH & UNION,5559
2014,12,6,Weekday,1500,2-Car,No injury/unknown,UNSAFE BACKING,E 10TH,5560
2014,10,2,Weekday,1800,2-Car,No injury/unknown,SPEED TOO FAST FOR WEATHER CONDITIONS,RANGE & SR45,5561
2014,10,1,Weekend,1600,3+ Cars,No injury/unknown,FOLLOWING TOO CLOSELY,PETE ELLIS & SR45,5562
2014,2,3,Weekday,1000,2-Car,No injury/unknown,FOLLOWING TOO CLOSELY,10TH & WOODLAWN AVE,5563
2014,11,1,Weekday,2100,1-Car,No injury/unknown,SPEED TOO FAST FOR WEATHER CONDITIONS,JEFFERSON & UNIONVILLE,5564
2014,7,5,Weekday,1500,2-Car,Non-incapacitating,DRIVER ASLEEP OR FATIGUED,10TH & ROGERS ST,5565
2014,7,5,Weekday,1200,2-Car,No injury/unknown,UNSAFE BACKING,W 11TH ST,5566
2014,11,2,Weekday,700,2-Car,No injury/unknown,FOLLOWING TOO CLOSELY,TENTH & WOODLAWN,5567
2014,10,4,Weekday,1500,2-Car,No injury/unknown,UNSAFE BACKING,E JOHN HINKLE PL,5568
2014,5,2,Weekday,1200,2-Car,No injury/unknown,UNSAFE BACKING,EAST 10TH ST,5569
2014,12,3,Weekday,700,1-Car,No injury/unknown,IMPROPER TURNING,EAST 10TH,5570
2014,12,3,Weekday,100,2-Car,No injury/unknown,UNSAFE SPEED,N SMITH,5571
2014,12,3,Weekday,100,2-Car,No injury/unknown,UNSAFE BACKING,N SMITH,5572
2014,12,4,Weekday,0,1-Car,No injury/unknown,RAN OFF ROAD RIGHT,N SMITH,5573
2014,7,4,Weekday,0,1-Car,No injury/unknown,RAN OFF ROAD RIGHT,EVERGREEN DR & KIMBLE,5574
2014,11,7,Weekend,1300,2-Car,No injury/unknown,FAILURE TO YIELD RIGHT OF WAY,TENTH & UNION,5575
2014,8,7,Weekend,400,1-Car,No injury/unknown,DRIVER DISTRACTED - EXPLAIN IN NARRATIVE,9TH & WALNUT ST,5576
2014,10,3,Weekday,1800,2-Car,No injury/unknown,IMPROPER TURNING,10TH & DUNN,5577
2014,2,6,Weekday,1500,2-Car,No injury/unknown,SPEED TOO FAST FOR WEATHER CONDITIONS,BASSWOOD DR & BLOOMFIELD,5578
2014,11,6,Weekday,1000,2-Car,No injury/unknown,UNSAFE BACKING,N WALNUT,5579
2014,4,3,Weekday,700,1-Car,No injury/unknown,IMPROPER TURNING,S COLLEGE AVE,5580
2014,9,4,Weekday,1600,2-Car,Non-incapacitating,FOLLOWING TOO CLOSELY,S COLLEGE AVE,5581
2014,11,3,Weekday,1700,2-Car,No injury/unknown,UNSAFE BACKING,S COLLEGE,5582
2014,9,6,Weekday,600,Pedestrian,Non-incapacitating,FAILURE TO YIELD RIGHT OF WAY,S WALNUT ST,5583
2014,3,7,Weekend,1400,2-Car,No injury/unknown,LEFT OF CENTER,10TH & JORDAN AVE,5584
2014,3,1,Weekend,1400,2-Car,No injury/unknown,FAILURE TO YIELD RIGHT OF WAY,JOHN HINKLE & PETE ELLIS DR,5585
2014,4,2,Weekday,1900,Bus,No injury/unknown,FOLLOWING TOO CLOSELY,JOHN HINKLE & N PETE ELLIS DR,5586
2014,4,2,Weekday,1000,2-Car,No injury/unknown,FAILURE TO YIELD RIGHT OF WAY,JOHN HINKLE & PETE ELLIS DR,5587
2014,5,5,Weekday,900,Bus,No injury/unknown,UNSAFE BACKING,PETE ELLIS DR,5588
2014,8,4,Weekday,1200,1-Car,No injury/unknown,UNSAFE BACKING,SOUTH WALNUT ST,5589
2014,8,3,Weekday,200,2-Car,No injury/unknown,UNSAFE BACKING,N WASHINGTON ST,5590
2014,8,2,Weekday,1500,1-Car,No injury/unknown,DRIVER DISTRACTED - EXPLAIN IN NARRATIVE,E JOHN HINKLE PL,5591
2014,3,6,Weekend,1900,Moped/Motorcycle,Non-incapacitating,UNSAFE LANE MOVEMENT,9TH & COLLEGE AVE,5592
2014,4,4,Weekday,1500,Cyclist,Non-incapacitating,UNSAFE SPEED,10TH & UNION ST,5593
2014,5,3,Weekday,800,2-Car,No injury/unknown,FAILURE TO YIELD RIGHT OF WAY,E JOHN HINKLE PL,5594
2014,7,5,Weekday,1400,1-Car,No injury/unknown,OTHER (DRIVER) - EXPLAIN IN NARRATIVE,N COLLEGE AVE,5595
2014,2,5,Weekday,1500,2-Car,No injury/unknown,UNSAFE LANE MOVEMENT,NORTH COLLEGE AVE & WEST 9TH,5596
2014,4,6,Weekday,900,2-Car,No injury/unknown,IMPROPER LANE USAGE,9TH & COLLEGE AVE,5597
2014,4,4,Weekday,1300,2-Car,No injury/unknown,UNSAFE LANE MOVEMENT,9TH & COLLEGE AVE,5598
2014,5,3,Weekday,1900,1-Car,No injury/unknown,OVERSIZE/OVERWEIGHT LOAD,COLLEGE AVE,5599
2014,10,5,Weekday,900,2-Car,No injury/unknown,IMPROPER LANE USAGE,N COLLEGE & W 9TH,5600
2014,1,7,Weekend,300,2-Car,No injury/unknown,ROADWAY SURFACE CONDITION,100 WEST 9TH ST & NORTH WALNUT,5601
2014,2,4,Weekday,1800,3+ Cars,No injury/unknown,FOLLOWING TOO CLOSELY,9TH & WALNUT ST,5602
2014,3,5,Weekday,2000,2-Car,No injury/unknown,FAILURE TO YIELD RIGHT OF WAY,9TH & NORTH WALNUT ST,5603
2014,4,7,Weekend,2300,2-Car,No injury/unknown,IMPROPER PASSING,9TH ST & WALNUT,5604
2014,8,6,Weekday,1500,2-Car,Non-incapacitating,FOLLOWING TOO CLOSELY,N WALNUT ST & W 9TH,5605
2014,8,5,Weekday,1300,2-Car,No injury/unknown,UNSAFE BACKING,E 9TH ST & N WALNUT,5606
2014,10,7,Weekend,1200,1-Car,No injury/unknown,RAN OFF ROAD RIGHT,9TH ST & WALNUT,5607
2014,1,3,Weekday,1300,2-Car,Non-incapacitating,FAILURE TO YIELD RIGHT OF WAY,EAST 9TH & NORTH WASHINGTON ST,5608
2014,3,1,Weekend,1200,2-Car,No injury/unknown,FAILURE TO YIELD RIGHT OF WAY,E 9TH & N WASHINGTON ST,5609
2014,5,2,Weekday,1600,2-Car,No injury/unknown,FAILURE TO YIELD RIGHT OF WAY,9TH & GRANT ST,5610
2014,8,6,Weekday,1500,2-Car,No injury/unknown,IMPROPER TURNING,9TH ST & DUNN,5611
2014,4,6,Weekday,1500,1-Car,No injury/unknown,RAN OFF ROAD RIGHT,EAST 9TH ST,5612
2014,1,4,Weekday,1400,2-Car,No injury/unknown,FOLLOWING TOO CLOSELY,9TH & WOODLAWN AVE,5613
2014,10,5,Weekday,1100,2-Car,No injury/unknown,UNSAFE SPEED,9TH & WOODLAWN AVE,5614
2014,10,1,Weekday,2200,2-Car,No injury/unknown,IMPROPER TURNING,9TH & WOODLAWN,5615
2014,10,3,Weekday,1700,2-Car,No injury/unknown,FAILURE TO YIELD RIGHT OF WAY,BLOOMFIELD & LANDMARK,5616
2014,9,7,Weekend,1100,2-Car,No injury/unknown,UNSAFE BACKING,E JAMES RD,5617
2014,9,6,Weekday,1300,3+ Cars,No injury/unknown,FOLLOWING TOO CLOSELY,9TH & COLLEGE AVE,5618
2014,8,4,Weekday,1500,2-Car,No injury/unknown,UNSAFE SPEED,10TH & JORDAN AVE,5619
2014,9,7,Weekend,1600,2-Car,No injury/unknown,UNSAFE BACKING,FESS AVE & NINTH,5620
2014,12,2,Weekday,2300,2-Car,No injury/unknown,OTHER (DRIVER) - EXPLAIN IN NARRATIVE,9TH & LINCOLN,5621
2014,5,2,Weekday,1600,2-Car,No injury/unknown,UNSAFE BACKING,7TH & JORDAN AVE,5622
2014,9,7,Weekend,1000,2-Car,No injury/unknown,UNSAFE BACKING,8TH & ROOSEVELT ST,5623