year,month,day,weekend,hour,collision_type,injury_type,primary_factor,reported_location,unique_id
2014,1,6,Weekday,900,1-Car,No injury/unknown,UNSAFE BACKING,N CABOT CT,5624
2014,7,5,Weekday,1300,Moped/Motorcycle,Non-incapacitating,DISREGARD SIGNAL/REG SIGN,JACOB DR & SUSAN,5625
2014,12,7,Weekend,800,2-Car,No injury/unknown,FOLLOWING TOO CLOSELY,5190 EAST STATE ROAD 45 & SR45E,5626
2014,11,2,Weekday,1800,3+ Cars,Non-incapacitating,FOLLOWING TOO CLOSELY,EASTGATE & SR46N,5627
2014,12,5,Weekday,1700,2-Car,No injury/unknown,SPEED TOO FAST FOR WEATHER CONDITIONS,EASTGATE & SR46N,5628
2014,4,2,Weekday,1200,2-Car,No injury/unknown,FAILURE TO YIELD RIGHT OF WAY,DANIELS WAY & ZENITH,5629
2014,9,6,Weekday,1700,1-Car,No injury/unknown,RAN OFF ROAD RIGHT,PARK RIDGE & SHEFFIELD DR,5630
2014,4,3,Weekday,1800,2-Car,No injury/unknown,IMPROPER TURNING,N GATES DR,5631
2014,4,4,Weekday,1100,2-Car,No injury/unknown,UNSAFE BACKING,N GATES DR,5632
2014,5,7,Weekend,1000,2-Car,No injury/unknown,OTHER (DRIVER) - EXPLAIN IN NARRATIVE,NORTH GATES DR,5633
2014,10,3,Weekday,1700,2-Car,No injury/unknown,FAILURE TO YIELD RIGHT OF WAY,N GATES,5634
2014,2,3,Weekday,1400,1-Car,No injury/unknown,OTHER (DRIVER) - EXPLAIN IN NARRATIVE,ADAMS ST & W VERNAL,5635
2014,4,3,Weekday,1300,1-Car,No injury/unknown,OTHER (DRIVER) - EXPLAIN IN NARRATIVE,ADAMS ST & VERNAL,5636
2014,4,4,Weekday,1200,1-Car,No injury/unknown,DISREGARD SIGNAL/REG SIGN,N ADAMS ST & VERNAL,5637
2014,4,6,Weekday,1500,3+ Cars,No injury/unknown,FOLLOWING TOO CLOSELY,ADAMS ST & VERNAL,5638
2014,8,4,Weekday,1500,1-Car,No injury/unknown,OVERSIZE/OVERWEIGHT LOAD,ADAMS ST & VERNAL,5639
2014,9,1,Weekend,1600,1-Car,No injury/unknown,OVERCORRECTING/OVERSTEERING,N INDIANA AVE,5640
2014,3,2,Weekday,1000,2-Car,No injury/unknown,IMPROPER TURNING,N COLLEGE AVE,5641
2014,1,6,Weekend,2200,2-Car,No injury/unknown,OTHER (DRIVER) - EXPLAIN IN NARRATIVE,W 8TH ST,5642
2014,11,4,Weekday,900,1-Car,No injury/unknown,UNSAFE BACKING,SPRING & W 8TH,5643
2014,9,3,Weekday,2000,3+ Cars,No injury/unknown,DRIVER DISTRACTED - EXPLAIN IN NARRATIVE,8TH & LINCOLN ST,5644
2014,8,5,Weekday,600,1-Car,No injury/unknown,ANIMAL/OBJECT IN ROADWAY,BILL MALLORY & ST RD 446 RD,5645
2014,5,3,Weekday,900,2-Car,No injury/unknown,UNSAFE BACKING,400 N HOPEWELL ST & W 8TH,5646
2014,9,3,Weekday,2100,2-Car,No injury/unknown,UNSAFE BACKING,500 N ADAMS ST & W 8TH,5647
2014,7,5,Weekday,2000,Pedestrian,Non-incapacitating,FAILURE TO YIELD RIGHT OF WAY,E 8TH & N INDIANA AVE,5648
2014,12,6,Weekday,1000,2-Car,No injury/unknown,FAILURE TO YIELD RIGHT OF WAY,8TH & INDIANA,5649
2014,11,2,Weekday,800,2-Car,No injury/unknown,UNSAFE BACKING,8TH & INDIANA,5650
2014,12,5,Weekday,1600,2-Car,No injury/unknown,UNSAFE BACKING,8TH & FESS,5651
2014,11,2,Weekday,700,1-Car,No injury/unknown,ROADWAY SURFACE CONDITION,CAMBRIDGE & SHEFFIELD,5652
2014,5,1,Weekend,1500,2-Car,No injury/unknown,UNSAFE BACKING,N PETE ELLIS DR,5653
2014,6,6,Weekday,1300,2-Car,No injury/unknown,OTHER (DRIVER) - EXPLAIN IN NARRATIVE,N SUNRISE AVE,5654
2014,1,5,Weekday,1100,1-Car,No injury/unknown,OTHER (ENVIRONMENTAL) - EXPLAIN IN NARR,S MORTON AVE,5655
2014,1,3,Weekday,1900,2-Car,No injury/unknown,IMPROPER TURNING,8TH & COLLEGE AVE,5656
2014,2,7,Weekend,200,2-Car,No injury/unknown,UNSAFE LANE MOVEMENT,NORTH COLLEGE AVE & WEST 8TH,5657
2014,4,3,Weekday,1000,Bus,No injury/unknown,OTHER (DRIVER) - EXPLAIN IN NARRATIVE,8TH & COLLEGE AVE,5658
2014,4,2,Weekday,1500,2-Car,No injury/unknown,IMPROPER TURNING,8TH & COLLEGE AVE,5659
2014,4,4,Weekday,1800,2-Car,No injury/unknown,IMPROPER TURNING,8TH & S COLLEGE AVE,5660
2014,4,1,Weekend,1800,2-Car,No injury/unknown,IMPROPER TURNING,8TH & N COLLEGE AVE AVE,5661
2014,6,4,Weekday,700,2-Car,No injury/unknown,IMPROPER TURNING,N COLLEGE ST & W 8TH,5662
2014,6,3,Weekday,1200,2-Car,No injury/unknown,IMPROPER TURNING,N COLLEGE AVE & W 8TH,5663
2014,9,5,Weekday,1500,2-Car,No injury/unknown,UNSAFE LANE MOVEMENT,8TH & COLLEGE AVE,5664
2014,9,6,Weekday,1200,2-Car,No injury/unknown,IMPROPER TURNING,8TH & N COLLEGE AVE,5665
2014,11,6,Weekday,1100,2-Car,No injury/unknown,UNSAFE LANE MOVEMENT,N COLLEGE & W 8TH,5666
2014,5,5,Weekday,700,2-Car,No injury/unknown,FAILURE TO YIELD RIGHT OF WAY,E 8TH & N WALNUT ST,5667
2014,9,1,Weekend,1600,2-Car,No injury/unknown,UNSAFE BACKING,N WALNUT ST,5668
2014,11,1,Weekend,300,2-Car,No injury/unknown,RAN OFF ROAD RIGHT,8TH & N WALNUT,5669
2014,4,5,Weekday,2100,2-Car,No injury/unknown,FAILURE TO YIELD RIGHT OF WAY,8TH & WASHINGTON ST,5670
2014,2,1,Weekend,1400,2-Car,No injury/unknown,FAILURE TO YIELD RIGHT OF WAY,EAST 8TH & NORTH LINCOLN ST,5671
2014,4,4,Weekday,1400,2-Car,No injury/unknown,FAILURE TO YIELD RIGHT OF WAY,8TH & LINCOLN ST,5672
2014,1,5,Weekday,1900,2-Car,No injury/unknown,FAILURE TO YIELD RIGHT OF WAY,8TH ST & WOODLAWN,5673
2014,2,6,Weekend,2000,1-Car,No injury/unknown,RAN OFF ROAD RIGHT,BUSKIRK RD & FRY,5674
2014,6,7,Weekend,1700,2-Car,No injury/unknown,FAILURE TO YIELD RIGHT OF WAY,COLLEGE AVE & EIGHTH,5675
2014,11,7,Weekend,100,2-Car,No injury/unknown,UNSAFE BACKING,8TH & NORTH CLARK,5676
2014,2,3,Weekday,1700,2-Car,No injury/unknown,UNSAFE BACKING,E 8TH ST & N FORREST,5677
2014,9,3,Weekday,700,Pedestrian,No injury/unknown,UNSAFE SPEED,E 8TH & N FORREST AVE,5678
2014,6,7,Weekend,0,Moped/Motorcycle,Non-incapacitating,ROADWAY SURFACE CONDITION,8TH & WASHINGTON ST,5679
2014,10,1,Weekend,400,1-Car,No injury/unknown,OVERCORRECTING/OVERSTEERING,E AMY & N PETE ELLIS DR,5680
2014,9,3,Weekday,2100,2-Car,No injury/unknown,OTHER (DRIVER) - EXPLAIN IN NARRATIVE,NORTH JACOBS DR,5681
2014,3,5,Weekday,1400,2-Car,No injury/unknown,UNSAFE BACKING,6 TH & MORTON ST,5682
2014,7,3,Weekday,1600,2-Car,No injury/unknown,UNSAFE BACKING,E 7TH & N FORREST AVE,5683
2014,4,4,Weekday,1400,2-Car,No injury/unknown,DISREGARD SIGNAL/REG SIGN,7TH & JORDAN AVE,5684
2014,9,2,Weekday,1600,Cyclist,No injury/unknown,DISREGARD SIGNAL/REG SIGN,E 7TH & N JORDAN AVE,5685
2014,9,6,Weekend,2300,2-Car,No injury/unknown,UNSAFE BACKING,E 7TH ST & N JORDAN,5686
2014,12,3,Weekday,700,Pedestrian,Non-incapacitating,VIEW OBSTRUCTED,7TH & JORDAN,5687
2014,10,6,Weekday,1700,2-Car,No injury/unknown,UNSAFE LANE MOVEMENT,45 & SOUTH CURRY PIKE,5688
2014,7,4,Weekday,1000,2-Car,No injury/unknown,FOLLOWING TOO CLOSELY,7TH & COLLEGE AVE,5689
2014,4,7,Weekend,1100,3+ Cars,No injury/unknown,UNSAFE BACKING,N GATES DR,5690
2014,6,5,Weekday,700,2-Car,No injury/unknown,LEFT OF CENTER,400 BLK S GRANT ST & SMITH,5691
2014,2,4,Weekday,1300,2-Car,No injury/unknown,FOLLOWING TOO CLOSELY,N GATES & W ALEXANDER DR,5692
2014,9,2,Weekday,800,Bus,Non-incapacitating,LEFT OF CENTER,ALEXANDER & JACOB DR,5693
2014,1,6,Weekday,1800,2-Car,Non-incapacitating,FOLLOWING TOO CLOSELY,ALEXANDER DR & GATES,5694
2014,1,6,Weekend,2200,1-Car,No injury/unknown,DRIVER DISTRACTED - EXPLAIN IN NARRATIVE,E 7TH ST,5695
2014,2,6,Weekday,1200,2-Car,No injury/unknown,UNSAFE BACKING,7TH ST,5696
2014,3,5,Weekday,0,2-Car,No injury/unknown,OTHER (DRIVER) - EXPLAIN IN NARRATIVE,E 7TH ST,5697
2014,5,1,Weekend,1600,2-Car,No injury/unknown,DRIVER DISTRACTED - EXPLAIN IN NARRATIVE,EAST 7TH ST,5698
2014,7,5,Weekday,1200,2-Car,No injury/unknown,FAILURE TO YIELD RIGHT OF WAY,E 7TH ST,5699
2014,9,2,Weekday,1200,2-Car,No injury/unknown,UNSAFE BACKING,EAST 7TH ST,5700
2014,10,5,Weekday,1500,2-Car,No injury/unknown,UNSAFE BACKING,EAST 7TH,5701
2014,4,7,Weekend,300,2-Car,No injury/unknown,OTHER (DRIVER) - EXPLAIN IN NARRATIVE,COLLEGE AVE,5702
2014,12,2,Weekday,300,2-Car,No injury/unknown,OTHER (VEHICLE) - EXPLAIN IN NARRATIVE,E 7TH & N CAMPBELL,5703
2014,4,3,Weekday,1700,2-Car,No injury/unknown,RAN OFF ROAD RIGHT,7TH & DUNN ST,5704
2014,9,5,Weekday,1600,2-Car,No injury/unknown,UNSAFE BACKING,EAST 7TH ST,5705
2014,3,6,Weekday,200,Pedestrian,No injury/unknown,FAILURE TO YIELD RIGHT OF WAY,N WALNUT ST,5706
2014,8,1,Weekend,200,1-Car,Non-incapacitating,FAILURE TO YIELD RIGHT OF WAY,N WALNUT ST,5707
2014,2,6,Weekday,1500,2-Car,No injury/unknown,SPEED TOO FAST FOR WEATHER CONDITIONS,7TH ST & CAMPBELL,5708
2014,2,6,Weekday,1700,1-Car,No injury/unknown,UNSAFE BACKING,W 7TH ST,5709
2014,3,2,Weekday,1100,1-Car,Non-incapacitating,OTHER (VEHICLE) - EXPLAIN IN NARRATIVE,W 7TH ST,5710
2014,6,4,Weekday,1900,2-Car,No injury/unknown,OTHER (DRIVER) - EXPLAIN IN NARRATIVE,7TH ST & ROGERS,5711
2014,1,4,Weekday,1200,2-Car,No injury/unknown,FOLLOWING TOO CLOSELY,7TH ST & MORTON,5712
2014,3,3,Weekday,1500,2-Car,No injury/unknown,UNSAFE BACKING,7TH ST & MORTON,5713
2014,6,5,Weekday,900,2-Car,No injury/unknown,LEFT OF CENTER,N MORTON ST,5714
2014,12,2,Weekday,1900,2-Car,No injury/unknown,UNSAFE BACKING,N MORTON,5715
2014,6,3,Weekday,700,2-Car,No injury/unknown,IMPROPER TURNING,W 7TH ST,5716
2014,1,5,Weekday,1200,2-Car,No injury/unknown,UNSAFE BACKING,N WALNUT ST,5717
2014,2,6,Weekday,200,1-Car,No injury/unknown,OTHER (ENVIRONMENTAL) - EXPLAIN IN NARR,COLLEGE AVE,5718
2014,3,2,Weekday,1100,Pedestrian,Non-incapacitating,FAILURE TO YIELD RIGHT OF WAY,7TH & COLLEGE AVE,5719
2014,4,5,Weekday,1300,2-Car,No injury/unknown,FAILURE TO YIELD RIGHT OF WAY,COLLEGE & WEST 7TH ST,5720
2014,7,6,Weekday,800,1-Car,No injury/unknown,OTHER (DRIVER) - EXPLAIN IN NARRATIVE,N COLLEGE AVE AVE,5721
2014,10,5,Weekday,900,Pedestrian,Non-incapacitating,PEDESTRIAN ACTION,7TH & N COLLEGE AVE,5722
2014,10,7,Weekend,100,2-Car,No injury/unknown,UNSAFE LANE MOVEMENT,7TH & COLLEGE,5723
2014,10,7,Weekend,1600,Bus,No injury/unknown,IMPROPER LANE USAGE,N COLLEGE & W 7TH,5724
2014,11,5,Weekday,1200,2-Car,No injury/unknown,FAILURE TO YIELD RIGHT OF WAY,7TH & WASHINGTON,5725
2014,12,1,Weekend,1600,2-Car,No injury/unknown,FAILURE TO YIELD RIGHT OF WAY,7TH & LINCOLN,5726
2014,10,3,Weekday,2300,2-Car,No injury/unknown,FAILURE TO YIELD RIGHT OF WAY,7TH & WASHINGTON,5727
2014,8,3,Weekday,1400,2-Car,No injury/unknown,FAILURE TO YIELD RIGHT OF WAY,7TH ST & GRANT,5728
2014,10,6,Weekday,1300,Bus,No injury/unknown,IMPROPER LANE USAGE,7TH ST & GRANT,5729
2014,5,6,Weekday,1600,Bus,No injury/unknown,OTHER (DRIVER) - EXPLAIN IN NARRATIVE,7TH & NORTH WALNUT ST,5730
2014,7,6,Weekday,100,2-Car,No injury/unknown,UNSAFE LANE MOVEMENT,7TH & WALNUT ST,5731
2014,12,6,Weekday,1100,2-Car,No injury/unknown,OTHER (DRIVER) - EXPLAIN IN NARRATIVE,E 7TH & N WASHINGTON,5732
2014,3,6,Weekday,1600,2-Car,No injury/unknown,UNSAFE BACKING,WEST 7TH ST,5733
2014,8,6,Weekday,1200,2-Car,No injury/unknown,OTHER (DRIVER) - EXPLAIN IN NARRATIVE,WEST 7TH ST,5734
2014,1,3,Weekday,1200,1-Car,No injury/unknown,UNSAFE BACKING,314 E 7TH ST & LINCOLN,5735
2014,2,3,Weekday,1400,Bus,No injury/unknown,OVERCORRECTING/OVERSTEERING,7TH ST & GRANT,5736
2014,5,4,Weekday,1200,2-Car,No injury/unknown,UNSAFE BACKING,E 6TH ST,5737
2014,7,4,Weekday,700,Bus,No injury/unknown,OTHER (VEHICLE) - EXPLAIN IN NARRATIVE,E 7TH ST & N GRANT,5738
2014,12,5,Weekday,1000,2-Car,No injury/unknown,FAILURE TO YIELD RIGHT OF WAY,E 7TH & N GRANT,5739
2014,1,5,Weekday,1000,2-Car,No injury/unknown,FOLLOWING TOO CLOSELY,E 7TH ST & N DUNN,5740
2014,5,5,Weekday,1500,2-Car,No injury/unknown,OVERCORRECTING/OVERSTEERING,DUNN & E 7TH ST,5741
2014,11,1,Weekend,1700,2-Car,Non-incapacitating,DISREGARD SIGNAL/REG SIGN,EAST 7TH & NORTH DUNN,5742
2014,11,5,Weekday,1800,Cyclist,Incapacitating,FAILURE TO YIELD RIGHT OF WAY,7TH & INDIANA,5743
2014,9,5,Weekday,1200,2-Car,No injury/unknown,OTHER (VEHICLE) - EXPLAIN IN NARRATIVE,811 E 7TH ST ALY & WOODLAWN,5744
2014,11,7,Weekend,1700,2-Car,No injury/unknown,FAILURE TO YIELD RIGHT OF WAY,E 7TH,5745
2014,4,4,Weekday,1400,2-Car,No injury/unknown,UNSAFE BACKING,E 7TH ST,5746
2014,6,4,Weekday,1400,2-Car,No injury/unknown,UNSAFE BACKING,E 7TH ST,5747
2014,3,4,Weekday,1400,2-Car,No injury/unknown,UNSAFE BACKING,E 7TH ST,5748
2014,9,6,Weekday,800,3+ Cars,No injury/unknown,ANIMAL/OBJECT IN ROADWAY,N PINE & W 7TH ST,5749
2014,2,7,Weekend,1600,2-Car,No injury/unknown,FAILURE TO YIELD RIGHT OF WAY,ROGERS ST & SEVENTH,5750
2014,12,2,Weekday,1900,2-Car,No injury/unknown,UNSAFE BACKING,EAST 7TH,5751
2014,2,2,Weekday,1100,1-Car,No injury/unknown,OTHER (DRIVER) - EXPLAIN IN NARRATIVE,N ADAMS ST & W 7TH,5752
2014,8,7,Weekend,1800,3+ Cars,No injury/unknown,CELL PHONE USAGE,NORTH COLLEGE AVE & SEVENTH,5753
2014,5,6,Weekday,1600,2-Car,No injury/unknown,UNSAFE BACKING,E 7TH ST,5754
2014,12,2,Weekday,1200,2-Car,No injury/unknown,LEFT OF CENTER,NORTH JACOBS,5755
2014,10,2,Weekday,800,2-Car,No injury/unknown,UNSAFE BACKING,N JACOB,5756
2014,9,3,Weekday,1700,2-Car,No injury/unknown,UNSAFE BACKING,INDIANA & SEVENTH ST,5757
2014,2,3,Weekday,1600,2-Car,No injury/unknown,PEDESTRIAN ACTION,7TH ST & DUNN,5758
2014,5,1,Weekend,1400,2-Car,No injury/unknown,FAILURE TO YIELD RIGHT OF WAY,7TH ST & DUNN,5759
2014,8,6,Weekday,1200,2-Car,No injury/unknown,IMPROPER TURNING,7TH ST & DUNN,5760
2014,10,6,Weekday,1600,Bus,No injury/unknown,IMPROPER TURNING,SEVENTH & WOODLAWN AVE,5761
2014,10,7,Weekend,1900,Bus,Non-incapacitating,IMPROPER PASSING,SEVENTH & WOODLAWN,5762
2014,1,6,Weekend,1900,2-Car,No injury/unknown,OTHER (DRIVER) - EXPLAIN IN NARRATIVE,7TH & COLLEGE AVE,5763
2014,10,4,Weekday,1000,2-Car,No injury/unknown,WRONG WAY ON ONE WAY,900 E 7TH ST & FORREST,5764
2014,9,3,Weekday,1100,2-Car,No injury/unknown,UNSAFE BACKING,900 E 7TH (PAYLOT 1) ST & FORREST,5765
2014,4,6,Weekend,2200,1-Car,No injury/unknown,LEFT OF CENTER,7TH ST & FORREST,5766
2014,8,2,Weekday,600,2-Car,No injury/unknown,FAILURE TO YIELD RIGHT OF WAY,7TH & NORTH FORREST AVE,5767
2014,7,4,Weekday,1500,2-Car,No injury/unknown,UNSAFE BACKING,JACOB DR,5768
2014,2,3,Weekday,900,2-Car,No injury/unknown,UNSAFE BACKING,E SEVENTH ST,5769
2014,2,5,Weekday,1200,2-Car,No injury/unknown,OTHER (DRIVER) - EXPLAIN IN NARRATIVE,E SEVENTH ST,5770
2014,10,6,Weekday,1000,1-Car,No injury/unknown,OVERCORRECTING/OVERSTEERING,BRAESIDE & PETE ELLIS DR,5771
2014,4,3,Weekday,1400,2-Car,No injury/unknown,FOLLOWING TOO CLOSELY,7TH & WALNUT ST,5772
2014,1,7,Weekend,2100,2-Car,No injury/unknown,LEFT OF CENTER,N CURRY & W JONATHAN DR,5773
2014,10,3,Weekday,1700,2-Car,No injury/unknown,DISREGARD SIGNAL/REG SIGN,CURRY PIKE & JONATHAN,5774
2014,4,1,Weekend,400,1-Car,No injury/unknown,RAN OFF ROAD RIGHT,FRANKLIN RD,5775
2014,1,5,Weekday,1400,2-Car,No injury/unknown,IMPROPER TURNING,BRAESIDE DR,5776
2014,9,5,Weekday,900,Bus,No injury/unknown,IMPROPER PASSING,7TH & JORDAN AVE,5777
2014,9,7,Weekend,2100,2-Car,No injury/unknown,UNSAFE BACKING,SEVENTH ST & UNION,5778
2014,1,3,Weekday,1400,1-Car,No injury/unknown,SPEED TOO FAST FOR WEATHER CONDITIONS,E BRAESIDE DR,5779
2014,1,5,Weekday,1600,1-Car,No injury/unknown,ROADWAY SURFACE CONDITION,BRAESIDE & PETE ELLIS DR,5780
2014,1,5,Weekday,200,1-Car,Non-incapacitating,RAN OFF ROAD RIGHT,BRAESIDE & PETE ELLIS DR,5781
2014,12,1,Weekend,400,3+ Cars,No injury/unknown,DRIVER ASLEEP OR FATIGUED,E BRAESIDE,5782
2014,12,3,Weekday,2300,Pedestrian,Incapacitating,PEDESTRIAN ACTION,S ROGERS & W CHEROKEE,5783
2014,12,4,Weekday,1600,2-Car,No injury/unknown,UNSAFE BACKING,E 7TH & N FORREST,5784
2014,3,3,Weekday,800,1-Car,No injury/unknown,DRIVER ASLEEP OR FATIGUED,DANIELS WAY WAY,5785
2014,1,7,Weekend,1000,2-Car,No injury/unknown,UNSAFE BACKING,N GATES DR,5786
2014,1,1,Weekend,1200,2-Car,No injury/unknown,DRIVER DISTRACTED - EXPLAIN IN NARRATIVE,N GATES DR,5787
2014,5,5,Weekday,1500,Cyclist,Non-incapacitating,DRIVER DISTRACTED - EXPLAIN IN NARRATIVE,MORTON ST,5788
2014,6,7,Weekend,1600,2-Car,No injury/unknown,OTHER (DRIVER) - EXPLAIN IN NARRATIVE,N GATES DR,5789
2014,4,6,Weekday,900,2-Car,No injury/unknown,OTHER (DRIVER) - EXPLAIN IN NARRATIVE,E BRAESIDE DR,5790
2014,1,7,Weekend,2200,1-Car,No injury/unknown,RAN OFF ROAD RIGHT,HARBSION LANE & HARTSTRAIT RD RDS,5791
2014,8,6,Weekend,2000,2-Car,No injury/unknown,UNSAFE BACKING,FRANKLIN RD,5792
2014,4,1,Weekend,900,2-Car,No injury/unknown,IMPROPER TURNING,GRANT & SIXTH ST,5793
2014,11,2,Weekday,1500,Cyclist,Non-incapacitating,PEDESTRIAN ACTION,E 6TH & INDIANA,5794
2014,10,2,Weekday,900,2-Car,No injury/unknown,FOLLOWING TOO CLOSELY,6TH ST & ADAMS,5795
2014,11,6,Weekend,2200,2-Car,No injury/unknown,FAILURE TO YIELD RIGHT OF WAY,S FRANKLIN & W HOLIDAY,5796
2014,1,7,Weekend,700,2-Car,No injury/unknown,IMPROPER LANE USAGE,6TH & ELM ST,5797
2014,9,3,Weekday,1700,1-Car,No injury/unknown,RAN OFF ROAD RIGHT,6TH ST & ELM,5798
2014,1,4,Weekday,1700,2-Car,No injury/unknown,SPEED TOO FAST FOR WEATHER CONDITIONS,E 6TH ST,5799
2014,3,3,Weekday,1900,2-Car,No injury/unknown,FAILURE TO YIELD RIGHT OF WAY,E 6TH ST & GRANT,5800
2014,8,6,Weekday,200,1-Car,No injury/unknown,RAN OFF ROAD RIGHT,6TH & GRANT,5801
2014,3,5,Weekday,300,2-Car,No injury/unknown,IMPROPER LANE USAGE,N ROGERS & W 6TH ST,5802
2014,11,6,Weekday,1300,2-Car,No injury/unknown,FAILURE TO YIELD RIGHT OF WAY,N ROGERS & W 6TH,5803
2014,8,1,Weekend,1400,2-Car,No injury/unknown,OTHER (DRIVER) - EXPLAIN IN NARRATIVE,E 7TH ST,5804
2014,12,5,Weekday,1300,Cyclist,Non-incapacitating,IMPROPER PASSING,6TH & MADISON,5805
2014,8,1,Weekend,1400,2-Car,No injury/unknown,UNSAFE LANE MOVEMENT,NORTH MORTON & WEST 6TH ST,5806
2014,10,2,Weekday,1600,2-Car,Non-incapacitating,DRIVER DISTRACTED - EXPLAIN IN NARRATIVE,E 6TH & N WASHINGTON,5807
2014,6,2,Weekday,1800,2-Car,No injury/unknown,UNSAFE BACKING,E 7TH ST,5808
2014,7,3,Weekday,1000,2-Car,No injury/unknown,UNSAFE BACKING,6TH ST & WASHINGTON,5809
2014,7,4,Weekday,1200,2-Car,No injury/unknown,OTHER (DRIVER) - EXPLAIN IN NARRATIVE,E 7TH ST,5810
2014,6,2,Weekday,1700,2-Car,No injury/unknown,UNSAFE BACKING,E 6TH ST,5811
2014,3,7,Weekend,1800,Bus,No injury/unknown,UNSAFE BACKING,6TH ST & COLLEGE,5812
2014,4,5,Weekday,1100,2-Car,No injury/unknown,IMPROPER TURNING,N COLLEGE AVE & W 6TH,5813
2014,5,4,Weekday,1300,2-Car,Non-incapacitating,DISREGARD SIGNAL/REG SIGN,6TH & COLLEGE AVE,5814
2014,7,4,Weekday,1100,2-Car,Incapacitating,IMPROPER TURNING,6TH & COLLEGE AVE,5815
2014,8,6,Weekday,1500,2-Car,No injury/unknown,FOLLOWING TOO CLOSELY,S COLLEGE AVE & W 6TH,5816
2014,9,3,Weekday,800,2-Car,No injury/unknown,UNSAFE BACKING,COLLEGE & W 6TH ST,5817
2014,12,6,Weekday,1300,2-Car,No injury/unknown,UNSAFE BACKING,6TH & COLLEGE,5818
2014,12,4,Weekday,300,1-Car,No injury/unknown,RAN OFF ROAD RIGHT,6TH & COLLEGE,5819
2014,4,7,Weekend,1200,1-Car,No injury/unknown,UNSAFE BACKING,E 6TH ST & WALNUT,5820
2014,8,7,Weekend,100,2-Car,No injury/unknown,UNSAFE BACKING,E 6TH ST & WALNUT,5821
2014,8,3,Weekday,1100,2-Car,No injury/unknown,UNSAFE LANE MOVEMENT,EAST 6TH & NORTH WALNUT ST,5822
2014,10,5,Weekday,1400,2-Car,No injury/unknown,UNSAFE BACKING,SIXTH ST & WALNUT,5823
2014,2,1,Weekend,1800,2-Car,No injury/unknown,FOLLOWING TOO CLOSELY,E 7TH & SR46N,5824
2014,5,3,Weekday,1500,2-Car,Non-incapacitating,FOLLOWING TOO CLOSELY,E 7TH & SR46S,5825
2014,8,1,Weekend,1100,3+ Cars,No injury/unknown,FOLLOWING TOO CLOSELY,7TH & SR46E,5826
2014,10,6,Weekday,1400,3+ Cars,Incapacitating,FOLLOWING TOO CLOSELY,7TH & SR46E,5827
2014,11,7,Weekend,1300,3+ Cars,No injury/unknown,FAILURE TO YIELD RIGHT OF WAY,7TH & STATE  46,5828
2014,5,3,Weekday,1600,1-Car,No injury/unknown,OTHER (DRIVER) - EXPLAIN IN NARRATIVE,N JORDAN AVE,5829
2014,5,4,Weekday,1400,1-Car,No injury/unknown,OTHER (DRIVER) - EXPLAIN IN NARRATIVE,N JORDAN AVE,5830
2014,2,4,Weekday,900,2-Car,No injury/unknown,FAILURE TO YIELD RIGHT OF WAY,N JORDAN AVE,5831
2014,2,4,Weekday,1200,2-Car,No injury/unknown,FOLLOWING TOO CLOSELY,N JORDAN AVE,5832
2014,1,2,Weekday,1600,2-Car,No injury/unknown,UNSAFE BACKING,N JORDAN AVE,5833
2014,9,4,Weekday,200,3+ Cars,No injury/unknown,UNSAFE LANE MOVEMENT,6TH ST & DUNN,5834
2014,4,2,Weekday,900,3+ Cars,No injury/unknown,UNSAFE LANE MOVEMENT,6TH & COLLEGE AVE,5835
2014,4,6,Weekday,1700,3+ Cars,No injury/unknown,UNSAFE SPEED,PROFILE & SR48W,5836
2014,1,2,Weekday,900,2-Car,No injury/unknown,FOLLOWING TOO CLOSELY,PROFILE & SR48W,5837
2014,9,7,Weekend,1800,2-Car,No injury/unknown,DRIVER DISTRACTED - EXPLAIN IN NARRATIVE,PROFILE & SR48W,5838
2014,2,5,Weekday,1000,2-Car,No injury/unknown,FAILURE TO YIELD RIGHT OF WAY,PROFILE & SR48E,5839
2014,8,7,Weekend,1500,3+ Cars,No injury/unknown,FOLLOWING TOO CLOSELY,EAST 7TH & SR46E,5840
2014,12,6,Weekend,1900,1-Car,No injury/unknown,IMPROPER TURNING,NORTH JORDAN,5841
2014,3,1,Weekend,1200,Bus,No injury/unknown,ROADWAY SURFACE CONDITION,JORDAN AVE & UNIVERSITY,5842
2014,10,4,Weekday,1400,2-Car,No injury/unknown,IMPROPER TURNING,DUNN & KIRKWOOD,5843
2014,9,2,Weekday,1700,2-Car,No injury/unknown,FAILURE TO YIELD RIGHT OF WAY,INDIANA AVE & KIRKWOOD,5844
2014,5,3,Weekday,1400,1-Car,No injury/unknown,UNSAFE BACKING,JOHNSON AVE,5845
2014,5,3,Weekday,1100,2-Car,Non-incapacitating,FOLLOWING TOO CLOSELY,KIRKWOOD & ROGERS ST,5846
2014,7,3,Weekday,0,2-Car,Non-incapacitating,FAILURE TO YIELD RIGHT OF WAY,LONGVIEW & PETE ELLIS DR,5847
2014,10,7,Weekend,1100,2-Car,No injury/unknown,FAILURE TO YIELD RIGHT OF WAY,LONGVIEW & PETE ELLIS,5848
2014,8,2,Weekday,1400,Moped/Motorcycle,Incapacitating,FAILURE TO YIELD RIGHT OF WAY,LONGVIEW & PETE ELLIS DR,5849