year,month,day,weekend,hour,collision_type,injury_type,primary_factor,reported_location,unique_id
2014,7,5,Weekday,1800,2-Car,No injury/unknown,FAILURE TO YIELD RIGHT OF WAY,3RD ST & PARK RIDGE,6517
2014,8,3,Weekday,1400,2-Car,No injury/unknown,FAILURE TO YIELD RIGHT OF WAY,3RD ST & PARK RIDGE,6518
2014,11,3,Weekday,1100,2-Car,No injury/unknown,UNSAFE BACKING,E 3RD,6519
2014,2,6,Weekday,1600,2-Car,No injury/unknown,UNSAFE LANE MOVEMENT,EAST 3RD & SR46S,6520
2014,6,1,Weekend,1800,2-Car,No injury/unknown,FOLLOWING TOO CLOSELY,E 3RD ST & SR46S,6521
2014,7,3,Weekday,1300,2-Car,No injury/unknown,FOLLOWING TOO CLOSELY,E 3RD & SR46S,6522
2014,10,6,Weekday,1700,2-Car,No injury/unknown,FOLLOWING TOO CLOSELY,3RD & SR46S,6523
2014,11,6,Weekday,900,2-Car,No injury/unknown,FOLLOWING TOO CLOSELY,3RD & SR46E,6524
2014,12,3,Weekday,600,2-Car,No injury/unknown,DISREGARD SIGNAL/REG SIGN,E3RD & SR46,6525
2014,12,6,Weekday,1600,2-Car,No injury/unknown,FOLLOWING TOO CLOSELY,E 3RD & SR46N,6526
2014,8,6,Weekday,1700,2-Car,No injury/unknown,UNSAFE BACKING,E 3RD ST,6527
2014,8,4,Weekday,1300,2-Car,No injury/unknown,UNSAFE BACKING,E 3RD ST,6528
2014,12,2,Weekday,1400,2-Car,No injury/unknown,UNSAFE BACKING,E 3RD,6529
2014,6,3,Weekday,1500,2-Car,No injury/unknown,VIEW OBSTRUCTED,E 3RD ST,6530
2014,8,4,Weekday,1400,2-Car,No injury/unknown,UNSAFE BACKING,E 3RD ST,6531
2014,4,6,Weekday,1700,2-Car,No injury/unknown,UNSAFE BACKING,E 3RD ST,6532
2014,10,1,Weekend,1200,2-Car,Non-incapacitating,FOLLOWING TOO CLOSELY,3RD & PARKRIDGE,6533
2014,10,4,Weekday,1600,2-Car,Incapacitating,FOLLOWING TOO CLOSELY,3RD & PARKRIDGE,6534
2014,10,2,Weekday,800,2-Car,No injury/unknown,FAILURE TO YIELD RIGHT OF WAY,E 3RD & SO PARKRIDGE,6535
2014,10,7,Weekend,1500,2-Car,No injury/unknown,UNSAFE SPEED,E THIRD,6536
2014,7,3,Weekday,1300,2-Car,No injury/unknown,FAILURE TO YIELD RIGHT OF WAY,E THIRD ST,6537
2014,1,1,Weekend,1600,2-Car,No injury/unknown,SPEED TOO FAST FOR WEATHER CONDITIONS,DUNN & THIRD ST,6538
2014,1,1,Weekend,1500,2-Car,No injury/unknown,OTHER (DRIVER) - EXPLAIN IN NARRATIVE,EAST THIRD ST,6539
2014,5,7,Weekend,1100,2-Car,No injury/unknown,UNSAFE BACKING,EAST 3RD ST,6540
2014,9,6,Weekday,1100,2-Car,No injury/unknown,OTHER (DRIVER) - EXPLAIN IN NARRATIVE,EAST THIRD ST,6541
2014,8,5,Weekday,800,2-Car,No injury/unknown,UNSAFE BACKING,S WALNUT ST,6542
2014,5,4,Weekday,1900,2-Car,Non-incapacitating,FAILURE TO YIELD RIGHT OF WAY,3RD ST & NS ALLEY BETWEEN GRANT AND LIN,6543
2014,1,1,Weekend,1100,1-Car,No injury/unknown,OTHER (DRIVER) - EXPLAIN IN NARRATIVE,WEST 3RD ST,6544
2014,8,2,Weekday,1700,2-Car,No injury/unknown,OTHER (DRIVER) - EXPLAIN IN NARRATIVE,E THIRD ST,6545
2014,9,3,Weekday,1100,2-Car,No injury/unknown,UNSAFE BACKING,EAST THIRD ST,6546
2014,7,7,Weekend,2200,2-Car,No injury/unknown,UNSAFE BACKING,S COLLEGE MALL RD,6547
2014,3,1,Weekend,1100,2-Car,No injury/unknown,OTHER (DRIVER) - EXPLAIN IN NARRATIVE,S WALNUT ST,6548
2014,7,6,Weekday,1700,1-Car,No injury/unknown,OTHER (VEHICLE) - EXPLAIN IN NARRATIVE,GARRISON CHAPEL & SR48W,6549
2014,1,6,Weekend,2200,2-Car,No injury/unknown,UNSAFE BACKING,1200 E 3RD ST & BALLANTINE,6550
2014,10,7,Weekend,1300,2-Car,No injury/unknown,FAILURE TO YIELD RIGHT OF WAY,PROSPECT & S ROGERS,6551
2014,10,2,Weekday,1100,1-Car,Non-incapacitating,OTHER (DRIVER) - EXPLAIN IN NARRATIVE,PATTERSON & PROSPECT,6552
2014,3,3,Weekday,1700,Cyclist,No injury/unknown,FAILURE TO YIELD RIGHT OF WAY,ATWATER & HAWTHORNE LN,6553
2014,6,1,Weekend,1500,1-Car,No injury/unknown,ANIMAL/OBJECT IN ROADWAY,E BENDER & SR46E,6554
2014,9,7,Weekend,1800,1-Car,No injury/unknown,ANIMAL/OBJECT IN ROADWAY,CAVE & SR48,6555
2014,12,2,Weekday,100,1-Car,No injury/unknown,UNSAFE SPEED,NORTH TRAILWAY & SR46E,6556
2014,2,3,Weekday,2300,3+ Cars,No injury/unknown,ROADWAY SURFACE CONDITION,ATWATER & FACULTY AVE,6557
2014,1,7,Weekend,400,1-Car,No injury/unknown,RAN OFF ROAD RIGHT,N GETTYS CREEK & SR46E,6558
2014,10,4,Weekday,2100,1-Car,No injury/unknown,ANIMAL/OBJECT IN ROADWAY,BENDER & SR46E,6559
2014,8,4,Weekday,1100,2-Car,No injury/unknown,IMPROPER TURNING,E ATWATER AVE,6560
2014,12,1,Weekend,300,1-Car,No injury/unknown,SPEED TOO FAST FOR WEATHER CONDITIONS,EAST TRAILWAY & SR46E,6561
2014,4,4,Weekday,2000,1-Car,No injury/unknown,RAN OFF ROAD RIGHT,BELLE & S VILLAGE CT,6562
2014,1,4,Weekday,1400,2-Car,No injury/unknown,IMPROPER PASSING,GARRISON CHAPEL & SR48W,6563
2014,12,2,Weekday,1800,1-Car,No injury/unknown,ANIMAL/OBJECT IN ROADWAY,S CAVE & SR48W,6564
2014,12,6,Weekend,2300,Pedestrian,Incapacitating,PEDESTRIAN ACTION,3RD & PATTERSON,6565
2014,2,6,Weekday,1200,2-Car,No injury/unknown,DISREGARD SIGNAL/REG SIGN,SO PATTERSON & W 3RD ST,6566
2014,4,3,Weekday,1000,2-Car,Non-incapacitating,OTHER TELEMATICS IN USE,PATTERSON & W 3RD ST,6567
2014,7,2,Weekday,1000,2-Car,No injury/unknown,FOLLOWING TOO CLOSELY,PATTERSON & WEST 3RD ST,6568
2014,7,2,Weekday,1600,Moped/Motorcycle,No injury/unknown,FAILURE TO YIELD RIGHT OF WAY,3RD ST & PATTERSON,6569
2014,8,6,Weekend,1900,2-Car,No injury/unknown,FOLLOWING TOO CLOSELY,S PATTERSON & W 3RD ST,6570
2014,9,6,Weekday,800,2-Car,No injury/unknown,FOLLOWING TOO CLOSELY,3RD ST & PATTERSON,6571
2014,9,2,Weekday,700,1-Car,No injury/unknown,OTHER (VEHICLE) - EXPLAIN IN NARRATIVE,PARKWAY & W BELLE AVE,6572
2014,2,6,Weekday,1500,2-Car,No injury/unknown,LEFT OF CENTER,S GARRISON CHAPEL & SR48W,6573
2014,8,1,Weekend,1700,1-Car,No injury/unknown,DRIVER ASLEEP OR FATIGUED,SR37S & W 3RD,6574
2014,12,4,Weekday,1200,2-Car,No injury/unknown,UNSAFE BACKING,LANDMARK,6575
2014,9,7,Weekend,1900,2-Car,No injury/unknown,DISREGARD SIGNAL/REG SIGN,ATWATER & HENDERSON ST,6576
2014,12,3,Weekday,1700,2-Car,Non-incapacitating,DRIVER DISTRACTED - EXPLAIN IN NARRATIVE,E ATWATER & S PARK,6577
2014,10,5,Weekday,100,2-Car,No injury/unknown,OTHER (DRIVER) - EXPLAIN IN NARRATIVE,E ATWATER & S WOODLAWN,6578
2014,7,6,Weekday,800,Moped/Motorcycle,Non-incapacitating,UNSAFE SPEED,BENDER & SR46E,6579
2014,7,3,Weekday,900,2-Car,No injury/unknown,WRONG WAY ON ONE WAY,E ATWATER AVE & S HAWTHORNE,6580
2014,7,2,Weekday,2000,2-Car,No injury/unknown,FAILURE TO YIELD RIGHT OF WAY,E ATWATER AVE & S HAWTHORNE,6581
2014,1,1,Weekend,100,2-Car,Non-incapacitating,UNSAFE SPEED,ATWATER AVE & BALLANTINE,6582
2014,10,7,Weekend,2000,2-Car,Non-incapacitating,FAILURE TO YIELD RIGHT OF WAY,ATWATER AVE & BALLANTINE,6583
2014,11,7,Weekend,2200,2-Car,No injury/unknown,FAILURE TO YIELD RIGHT OF WAY,MARKET & MAYBURY,6584
2014,2,1,Weekend,800,2-Car,No injury/unknown,IMPROPER TURNING,ATWATER AVE & HIGHLAND,6585
2014,10,6,Weekend,2300,2-Car,No injury/unknown,DISREGARD SIGNAL/REG SIGN,ATWATER AVE & JORDAN,6586
2014,2,6,Weekday,1200,2-Car,No injury/unknown,FAILURE TO YIELD RIGHT OF WAY,EAST ATWATER AVE,6587
2014,1,5,Weekday,700,1-Car,No injury/unknown,UNSAFE BACKING,EAST ATWATER AVE,6588
2014,6,7,Weekend,1700,2-Car,No injury/unknown,UNSAFE LANE MOVEMENT,EAST ATWATER AVE & SOUTH SWAIN,6589
2014,12,6,Weekday,900,2-Car,No injury/unknown,UNSAFE BACKING,S LANDMARK,6590
2014,10,3,Weekday,900,2-Car,No injury/unknown,DISREGARD SIGNAL/REG SIGN,ATWATER AVE & HENDERSON,6591
2014,4,4,Weekday,900,2-Car,No injury/unknown,FAILURE TO YIELD RIGHT OF WAY,ATWATER AVE & HENDERSON,6592
2014,9,7,Weekend,1300,2-Car,No injury/unknown,DISREGARD SIGNAL/REG SIGN,ATWATER AVE & HENDERSON,6593
2014,2,1,Weekday,2000,Pedestrian,Non-incapacitating,FAILURE TO YIELD RIGHT OF WAY,ATWATER AVE & THIRD,6594
2014,1,5,Weekday,400,1-Car,No injury/unknown,RAN OFF ROAD RIGHT,ATWATER AVE & HENDERSON,6595
2014,8,4,Weekday,1500,2-Car,No injury/unknown,DISREGARD SIGNAL/REG SIGN,ATWATER & HENDERSON ST,6596
2014,9,5,Weekday,800,2-Car,No injury/unknown,FOLLOWING TOO CLOSELY,CAVE & SR48,6597
2014,5,6,Weekday,1200,Moped/Motorcycle,Non-incapacitating,IMPROPER PASSING,SMITH & WALNUT ST,6598
2014,2,1,Weekend,200,2-Car,No injury/unknown,FAILURE TO YIELD RIGHT OF WAY,ATWATER AVE & WOODLAWN,6599
2014,10,6,Weekday,200,2-Car,No injury/unknown,FAILURE TO YIELD RIGHT OF WAY,E ATWATER & S WOODLAWN,6600
2014,2,5,Weekday,1700,2-Car,Non-incapacitating,FAILURE TO YIELD RIGHT OF WAY,ATWATER AVE & PARK,6601
2014,1,3,Weekday,900,2-Car,No injury/unknown,UNSAFE BACKING,ATWATER GARAGE 3RD FLOOR DR & FACULTY,6602
2014,5,5,Weekday,1300,2-Car,Non-incapacitating,FAILURE TO YIELD RIGHT OF WAY,ATWATER & HIGHLAND AVE,6603
2014,8,6,Weekday,200,2-Car,Incapacitating,DISREGARD SIGNAL/REG SIGN,ATWATER & HIGHLAND,6604
2014,5,6,Weekday,1500,2-Car,No injury/unknown,FAILURE TO YIELD RIGHT OF WAY,ATWATER AVE & BALLANTINE,6605
2014,12,6,Weekday,1600,2-Car,No injury/unknown,UNSAFE SPEED,ATWATER & MITCHELL,6606
2014,8,7,Weekend,1200,2-Car,No injury/unknown,FAILURE TO YIELD RIGHT OF WAY,ATWATER & HIGH ST,6607
2014,10,7,Weekend,100,2-Car,Non-incapacitating,DISREGARD SIGNAL/REG SIGN,E ATWATER & S JORDAN,6608
2014,4,3,Weekday,1700,2-Car,No injury/unknown,FAILURE TO YIELD RIGHT OF WAY,ATWATER AVE & JORDAN,6609
2014,12,5,Weekday,1200,2-Car,Non-incapacitating,FAILURE TO YIELD RIGHT OF WAY,ATWATER & BALLANTINE,6610
2014,2,5,Weekday,2300,2-Car,No injury/unknown,IMPROPER TURNING,ATWATER AVE & BALLANTINE,6611
2014,12,6,Weekend,1900,2-Car,No injury/unknown,FOLLOWING TOO CLOSELY,ATWATER & HIGHLAND,6612
2014,2,4,Weekday,800,2-Car,No injury/unknown,FAILURE TO YIELD RIGHT OF WAY,ATWATER AVE & HIGHLAND,6613
2014,11,2,Weekday,700,2-Car,No injury/unknown,DISREGARD SIGNAL/REG SIGN,ATWATER & JORDAN,6614
2014,2,2,Weekday,1500,Bus,Non-incapacitating,DISREGARD SIGNAL/REG SIGN,ATWATER AVE & JORDAN,6615
2014,5,6,Weekday,1200,Pedestrian,Non-incapacitating,FAILURE TO YIELD RIGHT OF WAY,ATWATER AVE & JORDAN,6616
2014,9,2,Weekday,800,2-Car,Non-incapacitating,FAILURE TO YIELD RIGHT OF WAY,E ATWATER AVE & JORDAN,6617
2014,1,5,Weekday,900,2-Car,No injury/unknown,ROADWAY SURFACE CONDITION,S COLLEGE MALL RD,6618
2014,1,6,Weekday,1400,1-Car,Non-incapacitating,OTHER (DRIVER) - EXPLAIN IN NARRATIVE,S COLLEGE MALL RD,6619
2014,2,6,Weekday,1200,3+ Cars,No injury/unknown,FOLLOWING TOO CLOSELY,300 S WALNUT ST & SMITH,6620
2014,4,7,Weekend,1100,Moped/Motorcycle,No injury/unknown,UNSAFE LANE MOVEMENT,SMITH & WALNUT ST,6621
2014,7,5,Weekday,1800,2-Car,No injury/unknown,FOLLOWING TOO CLOSELY,E SMITH & S WALNUT ST,6622
2014,7,6,Weekend,2100,2-Car,No injury/unknown,OTHER (DRIVER) - EXPLAIN IN NARRATIVE,SMITH & WALNUT ST,6623
2014,7,5,Weekday,1000,2-Car,No injury/unknown,OVERCORRECTING/OVERSTEERING,S HENDERSON ST,6624
2014,3,1,Weekend,900,2-Car,No injury/unknown,FAILURE TO YIELD RIGHT OF WAY,HENDERSON ST & SMITH,6625
2014,4,3,Weekday,1700,2-Car,No injury/unknown,UNSAFE BACKING,S WOODLAWN AVE,6626
2014,5,5,Weekday,900,2-Car,No injury/unknown,UNSAFE BACKING,BELLE & VILLAGE CT,6627
2014,3,2,Weekday,1200,2-Car,No injury/unknown,OTHER (DRIVER) - EXPLAIN IN NARRATIVE,LANDMARK AVE,6628
2014,2,7,Weekend,1300,2-Car,No injury/unknown,FAILURE TO YIELD RIGHT OF WAY,ADAMS & PATTERSON DR,6629
2014,12,2,Weekday,1100,2-Car,No injury/unknown,FAILURE TO YIELD RIGHT OF WAY,ADAMS & PATTERSON,6630
2014,10,6,Weekday,1600,1-Car,Incapacitating,IMPROPER TURNING,ADAMS & PATTERSON,6631
2014,11,5,Weekday,1900,Pedestrian,Incapacitating,FAILURE TO YIELD RIGHT OF WAY,ADAMS & PATTERSON,6632
2014,10,1,Weekday,2100,1-Car,No injury/unknown,LEFT OF CENTER,S ADAMS & S PATTERSON,6633
2014,10,1,Weekend,1200,2-Car,No injury/unknown,FAILURE TO YIELD RIGHT OF WAY,3RD & WOODCREST DR,6634
2014,2,3,Weekday,1200,3+ Cars,No injury/unknown,OTHER (DRIVER) - EXPLAIN IN NARRATIVE,SO COLLEGE MALL RD,6635
2014,1,3,Weekday,1000,2-Car,No injury/unknown,DRIVER DISTRACTED - EXPLAIN IN NARRATIVE,LANDMARK AVE,6636
2014,5,7,Weekend,1300,1-Car,No injury/unknown,OTHER (DRIVER) - EXPLAIN IN NARRATIVE,S WHITE TAIL RUN & WYLIE FARM,6637
2014,10,2,Weekday,600,2-Car,No injury/unknown,UNSAFE BACKING,S HENDERSON,6638
2014,9,6,Weekday,1100,2-Car,No injury/unknown,UNSAFE BACKING,DUNN ST,6639
2014,8,5,Weekday,700,1-Car,No injury/unknown,RAN OFF ROAD RIGHT,S REISNER RD,6640
2014,11,6,Weekday,900,2-Car,No injury/unknown,FOLLOWING TOO CLOSELY,HOWE & ROGERS,6641
2014,9,3,Weekday,1700,2-Car,No injury/unknown,FOLLOWING TOO CLOSELY,HOWE & ROGERS ST,6642
2014,7,3,Weekday,800,3+ Cars,No injury/unknown,UNSAFE LANE MOVEMENT,S LANDMARK AVE,6643
2014,1,3,Weekday,1100,2-Car,No injury/unknown,OTHER (DRIVER) - EXPLAIN IN NARRATIVE,SOUTH HENDERSON ST,6644
2014,1,5,Weekday,2300,2-Car,No injury/unknown,SPEED TOO FAST FOR WEATHER CONDITIONS,HIGHLAND & HUNTER AVE,6645
2014,2,5,Weekday,1500,2-Car,No injury/unknown,DISREGARD SIGNAL/REG SIGN,E HUNTER & S WOODLAWN AVE,6646
2014,3,7,Weekend,100,3+ Cars,No injury/unknown,UNSAFE SPEED,HUNTER AVE & WOODLAWN,6647
2014,4,3,Weekday,700,2-Car,Non-incapacitating,FAILURE TO YIELD RIGHT OF WAY,HIGHLAND AVE & HUNTER,6648
2014,8,7,Weekend,0,2-Car,Non-incapacitating,DISREGARD SIGNAL/REG SIGN,HUNTER & JORDAN AVE,6649
2014,10,2,Weekday,1800,2-Car,No injury/unknown,UNSAFE BACKING,S COLLEGE MALL RD,6650
2014,5,5,Weekday,1600,1-Car,Non-incapacitating,OVERCORRECTING/OVERSTEERING,SR37S & W 3RD,6651
2014,11,7,Weekend,2100,2-Car,No injury/unknown,OTHER (DRIVER) - EXPLAIN IN NARRATIVE,2ND & GRANT,6652
2014,10,5,Weekday,1900,Bus,No injury/unknown,UNSAFE BACKING,S MULLER,6653
2014,9,3,Weekday,1600,2-Car,No injury/unknown,UNSAFE BACKING,S MULLER PKWY,6654
2014,6,2,Weekday,1200,2-Car,No injury/unknown,FAILURE TO YIELD RIGHT OF WAY,S MULLER PKWY,6655
2014,12,6,Weekday,300,2-Car,No injury/unknown,UNSAFE SPEED,MULLER,6656
2014,5,6,Weekday,0,2-Car,No injury/unknown,OTHER (DRIVER) - EXPLAIN IN NARRATIVE,SO PARKRIDGE RD,6657
2014,10,3,Weekday,1200,2-Car,No injury/unknown,FOLLOWING TOO CLOSELY,2ND & WALKER ST,6658
2014,11,2,Weekday,2000,Bus,No injury/unknown,IMPROPER LANE USAGE,S WALKER & W 2ND,6659
2014,12,2,Weekday,900,1-Car,Incapacitating,ROADWAY SURFACE CONDITION,W 2ND & WALKER,6660
2014,1,7,Weekend,200,2-Car,No injury/unknown,SPEED TOO FAST FOR WEATHER CONDITIONS,MULLER PKWY,6661
2014,1,7,Weekend,1400,2-Car,No injury/unknown,SPEED TOO FAST FOR WEATHER CONDITIONS,S MUELLER PKWY,6662
2014,7,2,Weekday,1600,2-Car,No injury/unknown,IMPROPER TURNING,W 2ND ST,6663
2014,8,6,Weekday,1300,3+ Cars,Non-incapacitating,FOLLOWING TOO CLOSELY,2ND ST & EUCLID,6664
2014,3,2,Weekday,900,1-Car,No injury/unknown,RAN OFF ROAD RIGHT,BIRDIE GALYAN & SR46E,6665
2014,12,3,Weekday,1100,2-Car,No injury/unknown,FOLLOWING TOO CLOSELY,S MAPLE & W 2ND,6666
2014,12,5,Weekday,1400,2-Car,No injury/unknown,FOLLOWING TOO CLOSELY,MAPLE & SECOND,6667
2014,5,3,Weekday,1000,1-Car,No injury/unknown,OTHER (DRIVER) - EXPLAIN IN NARRATIVE,W 2ND ST,6668
2014,1,6,Weekend,1900,2-Car,No injury/unknown,UNSAFE BACKING,W 2ND ST,6669
2014,4,4,Weekday,2200,2-Car,No injury/unknown,IMPROPER TURNING,W 2ND ST,6670
2014,8,5,Weekday,1300,2-Car,No injury/unknown,UNSAFE BACKING,W 2ND ST,6671
2014,9,3,Weekday,200,2-Car,No injury/unknown,UNSAFE BACKING,W 2ND ST,6672
2014,12,2,Weekday,1700,2-Car,No injury/unknown,IMPROPER TURNING,W 2ND,6673
2014,12,2,Weekday,1200,1-Car,No injury/unknown,IMPROPER TURNING,W 2ND,6674
2014,6,5,Weekday,1700,2-Car,Non-incapacitating,FOLLOWING TOO CLOSELY,2ND ST & ROGERS,6675
2014,2,2,Weekday,1300,2-Car,No injury/unknown,FOLLOWING TOO CLOSELY,S ROGERS & W 2ND ST,6676
2014,5,1,Weekend,1700,2-Car,No injury/unknown,FAILURE TO YIELD RIGHT OF WAY,2ND ST & S ROGERS,6677
2014,5,2,Weekday,1200,2-Car,No injury/unknown,OTHER (DRIVER) - EXPLAIN IN NARRATIVE,S ROGERS & WEST SECOND ST,6678
2014,6,6,Weekday,1800,2-Car,No injury/unknown,FOLLOWING TOO CLOSELY,S ROGERS ST & W 2ND,6679
2014,7,5,Weekday,700,3+ Cars,Non-incapacitating,DRIVER ASLEEP OR FATIGUED,S ROGERS ST & W 2ND,6680
2014,9,2,Weekday,1100,2-Car,Non-incapacitating,FAILURE TO YIELD RIGHT OF WAY,SO ROGERS & W 2ND ST,6681
2014,5,4,Weekday,1500,2-Car,No injury/unknown,FOLLOWING TOO CLOSELY,MADISON & W 2ND ST,6682
2014,6,2,Weekday,1300,3+ Cars,No injury/unknown,FOLLOWING TOO CLOSELY,2ND ST & MADISON,6683
2014,10,6,Weekday,1400,2-Car,No injury/unknown,FOLLOWING TOO CLOSELY,2ND & MADISON,6684
2014,10,3,Weekday,1600,2-Car,No injury/unknown,FOLLOWING TOO CLOSELY,2ND & MORTON,6685
2014,7,3,Weekday,1200,2-Car,No injury/unknown,FOLLOWING TOO CLOSELY,2ND ST & MORTON,6686
2014,10,4,Weekday,900,1-Car,No injury/unknown,OTHER (VEHICLE) - EXPLAIN IN NARRATIVE,LIBERTY,6687
2014,2,1,Weekend,1700,2-Car,No injury/unknown,DRIVER DISTRACTED - EXPLAIN IN NARRATIVE,2ND ST & COLLEGE,6688
2014,10,7,Weekend,1300,3+ Cars,Non-incapacitating,FOLLOWING TOO CLOSELY,MADISON & SECOND,6689
2014,3,1,Weekend,1300,2-Car,Non-incapacitating,DISREGARD SIGNAL/REG SIGN,2ND ST & COLLEGE,6690
2014,9,2,Weekday,1200,2-Car,No injury/unknown,FAILURE TO YIELD RIGHT OF WAY,2ND & COLLEGE AVE,6691
2014,10,6,Weekday,1500,Pedestrian,Incapacitating,PEDESTRIAN ACTION,COLLEGE & SECOND,6692
2014,5,3,Weekday,1200,3+ Cars,No injury/unknown,FOLLOWING TOO CLOSELY,2ND & WALNUT ST,6693
2014,8,1,Weekend,1500,2-Car,No injury/unknown,FOLLOWING TOO CLOSELY,2ND & WALNUT ST,6694
2014,8,2,Weekday,1500,Moped/Motorcycle,Non-incapacitating,IMPROPER TURNING,2ND & WALNUT ST,6695
2014,12,3,Weekday,1700,2-Car,No injury/unknown,LEFT OF CENTER,E 2ND & S WALNUT,6696
2014,11,2,Weekday,800,2-Car,No injury/unknown,FOLLOWING TOO CLOSELY,E 2ND,6697
2014,3,3,Weekday,700,2-Car,Non-incapacitating,FOLLOWING TOO CLOSELY,E 2ND & S LINCOLN ST,6698
2014,5,2,Weekday,2300,2-Car,No injury/unknown,IMPROPER LANE USAGE,2ND ST & GRANT,6699
2014,4,2,Weekday,1200,2-Car,No injury/unknown,UNSAFE BACKING,WEST 2ND ST,6700
2014,10,3,Weekday,800,2-Car,No injury/unknown,IMPROPER TURNING,WEST 2ND,6701
2014,9,3,Weekday,1100,1-Car,No injury/unknown,IMPROPER TURNING,E 2ND & S HENDERSON ST,6702
2014,10,1,Weekend,1300,2-Car,No injury/unknown,UNSAFE BACKING,E 2ND,6703
2014,6,4,Weekday,600,2-Car,No injury/unknown,FOLLOWING TOO CLOSELY,2ND ST & WALKER,6704
2014,8,4,Weekday,700,2-Car,No injury/unknown,DISREGARD SIGNAL/REG SIGN,2ND ST & WALKER,6705
2014,9,3,Weekday,1700,3+ Cars,No injury/unknown,DISREGARD SIGNAL/REG SIGN,2ND ST & WALKER,6706
2014,10,5,Weekday,2200,2-Car,No injury/unknown,FOLLOWING TOO CLOSELY,2ND ST & WALKER,6707
2014,5,3,Weekday,1400,3+ Cars,Non-incapacitating,FOLLOWING TOO CLOSELY,S EUCLID & W 2ND ST,6708
2014,7,4,Weekday,1800,3+ Cars,No injury/unknown,DRIVER DISTRACTED - EXPLAIN IN NARRATIVE,2ND ST & EUCLID,6709
2014,6,2,Weekday,1000,1-Car,No injury/unknown,RAN OFF ROAD RIGHT,SR37N & W 2ND,6710
2014,8,6,Weekday,1400,2-Car,No injury/unknown,FOLLOWING TOO CLOSELY,S MADISON & W 2ND ST,6711
2014,5,4,Weekday,1600,2-Car,No injury/unknown,UNSAFE BACKING,SOUTH FESS AVE,6712
2014,10,5,Weekday,1700,2-Car,No injury/unknown,DRIVER DISTRACTED - EXPLAIN IN NARRATIVE,2ND ST & MADISON,6713
2014,12,6,Weekday,1400,2-Car,No injury/unknown,FAILURE TO YIELD RIGHT OF WAY,2ND & MADISON,6714
2014,11,4,Weekday,1300,2-Car,Non-incapacitating,FAILURE TO YIELD RIGHT OF WAY,S ROGERS & W 2ND,6715
2014,5,6,Weekday,1400,2-Car,Non-incapacitating,FOLLOWING TOO CLOSELY,SOUTH ROGERS & WEST 2ND ST,6716
2014,7,5,Weekday,1200,2-Car,No injury/unknown,FOLLOWING TOO CLOSELY,2ND & ROGERS ST,6717
2014,10,3,Weekday,200,1-Car,No injury/unknown,RAN OFF ROAD RIGHT,S ROGERS & W 2ND,6718
2014,8,3,Weekday,1300,2-Car,No injury/unknown,DRIVER DISTRACTED - EXPLAIN IN NARRATIVE,2ND ST & ROGERS,6719
2014,2,4,Weekday,1400,2-Car,No injury/unknown,FOLLOWING TOO CLOSELY,2ND & WALNUT ST,6720
2014,3,7,Weekend,0,Cyclist,Non-incapacitating,DISREGARD SIGNAL/REG SIGN,2ND ST & WALNUT,6721
2014,4,3,Weekday,1200,2-Car,No injury/unknown,FAILURE TO YIELD RIGHT OF WAY,2ND ST & WALNUT,6722
2014,5,4,Weekday,1700,Cyclist,Non-incapacitating,FAILURE TO YIELD RIGHT OF WAY,2ND & SOUTH WALNUT ST,6723
2014,4,7,Weekend,1400,2-Car,No injury/unknown,UNSAFE BACKING,E 2ND ST,6724
2014,5,5,Weekday,1200,Pedestrian,Incapacitating,PEDESTRIAN ACTION,2ND ST & MORTON,6725
2014,6,6,Weekday,1200,2-Car,No injury/unknown,DRIVER DISTRACTED - EXPLAIN IN NARRATIVE,2ND ST & MORTON,6726
2014,1,7,Weekend,1200,Pedestrian,Non-incapacitating,DISREGARD SIGNAL/REG SIGN,2ND ST & COLLEGE,6727
2014,3,7,Weekend,1000,2-Car,No injury/unknown,FAILURE TO YIELD RIGHT OF WAY,2ND ST & WASHINGTON,6728
2014,7,4,Weekday,1000,2-Car,No injury/unknown,IMPROPER LANE USAGE,EAST 2ND ST & WASHINGTON,6729
2014,11,1,Weekend,1200,2-Car,No injury/unknown,OTHER (DRIVER) - EXPLAIN IN NARRATIVE,S HENDERSON,6730
2014,3,3,Weekday,1200,2-Car,No injury/unknown,OTHER (DRIVER) - EXPLAIN IN NARRATIVE,W 2ND ST,6731
2014,9,5,Weekday,1500,1-Car,No injury/unknown,RAN OFF ROAD RIGHT,EAST 2ND ST & S PARK,6732
2014,9,7,Weekend,1800,Cyclist,Incapacitating,FAILURE TO YIELD RIGHT OF WAY,EAST 2ND ST & WOODLAWN,6733
2014,4,3,Weekday,800,2-Car,No injury/unknown,UNSAFE BACKING,E 2ND ST,6734
2014,5,7,Weekend,1900,2-Car,No injury/unknown,UNSAFE LANE MOVEMENT,2ND ST & HAWTHORNE,6735
2014,9,6,Weekday,900,2-Car,Non-incapacitating,DISREGARD SIGNAL/REG SIGN,2ND ST & HIGHLAND,6736
2014,10,6,Weekday,700,2-Car,Non-incapacitating,DISREGARD SIGNAL/REG SIGN,2ND & JORDAN AVE,6737
2014,11,6,Weekday,1100,2-Car,No injury/unknown,DISREGARD SIGNAL/REG SIGN,2ND & JORDAN,6738
2014,1,6,Weekday,1600,2-Car,No injury/unknown,UNSAFE BACKING,S COLLEGE AVE,6739