year,month,day,weekend,hour,collision_type,injury_type,primary_factor,reported_location,unique_id
2014,8,6,Weekday,600,2-Car,Non-incapacitating,FOLLOWING TOO CLOSELY,E MILLER & S HENDERSON ST,7170
2014,9,4,Weekday,800,Cyclist,Non-incapacitating,FAILURE TO YIELD RIGHT OF WAY,E MILLER DR & S HENDERSON,7171
2014,12,5,Weekday,1000,2-Car,No injury/unknown,UNSAFE BACKING,E MILLER,7172
2014,8,5,Weekday,1500,Bus,No injury/unknown,UNSAFE BACKING,S SARE RD,7173
2014,5,4,Weekday,700,Pedestrian,Non-incapacitating,FAILURE TO YIELD RIGHT OF WAY,E MILLER DR & S WALNUT,7174
2014,7,5,Weekday,1300,2-Car,Non-incapacitating,FOLLOWING TOO CLOSELY,E MILLER DR & S WALNUT,7175
2014,9,2,Weekday,1100,2-Car,No injury/unknown,OTHER (DRIVER) - EXPLAIN IN NARRATIVE,MILLER & S WALNUT ST,7176
2014,11,2,Weekday,1400,2-Car,Non-incapacitating,FOLLOWING TOO CLOSELY,MILLER & WALNUT,7177
2014,11,5,Weekday,900,2-Car,Non-incapacitating,FOLLOWING TOO CLOSELY,STATE ROAD 37,7178
2014,12,6,Weekday,1700,2-Car,No injury/unknown,DISREGARD SIGNAL/REG SIGN,MILLER & S WALNUT,7179
2014,6,2,Weekday,1500,2-Car,No injury/unknown,FOLLOWING TOO CLOSELY,E MILLER & S WALNUT ST,7180
2014,6,5,Weekday,1300,1-Car,No injury/unknown,RAN OFF ROAD RIGHT,806 E MILLER DR & HUNTINGTON,7181
2014,8,2,Weekday,900,2-Car,No injury/unknown,FOLLOWING TOO CLOSELY,SR37S,7182
2014,10,4,Weekday,1100,2-Car,No injury/unknown,UNSAFE BACKING,OAKDALE,7183
2014,8,6,Weekday,1800,2-Car,No injury/unknown,FOLLOWING TOO CLOSELY,SR37S,7184
2014,8,5,Weekday,1700,2-Car,No injury/unknown,FAILURE TO YIELD RIGHT OF WAY,S OAKDALE DR & S PECAN,7185
2014,2,4,Weekday,1600,2-Car,No injury/unknown,FAILURE TO YIELD RIGHT OF WAY,LORELEI & S SMITH RD,7186
2014,12,2,Weekday,1600,2-Car,No injury/unknown,UNSAFE BACKING,E QUEENS & HIGH,7187
2014,10,2,Weekday,1900,2-Car,No injury/unknown,FAILURE TO YIELD RIGHT OF WAY,MILLER & WALNUT,7188
2014,3,1,Weekend,100,1-Car,No injury/unknown,RAN OFF ROAD RIGHT,ADAMS ST & WOODHILL,7189
2014,3,2,Weekday,1600,2-Car,No injury/unknown,UNSAFE BACKING,SOUTH ROGERS ST,7190
2014,4,1,Weekend,500,1-Car,Non-incapacitating,UNSAFE SPEED,SR 45 46 & SR37N,7191
2014,4,7,Weekend,900,2-Car,No injury/unknown,FAILURE TO YIELD RIGHT OF WAY,SR 45 & SR7160E,7192
2014,11,4,Weekday,0,2-Car,No injury/unknown,UNSAFE BACKING,MATTHEWS & MT TABOR,7193
2014,3,7,Weekend,1000,2-Car,No injury/unknown,FOLLOWING TOO CLOSELY,SR 4546 & WALNUT ST,7194
2014,11,1,Weekend,1400,2-Car,No injury/unknown,VIEW OBSTRUCTED,S WALNUT,7195
2014,11,6,Weekday,1200,2-Car,No injury/unknown,OTHER (DRIVER) - EXPLAIN IN NARRATIVE,LIBERTY & SR45W,7196
2014,8,5,Weekday,1600,3+ Cars,No injury/unknown,FOLLOWING TOO CLOSELY,S CURRY PIKE & WEST WOODLYN,7197
2014,11,2,Weekday,1400,Pedestrian,Non-incapacitating,FAILURE TO YIELD RIGHT OF WAY,SOUTH WALNUT,7198
2014,8,2,Weekday,1000,2-Car,No injury/unknown,UNSAFE BACKING,S LIBERTY DR,7199
2014,9,2,Weekday,700,2-Car,No injury/unknown,UNSAFE BACKING,S WALNUT ST,7200
2014,9,2,Weekday,1200,2-Car,No injury/unknown,FOLLOWING TOO CLOSELY,LIBERTY & SR45W,7201
2014,10,7,Weekend,1100,2-Car,No injury/unknown,FAILURE TO YIELD RIGHT OF WAY,W INDUSTRIAL PARK & W VERNAL,7202
2014,5,6,Weekday,1600,2-Car,No injury/unknown,FAILURE TO YIELD RIGHT OF WAY,NORTH & WALNUT ST,7203
2014,4,4,Weekday,1500,3+ Cars,No injury/unknown,DRIVER DISTRACTED - EXPLAIN IN NARRATIVE,CURRY PIKE & WOODLYNN,7204
2014,9,2,Weekday,1400,1-Car,No injury/unknown,UNSAFE LANE MOVEMENT,BLOOMFIELD & SR37S,7205
2014,8,1,Weekend,1400,2-Car,No injury/unknown,OTHER (DRIVER) - EXPLAIN IN NARRATIVE,EMINENCE WAY,7206
2014,11,5,Weekday,300,1-Car,No injury/unknown,RAN OFF ROAD RIGHT,THATCHER & WINSTON,7207
2014,1,6,Weekday,1300,2-Car,No injury/unknown,SPEED TOO FAST FOR WEATHER CONDITIONS,S LIBERTY DR,7208
2014,2,7,Weekend,1500,2-Car,No injury/unknown,FAILURE TO YIELD RIGHT OF WAY,LIBERTY DR,7209
2014,3,7,Weekend,1900,2-Car,No injury/unknown,UNSAFE BACKING,S LIBERTY DR,7210
2014,5,4,Weekday,1200,3+ Cars,No injury/unknown,FAILURE TO YIELD RIGHT OF WAY,LIBERTY DR,7211
2014,7,2,Weekday,1600,2-Car,No injury/unknown,UNSAFE BACKING,LIBERTY DR,7212
2014,8,2,Weekday,1100,2-Car,No injury/unknown,FAILURE TO YIELD RIGHT OF WAY,S LIBERTY DR,7213
2014,8,5,Weekday,1000,2-Car,No injury/unknown,FAILURE TO YIELD RIGHT OF WAY,S LIBERTY DR,7214
2014,9,6,Weekend,1900,2-Car,No injury/unknown,IMPROPER TURNING,S LIBERTY DR,7215
2014,11,4,Weekday,2200,2-Car,Non-incapacitating,UNSAFE SPEED,S LIBERTY,7216
2014,1,2,Weekday,1900,2-Car,No injury/unknown,UNSAFE BACKING,MARKET PL & MAYBURRY,7217
2014,2,3,Weekday,1200,2-Car,No injury/unknown,DRIVER DISTRACTED - EXPLAIN IN NARRATIVE,LIBERTY DR & SR45,7218
2014,5,3,Weekday,1000,Moped/Motorcycle,Incapacitating,FAILURE TO YIELD RIGHT OF WAY,LIBERTY & SR45W,7219
2014,5,6,Weekday,1500,2-Car,No injury/unknown,FAILURE TO YIELD RIGHT OF WAY,LIBERTY & SR45W,7220
2014,6,1,Weekday,1900,Cyclist,Non-incapacitating,IMPROPER TURNING,LIBERTY & SR45E,7221
2014,7,6,Weekday,1300,3+ Cars,Non-incapacitating,FAILURE TO YIELD RIGHT OF WAY,S LIBERTY & SR45S,7222
2014,10,6,Weekday,1700,2-Car,Incapacitating,FOLLOWING TOO CLOSELY,HICKORY LEAF & SR45W,7223
2014,12,2,Weekday,1600,2-Car,No injury/unknown,FOLLOWING TOO CLOSELY,LIBERTY & SR45,7224
2014,6,3,Weekday,1600,3+ Cars,No injury/unknown,FOLLOWING TOO CLOSELY,S LIBERTY & SR45W,7225
2014,12,2,Weekday,1800,3+ Cars,No injury/unknown,SPEED TOO FAST FOR WEATHER CONDITIONS,LIBERTY & SR45W,7226
2014,6,2,Weekday,1500,2-Car,No injury/unknown,DISREGARD SIGNAL/REG SIGN,HICKORY LEAF & W STATE 45,7227
2014,9,3,Weekday,1600,2-Car,No injury/unknown,FOLLOWING TOO CLOSELY,S LIBERTY & SR45W,7228
2014,10,6,Weekday,1600,Cyclist,Non-incapacitating,FAILURE TO YIELD RIGHT OF WAY,S OAKDALE,7229
2014,1,6,Weekday,900,2-Car,No injury/unknown,FOLLOWING TOO CLOSELY,SR37N & VERNAL,7230
2014,12,5,Weekday,2200,2-Car,Incapacitating,LEFT OF CENTER,NORTH & WALNUT,7231
2014,8,2,Weekday,1700,2-Car,Non-incapacitating,FAILURE TO YIELD RIGHT OF WAY,E NORTH & S HENDERSON ST,7232
2014,2,6,Weekday,1500,2-Car,Incapacitating,ROADWAY SURFACE CONDITION,HENDERSON & NORTH DR,7233
2014,2,2,Weekday,1000,2-Car,No injury/unknown,FAILURE TO YIELD RIGHT OF WAY,NORTH & S WALNUT ST,7234
2014,9,1,Weekend,1000,Moped/Motorcycle,Non-incapacitating,OTHER (DRIVER) - EXPLAIN IN NARRATIVE,NORTH & S WALNUT ST,7235
2014,4,5,Weekday,1600,2-Car,No injury/unknown,FOLLOWING TOO CLOSELY,CURRY PIKE & GLEN OAKS,7236
2014,8,5,Weekday,800,2-Car,Non-incapacitating,FAILURE TO YIELD RIGHT OF WAY,S HENDERSON ST & SUMMITVIEW,7237
2014,7,3,Weekday,1600,3+ Cars,No injury/unknown,DRIVER DISTRACTED - EXPLAIN IN NARRATIVE,CURRY PIKE & GLEN OAKS,7238
2014,2,3,Weekday,1100,2-Car,No injury/unknown,OTHER (DRIVER) - EXPLAIN IN NARRATIVE,CURRY PIKE & GLEN OAKS,7239
2014,4,7,Weekend,400,1-Car,No injury/unknown,OTHER (DRIVER) - EXPLAIN IN NARRATIVE,AZALEA LN & CHRIS,7240
2014,11,3,Weekday,1800,1-Car,No injury/unknown,RAN OFF ROAD RIGHT,GREEN BRIAR & LOCUST,7241
2014,1,5,Weekday,1700,2-Car,No injury/unknown,FAILURE TO YIELD RIGHT OF WAY,GREENBRIAR & HIGH ST,7242
2014,10,1,Weekday,1900,1-Car,No injury/unknown,ANIMAL/OBJECT IN ROADWAY,S HIGH & WIMBLETON,7243
2014,12,3,Weekday,1100,3+ Cars,Non-incapacitating,FAILURE TO YIELD RIGHT OF WAY,KNIGHTRIDGE & SR446S,7244
2014,11,6,Weekend,2000,2-Car,Non-incapacitating,FOLLOWING TOO CLOSELY,2700 BLK S SARE & MCCARTNEY,7245
2014,3,2,Weekday,1100,2-Car,No injury/unknown,UNSAFE BACKING,E MELVILLE ST,7246
2014,3,5,Weekday,1100,2-Car,No injury/unknown,FAILURE TO YIELD RIGHT OF WAY,HIGHLAND AVE & SHORT,7247
2014,9,4,Weekday,1900,2-Car,No injury/unknown,RAN OFF ROAD RIGHT,E SHORT & S MAXWELL ST,7248
2014,12,2,Weekday,1700,2-Car,No injury/unknown,FOLLOWING TOO CLOSELY,S CURRY & W INDUSTRIAL,7249
2014,11,6,Weekday,1400,2-Car,No injury/unknown,FOLLOWING TOO CLOSELY,CURRY & INDUSTRIAL,7250
2014,4,5,Weekday,1700,2-Car,Non-incapacitating,FAILURE TO YIELD RIGHT OF WAY,INDUSTRIAL & SR45W,7251
2014,7,6,Weekday,1200,2-Car,No injury/unknown,DRIVER DISTRACTED - EXPLAIN IN NARRATIVE,INDUSTRIAL BLVD & SR45,7252
2014,10,2,Weekday,1800,2-Car,No injury/unknown,FAILURE TO YIELD RIGHT OF WAY,INDUSTRIAL & SR45W,7253
2014,11,2,Weekday,1800,2-Car,Incapacitating,FOLLOWING TOO CLOSELY,INDUSTRIAL & SR45W,7254
2014,12,6,Weekday,800,2-Car,No injury/unknown,DISREGARD SIGNAL/REG SIGN,INDUSTRIAL & SR45E,7255
2014,7,3,Weekday,1200,2-Car,No injury/unknown,FOLLOWING TOO CLOSELY,3585 WEST STATE ROAD 45 RD & INDUSTRIAL,7256
2014,10,7,Weekend,1100,2-Car,Non-incapacitating,OTHER (DRIVER) - EXPLAIN IN NARRATIVE,BLOOMFIELD ROAD & CURRY PIKE,7257
2014,1,2,Weekday,1700,2-Car,No injury/unknown,FAILURE TO YIELD RIGHT OF WAY,SOUTH LIBERTY DR & WEST 3RD,7258
2014,1,2,Weekday,1300,2-Car,No injury/unknown,FAILURE TO YIELD RIGHT OF WAY,ROCKPORT RD,7259
2014,12,4,Weekday,1500,2-Car,No injury/unknown,FOLLOWING TOO CLOSELY,SOUTHERN & WALNUT,7260
2014,4,1,Weekend,1300,1-Car,Non-incapacitating,UNSAFE LANE MOVEMENT,JED & S ROGERS ST,7261
2014,8,4,Weekday,1000,3+ Cars,No injury/unknown,FOLLOWING TOO CLOSELY,S ROGERS ST & W PATTERSON,7262
2014,10,4,Weekday,1900,2-Car,No injury/unknown,FOLLOWING TOO CLOSELY,JOY & ROGERS ST,7263
2014,1,5,Weekday,1300,3+ Cars,No injury/unknown,FOLLOWING TOO CLOSELY,LEONARD SPRINGS & SR45S,7264
2014,5,6,Weekday,1400,Bus,No injury/unknown,UNSAFE BACKING,S WALNUT ST,7265
2014,11,6,Weekday,700,2-Car,No injury/unknown,FAILURE TO YIELD RIGHT OF WAY,S WALNUT,7266
2014,4,3,Weekday,1200,1-Car,No injury/unknown,RAN OFF ROAD RIGHT,HIGHLAND AVE & SHORT,7267
2014,8,3,Weekday,800,3+ Cars,Non-incapacitating,DRIVER DISTRACTED - EXPLAIN IN NARRATIVE,CURRY & SR 45 HWY,7268
2014,3,1,Weekend,1800,2-Car,No injury/unknown,FOLLOWING TOO CLOSELY,45 & CURRY PIKE,7269
2014,6,2,Weekday,2300,1-Car,No injury/unknown,DRIVER DISTRACTED - EXPLAIN IN NARRATIVE,SARE RD & SPICEWOOD,7270
2014,9,2,Weekday,800,2-Car,No injury/unknown,VIEW OBSTRUCTED,PINE MEADOWS DR & PINEHURST,7271
2014,7,4,Weekday,700,3+ Cars,Non-incapacitating,DISREGARD SIGNAL/REG SIGN,HENDERSON ST & SOUTH,7272
2014,1,5,Weekday,900,Moped/Motorcycle,Non-incapacitating,FAILURE TO YIELD RIGHT OF WAY,LEONARD SPRINGS RD & SR45,7273
2014,5,4,Weekday,900,2-Car,No injury/unknown,DISREGARD SIGNAL/REG SIGN,LEONARD SPRINGS & SR45W,7274
2014,5,4,Weekday,1200,2-Car,No injury/unknown,UNSAFE LANE MOVEMENT,S LEONARD SPRINGS & SR45W,7275
2014,6,2,Weekday,1500,2-Car,Non-incapacitating,FOLLOWING TOO CLOSELY,LEONARD SPRINGS RD & SR45W,7276
2014,6,3,Weekday,1500,2-Car,No injury/unknown,FAILURE TO YIELD RIGHT OF WAY,S LEONARD SPRINGS & SR45W,7277
2014,7,4,Weekday,500,2-Car,No injury/unknown,OTHER (DRIVER) - EXPLAIN IN NARRATIVE,CURRY PIKE & SR45S,7278
2014,7,5,Weekday,1400,2-Car,Non-incapacitating,FOLLOWING TOO CLOSELY,S LEONARD SPRINGS DR & SR45W,7279
2014,12,4,Weekday,1800,2-Car,No injury/unknown,FAILURE TO YIELD RIGHT OF WAY,CURRY & SR45W,7280
2014,11,6,Weekday,500,2-Car,Non-incapacitating,FAILURE TO YIELD RIGHT OF WAY,CURRY & SR45W,7281
2014,11,6,Weekend,1900,2-Car,No injury/unknown,FAILURE TO YIELD RIGHT OF WAY,SOUTH LEONARD SPRINGS & SR45W,7282
2014,12,3,Weekday,700,2-Car,No injury/unknown,FOLLOWING TOO CLOSELY,S LEONARD SPRINGS & SR45E,7283
2014,7,5,Weekday,1800,Moped/Motorcycle,Incapacitating,FOLLOWING TOO CLOSELY,LEONARD SPRINGS RD & STATE ROAD 45,7284
2014,7,3,Weekday,1600,2-Car,Non-incapacitating,DISREGARD SIGNAL/REG SIGN,S CURRY & SR 45 RD,7285
2014,12,7,Weekend,1600,2-Car,Non-incapacitating,FOLLOWING TOO CLOSELY,S CURRY & W STATE ROAD 45,7286
2014,8,5,Weekday,2200,2-Car,Non-incapacitating,FOLLOWING TOO CLOSELY,LEONARD SPRINGS & SR45W,7287
2014,10,1,Weekend,1000,2-Car,No injury/unknown,DISREGARD SIGNAL/REG SIGN,S HENDERSON ST & WYLIE FARM,7288
2014,2,4,Weekday,1500,2-Car,No injury/unknown,UNSAFE BACKING,S LEONARD SPRINGS RD,7289
2014,5,5,Weekday,2000,2-Car,No injury/unknown,IMPROPER TURNING,S LEONARD SPRINGS RD,7290
2014,5,2,Weekday,1600,2-Car,No injury/unknown,DRIVER DISTRACTED - EXPLAIN IN NARRATIVE,S HIGHLAND AVE,7291
2014,9,5,Weekday,1800,Cyclist,Incapacitating,FAILURE TO YIELD RIGHT OF WAY,HIGHLAND AVE,7292
2014,6,4,Weekday,1700,2-Car,No injury/unknown,FAILURE TO YIELD RIGHT OF WAY,S LEONARD SPRINGS & SR45W,7293
2014,3,5,Weekday,800,1-Car,No injury/unknown,ANIMAL/OBJECT IN ROADWAY,N CURRY & SR45W,7294
2014,11,7,Weekend,1300,2-Car,Non-incapacitating,DRIVER DISTRACTED - EXPLAIN IN NARRATIVE,LEONARD SPRINGS & SR45,7295
2014,7,4,Weekday,1400,1-Car,No injury/unknown,DRIVER DISTRACTED - EXPLAIN IN NARRATIVE,S ROCKPORT RD,7296
2014,8,3,Weekday,800,2-Car,No injury/unknown,FAILURE TO YIELD RIGHT OF WAY,S ROCKPORT RD & W COOLIDGE,7297
2014,9,5,Weekday,800,1-Car,No injury/unknown,RAN OFF ROAD RIGHT,BROWN & COOLIDGE RD,7298
2014,7,7,Weekend,2000,Moped/Motorcycle,Incapacitating,IMPROPER TURNING,S BRYAN ST & W COOLIDGE,7299
2014,2,6,Weekday,900,2-Car,No injury/unknown,OTHER (DRIVER) - EXPLAIN IN NARRATIVE,ROCKPORT 1205 RD,7300
2014,8,2,Weekday,100,2-Car,No injury/unknown,IMPROPER TURNING,SOUTH ROCKPORT RD,7301
2014,11,6,Weekday,1300,2-Car,No injury/unknown,UNSAFE BACKING,LEONARD SPRINGS,7302
2014,1,3,Weekday,900,2-Car,Non-incapacitating,FOLLOWING TOO CLOSELY,SARE & SPICEWOOD LN,7303
2014,11,7,Weekend,1100,2-Car,No injury/unknown,FAILURE TO YIELD RIGHT OF WAY,SO HICKORY LEAF & SR45W,7304
2014,3,5,Weekday,1200,2-Car,Non-incapacitating,FAILURE TO YIELD RIGHT OF WAY,HICKORY LEAF & SR45E,7305
2014,7,6,Weekday,1700,2-Car,No injury/unknown,DISREGARD SIGNAL/REG SIGN,HICKORY LEAF & SR45W,7306
2014,10,1,Weekend,1100,2-Car,No injury/unknown,UNSAFE BACKING,OAKLEAF,7307
2014,2,7,Weekend,200,2-Car,No injury/unknown,OVERCORRECTING/OVERSTEERING,S WALNUT ST,7308
2014,4,2,Weekday,1700,2-Car,No injury/unknown,FAILURE TO YIELD RIGHT OF WAY,GRAHAM & ROCKPORT RD,7309
2014,2,7,Weekend,1600,2-Car,No injury/unknown,FAILURE TO YIELD RIGHT OF WAY,S ROCKPORT RD & W GRAHAM,7310
2014,3,6,Weekday,1200,2-Car,No injury/unknown,OTHER (DRIVER) - EXPLAIN IN NARRATIVE,E GRAHAM PL,7311
2014,2,1,Weekend,800,1-Car,Non-incapacitating,RAN OFF ROAD RIGHT,LARRY LANE & SO SMITH RD,7312
2014,1,3,Weekday,800,2-Car,No injury/unknown,FAILURE TO YIELD RIGHT OF WAY,ROCKCREEK & S HIGH ST,7313
2014,3,2,Weekday,1600,2-Car,No injury/unknown,IMPROPER TURNING,SOUTH OLD STATE ROAD 37 HWY,7314
2014,3,2,Weekday,300,2-Car,No injury/unknown,UNSAFE BACKING,OLD STATE ROAD 37 HWY,7315
2014,4,4,Weekday,1800,Moped/Motorcycle,Non-incapacitating,UNSAFE SPEED,OLD STATE ROAD 37 SOUTH RD,7316
2014,7,6,Weekday,1000,2-Car,No injury/unknown,UNSAFE BACKING,SOUTH OLD STATE ROAD 37 RD,7317
2014,8,4,Weekday,1700,2-Car,No injury/unknown,IMPROPER TURNING,OLD STATE ROAD 37 S RD,7318
2014,10,5,Weekday,1600,2-Car,No injury/unknown,UNSAFE BACKING,OLD STATE ROAD 37,7319
2014,1,6,Weekday,1500,2-Car,No injury/unknown,FAILURE TO YIELD RIGHT OF WAY,RALSTON & ROCKPORT RD,7320
2014,4,7,Weekend,1200,2-Car,No injury/unknown,VIEW OBSTRUCTED,SR45S & W AIRPORT,7321
2014,12,2,Weekday,1900,1-Car,No injury/unknown,ANIMAL/OBJECT IN ROADWAY,SR45W & W AIRPORT,7322
2014,3,1,Weekend,1700,2-Car,Non-incapacitating,FOLLOWING TOO CLOSELY,SOUTH WALNUT ST,7323
2014,6,4,Weekday,1100,2-Car,Non-incapacitating,FOLLOWING TOO CLOSELY,VERMILYA & WALNUT ST,7324
2014,11,5,Weekday,700,2-Car,Non-incapacitating,FAILURE TO YIELD RIGHT OF WAY,LEONARD SPRINGS & STAPLETON,7325
2014,11,1,Weekend,1800,2-Car,No injury/unknown,UNSAFE BACKING,E DONINGTON & S BRIDWELL,7326
2014,4,3,Weekday,1100,2-Car,No injury/unknown,FAILURE TO YIELD RIGHT OF WAY,GRAHAM & HENDERSON ST,7327
2014,5,3,Weekday,1700,3+ Cars,Non-incapacitating,UNSAFE LANE MOVEMENT,SR37S & TAPP,7328
2014,2,4,Weekday,1300,2-Car,No injury/unknown,WRONG WAY ON ONE WAY,SOUTH WALNUT ST,7329
2014,5,4,Weekday,1600,3+ Cars,Non-incapacitating,FOLLOWING TOO CLOSELY,SR37S & TAPP,7330
2014,9,1,Weekend,1500,3+ Cars,No injury/unknown,FAILURE TO YIELD RIGHT OF WAY,DANIEL ST & FORRESTER,7331
2014,5,5,Weekday,800,2-Car,No injury/unknown,IMPROPER LANE USAGE,DANIEL ST & FORRESTER,7332
2014,11,7,Weekend,1700,2-Car,No injury/unknown,LEFT OF CENTER,EAST MOSS CREEK & WINSLOW FARM,7333
2014,10,4,Weekday,1600,2-Car,No injury/unknown,FOLLOWING TOO CLOSELY,AIRPORT & SR45W,7334
2014,3,7,Weekend,1800,2-Car,No injury/unknown,UNSAFE SPEED,SR37S & TAPP,7335
2014,11,6,Weekday,600,2-Car,No injury/unknown,FOLLOWING TOO CLOSELY,SR37S & W TAPP,7336
2014,2,6,Weekday,1800,2-Car,No injury/unknown,UNSAFE BACKING,SOUTH WALNUT ST,7337
2014,8,4,Weekday,1400,1-Car,Incapacitating,RAN OFF ROAD RIGHT,N LOUDEN RD & W RATLIFF,7338
2014,9,5,Weekday,1500,3+ Cars,No injury/unknown,UNSAFE SPEED,SR37S & W TAPP,7339
2014,6,5,Weekday,600,2-Car,No injury/unknown,UNSAFE LANE MOVEMENT,DAWSON LN & MEETING HOUSE,7340
2014,5,5,Weekday,1400,2-Car,No injury/unknown,FOLLOWING TOO CLOSELY,AIRPORT & SR45W,7341
2014,1,4,Weekday,1400,2-Car,No injury/unknown,IMPROPER TURNING,S OLD STATE ROAD 37 RD,7342
2014,2,4,Weekday,2000,2-Car,No injury/unknown,UNSAFE LANE MOVEMENT,S OLD SR 37 RD,7343
2014,5,5,Weekday,1400,2-Car,No injury/unknown,IMPROPER TURNING,S OLD SR 37 RD,7344
2014,6,3,Weekday,2000,2-Car,No injury/unknown,FAILURE TO YIELD RIGHT OF WAY,S OLD STATE ROAD 37 RD,7345
2014,6,7,Weekend,1700,1-Car,No injury/unknown,UNSAFE BACKING,S OLD STATE RD 37 RD,7346
2014,7,1,Weekday,1900,2-Car,No injury/unknown,UNSAFE BACKING,S OLD STATE ROAD 37 RD,7347
2014,9,7,Weekend,1200,2-Car,No injury/unknown,OTHER (DRIVER) - EXPLAIN IN NARRATIVE,S OLD SR 37 RD,7348
2014,11,7,Weekend,1500,2-Car,No injury/unknown,IMPROPER LANE USAGE,S OLD ST RD 37,7349
2014,12,7,Weekend,1800,2-Car,No injury/unknown,IMPROPER TURNING,S OLD STATE ROAD 37,7350
2014,1,5,Weekday,700,2-Car,No injury/unknown,FOLLOWING TOO CLOSELY,37 STATE & W TAPP RD,7351
2014,12,3,Weekday,1600,1-Car,No injury/unknown,RAN OFF ROAD RIGHT,S GARRISON CHAPEL & W AIRPORT,7352
2014,1,6,Weekday,700,2-Car,No injury/unknown,FAILURE TO YIELD RIGHT OF WAY,LEONARD SPRINGS RD & TAPP,7353
2014,4,6,Weekday,1700,2-Car,Non-incapacitating,FAILURE TO YIELD RIGHT OF WAY,LEONARD SPRINGS RD & TAPP,7354
2014,4,3,Weekday,1700,3+ Cars,No injury/unknown,FAILURE TO YIELD RIGHT OF WAY,LEONARD SPRINGS RD & TAPP,7355
2014,8,2,Weekday,800,Moped/Motorcycle,No injury/unknown,DRIVER DISTRACTED - EXPLAIN IN NARRATIVE,LEONARD SPRINGS RD & TAPP,7356
2014,10,3,Weekday,400,2-Car,Non-incapacitating,FOLLOWING TOO CLOSELY,LEONARD SPRINGS RD & TAPP,7357
2014,10,4,Weekday,1800,3+ Cars,No injury/unknown,SPEED TOO FAST FOR WEATHER CONDITIONS,SOUTH LEONARD SPRINGS & WEST TAPP,7358
2014,2,4,Weekday,1500,2-Car,No injury/unknown,FOLLOWING TOO CLOSELY,RAYLE & W TAPP RD,7359
2014,8,2,Weekday,1800,Moped/Motorcycle,Non-incapacitating,FAILURE TO YIELD RIGHT OF WAY,SOUTH RAYLE & WEST TAPP RD,7360
2014,1,5,Weekday,800,2-Car,No injury/unknown,FOLLOWING TOO CLOSELY,SR37S & TAPP,7361
2014,3,2,Weekday,1600,3+ Cars,No injury/unknown,FOLLOWING TOO CLOSELY,SR37S & TAPP,7362
2014,3,1,Weekend,1200,2-Car,No injury/unknown,FOLLOWING TOO CLOSELY,SR37N & TAPP,7363
2014,3,1,Weekend,1300,2-Car,No injury/unknown,FOLLOWING TOO CLOSELY,SR37S & TAPP,7364
2014,4,6,Weekday,600,2-Car,Non-incapacitating,FOLLOWING TOO CLOSELY,SR37N & TAPP,7365
2014,5,4,Weekday,700,2-Car,No injury/unknown,FOLLOWING TOO CLOSELY,SR37N & TAPP,7366
2014,5,2,Weekday,1400,2-Car,Non-incapacitating,FAILURE TO YIELD RIGHT OF WAY,SR37 & TAPP RD,7367
2014,6,3,Weekday,1700,2-Car,No injury/unknown,FOLLOWING TOO CLOSELY,SR37S & TAPP,7368
2014,6,6,Weekday,1700,2-Car,No injury/unknown,FOLLOWING TOO CLOSELY,SR37S & TAPP,7369
2014,7,6,Weekday,1700,2-Car,No injury/unknown,DISREGARD SIGNAL/REG SIGN,SR37S & W TAPP,7370
2014,7,6,Weekday,1400,Moped/Motorcycle,No injury/unknown,FOLLOWING TOO CLOSELY,SR37S & W TAPP,7371
2014,8,1,Weekend,200,2-Car,No injury/unknown,FOLLOWING TOO CLOSELY,SR37S & W TAPP,7372
2014,8,4,Weekday,1200,2-Car,Non-incapacitating,FOLLOWING TOO CLOSELY,SR37S & TAPP,7373
2014,9,4,Weekday,2100,3+ Cars,Non-incapacitating,FAILURE TO YIELD RIGHT OF WAY,SR37S & W TAPP,7374
2014,10,2,Weekday,1000,2-Car,No injury/unknown,FOLLOWING TOO CLOSELY,SR37S & TAPP,7375
2014,12,2,Weekday,2300,2-Car,Non-incapacitating,FAILURE TO YIELD RIGHT OF WAY,SR37S & W TAPP,7376
2014,12,3,Weekday,1500,2-Car,Non-incapacitating,FOLLOWING TOO CLOSELY,TAPP,7377
2014,12,4,Weekday,600,2-Car,No injury/unknown,FOLLOWING TOO CLOSELY,SR37 & W TAPP,7378
2014,2,6,Weekday,700,1-Car,No injury/unknown,ROADWAY SURFACE CONDITION,2100 S SMITH RD & LORELEI,7379
2014,8,6,Weekend,2200,1-Car,No injury/unknown,ANIMAL/OBJECT IN ROADWAY,AIRPORT RD & CAVE,7380
2014,12,1,Weekend,1100,2-Car,No injury/unknown,OVERCORRECTING/OVERSTEERING,7155 W AIRPORT & S CAVE,7381
2014,8,6,Weekday,900,2-Car,No injury/unknown,FOLLOWING TOO CLOSELY,AIRPORT RD & KIRBY,7382
2014,10,6,Weekday,600,1-Car,No injury/unknown,RAN OFF ROAD RIGHT,AIRPORT & KIRBY,7383
2014,8,3,Weekday,1900,2-Car,Non-incapacitating,FAILURE TO YIELD RIGHT OF WAY,AIRPORT RD & BUNGER,7384
2014,8,3,Weekday,400,2-Car,No injury/unknown,FAILURE TO YIELD RIGHT OF WAY,S BUNGER RD & W AIRPORT,7385
2014,4,3,Weekday,1100,1-Car,Incapacitating,RAN OFF ROAD RIGHT,AIRPORT & ENDWRIGHT RD,7386
2014,11,1,Weekend,1300,1-Car,No injury/unknown,RAN OFF ROAD RIGHT,AIRPORT & ENDWRIGHT,7387