year,month,day,weekend,hour,collision_type,injury_type,primary_factor,reported_location,unique_id
2014,4,4,Weekday,2000,2-Car,No injury/unknown,UNSAFE BACKING,SR45W,7602
2014,4,7,Weekend,1500,2-Car,No injury/unknown,UNSAFE BACKING,W STATE ROAD 45 HWY,7603
2014,4,4,Weekday,1400,2-Car,No injury/unknown,UNSAFE BACKING,W SR 45 RD,7604
2014,4,2,Weekday,1300,2-Car,No injury/unknown,UNSAFE BACKING,STATE ROAD 45 RD,7605
2014,5,1,Weekend,1700,1-Car,No injury/unknown,UNSAFE LANE MOVEMENT,WEST STATE ROAD 45 HWY,7606
2014,7,6,Weekend,1900,2-Car,No injury/unknown,OTHER (DRIVER) - EXPLAIN IN NARRATIVE,SR45W,7607
2014,7,5,Weekday,1800,2-Car,No injury/unknown,UNSAFE BACKING,WEST 45 HWY,7608
2014,7,1,Weekend,1300,3+ Cars,No injury/unknown,UNSAFE BACKING,W SR45 HWY,7609
2014,10,2,Weekday,1200,2-Car,No injury/unknown,FAILURE TO YIELD RIGHT OF WAY,W STATE ROAD 45,7610
2014,8,2,Weekday,1800,2-Car,No injury/unknown,UNSAFE BACKING,SR45W,7611
2014,8,5,Weekday,2300,2-Car,No injury/unknown,UNSAFE BACKING,WEST STATE ROAD 45 RD,7612
2014,9,3,Weekday,1300,2-Car,No injury/unknown,FAILURE TO YIELD RIGHT OF WAY,W STATE ROAD 45 RD,7613
2014,9,3,Weekday,1600,2-Car,No injury/unknown,IMPROPER TURNING,SR45W,7614
2014,9,6,Weekday,300,Moped/Motorcycle,Non-incapacitating,BRAKE FAILURE OR DEFECTIVE,W STATE RD 45 RD,7615
2014,9,6,Weekday,1200,2-Car,No injury/unknown,UNSAFE BACKING,W 45 HWY,7616
2014,9,2,Weekday,1600,2-Car,No injury/unknown,UNSAFE BACKING,SR45W,7617
2014,10,4,Weekday,900,2-Car,No injury/unknown,IMPROPER LANE USAGE,SR45W,7618
2014,10,4,Weekday,1800,2-Car,No injury/unknown,FAILURE TO YIELD RIGHT OF WAY,SR45W,7619
2014,11,4,Weekday,1600,2-Car,No injury/unknown,UNSAFE BACKING,STATE ROAD 45,7620
2014,11,6,Weekday,1200,2-Car,No injury/unknown,FAILURE TO YIELD RIGHT OF WAY,SR45W,7621
2014,11,3,Weekday,1200,2-Car,No injury/unknown,UNSAFE BACKING,SR45W,7622
2014,11,6,Weekday,1200,2-Car,No injury/unknown,OTHER (DRIVER) - EXPLAIN IN NARRATIVE,SR45W,7623
2014,11,7,Weekend,1500,2-Car,No injury/unknown,IMPROPER LANE USAGE,W STATE RD 45,7624
2014,12,7,Weekend,1900,2-Car,No injury/unknown,FAILURE TO YIELD RIGHT OF WAY,W ST RD 45,7625
2014,12,6,Weekday,1200,2-Car,No injury/unknown,UNSAFE BACKING,W ST RD 45,7626
2014,12,3,Weekday,1700,2-Car,No injury/unknown,IMPROPER LANE USAGE,SR45W,7627
2014,1,6,Weekday,1500,1-Car,No injury/unknown,RAN OFF ROAD RIGHT,SOUTH MCDOUGAL ST,7628
2014,7,4,Weekday,600,2-Car,No injury/unknown,UNSAFE BACKING,S MILL STONE WAY,7629
2014,8,3,Weekday,400,Bus,No injury/unknown,FAILURE TO YIELD RIGHT OF WAY,VERNAL & W INDUSTRIAL PARK DR,7630
2014,2,7,Weekend,1100,1-Car,No injury/unknown,UNSAFE SPEED,EAST CARDINAL GLEEN & S WALNUT STREET PIKE,7631
2014,4,7,Weekend,1500,2-Car,No injury/unknown,UNSAFE BACKING,S WALNUT ST,7632
2014,4,5,Weekday,200,1-Car,No injury/unknown,UNSAFE SPEED,HEATHER LN & S WALNUT ST,7633
2014,5,2,Weekday,2300,1-Car,No injury/unknown,RAN OFF ROAD RIGHT,FULLERTON & LEONARD SPRINGS RD,7634
2014,10,1,Weekday,2200,1-Car,No injury/unknown,ANIMAL/OBJECT IN ROADWAY,SR37S & W FULLERTON,7635
2014,6,2,Weekday,1000,2-Car,No injury/unknown,FAILURE TO YIELD RIGHT OF WAY,FULLERTON PIKE & SIMS,7636
2014,2,4,Weekday,1500,2-Car,No injury/unknown,FOLLOWING TOO CLOSELY,S ISON & SR45W,7637
2014,9,6,Weekend,1900,2-Car,Non-incapacitating,FOLLOWING TOO CLOSELY,S ISON & SR45W,7638
2014,8,3,Weekday,1500,2-Car,No injury/unknown,UNSAFE SPEED,GORDON & S WALNUT ST,7639
2014,7,5,Weekday,1800,2-Car,No injury/unknown,FAILURE TO YIELD RIGHT OF WAY,FULLERTON PIKE & JUDD,7640
2014,10,3,Weekday,1700,2-Car,No injury/unknown,FAILURE TO YIELD RIGHT OF WAY,FULLERTON & SR37S,7641
2014,6,2,Weekday,1500,1-Car,No injury/unknown,RAN OFF ROAD RIGHT,ELLER & S GARRISON CHAPEL RD,7642
2014,9,4,Weekday,1200,2-Car,Non-incapacitating,OTHER (DRIVER) - EXPLAIN IN NARRATIVE,RHORER & WALNUT ST,7643
2014,7,1,Weekday,1900,1-Car,No injury/unknown,RAN OFF ROAD RIGHT,DUNCAN & LEONARDSPRINGS RD,7644
2014,7,3,Weekday,2000,2-Car,No injury/unknown,LEFT OF CENTER,S DUNCAN & W LEONARD SPRINGS RD,7645
2014,7,7,Weekend,1300,2-Car,No injury/unknown,FOLLOWING TOO CLOSELY,FULLERTON & SR37S,7646
2014,9,5,Weekday,700,1-Car,No injury/unknown,ANIMAL/OBJECT IN ROADWAY,S STATE 37 & W FULLERTON PIKE,7647
2014,12,6,Weekday,900,2-Car,No injury/unknown,FAILURE TO YIELD RIGHT OF WAY,FULLERTON & SR37S,7648
2014,5,5,Weekday,1700,2-Car,Non-incapacitating,FOLLOWING TOO CLOSELY,ISON & W LEONARD SPRINGS RD,7649
2014,5,5,Weekday,2100,2-Car,No injury/unknown,FAILURE TO YIELD RIGHT OF WAY,S ISON & W LEONARD SPRINGS RD,7650
2014,2,6,Weekday,800,1-Car,No injury/unknown,ENGINE FAILURE OR DEFECTIVE,S CASSANDRA & W LEONARD SPRINGS RD,7651
2014,6,5,Weekday,1500,2-Car,No injury/unknown,FAILURE TO YIELD RIGHT OF WAY,3900 BLK S WALNUT ST & RHORER,7652
2014,5,6,Weekday,1600,2-Car,No injury/unknown,IMPROPER TURNING,ELLER & SR45W,7653
2014,6,5,Weekday,1700,2-Car,Non-incapacitating,FAILURE TO YIELD RIGHT OF WAY,FULLERTON & ROCKPORT RD,7654
2014,12,3,Weekday,1700,2-Car,No injury/unknown,UNSAFE LANE MOVEMENT,FULLERTON & SR37,7655
2014,2,5,Weekday,1900,2-Car,No injury/unknown,FOLLOWING TOO CLOSELY,SR37S & W FULLERTON,7656
2014,12,7,Weekend,1000,2-Car,No injury/unknown,UNSAFE LANE MOVEMENT,FULLERTON & SR37S,7657
2014,11,7,Weekend,1300,2-Car,Non-incapacitating,DISREGARD SIGNAL/REG SIGN,FULLERTON & SR37S,7658
2014,5,2,Weekday,700,Bus,No injury/unknown,FAILURE TO YIELD RIGHT OF WAY,SR37S & W FULLERTON,7659
2014,5,5,Weekday,1800,2-Car,No injury/unknown,FAILURE TO YIELD RIGHT OF WAY,SR37S & W FULLERTON,7660
2014,6,1,Weekend,1800,2-Car,Non-incapacitating,FAILURE TO YIELD RIGHT OF WAY,FULLERTON & SR37S,7661
2014,1,4,Weekday,1100,1-Car,No injury/unknown,SPEED TOO FAST FOR WEATHER CONDITIONS,FULLERTON PIKE & JUDD,7662
2014,7,2,Weekday,800,2-Car,No injury/unknown,FAILURE TO YIELD RIGHT OF WAY,SR37S & W THAT,7663
2014,12,3,Weekday,200,1-Car,Incapacitating,SPEED TOO FAST FOR WEATHER CONDITIONS,SR37S & WEST THAT,7664
2014,7,1,Weekday,2200,1-Car,No injury/unknown,ANIMAL/OBJECT IN ROADWAY,DUNLAP & SR45W,7665
2014,10,4,Weekday,1500,1-Car,Incapacitating,ANIMAL/OBJECT IN ROADWAY,E RHORER,7666
2014,9,4,Weekday,1600,1-Car,No injury/unknown,OBSTRUCTION NOT MARKED,FULLERTON & SR37S,7667
2014,1,6,Weekday,1600,1-Car,No injury/unknown,RAN OFF ROAD RIGHT,HARRELL & RHORER RD,7668
2014,1,6,Weekday,500,1-Car,No injury/unknown,SPEED TOO FAST FOR WEATHER CONDITIONS,E RHORER & HARRELL RD,7669
2014,12,5,Weekday,1900,1-Car,No injury/unknown,ANIMAL/OBJECT IN ROADWAY,4220 S HARRELL & E RHORER,7670
2014,2,6,Weekday,1500,2-Car,No injury/unknown,SPEED TOO FAST FOR WEATHER CONDITIONS,SOUTH WICKENS & WEST GORDON PIKE,7671
2014,12,6,Weekday,1000,2-Car,No injury/unknown,FAILURE TO YIELD RIGHT OF WAY,GORDON & SR37S,7672
2014,4,6,Weekday,1700,3+ Cars,No injury/unknown,DRIVER ASLEEP OR FATIGUED,S ROGERS & W GORDON PIKE,7673
2014,7,3,Weekday,1300,1-Car,Incapacitating,RAN OFF ROAD RIGHT,S ROGERS ST & W GORDON,7674
2014,8,7,Weekend,2100,Moped/Motorcycle,Non-incapacitating,RAN OFF ROAD RIGHT,GORDAN PIKE & ROGERS,7675
2014,12,4,Weekday,700,2-Car,No injury/unknown,FAILURE TO YIELD RIGHT OF WAY,S ROGERS & W GORDON,7676
2014,7,4,Weekday,800,Moped/Motorcycle,Non-incapacitating,RAN OFF ROAD RIGHT,GORDON PIKE & S ROGERS,7677
2014,8,2,Weekday,1600,1-Car,Non-incapacitating,RAN OFF ROAD RIGHT,GORDON PIKE & ROGERS,7678
2014,11,2,Weekday,800,1-Car,No injury/unknown,RAN OFF ROAD RIGHT,HARRELL & RHORER,7679
2014,11,6,Weekday,1100,2-Car,No injury/unknown,FAILURE TO YIELD RIGHT OF WAY,W GORDON,7680
2014,2,5,Weekday,1500,2-Car,No injury/unknown,UNSAFE LANE MOVEMENT,E RHORER RD & S OLD SR 37,7681
2014,7,3,Weekday,1700,2-Car,No injury/unknown,FOLLOWING TOO CLOSELY,E RHORER & S OLD STATE ROAD 37 RD,7682
2014,8,4,Weekday,800,2-Car,No injury/unknown,FOLLOWING TOO CLOSELY,RHORER RD & S OLD SR 37,7683
2014,1,5,Weekday,1600,2-Car,No injury/unknown,FAILURE TO YIELD RIGHT OF WAY,W GORDON PIKE,7684
2014,4,1,Weekday,1900,Cyclist,Incapacitating,FAILURE TO YIELD RIGHT OF WAY,W GORDON PIKE,7685
2014,7,3,Weekday,1300,2-Car,No injury/unknown,OTHER (DRIVER) - EXPLAIN IN NARRATIVE,W GORDON PIKE,7686
2014,8,1,Weekend,1800,2-Car,Non-incapacitating,LEFT OF CENTER,W GORDON PIKE,7687
2014,4,4,Weekday,700,2-Car,No injury/unknown,ROADWAY SURFACE CONDITION,E RHORER RD & JAMIE,7688
2014,2,2,Weekday,700,2-Car,No injury/unknown,IMPROPER TURNING,E RHORER RD & S KENNEDY,7689
2014,7,4,Weekday,1500,2-Car,No injury/unknown,UNSAFE LANE MOVEMENT,RHORER RD & WALNUT,7690
2014,10,1,Weekend,1200,2-Car,No injury/unknown,FAILURE TO YIELD RIGHT OF WAY,RHORER & SARE RD,7691
2014,3,2,Weekday,1700,2-Car,Non-incapacitating,OVERCORRECTING/OVERSTEERING,RHORER RD & SARE,7692
2014,1,3,Weekday,1700,1-Car,No injury/unknown,RAN OFF ROAD RIGHT,RHORER RD & SARE,7693
2014,1,7,Weekend,2100,1-Car,No injury/unknown,SPEED TOO FAST FOR WEATHER CONDITIONS,E RHORER & S WALNUT STREET PIKE,7694
2014,2,3,Weekday,1600,Bus,Non-incapacitating,FOLLOWING TOO CLOSELY,E RHORER & WALNUT STREET PIKE,7695
2014,5,6,Weekend,2100,2-Car,No injury/unknown,FAILURE TO YIELD RIGHT OF WAY,E RHORER & SOUTH WALNUT STREET PIKE,7696
2014,5,7,Weekend,1700,2-Car,Non-incapacitating,FAILURE TO YIELD RIGHT OF WAY,RHORER RD & SOUTH WALNUT STREET,7697
2014,5,4,Weekday,1500,2-Car,No injury/unknown,INSECURE/LEAKY LOAD,E RHORER & S WALNUT STREET PIKE,7698
2014,6,7,Weekend,2300,2-Car,Non-incapacitating,FAILURE TO YIELD RIGHT OF WAY,RHORER & S WALNUT ST,7699
2014,6,4,Weekday,1500,2-Car,No injury/unknown,FOLLOWING TOO CLOSELY,RHORER & S WALNUT ST,7700
2014,8,1,Weekday,2100,2-Car,Non-incapacitating,DISREGARD SIGNAL/REG SIGN,RHORER & S WALNUT ST,7701
2014,10,6,Weekday,1400,2-Car,No injury/unknown,FOLLOWING TOO CLOSELY,RHORER & WALNUT ST,7702
2014,10,6,Weekday,1700,2-Car,No injury/unknown,FAILURE TO YIELD RIGHT OF WAY,E RHORER RD & S WALNUT STREET,7703
2014,11,3,Weekday,1600,2-Car,No injury/unknown,SPEED TOO FAST FOR WEATHER CONDITIONS,RHORER & WALNUT STREET,7704
2014,11,5,Weekday,700,2-Car,No injury/unknown,FAILURE TO YIELD RIGHT OF WAY,RHORER ROAD & WALNUT STREET PIKE,7705
2014,12,2,Weekday,1000,2-Car,No injury/unknown,FAILURE TO YIELD RIGHT OF WAY,RHORER & WALNUT STEET,7706
2014,11,2,Weekday,1900,2-Car,No injury/unknown,FOLLOWING TOO CLOSELY,OLD ST RD 37 & RHORER,7707
2014,8,5,Weekday,1300,1-Car,No injury/unknown,RAN OFF ROAD RIGHT,E RHORER RD,7708
2014,10,1,Weekend,1300,2-Car,No injury/unknown,UNSAFE SPEED,BURKS & WALNUT ST,7709
2014,9,3,Weekday,1300,2-Car,No injury/unknown,FOLLOWING TOO CLOSELY,S DUNLAP & SR45S,7710
2014,9,6,Weekend,2200,2-Car,No injury/unknown,OVERCORRECTING/OVERSTEERING,SOUTH OLD SR 37 RD,7711
2014,12,6,Weekday,1800,2-Car,No injury/unknown,UNSAFE BACKING,FALCON & W DOVE,7712
2014,2,6,Weekday,1400,1-Car,No injury/unknown,SPEED TOO FAST FOR WEATHER CONDITIONS,FULLERTON & SR37N,7713
2014,1,6,Weekday,1000,2-Car,No injury/unknown,DISREGARD SIGNAL/REG SIGN,SOUTH OLD ST RD 37 & SR37S,7714
2014,6,1,Weekend,1400,2-Car,No injury/unknown,DISREGARD SIGNAL/REG SIGN,S OLD 37 & SR37S,7715
2014,8,6,Weekday,100,1-Car,No injury/unknown,RAN OFF ROAD RIGHT,SOUTH OLD STATE ROAD 37 & SR37N,7716
2014,10,2,Weekday,1900,1-Car,No injury/unknown,BRAKE FAILURE OR DEFECTIVE,HILLSIDE & S WEATHERSTONE LN,7717
2014,6,4,Weekday,1700,3+ Cars,No injury/unknown,FOLLOWING TOO CLOSELY,DUNLAP & SR45S,7718
2014,11,4,Weekday,1600,2-Car,Non-incapacitating,LEFT OF CENTER,DUNLAP & SR45S,7719
2014,7,4,Weekday,100,1-Car,No injury/unknown,ANIMAL/OBJECT IN ROADWAY,S ROCKPORT & SR37S,7720
2014,5,7,Weekend,1500,1-Car,No injury/unknown,STEERING FAILURE,GARRISON CHAPEL & SR48W,7721
2014,5,7,Weekend,1500,2-Car,No injury/unknown,FAILURE TO YIELD RIGHT OF WAY,ROCKPORT & SR37S,7722
2014,7,2,Weekday,1200,2-Car,Non-incapacitating,FAILURE TO YIELD RIGHT OF WAY,S ROCKPORT & SR37S,7723
2014,5,2,Weekday,1700,2-Car,Non-incapacitating,FAILURE TO YIELD RIGHT OF WAY,S ROCKPORT RD & SR37S,7724
2014,6,3,Weekday,1200,2-Car,Incapacitating,FAILURE TO YIELD RIGHT OF WAY,ROCKPORT ROAD & SR37S,7725
2014,6,1,Weekend,1200,Moped/Motorcycle,Non-incapacitating,FAILURE TO YIELD RIGHT OF WAY,ROCKPORT & SR37S,7726
2014,10,1,Weekend,1500,1-Car,No injury/unknown,ANIMAL/OBJECT IN ROADWAY,ROCKPORT & SR37N,7727
2014,10,3,Weekday,800,1-Car,No injury/unknown,ANIMAL/OBJECT IN ROADWAY,DAVID & SARE,7728
2014,2,4,Weekday,800,1-Car,No injury/unknown,SPEED TOO FAST FOR WEATHER CONDITIONS,ROGERS ST & THAT,7729
2014,7,4,Weekday,100,1-Car,Non-incapacitating,UNSAFE SPEED,S GARRISON CHAPEL RD,7730
2014,1,5,Weekday,1800,2-Car,No injury/unknown,SPEED TOO FAST FOR WEATHER CONDITIONS,GORDON PIKE,7731
2014,1,7,Weekend,2000,2-Car,No injury/unknown,RAN OFF ROAD RIGHT,GORDON PIKE,7732
2014,5,1,Weekday,2200,2-Car,No injury/unknown,RAN OFF ROAD RIGHT,WEST GORDON PIKE LOT 109 RD,7733
2014,6,3,Weekday,1400,2-Car,No injury/unknown,IMPROPER TURNING,BAYWOOD DR & CLEAR VIEW,7734
2014,12,1,Weekend,900,1-Car,No injury/unknown,RAN OFF ROAD RIGHT,W THAT & WATSON,7735
2014,12,4,Weekday,1800,1-Car,No injury/unknown,ANIMAL/OBJECT IN ROADWAY,S KETCHAM & W POPCORN,7736
2014,12,4,Weekday,1600,1-Car,No injury/unknown,RAN OFF ROAD RIGHT,LOCKVIEW & MCDOUGAL,7737
2014,2,6,Weekday,1400,2-Car,No injury/unknown,SPEED TOO FAST FOR WEATHER CONDITIONS,ROCKPORT & SR37N,7738
2014,10,2,Weekday,300,1-Car,Non-incapacitating,DISREGARD SIGNAL/REG SIGN,ROCKPORT & SR37S,7739
2014,6,1,Weekend,1700,2-Car,No injury/unknown,FOLLOWING TOO CLOSELY,PINE GROVE & SR446S,7740
2014,8,1,Weekend,0,1-Car,Non-incapacitating,RAN OFF ROAD RIGHT,CRESTLINE & S WALNUT STREET PIKE,7741
2014,2,4,Weekday,600,1-Car,No injury/unknown,ANIMAL/OBJECT IN ROADWAY,DARRELL & SR45W,7742
2014,10,7,Weekend,1700,1-Car,No injury/unknown,SPEED TOO FAST FOR WEATHER CONDITIONS,E PINE GROVE & SR446S,7743
2014,6,1,Weekend,900,1-Car,No injury/unknown,LEFT OF CENTER,PINE GROVE RD & SR446S,7744
2014,1,5,Weekday,900,2-Car,Non-incapacitating,FAILURE TO YIELD RIGHT OF WAY,SR37N & THAT,7745
2014,1,5,Weekday,1400,2-Car,No injury/unknown,FOLLOWING TOO CLOSELY,SR37S & THAT RD,7746
2014,9,4,Weekday,2100,1-Car,Non-incapacitating,UNSAFE LANE MOVEMENT,SR37S & THAT,7747
2014,12,3,Weekday,1700,1-Car,No injury/unknown,LEFT OF CENTER,SR37N & W THAT,7748
2014,12,7,Weekend,700,2-Car,No injury/unknown,UNSAFE SPEED,PATRICIA LANE & W THAT RD,7749
2014,11,2,Weekday,600,1-Car,No injury/unknown,RAN OFF ROAD RIGHT,S PATRICIA & W THAT,7750
2014,9,1,Weekend,1800,1-Car,No injury/unknown,RAN OFF ROAD RIGHT,SOUTH STATE ROAD 446 RD,7751
2014,5,6,Weekday,1200,2-Car,No injury/unknown,OVERCORRECTING/OVERSTEERING,SR45W & W DINSMORE,7752
2014,5,6,Weekday,1200,1-Car,No injury/unknown,FOLLOWING TOO CLOSELY,DINSMORE & SR45W,7753
2014,7,4,Weekday,800,3+ Cars,No injury/unknown,LEFT OF CENTER,DINSMORE & SR45W,7754
2014,9,2,Weekday,900,2-Car,No injury/unknown,BRAKE FAILURE OR DEFECTIVE,DINSMORE & SR45W,7755
2014,3,7,Weekend,500,1-Car,No injury/unknown,RAN OFF ROAD RIGHT,DINSMORE & SR45W,7756
2014,10,4,Weekday,1500,1-Car,Non-incapacitating,RAN OFF ROAD RIGHT,DARRELL & SR45W,7757
2014,12,7,Weekend,600,1-Car,No injury/unknown,SPEED TOO FAST FOR WEATHER CONDITIONS,SOUTH DARRELL & SR45W,7758
2014,12,2,Weekday,1100,1-Car,No injury/unknown,OVERSIZE/OVERWEIGHT LOAD,ROGERS & THAT,7759
2014,2,3,Weekday,1400,Bus,No injury/unknown,UNSAFE BACKING,W THAT RD,7760
2014,4,6,Weekday,1500,2-Car,No injury/unknown,DRIVER DISTRACTED - EXPLAIN IN NARRATIVE,W THAT RD,7761
2014,6,7,Weekend,100,1-Car,No injury/unknown,RAN OFF ROAD RIGHT,SR45W & WEST DINSMORE,7762
2014,3,2,Weekday,1100,2-Car,No injury/unknown,FOLLOWING TOO CLOSELY,KIRKWOOD & ROGERS ST,7763
2014,8,3,Weekday,1700,2-Car,No injury/unknown,LEFT OF CENTER,E CARDINAL GLEN DR & S HUMMINGBIRD,7764
2014,6,2,Weekday,1200,2-Car,Non-incapacitating,FAILURE TO YIELD RIGHT OF WAY,FAIRFAX & OLD STATE RD 37 RD,7765
2014,4,6,Weekday,1600,3+ Cars,No injury/unknown,FOLLOWING TOO CLOSELY,BIG SKY & SR37S,7766
2014,11,5,Weekday,800,2-Car,No injury/unknown,FOLLOWING TOO CLOSELY,SR37S & W GORDON,7767
2014,6,7,Weekend,2200,2-Car,No injury/unknown,UNSAFE BACKING,ELWREN RD,7768
2014,2,7,Weekend,100,1-Car,No injury/unknown,UNSAFE SPEED,THAT & VICTOR PIKE,7769
2014,5,4,Weekday,1800,Moped/Motorcycle,No injury/unknown,FOLLOWING TOO CLOSELY,GARRISON CHAPEL & SR45W,7770
2014,2,6,Weekend,2100,1-Car,No injury/unknown,RAN OFF ROAD RIGHT,S WOODBINE & SR45W,7771
2014,6,3,Weekday,1600,2-Car,No injury/unknown,FOLLOWING TOO CLOSELY,SR45W & WOODBINE,7772
2014,2,7,Weekend,1700,3+ Cars,Non-incapacitating,FOLLOWING TOO CLOSELY,SR45 & WOODBINE,7773
2014,8,2,Weekday,100,2-Car,No injury/unknown,FAILURE TO YIELD RIGHT OF WAY,SR45W & W ELWREN,7774
2014,1,5,Weekday,1700,2-Car,No injury/unknown,ROADWAY SURFACE CONDITION,S HARMONY RD & W ISON RD,7775
2014,6,1,Weekend,800,1-Car,Non-incapacitating,LEFT OF CENTER,ELWREN ROAD RD & SR45,7776
2014,10,3,Weekday,1700,3+ Cars,No injury/unknown,FOLLOWING TOO CLOSELY,SR37S & VICTOR,7777
2014,4,5,Weekday,1700,1-Car,No injury/unknown,RAN OFF ROAD RIGHT,ELWREN RD & STANDFORD,7778
2014,3,7,Weekend,200,1-Car,No injury/unknown,ANIMAL/OBJECT IN ROADWAY,S STANFORD & W ELWREN RD,7779
2014,5,5,Weekday,1100,2-Car,No injury/unknown,UNSAFE BACKING,W ELWREN RD,7780
2014,1,1,Weekend,300,1-Car,Non-incapacitating,RAN OFF ROAD RIGHT,PINE GROVE RD & RED BUSH,7781
2014,9,2,Weekday,1800,3+ Cars,Non-incapacitating,FOLLOWING TOO CLOSELY,SR45W & W ISON,7782
2014,5,5,Weekday,1700,3+ Cars,No injury/unknown,FOLLOWING TOO CLOSELY,ISON & SR45W,7783
2014,5,6,Weekday,1100,2-Car,No injury/unknown,IMPROPER PASSING,ROCKPORT RD & STANSIFER,7784
2014,10,7,Weekend,1800,1-Car,Non-incapacitating,RAN OFF ROAD RIGHT,MARIE & S FAIRFAX,7785
2014,3,3,Weekday,1500,3+ Cars,No injury/unknown,UNSAFE SPEED,ELWREN & SR45,7786
2014,4,5,Weekday,1600,2-Car,No injury/unknown,FOLLOWING TOO CLOSELY,SR37S & THAT RD,7787
2014,11,3,Weekday,400,1-Car,No injury/unknown,ANIMAL/OBJECT IN ROADWAY,HARMONY & SR45W,7788
2014,3,6,Weekday,600,1-Car,No injury/unknown,ANIMAL/OBJECT IN ROADWAY,CHURCH LN & VICTOR,7789
2014,3,7,Weekend,2200,1-Car,Non-incapacitating,RAN OFF ROAD RIGHT,CHURCH LANE RD & ROGERS,7790
2014,8,3,Weekday,1500,2-Car,No injury/unknown,FAILURE TO YIELD RIGHT OF WAY,CHURCH & S ROGERS ST,7791
2014,8,5,Weekday,1300,2-Car,No injury/unknown,DRIVER DISTRACTED - EXPLAIN IN NARRATIVE,CHURCH LN & S ROGERS,7792
2014,8,7,Weekend,1600,Moped/Motorcycle,Non-incapacitating,OVERCORRECTING/OVERSTEERING,S ROGERS ST & W CHURCH,7793
2014,8,3,Weekday,0,1-Car,No injury/unknown,LEFT OF CENTER,S VICTOR & SR37S,7794
2014,4,3,Weekday,2100,1-Car,Non-incapacitating,UNSAFE SPEED,WALNUT ST,7795
2014,5,6,Weekday,1600,2-Car,No injury/unknown,FOLLOWING TOO CLOSELY,WALNUT & WALNUT ST PIKE,7796
2014,7,4,Weekday,1600,Moped/Motorcycle,Non-incapacitating,RAN OFF ROAD RIGHT,CHURCH LN & S RODGERS,7797
2014,7,7,Weekend,900,2-Car,No injury/unknown,FAILURE TO YIELD RIGHT OF WAY,S FAIRFAX & S OLD STATE 37 RD,7798
2014,8,6,Weekday,1600,2-Car,Non-incapacitating,FAILURE TO YIELD RIGHT OF WAY,FAIRFAX & OLD STATE ROAD 37 S RD,7799
2014,10,5,Weekday,1700,Moped/Motorcycle,Non-incapacitating,RAN OFF ROAD RIGHT,CHURCH & S OLD STATE ROAD 37 HWY,7800
2014,1,1,Weekend,0,2-Car,No injury/unknown,SPEED TOO FAST FOR WEATHER CONDITIONS,FAIRFAX & WALNUT STREET PIKE,7801
2014,7,6,Weekday,1700,Moped/Motorcycle,Incapacitating,FAILURE TO YIELD RIGHT OF WAY,FAIRFAX RD & WALNUT STREET,7802
2014,9,3,Weekday,700,2-Car,No injury/unknown,FOLLOWING TOO CLOSELY,S FAIRFAX RD & S WALNUT ST,7803
2014,6,6,Weekend,2300,2-Car,No injury/unknown,OTHER (DRIVER) - EXPLAIN IN NARRATIVE,FAIRFAX RD,7804
2014,2,6,Weekday,1600,1-Car,No injury/unknown,RAN OFF ROAD RIGHT,E SCHACHT & S FAIRFAX RD,7805
2014,11,6,Weekend,2300,1-Car,No injury/unknown,RAN OFF ROAD RIGHT,E SCHACHT & S FAIRFAX,7806
2014,12,6,Weekday,1500,2-Car,No injury/unknown,FOLLOWING TOO CLOSELY,EMPIRE MILL & S OLD 37,7807
2014,8,3,Weekday,600,1-Car,No injury/unknown,IMPROPER TURNING,SOUTH VICTOR PIKE,7808
2014,6,2,Weekday,700,1-Car,No injury/unknown,RAN OFF ROAD RIGHT,FAIRFAX RD & SCHACHT,7809
2014,11,3,Weekday,1700,2-Car,No injury/unknown,OTHER (VEHICLE) - EXPLAIN IN NARRATIVE,SR37S & W VICTOR,7810
2014,8,1,Weekend,200,1-Car,No injury/unknown,UNSAFE BACKING,S VICTOR PIKE,7811
2014,1,3,Weekday,900,2-Car,No injury/unknown,FAILURE TO YIELD RIGHT OF WAY,SR45S & STANFORD,7812
2014,2,6,Weekday,1600,2-Car,No injury/unknown,FOLLOWING TOO CLOSELY,HARMONY & SR45W,7813
2014,7,7,Weekend,2200,2-Car,No injury/unknown,INSECURE/LEAKY LOAD,SR37N & W VICTOR,7814
2014,10,4,Weekday,1700,1-Car,No injury/unknown,RAN OFF ROAD RIGHT,MARIE & S FAIRFAX,7815
2014,10,4,Weekday,1700,1-Car,No injury/unknown,RAN OFF ROAD RIGHT,FAIRFAX & MARIE,7816
2014,3,3,Weekday,900,2-Car,No injury/unknown,DISREGARD SIGNAL/REG SIGN,SR37 & VICTOR,7817
2014,6,3,Weekday,0,2-Car,No injury/unknown,SPEED TOO FAST FOR WEATHER CONDITIONS,SR37 & VICTOR PIKE,7818
2014,12,3,Weekday,1700,2-Car,No injury/unknown,IMPROPER PASSING,SR37S & VICTOR,7819
2014,1,4,Weekday,2100,2-Car,No injury/unknown,RAN OFF ROAD RIGHT,SR37S & VICTOR,7820
2014,4,5,Weekday,1700,3+ Cars,Non-incapacitating,CELL PHONE USAGE,SR37S & VICTOR,7821