year,month,day,weekend,hour,collision_type,injury_type,primary_factor,reported_location,unique_id
2013,11,4,Weekday,1100,2-Car,No injury/unknown,FOLLOWING TOO CLOSELY,N WALNUT & W 17TH ST,9117
2013,12,5,Weekday,100,1-Car,No injury/unknown,SPEED TOO FAST FOR WEATHER CONDITIONS,17TH ST & WALNUT,9118
2013,10,1,Weekend,1200,2-Car,No injury/unknown,FOLLOWING TOO CLOSELY,17TH ST & FEE,9119
2013,10,1,Weekend,0,2-Car,Non-incapacitating,FAILURE TO YIELD RIGHT OF WAY,17TH ST & FEE,9120
2013,11,1,Weekend,0,1-Car,No injury/unknown,DRIVER DISTRACTED - EXPLAIN IN NARRATIVE,17TH ST & FEE,9121
2013,12,7,Weekend,600,1-Car,No injury/unknown,SPEED TOO FAST FOR WEATHER CONDITIONS,17TH ST & NORTH JORDAN,9122
2013,7,3,Weekday,300,2-Car,No injury/unknown,RAN OFF ROAD RIGHT,17TH & N LINCOLN ST,9123
2013,4,3,Weekday,900,2-Car,No injury/unknown,VIEW OBSTRUCTED,SEVENTEENTH & SR45N,9124
2013,8,4,Weekday,1600,Cyclist,Non-incapacitating,PEDESTRIAN ACTION,1ST & S LINCOLN ST,9125
2013,1,7,Weekend,200,2-Car,No injury/unknown,FOLLOWING TOO CLOSELY,17TH ST & JORDAN,9126
2013,2,7,Weekend,2300,2-Car,No injury/unknown,UNSAFE BACKING,N JORDAN AVE,9127
2013,5,2,Weekday,800,1-Car,Non-incapacitating,OTHER (DRIVER) - EXPLAIN IN NARRATIVE,105 NORTH JORDAN (GARAGE) AVE & JORDAN,9128
2013,9,1,Weekend,1400,2-Car,No injury/unknown,ROADWAY SURFACE CONDITION,17TH ST & JORDAN,9129
2013,12,7,Weekend,700,2-Car,No injury/unknown,SPEED TOO FAST FOR WEATHER CONDITIONS,EAST 17TH ST & NORTH JORDAN,9130
2013,10,4,Weekday,1100,2-Car,No injury/unknown,FAILURE TO YIELD RIGHT OF WAY,17TH ST & JORDAN,9131
2013,1,3,Weekday,1000,1-Car,No injury/unknown,OTHER (DRIVER) - EXPLAIN IN NARRATIVE,EAST 17TH ST,9132
2013,4,4,Weekday,600,2-Car,No injury/unknown,UNSAFE BACKING,EAST 17TH ST,9133
2013,5,5,Weekday,2200,Bus,No injury/unknown,UNSAFE BACKING,17TH ST,9134
2013,5,5,Weekday,1200,1-Car,No injury/unknown,UNSAFE BACKING,EAST 17TH ST,9135
2013,10,3,Weekday,1900,2-Car,No injury/unknown,FOLLOWING TOO CLOSELY,EAST 17TH ST & JORDAN,9136
2013,11,4,Weekday,1700,2-Car,No injury/unknown,FOLLOWING TOO CLOSELY,EAST 17TH ST & JORDAN,9137
2013,10,4,Weekday,900,2-Car,No injury/unknown,FOLLOWING TOO CLOSELY,17TH ST & JORDAN,9138
2013,10,5,Weekday,1400,2-Car,No injury/unknown,FAILURE TO YIELD RIGHT OF WAY,17TH ST & JORDAN,9139
2013,11,7,Weekend,2300,1-Car,No injury/unknown,SPEED TOO FAST FOR WEATHER CONDITIONS,17TH ST & JORDAN,9140
2013,12,3,Weekday,1200,3+ Cars,No injury/unknown,UNSAFE BACKING,EAST 17TH ST,9141
2013,12,5,Weekday,1700,2-Car,No injury/unknown,FOLLOWING TOO CLOSELY,SR37 & VERNAL,9142
2013,9,3,Weekday,1100,1-Car,No injury/unknown,RAN OFF ROAD RIGHT,17TH & MADISON ST,9143
2013,11,6,Weekend,2300,1-Car,No injury/unknown,ANIMAL/OBJECT IN ROADWAY,SR37N & VERNAL,9144
2013,11,4,Weekday,700,Cyclist,Non-incapacitating,OTHER (DRIVER) - EXPLAIN IN NARRATIVE,BURKS & WALNUT STREET PIKE,9145
2013,11,7,Weekend,400,1-Car,No injury/unknown,RAN OFF ROAD RIGHT,GRANT ST,9146
2013,4,3,Weekday,700,2-Car,No injury/unknown,FAILURE TO YIELD RIGHT OF WAY,WALNUT ST & WINSLOW,9147
2013,2,3,Weekday,800,2-Car,No injury/unknown,FAILURE TO YIELD RIGHT OF WAY,6TH & MORTON ST,9148
2013,10,7,Weekend,1500,2-Car,No injury/unknown,ROADWAY SURFACE CONDITION,EAST 17TH ST,9149
2013,9,3,Weekday,1800,Pedestrian,Non-incapacitating,VIEW OBSTRUCTED,EAST 17TH & FEE LN,9150
2013,1,2,Weekday,2100,2-Car,No injury/unknown,UNSAFE BACKING,N FEE LN,9151
2013,5,7,Weekend,2000,1-Car,Non-incapacitating,UNSAFE BACKING,NORTH JACKSON ST,9152
2013,7,6,Weekday,1400,2-Car,No injury/unknown,FAILURE TO YIELD RIGHT OF WAY,16TH ST & LINCOLN,9153
2013,8,3,Weekday,1200,2-Car,No injury/unknown,FAILURE TO YIELD RIGHT OF WAY,MADISON & W 16 ST,9154
2013,9,1,Weekend,1500,2-Car,No injury/unknown,IMPROPER LANE USAGE,16TH & MADISON ST,9155
2013,11,7,Weekend,1400,2-Car,No injury/unknown,FOLLOWING TOO CLOSELY,SR37S & VERNAL,9156
2013,1,6,Weekday,1000,2-Car,No injury/unknown,FOLLOWING TOO CLOSELY,SR37S & VERNAIL,9157
2013,4,5,Weekday,300,Moped/Motorcycle,Incapacitating,RAN OFF ROAD RIGHT,ANGELINA & W VERNAL PIKE,9158
2013,4,5,Weekday,900,2-Car,No injury/unknown,IMPROPER TURNING,8TH & COLLEGE AVE,9159
2013,12,6,Weekday,0,2-Car,No injury/unknown,RAN OFF ROAD RIGHT,DUNN ST,9160
2013,4,7,Weekend,200,2-Car,No injury/unknown,UNSAFE BACKING,N FEE LN,9161
2013,2,5,Weekday,1800,2-Car,Non-incapacitating,FAILURE TO YIELD RIGHT OF WAY,300 BLK N JACOB DR & ALEXANDER,9162
2013,1,3,Weekday,800,Bus,No injury/unknown,OTHER (DRIVER) - EXPLAIN IN NARRATIVE,15TH & INDIANA AVE,9163
2013,1,3,Weekday,900,2-Car,No injury/unknown,FAILURE TO YIELD RIGHT OF WAY,JORDAN AVE & LINGELBACH,9164
2013,1,5,Weekday,1500,2-Car,No injury/unknown,OTHER (DRIVER) - EXPLAIN IN NARRATIVE,JORDAN & LINGELBACH LN,9165
2013,8,5,Weekday,1600,2-Car,No injury/unknown,UNSAFE BACKING,SR37S & VERNAL,9166
2013,5,5,Weekday,1900,2-Car,No injury/unknown,FOLLOWING TOO CLOSELY,N MAPLE ST,9167
2013,6,1,Weekend,1100,2-Car,No injury/unknown,FOLLOWING TOO CLOSELY,SR37N & W VERNAL,9168
2013,3,6,Weekday,1400,2-Car,No injury/unknown,UNSAFE SPEED,SR37S & VERNAL,9169
2013,12,6,Weekend,2100,2-Car,No injury/unknown,FOLLOWING TOO CLOSELY,10TH & SR4546S,9170
2013,2,6,Weekday,1700,2-Car,No injury/unknown,FOLLOWING TOO CLOSELY,SR37N & VERNAL,9171
2013,12,4,Weekday,0,3+ Cars,No injury/unknown,OTHER (DRIVER) - EXPLAIN IN NARRATIVE,15TH ST & GRANT,9172
2013,10,7,Weekend,2200,2-Car,No injury/unknown,UNSAFE BACKING,EAST 15TH ST,9173
2013,12,1,Weekday,2000,2-Car,No injury/unknown,UNSAFE BACKING,EAST 15TH ST,9174
2013,4,6,Weekend,2000,2-Car,No injury/unknown,OTHER (DRIVER) - EXPLAIN IN NARRATIVE,EAST 15TH ST & LINCOLN,9175
2013,11,7,Weekend,1500,2-Car,No injury/unknown,FAILURE TO YIELD RIGHT OF WAY,15TH ST & WASHINGTON,9176
2013,1,5,Weekday,2200,1-Car,No injury/unknown,SPEED TOO FAST FOR WEATHER CONDITIONS,EAST 10TH ST & SR4546,9177
2013,1,3,Weekday,1300,2-Car,No injury/unknown,UNSAFE LANE MOVEMENT,E 10TH ST & SR4546,9178
2013,3,4,Weekday,800,2-Car,No injury/unknown,OTHER (ENVIRONMENTAL) - EXPLAIN IN NARR,EAST 10TH ST & SR4546,9179
2013,6,4,Weekday,1200,2-Car,No injury/unknown,FAILURE TO YIELD RIGHT OF WAY,10TH ST & SR4546,9180
2013,6,4,Weekday,2300,2-Car,No injury/unknown,UNSAFE SPEED,E 10TH ST & SR4546,9181
2013,7,3,Weekday,1500,2-Car,No injury/unknown,UNSAFE LANE MOVEMENT,10TH ST & CR4546,9182
2013,9,3,Weekday,1000,2-Car,No injury/unknown,UNSAFE BACKING,10TH & 1827 EAST 10TH ST,9183
2013,9,6,Weekday,1800,2-Car,No injury/unknown,IMPROPER TURNING,10TH & SR4546N,9184
2013,10,5,Weekday,1100,2-Car,No injury/unknown,FOLLOWING TOO CLOSELY,45 46 & E 10TH ST,9185
2013,11,1,Weekend,1400,3+ Cars,No injury/unknown,FOLLOWING TOO CLOSELY,10TH ST & SR4546,9186
2013,12,2,Weekday,1600,2-Car,No injury/unknown,FOLLOWING TOO CLOSELY,10TH & SR4546N,9187
2013,12,6,Weekday,1300,2-Car,No injury/unknown,DRIVER DISTRACTED - EXPLAIN IN NARRATIVE,10TH & SR4546S,9188
2013,1,1,Weekend,1600,2-Car,No injury/unknown,FAILURE TO YIELD RIGHT OF WAY,15TH & WALNUT ST,9189
2013,8,3,Weekday,1700,2-Car,No injury/unknown,DRIVER DISTRACTED - EXPLAIN IN NARRATIVE,15TH & N WALNUT ST,9190
2013,6,2,Weekday,100,1-Car,No injury/unknown,ANIMAL/OBJECT IN ROADWAY,SR37N & SR45W,9191
2013,3,1,Weekend,900,2-Car,Non-incapacitating,DRIVER DISTRACTED - EXPLAIN IN NARRATIVE,SR37S & W VERNAL,9192
2013,11,5,Weekday,1200,2-Car,No injury/unknown,FAILURE TO YIELD RIGHT OF WAY,LIBERTY DR & SR 45,9193
2013,8,5,Weekday,600,1-Car,No injury/unknown,UNSAFE BACKING,N MAPLE ST,9194
2013,5,7,Weekend,300,1-Car,No injury/unknown,RAN OFF ROAD RIGHT,15TH ST & HANCOCK,9195
2013,4,1,Weekend,300,3+ Cars,No injury/unknown,OTHER (DRIVER) - EXPLAIN IN NARRATIVE,15 TH ST & ROGERS,9196
2013,2,4,Weekday,900,Pedestrian,Non-incapacitating,FAILURE TO YIELD RIGHT OF WAY,S ROGERS & W 1ST ST,9197
2013,7,1,Weekday,2100,3+ Cars,Incapacitating,DISREGARD SIGNAL/REG SIGN,SR37S & VERNAL,9198
2013,7,1,Weekend,1700,3+ Cars,Non-incapacitating,FOLLOWING TOO CLOSELY,SR37N & W VERNAL,9199
2013,9,3,Weekday,1500,2-Car,No injury/unknown,FOLLOWING TOO CLOSELY,SR37N & VERNAL,9200
2013,9,1,Weekday,2000,2-Car,No injury/unknown,FOLLOWING TOO CLOSELY,SR37S & VERNAL,9201
2013,10,3,Weekday,1400,2-Car,No injury/unknown,FOLLOWING TOO CLOSELY,SR37S & VERNAL,9202
2013,1,5,Weekday,0,2-Car,No injury/unknown,UNSAFE BACKING,NORTH FEE LN,9203
2013,1,3,Weekday,600,2-Car,No injury/unknown,FAILURE TO YIELD RIGHT OF WAY,SR37N & VERNAL,9204
2013,5,1,Weekend,1500,2-Car,No injury/unknown,FOLLOWING TOO CLOSELY,SR37S & VERNAL,9205
2013,8,2,Weekday,1100,2-Car,Incapacitating,FOLLOWING TOO CLOSELY,SR37N & VERNAL,9206
2013,9,1,Weekend,1800,2-Car,No injury/unknown,UNSAFE LANE MOVEMENT,SR37N & VERNAL PIKE,9207
2013,9,5,Weekday,1200,2-Car,No injury/unknown,FOLLOWING TOO CLOSELY,E LINGELBACH & JORDAN AVE,9208
2013,3,3,Weekday,1500,2-Car,No injury/unknown,FOLLOWING TOO CLOSELY,HARTSTRAIGHT & SR46W,9209
2013,1,3,Weekday,1300,2-Car,No injury/unknown,FOLLOWING TOO CLOSELY,HARTSTRAIGHT & SR46W,9210
2013,5,5,Weekday,1800,2-Car,No injury/unknown,FAILURE TO YIELD RIGHT OF WAY,HARTSTRAIGHT & SR46W,9211
2013,5,4,Weekday,1300,2-Car,No injury/unknown,FOLLOWING TOO CLOSELY,SR37N & VERNAL,9212
2013,8,1,Weekday,1900,2-Car,Incapacitating,DISREGARD SIGNAL/REG SIGN,SR37 & VERNAL,9213
2013,9,6,Weekday,1600,2-Car,No injury/unknown,UNSAFE LANE MOVEMENT,SR37N & VERNAL,9214
2013,11,4,Weekday,900,2-Car,No injury/unknown,UNSAFE LANE MOVEMENT,SR37 & VERNAL PIKE,9215
2013,1,5,Weekday,1800,2-Car,No injury/unknown,SPEED TOO FAST FOR WEATHER CONDITIONS,SR37N & VERNAL,9216
2013,5,3,Weekday,1700,3+ Cars,No injury/unknown,FOLLOWING TOO CLOSELY,SR37N & VERNAL,9217
2013,9,1,Weekend,1400,2-Car,No injury/unknown,IMPROPER TURNING,14TH & INDIANA AVE,9218
2013,3,6,Weekday,1200,2-Car,No injury/unknown,FAILURE TO YIELD RIGHT OF WAY,14TH ST & DUNN,9219
2013,3,7,Weekend,0,2-Car,No injury/unknown,RAN OFF ROAD RIGHT,E 14TH ST & N DUNN,9220
2013,1,4,Weekday,1700,2-Car,No injury/unknown,UNSAFE BACKING,S PARK AVE,9221
2013,5,5,Weekday,900,2-Car,No injury/unknown,OTHER (DRIVER) - EXPLAIN IN NARRATIVE,N FEE LN,9222
2013,6,6,Weekday,1600,2-Car,No injury/unknown,OTHER (DRIVER) - EXPLAIN IN NARRATIVE,N FEE LN,9223
2013,7,6,Weekday,1200,2-Car,No injury/unknown,OTHER (VEHICLE) - EXPLAIN IN NARRATIVE,N FEE LN,9224
2013,8,7,Weekend,1200,2-Car,No injury/unknown,UNSAFE BACKING,N FEE LN,9225
2013,1,5,Weekday,1000,2-Car,No injury/unknown,FAILURE TO YIELD RIGHT OF WAY,FOURTEENTH & INDIANA AVE,9226
2013,5,5,Weekday,1900,Moped/Motorcycle,Non-incapacitating,FAILURE TO YIELD RIGHT OF WAY,14TH & INDIANA AVE,9227
2013,1,7,Weekend,1200,1-Car,No injury/unknown,RAN OFF ROAD RIGHT,14TH & MADISON ST,9228
2013,8,6,Weekday,700,1-Car,No injury/unknown,RAN OFF ROAD RIGHT,14TH & MADISON ST,9229
2013,12,6,Weekday,800,2-Car,Non-incapacitating,DRIVER DISTRACTED - EXPLAIN IN NARRATIVE,14TH & MADISON ST,9230
2013,1,7,Weekend,2200,2-Car,No injury/unknown,FAILURE TO YIELD RIGHT OF WAY,14TH & N COLLEGE AVE,9231
2013,6,6,Weekday,1500,2-Car,No injury/unknown,FAILURE TO YIELD RIGHT OF WAY,14TH ST & COLLEGE,9232
2013,8,6,Weekday,1800,2-Car,No injury/unknown,LEFT OF CENTER,N COLLEGE AVE,9233
2013,11,4,Weekday,1200,2-Car,No injury/unknown,UNSAFE BACKING,NORTH COLLEGE AVE,9234
2013,4,5,Weekday,1300,2-Car,No injury/unknown,FAILURE TO YIELD RIGHT OF WAY,14TH & MADISON ST,9235
2013,1,1,Weekend,1400,2-Car,No injury/unknown,FAILURE TO YIELD RIGHT OF WAY,14TH & WALNUT ST,9236
2013,4,7,Weekend,1500,2-Car,No injury/unknown,UNSAFE LANE MOVEMENT,NORTH WALNUT ST & WEST 14TH,9237
2013,5,1,Weekday,2200,2-Car,No injury/unknown,FOLLOWING TOO CLOSELY,14TH & WALNUT ST,9238
2013,9,1,Weekend,0,2-Car,No injury/unknown,FOLLOWING TOO CLOSELY,14TH & N WALNUT ST,9239
2013,9,6,Weekend,2100,1-Car,No injury/unknown,RAN OFF ROAD RIGHT,14TH ST & WALNUT,9240
2013,10,3,Weekday,1500,2-Car,No injury/unknown,FAILURE TO YIELD RIGHT OF WAY,14TH & N WALNUT ST,9241
2013,10,1,Weekend,1100,2-Car,No injury/unknown,FAILURE TO YIELD RIGHT OF WAY,14TH & WALNUT ST,9242
2013,2,6,Weekday,1600,2-Car,Non-incapacitating,FAILURE TO YIELD RIGHT OF WAY,14TH & WALNUT ST,9243
2013,7,7,Weekend,1700,2-Car,No injury/unknown,IMPROPER TURNING,14TH & WALNUT ST,9244
2013,12,5,Weekday,2300,2-Car,No injury/unknown,IMPROPER TURNING,14TH & N WALNUT ST,9245
2013,2,2,Weekday,1500,2-Car,No injury/unknown,FAILURE TO YIELD RIGHT OF WAY,14TH & COLLEGE AVE,9246
2013,3,6,Weekday,1300,2-Car,No injury/unknown,DISREGARD SIGNAL/REG SIGN,14TH & COLLEGE AVE,9247
2013,10,6,Weekday,1700,2-Car,Non-incapacitating,UNSAFE LANE MOVEMENT,14TH & COLLEGE AVE,9248
2013,10,7,Weekend,1700,2-Car,No injury/unknown,FOLLOWING TOO CLOSELY,EAST 17TH & JORDAN AVE,9249
2013,12,3,Weekday,1600,Cyclist,No injury/unknown,FAILURE TO YIELD RIGHT OF WAY,45 46 BYPASS & RANGE ROAD RD,9250
2013,3,1,Weekend,1800,2-Car,No injury/unknown,UNSAFE LANE MOVEMENT,SR37 & SR45,9251
2013,5,4,Weekday,900,Moped/Motorcycle,Non-incapacitating,FAILURE TO YIELD RIGHT OF WAY,FOX HOLLOW RD & VIXEN,9252
2013,5,5,Weekday,0,1-Car,No injury/unknown,ANIMAL/OBJECT IN ROADWAY,14TH & RANGE RD,9253
2013,5,4,Weekday,2300,1-Car,No injury/unknown,IMPROPER TURNING,10TH & RANGE RD,9254
2013,1,1,Weekend,100,2-Car,No injury/unknown,UNSAFE BACKING,NORTH JORDAN AVE,9255
2013,6,2,Weekday,1700,2-Car,No injury/unknown,FAILURE TO YIELD RIGHT OF WAY,INDUSTRIAL & SR45E,9256
2013,12,5,Weekday,1100,2-Car,Incapacitating,LEFT OF CENTER,E 13TH ST & N DUNN,9257
2013,2,5,Weekday,200,2-Car,No injury/unknown,SPEED TOO FAST FOR WEATHER CONDITIONS,MADISON ST,9258
2013,3,2,Weekday,1500,2-Car,Non-incapacitating,FAILURE TO YIELD RIGHT OF WAY,13TH & INDIANA AVE,9259
2013,4,3,Weekday,1600,2-Car,No injury/unknown,UNSAFE BACKING,13TH ST & INDIANA,9260
2013,9,7,Weekend,1500,2-Car,Non-incapacitating,FAILURE TO YIELD RIGHT OF WAY,13TH ST & INDIANA,9261
2013,9,5,Weekday,1300,2-Car,Non-incapacitating,FAILURE TO YIELD RIGHT OF WAY,13TH & INDIANA AVE,9262
2013,3,1,Weekend,1500,2-Car,No injury/unknown,FAILURE TO YIELD RIGHT OF WAY,N JORDAN AVE,9263
2013,2,7,Weekend,1400,2-Car,No injury/unknown,OTHER (DRIVER) - EXPLAIN IN NARRATIVE,EAST 13TH ST,9264
2013,6,4,Weekday,1600,2-Car,No injury/unknown,UNSAFE LANE MOVEMENT,6TH & WALNUT ST,9265
2013,1,4,Weekday,1200,1-Car,No injury/unknown,OTHER (DRIVER) - EXPLAIN IN NARRATIVE,13TH & 900 N FESS AVE,9266
2013,2,1,Weekend,100,2-Car,No injury/unknown,IMPROPER TURNING,N JORDAN AVE,9267
2013,3,3,Weekday,100,2-Car,No injury/unknown,RAN OFF ROAD RIGHT,NORTH COLLEGE RD,9268
2013,10,5,Weekday,1400,2-Car,No injury/unknown,OTHER (DRIVER) - EXPLAIN IN NARRATIVE,N CURRY PIKE,9269
2013,9,1,Weekend,1100,2-Car,Non-incapacitating,FOLLOWING TOO CLOSELY,INDIANA AVE & THIRTEENTH,9270
2013,12,1,Weekday,2100,2-Car,No injury/unknown,FAILURE TO YIELD RIGHT OF WAY,INDIANA AVE & THIRTEENTH,9271
2013,1,5,Weekday,1000,2-Car,No injury/unknown,OTHER (DRIVER) - EXPLAIN IN NARRATIVE,NORTH FEE LN,9272
2013,4,5,Weekday,1400,2-Car,No injury/unknown,UNSAFE BACKING,N FEE LN,9273
2013,4,2,Weekday,2000,2-Car,No injury/unknown,UNSAFE BACKING,N FEE LN,9274
2013,5,5,Weekday,1700,2-Car,No injury/unknown,OTHER (DRIVER) - EXPLAIN IN NARRATIVE,NORTH FEE LN,9275
2013,8,4,Weekday,1100,2-Car,No injury/unknown,UNSAFE BACKING,N FEE LN,9276
2013,9,7,Weekend,2100,2-Car,No injury/unknown,UNSAFE BACKING,N FEE LN,9277
2013,10,5,Weekday,1700,2-Car,No injury/unknown,UNSAFE BACKING,N FEE LN,9278
2013,12,1,Weekend,200,3+ Cars,No injury/unknown,SPEED TOO FAST FOR WEATHER CONDITIONS,NORTH FEE LN,9279
2013,4,2,Weekday,1500,2-Car,No injury/unknown,FAILURE TO YIELD RIGHT OF WAY,13TH & INDIANA AVE,9280
2013,4,1,Weekend,1400,2-Car,No injury/unknown,FAILURE TO YIELD RIGHT OF WAY,13TH & INDIANA AVE,9281
2013,11,3,Weekday,1900,2-Car,Non-incapacitating,FAILURE TO YIELD RIGHT OF WAY,13TH & INDIANA AVE,9282
2013,7,7,Weekend,1600,2-Car,No injury/unknown,FAILURE TO YIELD RIGHT OF WAY,3RD & CURRY PIKE,9283
2013,10,4,Weekday,1200,2-Car,No injury/unknown,FAILURE TO YIELD RIGHT OF WAY,13TH ST & WALNUT,9284
2013,10,1,Weekend,1300,2-Car,No injury/unknown,FOLLOWING TOO CLOSELY,RANGE & SR45N,9285
2013,10,5,Weekday,1800,2-Car,No injury/unknown,UNSAFE LANE MOVEMENT,RANGE & SR4546N,9286
2013,6,6,Weekday,1600,3+ Cars,Non-incapacitating,FAILURE TO YIELD RIGHT OF WAY,E 10TH ST & N RUSSELL,9287
2013,3,6,Weekday,100,1-Car,Incapacitating,DRIVER DISTRACTED - EXPLAIN IN NARRATIVE,E 13TH ST & N FEE,9288
2013,9,1,Weekend,1300,Pedestrian,Non-incapacitating,PEDESTRIAN ACTION,1101 N FEE (SOUTH LOT) LN & 13TH,9289
2013,12,4,Weekday,1400,2-Car,No injury/unknown,FOLLOWING TOO CLOSELY,13TH ST & FEE,9290
2013,3,4,Weekday,1800,2-Car,No injury/unknown,UNSAFE BACKING,NORTH ROGERS & WEST 13TH ST,9291
2013,11,7,Weekend,2000,2-Car,No injury/unknown,FAILURE TO YIELD RIGHT OF WAY,THIRTEENTH & WALNUT GROVE ST,9292
2013,7,6,Weekend,2200,1-Car,No injury/unknown,RAN OFF ROAD RIGHT,SR37S & VERNAL,9293
2013,9,2,Weekday,1500,Bus,No injury/unknown,IMPROPER TURNING,N CRESCENT RD & W VERNAL,9294
2013,11,1,Weekend,0,1-Car,No injury/unknown,OTHER (DRIVER) - EXPLAIN IN NARRATIVE,W CRESCENT & W VERNAL PIKE,9295
2013,12,1,Weekend,1800,2-Car,No injury/unknown,FOLLOWING TOO CLOSELY,CRESCENT & VERNAL PIKE,9296
2013,10,4,Weekday,2300,2-Car,No injury/unknown,IMPROPER TURNING,WOODBRIDGE DR,9297
2013,8,2,Weekday,1600,3+ Cars,Incapacitating,DRIVER DISTRACTED - EXPLAIN IN NARRATIVE,SR37N & VERNAL,9298
2013,11,3,Weekday,1000,2-Car,No injury/unknown,UNSAFE SPEED,SR37 & VERNAL,9299
2013,10,5,Weekday,1300,2-Car,No injury/unknown,UNSAFE BACKING,FAIRVIEW ST & KIRKWOOD,9300
2013,9,1,Weekend,1000,2-Car,No injury/unknown,FOLLOWING TOO CLOSELY,JORDAN AVE & LAW,9301
2013,2,7,Weekend,800,1-Car,No injury/unknown,RAN OFF ROAD RIGHT,SR37N & W VERNAL,9302
2013,8,3,Weekday,800,2-Car,No injury/unknown,IMPROPER LANE USAGE,W 12TH ST,9303
2013,11,1,Weekend,1000,1-Car,No injury/unknown,DRIVER ASLEEP OR FATIGUED,W 12TH ST,9304
2013,2,1,Weekend,400,2-Car,No injury/unknown,WRONG WAY ON ONE WAY,E 12TH & N LINCOLN ST,9305
2013,3,1,Weekday,1900,2-Car,No injury/unknown,OTHER (DRIVER) - EXPLAIN IN NARRATIVE,12TH & LINCOLN ST,9306
2013,4,7,Weekend,100,3+ Cars,No injury/unknown,UNSAFE BACKING,E 12TH & N LINCOLN ST,9307
2013,4,6,Weekend,2200,2-Car,No injury/unknown,FAILURE TO YIELD RIGHT OF WAY,12TH ST & INDIANA,9308
2013,7,5,Weekday,1500,2-Car,No injury/unknown,FAILURE TO YIELD RIGHT OF WAY,12TH & INDIANA AVE,9309
2013,10,7,Weekend,1100,2-Car,No injury/unknown,FAILURE TO YIELD RIGHT OF WAY,12TH ST & INDIANA,9310
2013,11,7,Weekend,1200,2-Car,No injury/unknown,FAILURE TO YIELD RIGHT OF WAY,12TH & INDIANA AVE,9311
2013,10,2,Weekday,1200,Moped/Motorcycle,No injury/unknown,UNSAFE BACKING,N MORTON ST,9312
2013,4,7,Weekend,100,3+ Cars,No injury/unknown,OTHER (DRIVER) - EXPLAIN IN NARRATIVE,12TH ST & WASHINGTON,9313
2013,1,1,Weekend,1300,1-Car,No injury/unknown,RAN OFF ROAD RIGHT,INDIANA AVE & TWELVETH,9314
2013,4,7,Weekend,1600,2-Car,No injury/unknown,FAILURE TO YIELD RIGHT OF WAY,INDIANA & TWELVETH ST,9315
2013,4,3,Weekday,1500,Moped/Motorcycle,No injury/unknown,UNSAFE BACKING,12TH ST & SUMMIT,9316
2013,1,1,Weekend,100,2-Car,No injury/unknown,IMPROPER PASSING,E 12TH & N WALNUT ST,9317
2013,1,4,Weekday,1800,2-Car,No injury/unknown,FAILURE TO YIELD RIGHT OF WAY,12TH & INDIANA AVE,9318
2013,9,4,Weekday,1600,3+ Cars,Non-incapacitating,FOLLOWING TOO CLOSELY,12TH & INDIANA AVE,9319
2013,10,5,Weekday,1400,Cyclist,Non-incapacitating,FAILURE TO YIELD RIGHT OF WAY,12TH ST & WOODLAWN,9320
2013,4,4,Weekday,100,3+ Cars,No injury/unknown,UNSAFE LANE MOVEMENT,12TH & LINCOLN ST,9321
2013,1,5,Weekday,2300,1-Car,Non-incapacitating,RAN OFF ROAD RIGHT,W VERNAL PIKE,9322
2013,11,4,Weekday,1700,2-Car,No injury/unknown,FAILURE TO YIELD RIGHT OF WAY,ATWATER & WOODLAWN AVE,9323
2013,2,5,Weekday,1600,2-Car,No injury/unknown,UNSAFE BACKING,DANIELS WAY,9324
2013,9,1,Weekend,1400,2-Car,No injury/unknown,FOLLOWING TOO CLOSELY,ATWATER & MITCHELL ST,9325
2013,1,2,Weekday,900,2-Car,No injury/unknown,UNSAFE SPEED,JORDAN & LAW LN,9326
2013,1,5,Weekday,1900,3+ Cars,Non-incapacitating,SPEED TOO FAST FOR WEATHER CONDITIONS,JORDAN & LAW LN,9327
2013,1,5,Weekday,1900,3+ Cars,No injury/unknown,SPEED TOO FAST FOR WEATHER CONDITIONS,JORDAN & LAW LN,9328
2013,2,5,Weekday,900,2-Car,No injury/unknown,IMPROPER TURNING,801 N JORDAN (DOCK) AVE & LAW,9329
2013,5,7,Weekend,1200,2-Car,No injury/unknown,DISREGARD SIGNAL/REG SIGN,JORDAN AVE & LAW,9330
2013,2,7,Weekend,800,2-Car,No injury/unknown,SPEED TOO FAST FOR WEATHER CONDITIONS,ELEVENTH & INDIANA AVE,9331
2013,2,5,Weekday,1700,1-Car,No injury/unknown,OTHER (DRIVER) - EXPLAIN IN NARRATIVE,11TH ST & GRANT,9332
2013,8,5,Weekday,1200,2-Car,No injury/unknown,FAILURE TO YIELD RIGHT OF WAY,11TH ST & INDIANA,9333
2013,8,1,Weekday,1900,2-Car,No injury/unknown,UNSAFE BACKING,E 11TH ST,9334
2013,1,1,Weekend,1200,2-Car,No injury/unknown,FAILURE TO YIELD RIGHT OF WAY,E 11TH ST & N GRANT,9335
2013,9,5,Weekday,200,3+ Cars,No injury/unknown,UNSAFE LANE MOVEMENT,11TH & LINCOLN ST,9336
2013,2,2,Weekday,2100,2-Car,No injury/unknown,OTHER (DRIVER) - EXPLAIN IN NARRATIVE,MAPLE ST & SMITH,9337