year,month,day,weekend,hour,collision_type,injury_type,primary_factor,reported_location,unique_id
2013,10,3,Weekday,900,2-Car,Non-incapacitating,UNSAFE SPEED,10TH ST & FEE,9559
2013,8,1,Weekday,1900,2-Car,No injury/unknown,FOLLOWING TOO CLOSELY,10TH ST & SUNRISE,9560
2013,2,5,Weekday,2000,3+ Cars,No injury/unknown,DRIVER DISTRACTED - EXPLAIN IN NARRATIVE,10TH ST & SUNRISE,9561
2013,3,7,Weekend,1600,2-Car,No injury/unknown,FOLLOWING TOO CLOSELY,10TH ST & SUNRISE,9562
2013,4,2,Weekday,1800,2-Car,No injury/unknown,DISREGARD SIGNAL/REG SIGN,10TH ST & SUNRISE,9563
2013,9,7,Weekend,1600,Cyclist,Non-incapacitating,FAILURE TO YIELD RIGHT OF WAY,10TH & SUNRISE DR,9564
2013,2,6,Weekday,1200,2-Car,No injury/unknown,FAILURE TO YIELD RIGHT OF WAY,10TH ST & SUNRISE,9565
2013,4,6,Weekday,1600,2-Car,No injury/unknown,FAILURE TO YIELD RIGHT OF WAY,E 10TH ST & N SUNRISE,9566
2013,5,5,Weekday,1200,2-Car,No injury/unknown,UNSAFE BACKING,E 10TH ST,9567
2013,1,5,Weekday,1500,2-Car,No injury/unknown,IMPROPER PASSING,E 10TH ST,9568
2013,1,4,Weekday,1900,2-Car,No injury/unknown,OTHER (VEHICLE) - EXPLAIN IN NARRATIVE,E 10TH ST,9569
2013,5,4,Weekday,2300,2-Car,No injury/unknown,UNSAFE BACKING,E 10TH ST,9570
2013,11,2,Weekday,1200,2-Car,No injury/unknown,UNSAFE BACKING,EAST 10TH ST,9571
2013,12,4,Weekday,700,2-Car,No injury/unknown,UNSAFE SPEED,10TH ST & FEE,9572
2013,1,3,Weekday,1700,2-Car,No injury/unknown,UNSAFE LANE MOVEMENT,TENTH & UNION ST,9573
2013,1,3,Weekday,1900,2-Car,No injury/unknown,DRIVER DISTRACTED - EXPLAIN IN NARRATIVE,TENTH & UNION ST,9574
2013,12,6,Weekday,1300,2-Car,No injury/unknown,SPEED TOO FAST FOR WEATHER CONDITIONS,TENTH ST & UNION,9575
2013,8,6,Weekday,1600,2-Car,No injury/unknown,FOLLOWING TOO CLOSELY,SR46 & UNIONVILLE,9576
2013,9,3,Weekday,1700,3+ Cars,No injury/unknown,FOLLOWING TOO CLOSELY,SR45 & SR46,9577
2013,12,4,Weekday,900,2-Car,No injury/unknown,SPEED TOO FAST FOR WEATHER CONDITIONS,SR45 & SR46,9578
2013,12,6,Weekend,1900,3+ Cars,No injury/unknown,FOLLOWING TOO CLOSELY,SR46 & UNIONVILLE,9579
2013,4,5,Weekday,800,2-Car,No injury/unknown,OTHER (VEHICLE) - EXPLAIN IN NARRATIVE,E TENTH ST,9580
2013,1,3,Weekday,700,2-Car,Non-incapacitating,OTHER (DRIVER) - EXPLAIN IN NARRATIVE,JORDAN & TENTH ST,9581
2013,4,7,Weekend,1500,2-Car,No injury/unknown,UNSAFE SPEED,10TH & WOODBRIDGE DR,9582
2013,8,4,Weekday,1500,Moped/Motorcycle,Non-incapacitating,FAILURE TO YIELD RIGHT OF WAY,10TH ST & JOHN HINKLE,9583
2013,8,5,Weekday,2100,2-Car,Non-incapacitating,FAILURE TO YIELD RIGHT OF WAY,EAST 10TH ST & WOODBRIDGE,9584
2013,9,1,Weekend,0,2-Car,No injury/unknown,FAILURE TO YIELD RIGHT OF WAY,10TH ST & N DRIVE TO HILLTOP GARDENS,9585
2013,7,4,Weekday,1200,2-Car,No injury/unknown,UNSAFE BACKING,TENTH ST & UNION,9586
2013,3,6,Weekday,1400,2-Car,No injury/unknown,UNSAFE BACKING,10TH & UNION ST,9587
2013,8,5,Weekday,1500,Bus,No injury/unknown,DRIVER DISTRACTED - EXPLAIN IN NARRATIVE,10TH ST & UNION,9588
2013,11,7,Weekend,2200,2-Car,Non-incapacitating,FOLLOWING TOO CLOSELY,10TH ST & UNION,9589
2013,11,5,Weekday,2100,2-Car,No injury/unknown,FOLLOWING TOO CLOSELY,10TH ST & UNION,9590
2013,5,5,Weekday,1700,Pedestrian,Incapacitating,FAILURE TO YIELD RIGHT OF WAY,10TH ST & UNION,9591
2013,1,5,Weekday,1500,2-Car,No injury/unknown,FOLLOWING TOO CLOSELY,10TH & 45 46 BYPASS ST,9592
2013,5,7,Weekend,1600,2-Car,No injury/unknown,FOLLOWING TOO CLOSELY,10TH ST & 45 46,9593
2013,9,1,Weekend,1500,2-Car,No injury/unknown,FOLLOWING TOO CLOSELY,10TH & 45 46 BYP,9594
2013,10,3,Weekday,1500,2-Car,No injury/unknown,DRIVER DISTRACTED - EXPLAIN IN NARRATIVE,10TH ST & 45 46,9595
2013,10,1,Weekend,1800,2-Car,Non-incapacitating,FOLLOWING TOO CLOSELY,10TH ST & 45 46,9596
2013,2,3,Weekday,1400,2-Car,No injury/unknown,UNSAFE LANE MOVEMENT,EAST TENTH ST & STATE ROAD 45 46,9597
2013,2,6,Weekday,1700,2-Car,No injury/unknown,FOLLOWING TOO CLOSELY,E 10TH ST & JORDAN,9598
2013,5,3,Weekday,1300,Cyclist,Non-incapacitating,FOLLOWING TOO CLOSELY,SR45 & SR46,9599
2013,11,4,Weekday,1400,3+ Cars,No injury/unknown,FAILURE TO YIELD RIGHT OF WAY,EAST TENTH ST,9600
2013,9,4,Weekday,1600,2-Car,No injury/unknown,IMPROPER PASSING,E 10TH ST & RANGE,9601
2013,1,1,Weekend,1800,3+ Cars,No injury/unknown,FOLLOWING TOO CLOSELY,10 ST & PETE ELLIS,9602
2013,1,4,Weekday,1800,2-Car,No injury/unknown,FOLLOWING TOO CLOSELY,10TH ST & PETE ELLIS,9603
2013,6,1,Weekend,1000,2-Car,No injury/unknown,DISREGARD SIGNAL/REG SIGN,10TH ST & RANGE,9604
2013,4,3,Weekday,1600,Cyclist,Non-incapacitating,FAILURE TO YIELD RIGHT OF WAY,10TH ST & RANGE,9605
2013,9,6,Weekday,1700,2-Car,Non-incapacitating,FAILURE TO YIELD RIGHT OF WAY,RANGE & SR46E,9606
2013,11,3,Weekday,1200,2-Car,No injury/unknown,FOLLOWING TOO CLOSELY,E 10TH ST & PETE ELLIS,9607
2013,2,5,Weekday,1900,2-Car,No injury/unknown,UNSAFE BACKING,E 10TH ST,9608
2013,6,1,Weekend,1700,2-Car,No injury/unknown,UNSAFE BACKING,E 10TH ST,9609
2013,5,5,Weekday,1600,2-Car,No injury/unknown,FAILURE TO YIELD RIGHT OF WAY,E 10TH ST,9610
2013,6,2,Weekday,1900,2-Car,No injury/unknown,UNSAFE BACKING,BLOCK OF EAST 10TH ST,9611
2013,8,3,Weekday,1300,2-Car,No injury/unknown,UNSAFE BACKING,EAST 10TH ST,9612
2013,9,4,Weekday,2000,1-Car,No injury/unknown,OTHER (DRIVER) - EXPLAIN IN NARRATIVE,E 10TH ST,9613
2013,2,3,Weekday,1700,3+ Cars,Non-incapacitating,DISREGARD SIGNAL/REG SIGN,10TH ST & PETE ELLIS,9614
2013,3,6,Weekend,1900,2-Car,No injury/unknown,DISREGARD SIGNAL/REG SIGN,10TH ST & RANGE,9615
2013,5,6,Weekday,1300,2-Car,No injury/unknown,UNSAFE SPEED,10TH ST & PETE ELLIS,9616
2013,10,6,Weekday,800,1-Car,No injury/unknown,UNSAFE BACKING,10TH ST & RANGE,9617
2013,11,1,Weekend,1500,2-Car,Non-incapacitating,DISREGARD SIGNAL/REG SIGN,10TH ST & PETE ELLIS,9618
2013,11,7,Weekend,500,1-Car,No injury/unknown,ANIMAL/OBJECT IN ROADWAY,10TH ST & PETE ELLIS,9619
2013,9,6,Weekday,1300,1-Car,No injury/unknown,UNSAFE BACKING,2931 E 10TH (LOT) ST & NORTH RANGE,9620
2013,2,5,Weekday,1800,2-Car,Non-incapacitating,FOLLOWING TOO CLOSELY,E 10TH ST & UNION,9621
2013,10,5,Weekday,2000,2-Car,No injury/unknown,IMPROPER TURNING,E 10TH ST,9622
2013,12,4,Weekday,1400,2-Car,No injury/unknown,IMPROPER TURNING,10TH ST,9623
2013,7,6,Weekday,1400,2-Car,No injury/unknown,UNSAFE BACKING,E 10TH ST,9624
2013,5,1,Weekend,1800,2-Car,No injury/unknown,FOLLOWING TOO CLOSELY,10TH ST & UNION,9625
2013,1,2,Weekday,1300,2-Car,No injury/unknown,UNSAFE BACKING,N UNION ST,9626
2013,1,2,Weekday,2200,1-Car,No injury/unknown,IMPROPER TURNING,E 10TH & UNION ST,9627
2013,4,6,Weekend,2200,2-Car,No injury/unknown,UNSAFE BACKING,E 10TH ST,9628
2013,4,6,Weekend,2100,2-Car,Non-incapacitating,FAILURE TO YIELD RIGHT OF WAY,E 10TH ST,9629
2013,8,2,Weekday,2000,2-Car,No injury/unknown,FAILURE TO YIELD RIGHT OF WAY,E 10TH ST,9630
2013,8,5,Weekday,1500,2-Car,No injury/unknown,UNSAFE BACKING,N UNION ST,9631
2013,7,2,Weekday,2300,Moped/Motorcycle,Non-incapacitating,UNSAFE SPEED,10TH ST & UNION,9632
2013,8,3,Weekday,1100,2-Car,No injury/unknown,FAILURE TO YIELD RIGHT OF WAY,10TH & UNION ST,9633
2013,7,6,Weekday,1600,Moped/Motorcycle,Non-incapacitating,OTHER (DRIVER) - EXPLAIN IN NARRATIVE,PETE ELLIS DR & SR45,9634
2013,12,6,Weekend,1900,2-Car,No injury/unknown,UNSAFE LANE MOVEMENT,PETE ELLIS DR & SR45,9635
2013,4,2,Weekday,2200,2-Car,No injury/unknown,FOLLOWING TOO CLOSELY,10TH & JORDAN AVE,9636
2013,4,1,Weekend,100,1-Car,No injury/unknown,OTHER (DRIVER) - EXPLAIN IN NARRATIVE,W 10TH ST,9637
2013,9,6,Weekday,1800,2-Car,No injury/unknown,OTHER (DRIVER) - EXPLAIN IN NARRATIVE,EAST 10TH ST,9638
2013,12,6,Weekday,1300,2-Car,Non-incapacitating,SPEED TOO FAST FOR WEATHER CONDITIONS,800 NORTH SMITH RD & MEADOW BROOK APT,9639
2013,12,6,Weekday,1300,1-Car,No injury/unknown,SPEED TOO FAST FOR WEATHER CONDITIONS,10TH ST & JEFFERSON,9640
2013,8,1,Weekend,1200,2-Car,No injury/unknown,OTHER (DRIVER) - EXPLAIN IN NARRATIVE,N WALNUT ST,9641
2013,2,6,Weekday,1300,2-Car,No injury/unknown,UNSAFE BACKING,EAST 10TH ST,9642
2013,2,4,Weekday,1100,2-Car,No injury/unknown,UNSAFE BACKING,10TH ST,9643
2013,6,4,Weekday,700,2-Car,No injury/unknown,UNSAFE BACKING,EAST 10TH ST,9644
2013,10,5,Weekday,1400,1-Car,No injury/unknown,UNSAFE BACKING,E 10TH ST,9645
2013,5,5,Weekday,2200,1-Car,No injury/unknown,UNSAFE BACKING,N GATES DR,9646
2013,5,4,Weekday,900,2-Car,No injury/unknown,FAILURE TO YIELD RIGHT OF WAY,N SMITH RD,9647
2013,1,4,Weekday,2200,2-Car,No injury/unknown,IMPROPER LANE USAGE,10TH & UNION ST,9648
2013,8,5,Weekday,2200,1-Car,No injury/unknown,UNSAFE BACKING,WALNUT ST,9649
2013,11,3,Weekday,900,2-Car,No injury/unknown,FAILURE TO YIELD RIGHT OF WAY,10TH & UNION ST,9650
2013,8,1,Weekend,1700,2-Car,Incapacitating,FOLLOWING TOO CLOSELY,SR46 & UNIONVILLE,9651
2013,9,4,Weekday,1400,2-Car,No injury/unknown,UNSAFE BACKING,S COLLEGE AVE,9652
2013,11,3,Weekday,1400,2-Car,No injury/unknown,FAILURE TO YIELD RIGHT OF WAY,S COLLEGE AVE,9653
2013,11,1,Weekend,1300,2-Car,Non-incapacitating,DRIVER DISTRACTED - EXPLAIN IN NARRATIVE,E 10TH & SR46E,9654
2013,6,2,Weekday,2000,2-Car,No injury/unknown,UNSAFE BACKING,N WALNUT ST,9655
2013,4,3,Weekday,1800,2-Car,No injury/unknown,DRIVER DISTRACTED - EXPLAIN IN NARRATIVE,E HILLSIDE DR,9656
2013,8,6,Weekday,1200,2-Car,No injury/unknown,UNSAFE BACKING,E HILLSIDE DR,9657
2013,3,6,Weekday,1400,2-Car,No injury/unknown,OTHER (DRIVER) - EXPLAIN IN NARRATIVE,4TH & GRANT ST,9658
2013,1,5,Weekday,1500,2-Car,No injury/unknown,OTHER (DRIVER) - EXPLAIN IN NARRATIVE,N WALNUT ST,9659
2013,4,5,Weekday,1100,Bus,No injury/unknown,IMPROPER TURNING,E JOHN HINKLE & N PETE ELLIS DR,9660
2013,9,6,Weekday,1700,2-Car,No injury/unknown,SPEED TOO FAST FOR WEATHER CONDITIONS,JOHN HINKLE & PETE ELLIS DR,9661
2013,9,6,Weekday,1600,3+ Cars,No injury/unknown,FOLLOWING TOO CLOSELY,9TH & WALNUT ST,9662
2013,7,4,Weekday,1600,2-Car,No injury/unknown,UNSAFE BACKING,N PARK AVE,9663
2013,2,3,Weekday,1200,2-Car,No injury/unknown,UNSAFE BACKING,N JACOBS DR,9664
2013,2,4,Weekday,1100,2-Car,No injury/unknown,UNSAFE BACKING,N JACOBS DR,9665
2013,6,6,Weekday,1000,2-Car,Non-incapacitating,UNSAFE BACKING,N JACOB DR,9666
2013,7,3,Weekday,700,1-Car,No injury/unknown,OTHER (DRIVER) - EXPLAIN IN NARRATIVE,NINTH ST & WOODLAWN,9667
2013,1,3,Weekday,800,2-Car,No injury/unknown,OTHER (DRIVER) - EXPLAIN IN NARRATIVE,9TH ST & PARK,9668
2013,6,4,Weekday,1400,2-Car,No injury/unknown,UNSAFE BACKING,E 9TH ST,9669
2013,8,7,Weekend,1900,2-Car,No injury/unknown,UNSAFE BACKING,BLOCK OF DUNN ST,9670
2013,9,2,Weekday,1000,Cyclist,Non-incapacitating,PEDESTRIAN ACTION,9TH & N DUNN ST,9671
2013,8,4,Weekday,1600,2-Car,No injury/unknown,FAILURE TO YIELD RIGHT OF WAY,E 9TH ST & GRANT,9672
2013,5,6,Weekday,1800,2-Car,No injury/unknown,SPEED TOO FAST FOR WEATHER CONDITIONS,W 9TH ST & WALNUT,9673
2013,7,7,Weekend,1900,Pedestrian,Non-incapacitating,FAILURE TO YIELD RIGHT OF WAY,E 9TH ST & WALNUT,9674
2013,1,5,Weekday,1800,Bus,No injury/unknown,SPEED TOO FAST FOR WEATHER CONDITIONS,9TH & NORTH COLLEGE AVE,9675
2013,3,4,Weekday,1100,2-Car,No injury/unknown,FAILURE TO YIELD RIGHT OF WAY,N COLLEGE AVE & W 9TH,9676
2013,3,7,Weekend,1000,2-Car,Non-incapacitating,FAILURE TO YIELD RIGHT OF WAY,9TH & N COLLEGE AVE,9677
2013,1,7,Weekend,1400,1-Car,No injury/unknown,OTHER (DRIVER) - EXPLAIN IN NARRATIVE,EAST JOHN HINKLE PL,9678
2013,5,4,Weekday,1500,2-Car,No injury/unknown,FAILURE TO YIELD RIGHT OF WAY,9TH & GRANT ST,9679
2013,1,4,Weekday,1800,2-Car,No injury/unknown,FOLLOWING TOO CLOSELY,9TH & WALNUT ST,9680
2013,1,4,Weekday,1700,2-Car,No injury/unknown,IMPROPER TURNING,9TH & WALNUT ST,9681
2013,8,6,Weekday,1600,2-Car,No injury/unknown,FOLLOWING TOO CLOSELY,9TH & WALNUT ST,9682
2013,2,5,Weekday,1800,2-Car,No injury/unknown,FAILURE TO YIELD RIGHT OF WAY,9TH & COLLEGE AVE,9683
2013,10,7,Weekend,2200,2-Car,No injury/unknown,UNSAFE LANE MOVEMENT,9TH & COLLEGE AVE,9684
2013,1,3,Weekday,1400,2-Car,No injury/unknown,IMPROPER LANE USAGE,9TH ST & WOODLAWN,9685
2013,12,2,Weekday,600,1-Car,No injury/unknown,ANIMAL/OBJECT IN ROADWAY,BOTTOM & SR37N,9686
2013,3,3,Weekday,1300,2-Car,No injury/unknown,UNSAFE BACKING,NORTH JACOB DR,9687
2013,3,3,Weekday,1900,2-Car,No injury/unknown,FAILURE TO YIELD RIGHT OF WAY,EASTGATE & SR4546N,9688
2013,12,6,Weekday,1800,3+ Cars,Non-incapacitating,BRAKE FAILURE OR DEFECTIVE,EASTGATE & SR45N,9689
2013,9,3,Weekday,800,2-Car,No injury/unknown,UNSAFE BACKING,8TH & HOPEWELL ST,9690
2013,9,2,Weekday,900,2-Car,No injury/unknown,UNSAFE BACKING,E EASTGATE LN,9691
2013,10,6,Weekday,1400,2-Car,No injury/unknown,DRIVER DISTRACTED - EXPLAIN IN NARRATIVE,EASTGATE & SR45S,9692
2013,6,4,Weekday,1600,2-Car,No injury/unknown,FAILURE TO YIELD RIGHT OF WAY,N DANIELS WAY & ZENITTH,9693
2013,2,5,Weekday,1000,2-Car,No injury/unknown,UNSAFE BACKING,N PARK RIDGE RD,9694
2013,12,1,Weekend,300,2-Car,No injury/unknown,UNSAFE BACKING,NORTH WALNUT ST,9695
2013,11,7,Weekend,1000,1-Car,No injury/unknown,UNSAFE BACKING,SOUTH WALNUT ST,9696
2013,4,5,Weekday,1400,2-Car,No injury/unknown,FAILURE TO YIELD RIGHT OF WAY,CATHCART & SOUTH WILCOX ST,9697
2013,8,4,Weekday,1400,1-Car,No injury/unknown,DRIVER ILLNESS,NORTH COLLEGE AVE,9698
2013,7,1,Weekend,1300,2-Car,No injury/unknown,UNSAFE BACKING,GATES DR,9699
2013,8,7,Weekend,1800,2-Car,No injury/unknown,UNSAFE BACKING,NORTH GATES DR,9700
2013,2,1,Weekend,1200,2-Car,No injury/unknown,IMPROPER TURNING,8TH & N COLLEGE AVE,9701
2013,10,1,Weekend,1100,2-Car,No injury/unknown,FOLLOWING TOO CLOSELY,8TH & COLLEGE AVE,9702
2013,1,3,Weekday,100,1-Car,No injury/unknown,OVERCORRECTING/OVERSTEERING,W SMITH AVE,9703
2013,9,3,Weekday,1200,2-Car,No injury/unknown,OTHER (DRIVER) - EXPLAIN IN NARRATIVE,BELL TRACE CIR,9704
2013,1,4,Weekday,1300,1-Car,No injury/unknown,OTHER (VEHICLE) - EXPLAIN IN NARRATIVE,WEST 8TH TRLR 6 ST,9705
2013,10,5,Weekday,1400,2-Car,No injury/unknown,OTHER (DRIVER) - EXPLAIN IN NARRATIVE,SEVENTH & UNION ST,9706
2013,12,7,Weekend,1500,2-Car,No injury/unknown,OTHER (DRIVER) - EXPLAIN IN NARRATIVE,8TH & WALNUT ST,9707
2013,8,2,Weekday,1600,1-Car,No injury/unknown,UNSAFE BACKING,WALNUT ST,9708
2013,10,6,Weekday,1600,2-Car,Non-incapacitating,FAILURE TO YIELD RIGHT OF WAY,EAST 8TH & NORTH DUNN ST,9709
2013,1,7,Weekend,1200,2-Car,No injury/unknown,UNSAFE BACKING,NORTH JORDAN AVE,9710
2013,1,3,Weekday,1200,2-Car,No injury/unknown,DRIVER DISTRACTED - EXPLAIN IN NARRATIVE,EAST 8TH ST,9711
2013,9,2,Weekday,1000,2-Car,No injury/unknown,FAILURE TO YIELD RIGHT OF WAY,N PETE ELLIS DR,9712
2013,3,5,Weekday,1200,2-Car,No injury/unknown,FAILURE TO YIELD RIGHT OF WAY,8TH & N ROGERS ST,9713
2013,9,4,Weekday,800,2-Car,No injury/unknown,FAILURE TO YIELD RIGHT OF WAY,8TH & S ROGERS ST,9714
2013,10,4,Weekday,1700,2-Car,No injury/unknown,FAILURE TO YIELD RIGHT OF WAY,8TH & ROGERS ST,9715
2013,11,1,Weekend,1500,Moped/Motorcycle,Fatal,LEFT OF CENTER,SR48W & VERNAL,9716
2013,6,1,Weekend,1200,2-Car,Non-incapacitating,WRONG WAY ON ONE WAY,E 8TH & N LINCOLN ST,9717
2013,5,7,Weekend,1900,3+ Cars,Non-incapacitating,FAILURE TO YIELD RIGHT OF WAY,8TH & N WALNUT ST,9718
2013,12,3,Weekday,2200,Pedestrian,Non-incapacitating,IMPROPER TURNING,8TH & N WALNUT ST,9719
2013,2,7,Weekend,200,2-Car,Non-incapacitating,UNSAFE LANE MOVEMENT,8TH & COLLEGE AVE,9720
2013,10,1,Weekend,1100,2-Car,No injury/unknown,UNSAFE LANE MOVEMENT,N COLLEGE AVE & W 8TH,9721
2013,11,5,Weekday,2300,2-Car,No injury/unknown,FAILURE TO YIELD RIGHT OF WAY,8TH & COLLEGE ST,9722
2013,12,6,Weekday,1100,2-Car,No injury/unknown,FAILURE TO YIELD RIGHT OF WAY,N COLLEGE AVE & W 8TH,9723
2013,10,2,Weekday,1100,2-Car,No injury/unknown,FAILURE TO YIELD RIGHT OF WAY,8TH & ROGERS ST,9724
2013,10,5,Weekday,1000,2-Car,Non-incapacitating,DISREGARD SIGNAL/REG SIGN,EIGHTH & INDIANA AVE,9725
2013,5,2,Weekday,1700,2-Car,No injury/unknown,UNSAFE LANE MOVEMENT,8TH & COLLEGE AVE,9726
2013,8,5,Weekday,1000,2-Car,No injury/unknown,UNSAFE SPEED,KERR CREEK RD & SR46,9727
2013,11,3,Weekday,1800,2-Car,No injury/unknown,FAILURE TO YIELD RIGHT OF WAY,EIGHTH & WALNUT ST,9728
2013,4,5,Weekday,200,1-Car,Non-incapacitating,DRIVER DISTRACTED - EXPLAIN IN NARRATIVE,8TH & INDIANA AVE,9729
2013,1,2,Weekday,1400,2-Car,No injury/unknown,OTHER (DRIVER) - EXPLAIN IN NARRATIVE,DUNN & E 8TH ST,9730
2013,11,4,Weekday,1100,2-Car,No injury/unknown,FAILURE TO YIELD RIGHT OF WAY,EIGHTH & WOODLAWN AVE,9731
2013,3,7,Weekend,2000,Pedestrian,Non-incapacitating,FAILURE TO YIELD RIGHT OF WAY,8TH & WALNUT ST,9732
2013,4,5,Weekday,2100,2-Car,No injury/unknown,FAILURE TO YIELD RIGHT OF WAY,8TH & WALNUT ST,9733
2013,9,5,Weekday,1700,Bus,No injury/unknown,FAILURE TO YIELD RIGHT OF WAY,E 8TH ST & WOODLAWN,9734
2013,3,2,Weekday,800,1-Car,No injury/unknown,ROADWAY SURFACE CONDITION,NORTH HARTSTRAIGHT RD,9735
2013,2,7,Weekend,1100,1-Car,No injury/unknown,DISREGARD SIGNAL/REG SIGN,7TH & ADAMS ST,9736
2013,4,3,Weekday,1100,3+ Cars,Non-incapacitating,FAILURE TO YIELD RIGHT OF WAY,7TH & UNION ST,9737
2013,11,7,Weekend,0,1-Car,No injury/unknown,ANIMAL/OBJECT IN ROADWAY,SR48 & VERNAL,9738
2013,3,7,Weekend,1400,Cyclist,No injury/unknown,DISREGARD SIGNAL/REG SIGN,7TH & JORDAN AVE,9739
2013,9,4,Weekday,1800,Moped/Motorcycle,Non-incapacitating,IMPROPER LANE USAGE,7TH ST & JORDAN,9740
2013,10,4,Weekday,1400,Pedestrian,Non-incapacitating,FAILURE TO YIELD RIGHT OF WAY,7TH & JORDAN AVE,9741
2013,7,6,Weekday,1000,Cyclist,Non-incapacitating,OTHER (DRIVER) - EXPLAIN IN NARRATIVE,S WALNUT ST,9742
2013,10,4,Weekday,1900,Cyclist,No injury/unknown,FAILURE TO YIELD RIGHT OF WAY,7TH & JORDAN AVE,9743
2013,10,3,Weekday,1900,Cyclist,Non-incapacitating,FAILURE TO YIELD RIGHT OF WAY,7TH & JORDAN AVE,9744
2013,3,6,Weekend,1900,2-Car,No injury/unknown,FAILURE TO YIELD RIGHT OF WAY,7TH ST & JORDAN,9745
2013,2,4,Weekday,1300,2-Car,No injury/unknown,FOLLOWING TOO CLOSELY,7TH & N COLLEGE AVE,9746
2013,11,6,Weekday,1200,2-Car,No injury/unknown,DISREGARD SIGNAL/REG SIGN,GATES DR & JONATHAN,9747
2013,12,2,Weekday,1000,2-Car,Non-incapacitating,FOLLOWING TOO CLOSELY,GATES & JONATHAN DR,9748
2013,3,6,Weekday,1400,2-Car,No injury/unknown,OTHER (DRIVER) - EXPLAIN IN NARRATIVE,E 7TH ST,9749
2013,9,5,Weekday,2300,1-Car,No injury/unknown,RAN OFF ROAD RIGHT,EAST 7TH ST,9750
2013,11,6,Weekday,1200,2-Car,No injury/unknown,UNSAFE BACKING,EAST 7TH ST,9751
2013,4,5,Weekday,0,2-Car,No injury/unknown,UNSAFE LANE MOVEMENT,826 W 7TH ST & WALDRON,9752
2013,11,7,Weekend,800,2-Car,No injury/unknown,OTHER (DRIVER) - EXPLAIN IN NARRATIVE,N COLLEGE AVE,9753
2013,4,4,Weekday,900,2-Car,No injury/unknown,UNSAFE BACKING,E 7TH ST & N CAMPBELL,9754
2013,12,2,Weekday,300,1-Car,No injury/unknown,RAN OFF ROAD RIGHT,SR43 & SR48W,9755
2013,2,1,Weekend,0,2-Car,Non-incapacitating,FAILURE TO YIELD RIGHT OF WAY,NORTH ROGERS ST & WEST 7TH,9756
2013,5,3,Weekday,600,1-Car,Non-incapacitating,RAN OFF ROAD RIGHT,N ROGERS ST & W 7TH,9757
2013,5,6,Weekday,800,2-Car,No injury/unknown,UNSAFE BACKING,7TH & ROGERS ST,9758
2013,12,7,Weekend,1600,2-Car,No injury/unknown,FOLLOWING TOO CLOSELY,S ROGERS ST & W 7TH,9759
2013,10,3,Weekday,1700,2-Car,No injury/unknown,FOLLOWING TOO CLOSELY,SR37N & VERNAL,9760
2013,1,4,Weekday,1300,2-Car,No injury/unknown,UNSAFE LANE MOVEMENT,SR37 & SR48,9761
2013,7,3,Weekday,1200,Bus,No injury/unknown,UNSAFE BACKING,7TH & MORTON ST,9762
2013,8,6,Weekday,800,1-Car,Non-incapacitating,DRIVER DISTRACTED - EXPLAIN IN NARRATIVE,N WALNUT ST,9763
2013,4,6,Weekday,1200,2-Car,No injury/unknown,FAILURE TO YIELD RIGHT OF WAY,COLLEGE & SEVENTH ST,9764
2013,2,1,Weekend,0,2-Car,No injury/unknown,FAILURE TO YIELD RIGHT OF WAY,S COLLEGE & W 7TH ST,9765
2013,5,5,Weekday,1500,2-Car,No injury/unknown,UNSAFE BACKING,N COLLEGE AVE,9766
2013,9,6,Weekday,1500,3+ Cars,No injury/unknown,FOLLOWING TOO CLOSELY,7TH & NORTH COLLEGE AVE,9767
2013,9,7,Weekend,0,Pedestrian,Non-incapacitating,DISREGARD SIGNAL/REG SIGN,7TH & N COLLEGE AVE,9768
2013,1,1,Weekend,200,2-Car,No injury/unknown,OTHER (DRIVER) - EXPLAIN IN NARRATIVE,7TH ST & WALNUT,9769
2013,12,5,Weekday,1200,2-Car,No injury/unknown,FAILURE TO YIELD RIGHT OF WAY,N OAK & W 7TH ST,9770
2013,9,6,Weekday,800,2-Car,No injury/unknown,DRIVER DISTRACTED - EXPLAIN IN NARRATIVE,7TH ST & OAK,9771
2013,11,3,Weekday,1400,Bus,No injury/unknown,UNSAFE LANE MOVEMENT,E 7TH ST & WASHINGTON,9772
2013,10,5,Weekday,1300,2-Car,No injury/unknown,VIEW OBSTRUCTED,7TH ST & WOODLAWN,9773
2013,11,3,Weekday,1300,1-Car,No injury/unknown,UNSAFE BACKING,7TH & WOODLAWN AVE,9774
2013,6,4,Weekday,1800,1-Car,No injury/unknown,OTHER (ENVIRONMENTAL) - EXPLAIN IN NARR,7TH & INDIANA AVE,9775
2013,1,7,Weekend,1700,1-Car,No injury/unknown,STEERING FAILURE,7TH ST & INDIANA,9776
2013,1,5,Weekday,100,2-Car,No injury/unknown,IMPROPER LANE USAGE,7TH ST & GRANT,9777
2013,3,2,Weekday,1500,1-Car,No injury/unknown,IMPROPER TURNING,EAST 7TH ST,9778
2013,11,4,Weekday,1100,2-Car,No injury/unknown,FAILURE TO YIELD RIGHT OF WAY,E 7TH ST & S WASHINGTON,9779
2013,1,6,Weekday,1000,2-Car,No injury/unknown,FAILURE TO YIELD RIGHT OF WAY,7TH & WALNUT ST,9780
2013,4,2,Weekday,1900,2-Car,No injury/unknown,UNSAFE LANE MOVEMENT,7TH & WALNUT ST,9781