year,month,day,weekend,hour,collision_type,injury_type,primary_factor,reported_location,unique_id
2013,7,5,Weekday,2000,Moped/Motorcycle,No injury/unknown,FAILURE TO YIELD RIGHT OF WAY,GRANT ST & KIRKWOOD,10000
2013,8,5,Weekday,1500,Cyclist,Non-incapacitating,FAILURE TO YIELD RIGHT OF WAY,GRANT & KIRKWOOD AVE,10001
2013,8,1,Weekend,300,Moped/Motorcycle,No injury/unknown,UNSAFE BACKING,DUNN & KIRKWOOD AVE,10002
2013,4,3,Weekday,1700,2-Car,No injury/unknown,UNSAFE LANE MOVEMENT,DUNN ST & KIRKWOOD,10003
2013,8,6,Weekday,1800,Bus,No injury/unknown,IMPROPER TURNING,DUNN ST & KIRKWOOD,10004
2013,5,5,Weekday,1500,2-Car,No injury/unknown,UNSAFE BACKING,E KIRKWOOD AVE,10005
2013,4,6,Weekday,1200,2-Car,No injury/unknown,FOLLOWING TOO CLOSELY,DUNN ST & KIRKWOOD,10006
2013,2,6,Weekday,1600,2-Car,No injury/unknown,FAILURE TO YIELD RIGHT OF WAY,KIRKWOOD & S COLLEGE AVE,10007
2013,1,3,Weekday,1400,2-Car,No injury/unknown,FAILURE TO YIELD RIGHT OF WAY,KIRKWOOD AVE,10008
2013,12,7,Weekend,1000,1-Car,No injury/unknown,OTHER (DRIVER) - EXPLAIN IN NARRATIVE,S FRANKLIN RD,10009
2013,10,3,Weekday,1500,2-Car,Non-incapacitating,FAILURE TO YIELD RIGHT OF WAY,CURRY PIKE & GRAND,10010
2013,3,4,Weekday,1600,2-Car,No injury/unknown,SPEED TOO FAST FOR WEATHER CONDITIONS,MORNINGSIDE & SMITH RD,10011
2013,3,6,Weekday,500,2-Car,No injury/unknown,FOLLOWING TOO CLOSELY,MORNINGSIDE & SMITH RD,10012
2013,8,6,Weekday,1100,2-Car,No injury/unknown,FAILURE TO YIELD RIGHT OF WAY,E MORNINGSIDE & N SMITH RD,10013
2013,9,6,Weekday,1500,2-Car,Non-incapacitating,SPEED TOO FAST FOR WEATHER CONDITIONS,MORNINGSIDE & SMITH RD,10014
2013,10,4,Weekday,400,2-Car,No injury/unknown,OVERCORRECTING/OVERSTEERING,MORNINGSIDE & SARATOGA DR,10015
2013,11,5,Weekday,1900,2-Car,No injury/unknown,FAILURE TO YIELD RIGHT OF WAY,3RD & SOUTH FRANKLIN RD,10016
2013,7,5,Weekday,1400,Moped/Motorcycle,Incapacitating,ACCELERATOR FAILURE OR DEFECTIVE,W KIRKWOOD AVE,10017
2013,10,5,Weekday,1500,3+ Cars,No injury/unknown,FAILURE TO YIELD RIGHT OF WAY,10TH & UNION ST,10018
2013,7,5,Weekday,0,2-Car,No injury/unknown,UNSAFE BACKING,EAST KIRKWOOD AVE,10019
2013,1,1,Weekday,2200,2-Car,No injury/unknown,UNSAFE BACKING,N ROSE AVE,10020
2013,6,6,Weekend,2300,2-Car,No injury/unknown,UNSAFE BACKING,SOUTH ROSE AVE,10021
2013,11,4,Weekday,2100,2-Car,No injury/unknown,IMPROPER TURNING,N ROSE AVE,10022
2013,9,3,Weekday,2000,2-Car,No injury/unknown,FAILURE TO YIELD RIGHT OF WAY,E 3RD & SR46N,10023
2013,5,3,Weekday,400,2-Car,Non-incapacitating,UNSAFE SPEED,CR480N & SR45W,10024
2013,8,2,Weekday,1600,2-Car,No injury/unknown,FOLLOWING TOO CLOSELY,NORTH ROGERS ST & WEST 10TH,10025
2013,12,7,Weekend,1200,2-Car,No injury/unknown,UNSAFE BACKING,N GATES DR,10026
2013,6,2,Weekday,800,2-Car,Non-incapacitating,OTHER TELEMATICS IN USE,SR37N & VERNAL,10027
2013,1,6,Weekday,1200,2-Car,No injury/unknown,FAILURE TO YIELD RIGHT OF WAY,E BUICK CADILLAC & SO COLLEGE MALL RD,10028
2013,1,6,Weekday,900,3+ Cars,No injury/unknown,ROADWAY SURFACE CONDITION,4TH & S WALNUT ST,10029
2013,1,2,Weekday,1200,2-Car,Non-incapacitating,FOLLOWING TOO CLOSELY,3RD & SR37S,10030
2013,5,4,Weekday,1000,2-Car,Non-incapacitating,FAILURE TO YIELD RIGHT OF WAY,ROGERS & W 4TH ST,10031
2013,1,1,Weekend,100,2-Car,No injury/unknown,FAILURE TO YIELD RIGHT OF WAY,4TH & N ROGERS ST,10032
2013,4,7,Weekend,0,2-Car,No injury/unknown,OTHER (DRIVER) - EXPLAIN IN NARRATIVE,S ROGERS ST,10033
2013,2,4,Weekday,1200,2-Car,No injury/unknown,FOLLOWING TOO CLOSELY,S ROGERS ST & W 4TH,10034
2013,3,6,Weekday,1200,2-Car,No injury/unknown,FOLLOWING TOO CLOSELY,4TH & S ROGERS ST,10035
2013,6,2,Weekday,1700,2-Car,No injury/unknown,DISREGARD SIGNAL/REG SIGN,COLLEGE & W 4TH ST,10036
2013,10,3,Weekday,2300,2-Car,No injury/unknown,DISREGARD SIGNAL/REG SIGN,4TH & S COLLEGE AVE,10037
2013,11,3,Weekday,1600,2-Car,No injury/unknown,UNSAFE BACKING,W 4TH ST,10038
2013,9,3,Weekday,1500,2-Car,No injury/unknown,OTHER (DRIVER) - EXPLAIN IN NARRATIVE,BLOCK OF S INDIANA (GILMORE) AVE,10039
2013,9,6,Weekend,2200,Pedestrian,Non-incapacitating,PEDESTRIAN ACTION,E 4TH & S INDIANA AVE,10040
2013,2,7,Weekend,1500,2-Car,No injury/unknown,UNSAFE BACKING,E 4TH ST,10041
2013,2,4,Weekday,1200,2-Car,No injury/unknown,FOLLOWING TOO CLOSELY,E 4TH & S LINCOLN ST,10042
2013,2,7,Weekend,2100,2-Car,No injury/unknown,SPEED TOO FAST FOR WEATHER CONDITIONS,N WALNUT ST,10043
2013,3,4,Weekday,300,1-Car,No injury/unknown,SPEED TOO FAST FOR WEATHER CONDITIONS,NORTH WALNUT ST,10044
2013,3,6,Weekend,1900,2-Car,No injury/unknown,UNSAFE BACKING,NORTH WALNUT ST,10045
2013,5,4,Weekday,1900,1-Car,Non-incapacitating,RAN OFF ROAD RIGHT,N WALNUT ST,10046
2013,6,5,Weekday,2200,1-Car,No injury/unknown,UNSAFE BACKING,SOUTH WALNUT ST,10047
2013,6,3,Weekday,1300,2-Car,No injury/unknown,FAILURE TO YIELD RIGHT OF WAY,4TH ST & WALNUT,10048
2013,7,2,Weekday,800,2-Car,No injury/unknown,FAILURE TO YIELD RIGHT OF WAY,N WALNUT ST,10049
2013,10,1,Weekend,1000,2-Car,No injury/unknown,DISREGARD SIGNAL/REG SIGN,E 4TH & S WALNUT ST,10050
2013,11,7,Weekend,0,2-Car,No injury/unknown,OTHER (DRIVER) - EXPLAIN IN NARRATIVE,WALNUT SPRINGS DR,10051
2013,11,7,Weekend,300,2-Car,No injury/unknown,UNSAFE BACKING,4TH & CLARK ST,10052
2013,2,5,Weekday,1900,3+ Cars,No injury/unknown,CELL PHONE USAGE,4TH ST & MADISON,10053
2013,6,4,Weekday,1300,Bus,No injury/unknown,UNSAFE LANE MOVEMENT,S MADISON & W 4TH ST,10054
2013,12,3,Weekday,1800,3+ Cars,Non-incapacitating,FOLLOWING TOO CLOSELY,SR46E & TRAILWAY,10055
2013,10,5,Weekday,1200,2-Car,Non-incapacitating,FOLLOWING TOO CLOSELY,4TH & COLLEGE AVE,10056
2013,1,2,Weekday,900,1-Car,No injury/unknown,ANIMAL/OBJECT IN ROADWAY,AZALEA & HIGHLAND AVE,10057
2013,3,6,Weekday,1500,2-Car,Non-incapacitating,FOLLOWING TOO CLOSELY,4TH ST & LINCOLN,10058
2013,9,5,Weekday,800,2-Car,Non-incapacitating,DISREGARD SIGNAL/REG SIGN,4TH ST & LINCOLN,10059
2013,3,2,Weekday,1400,2-Car,No injury/unknown,DISREGARD SIGNAL/REG SIGN,4TH ST & WALNUT,10060
2013,11,6,Weekend,1900,2-Car,No injury/unknown,DISREGARD SIGNAL/REG SIGN,4TH ST & WALNUT,10061
2013,11,2,Weekday,2300,Pedestrian,Non-incapacitating,FAILURE TO YIELD RIGHT OF WAY,4TH & DUNN ST,10062
2013,4,5,Weekday,2200,2-Car,No injury/unknown,SPEED TOO FAST FOR WEATHER CONDITIONS,4TH & GRANT ST,10063
2013,5,3,Weekday,1200,2-Car,No injury/unknown,UNSAFE BACKING,4TH ST & INDIANA,10064
2013,9,6,Weekday,1300,2-Car,No injury/unknown,UNSAFE LANE MOVEMENT,4TH & INDIANA AVE,10065
2013,7,6,Weekday,1100,2-Car,No injury/unknown,OTHER (DRIVER) - EXPLAIN IN NARRATIVE,DUNN & FOURTH ST,10066
2013,9,7,Weekend,1300,2-Car,No injury/unknown,IMPROPER LANE USAGE,FOURTH ST & INDIANA,10067
2013,12,4,Weekday,1300,2-Car,No injury/unknown,UNSAFE BACKING,EAST 4TH ST,10068
2013,6,4,Weekday,1300,2-Car,No injury/unknown,FAILURE TO YIELD RIGHT OF WAY,GATES DR,10069
2013,11,2,Weekday,1500,2-Car,No injury/unknown,OTHER (DRIVER) - EXPLAIN IN NARRATIVE,SOUTH WALNUT ST,10070
2013,2,3,Weekday,2000,2-Car,No injury/unknown,FAILURE TO YIELD RIGHT OF WAY,JONES & JORDAN AVE,10071
2013,12,7,Weekend,1900,2-Car,No injury/unknown,FOLLOWING TOO CLOSELY,JONES & JORDAN AVE,10072
2013,10,6,Weekday,1000,2-Car,No injury/unknown,UNSAFE BACKING,JONES AVE & JORDAN,10073
2013,1,2,Weekday,900,2-Car,No injury/unknown,OTHER (VEHICLE) - EXPLAIN IN NARRATIVE,JONES AVE & JORDAN,10074
2013,9,5,Weekday,1500,2-Car,No injury/unknown,FAILURE TO YIELD RIGHT OF WAY,4TH & S INDIANA AVE,10075
2013,5,2,Weekday,1900,1-Car,No injury/unknown,UNSAFE BACKING,SOUTH HAWTHORNE DR,10076
2013,8,6,Weekday,1500,1-Car,No injury/unknown,OBSTRUCTION NOT MARKED,JONES & ROSE AVE,10077
2013,1,6,Weekend,2000,2-Car,No injury/unknown,UNSAFE LANE MOVEMENT,SR446 & SR46,10078
2013,4,7,Weekend,900,1-Car,No injury/unknown,OTHER (DRIVER) - EXPLAIN IN NARRATIVE,SO PETE ELLIS DR,10079
2013,3,5,Weekday,1400,2-Car,No injury/unknown,FAILURE TO YIELD RIGHT OF WAY,JACOB DR,10080
2013,4,5,Weekday,1400,2-Car,No injury/unknown,UNSAFE LANE MOVEMENT,9TH & COLLEGE AVE,10081
2013,7,4,Weekday,1300,2-Car,No injury/unknown,UNSAFE BACKING,WEST THIRD ST,10082
2013,5,6,Weekday,1400,2-Car,No injury/unknown,FOLLOWING TOO CLOSELY,HILLSDALE & S HILLSDALE DR,10083
2013,5,1,Weekend,600,1-Car,No injury/unknown,RAN OFF ROAD RIGHT,N TRAILWAY & SR46E,10084
2013,4,3,Weekday,1200,2-Car,No injury/unknown,FOLLOWING TOO CLOSELY,3700 W 3RD ST & LIBERTY,10085
2013,8,4,Weekday,800,2-Car,Non-incapacitating,FOLLOWING TOO CLOSELY,3700 W 3RD ST & LIBERTY,10086
2013,3,3,Weekday,1600,2-Car,No injury/unknown,IMPROPER TURNING,3RD & DUNN ST,10087
2013,11,7,Weekend,1000,2-Car,No injury/unknown,FAILURE TO YIELD RIGHT OF WAY,N HARTSTRAIT RD & W STATE 48,10088
2013,11,2,Weekday,600,2-Car,Non-incapacitating,FOLLOWING TOO CLOSELY,HARTSTRAIGHT ROAD & SR48W,10089
2013,10,5,Weekday,800,2-Car,Non-incapacitating,FAILURE TO YIELD RIGHT OF WAY,KIRBY RD & SR48,10090
2013,1,4,Weekday,1600,2-Car,No injury/unknown,UNSAFE SPEED,WEST 3RD ST,10091
2013,11,6,Weekday,800,2-Car,No injury/unknown,FAILURE TO YIELD RIGHT OF WAY,W 3RD ST,10092
2013,10,3,Weekday,1600,2-Car,Non-incapacitating,FAILURE TO YIELD RIGHT OF WAY,W 3RD ST,10093
2013,10,4,Weekday,1300,2-Car,No injury/unknown,UNSAFE BACKING,W 3RD ST,10094
2013,12,7,Weekend,1600,1-Car,No injury/unknown,OTHER (DRIVER) - EXPLAIN IN NARRATIVE,W 3RD ST,10095
2013,7,7,Weekend,1200,1-Car,No injury/unknown,UNSAFE BACKING,W 3RD ST,10096
2013,5,5,Weekday,1400,2-Car,No injury/unknown,LEFT OF CENTER,W 3RD ST,10097
2013,6,3,Weekday,1300,Moped/Motorcycle,Non-incapacitating,ENGINE FAILURE OR DEFECTIVE,13 & WEST 3RD ST,10098
2013,3,5,Weekday,1600,2-Car,Non-incapacitating,OTHER (DRIVER) - EXPLAIN IN NARRATIVE,3RD ST & SR37,10099
2013,5,7,Weekend,1300,2-Car,No injury/unknown,DISREGARD SIGNAL/REG SIGN,SOUTH 37 & WEST 3RD ST,10100
2013,2,7,Weekend,1300,2-Car,No injury/unknown,FAILURE TO YIELD RIGHT OF WAY,3RD & PETE ELLIS DR,10101
2013,9,5,Weekday,1100,2-Car,No injury/unknown,OTHER (DRIVER) - EXPLAIN IN NARRATIVE,E THIRD ST,10102
2013,2,7,Weekend,600,2-Car,No injury/unknown,FOLLOWING TOO CLOSELY,KINGS & SR46E,10103
2013,4,4,Weekday,700,2-Car,No injury/unknown,OTHER (DRIVER) - EXPLAIN IN NARRATIVE,3RD ST & JACKSON,10104
2013,5,6,Weekday,1100,2-Car,No injury/unknown,OTHER (DRIVER) - EXPLAIN IN NARRATIVE,SR37 & W 3RD ST,10105
2013,6,7,Weekend,1800,Pedestrian,Non-incapacitating,PEDESTRIAN ACTION,3RD ST & US37N,10106
2013,6,5,Weekday,2200,2-Car,No injury/unknown,DISREGARD SIGNAL/REG SIGN,37 & WEST 3RD ST ST,10107
2013,7,3,Weekday,1000,2-Car,No injury/unknown,FOLLOWING TOO CLOSELY,SR37 & W 3RD ST,10108
2013,9,3,Weekday,700,2-Car,No injury/unknown,FAILURE TO YIELD RIGHT OF WAY,SR37 & SR48W,10109
2013,9,6,Weekday,1700,2-Car,Non-incapacitating,FOLLOWING TOO CLOSELY,SR37 & W 3RD ST,10110
2013,9,1,Weekday,2100,2-Car,No injury/unknown,FOLLOWING TOO CLOSELY,3RD ST & SR37,10111
2013,10,5,Weekday,1300,3+ Cars,Non-incapacitating,FOLLOWING TOO CLOSELY,3RD & SR37,10112
2013,10,7,Weekend,1600,2-Car,No injury/unknown,FOLLOWING TOO CLOSELY,3RD & SR37N,10113
2013,11,3,Weekday,500,2-Car,No injury/unknown,FAILURE TO YIELD RIGHT OF WAY,SR37 & W 3RD ST,10114
2013,12,2,Weekday,1200,3+ Cars,No injury/unknown,FOLLOWING TOO CLOSELY,3RD ST & STATE ROAD 37,10115
2013,1,3,Weekday,2200,2-Car,No injury/unknown,UNSAFE LANE MOVEMENT,3RD ST,10116
2013,3,4,Weekday,0,2-Car,No injury/unknown,OTHER (VEHICLE) - EXPLAIN IN NARRATIVE,W 3RD ST,10117
2013,4,4,Weekday,1600,2-Car,No injury/unknown,SPEED TOO FAST FOR WEATHER CONDITIONS,PARK SQUARE DR & WEST STATE ROAD 48,10118
2013,8,4,Weekday,1400,2-Car,No injury/unknown,OVERCORRECTING/OVERSTEERING,W 3RD ST,10119
2013,9,3,Weekday,1600,3+ Cars,No injury/unknown,UNSAFE SPEED,PROFILE & SR48,10120
2013,3,6,Weekday,1200,2-Car,No injury/unknown,FOLLOWING TOO CLOSELY,SR37 & WEST 3RD ST,10121
2013,3,2,Weekday,2000,1-Car,No injury/unknown,UNSAFE SPEED,ROGERS ST,10122
2013,5,7,Weekend,1100,1-Car,No injury/unknown,RAN OFF ROAD RIGHT,SOUTH ROGERS ST,10123
2013,7,3,Weekday,1500,1-Car,No injury/unknown,DRIVER DISTRACTED - EXPLAIN IN NARRATIVE,S ROGERS ST,10124
2013,7,6,Weekend,2000,2-Car,No injury/unknown,UNSAFE BACKING,E 3RD ST,10125
2013,9,4,Weekday,1500,2-Car,No injury/unknown,OTHER (DRIVER) - EXPLAIN IN NARRATIVE,E 3RD ST,10126
2013,10,6,Weekday,1400,2-Car,No injury/unknown,OTHER (DRIVER) - EXPLAIN IN NARRATIVE,E 3RD ST,10127
2013,3,5,Weekday,1600,2-Car,No injury/unknown,UNSAFE BACKING,E 3RD ST,10128
2013,7,6,Weekday,1700,2-Car,No injury/unknown,OTHER (DRIVER) - EXPLAIN IN NARRATIVE,E 3RD ST,10129
2013,10,5,Weekday,1700,3+ Cars,No injury/unknown,OTHER (DRIVER) - EXPLAIN IN NARRATIVE,FRANKLIN & W 3RD ST,10130
2013,7,5,Weekday,1200,2-Car,No injury/unknown,OTHER (DRIVER) - EXPLAIN IN NARRATIVE,FRANKLIN & WEST THIRD ST,10131
2013,9,3,Weekday,300,1-Car,Non-incapacitating,UNSAFE LANE MOVEMENT,FRANKLIN RD & W 3RD,10132
2013,1,5,Weekday,1300,Bus,No injury/unknown,FOLLOWING TOO CLOSELY,WEST 3RD ST & WYNNDALE,10133
2013,6,6,Weekend,1900,2-Car,No injury/unknown,FAILURE TO YIELD RIGHT OF WAY,EAST 3RD ST,10134
2013,4,1,Weekend,1200,2-Car,No injury/unknown,UNSAFE BACKING,E 3RD ST,10135
2013,7,6,Weekday,1100,2-Car,No injury/unknown,OTHER (DRIVER) - EXPLAIN IN NARRATIVE,EAST 3RD ST,10136
2013,7,3,Weekday,1500,2-Car,No injury/unknown,FAILURE TO YIELD RIGHT OF WAY,E 3RD ST,10137
2013,1,1,Weekend,1400,2-Car,Incapacitating,FAILURE TO YIELD RIGHT OF WAY,3RD ST & CURRY,10138
2013,4,5,Weekday,1200,2-Car,No injury/unknown,FOLLOWING TOO CLOSELY,S CURRY & SR 48 RD,10139
2013,8,5,Weekday,1700,2-Car,No injury/unknown,FOLLOWING TOO CLOSELY,CURRY & W 3RD ST,10140
2013,9,3,Weekday,700,2-Car,Non-incapacitating,FAILURE TO YIELD RIGHT OF WAY,CURRY PIKE & W THIRD,10141
2013,9,3,Weekday,1100,2-Car,No injury/unknown,OTHER (DRIVER) - EXPLAIN IN NARRATIVE,3RD ST & CURRY,10142
2013,10,5,Weekday,1600,2-Car,No injury/unknown,OTHER (ENVIRONMENTAL) - EXPLAIN IN NARR,3RD & CURRY PIKE,10143
2013,9,3,Weekday,1800,2-Car,No injury/unknown,FOLLOWING TOO CLOSELY,CURRY & THIRD ST,10144
2013,8,2,Weekday,600,2-Car,Non-incapacitating,IMPROPER TURNING,S CURRY & W 3RD ST,10145
2013,12,7,Weekend,2200,3+ Cars,No injury/unknown,FOLLOWING TOO CLOSELY,S COLLEGE AVE & W 1ST,10146
2013,7,2,Weekday,1400,2-Car,Non-incapacitating,FAILURE TO YIELD RIGHT OF WAY,3800 BLK W 3RD ST & S CURRY,10147
2013,12,4,Weekday,1200,2-Car,No injury/unknown,FAILURE TO YIELD RIGHT OF WAY,W 3RD ST,10148
2013,10,4,Weekday,1300,2-Car,No injury/unknown,DRIVER DISTRACTED - EXPLAIN IN NARRATIVE,3RD ST & WASHINGTON,10149
2013,2,2,Weekday,2000,1-Car,No injury/unknown,ANIMAL/OBJECT IN ROADWAY,3RD ST & WALNUT,10150
2013,4,5,Weekday,1100,2-Car,Non-incapacitating,FOLLOWING TOO CLOSELY,3RD ST & WALNUT,10151
2013,2,1,Weekend,1200,2-Car,No injury/unknown,FAILURE TO YIELD RIGHT OF WAY,E 3RD ST & GRANT,10152
2013,1,7,Weekend,900,2-Car,No injury/unknown,FAILURE TO YIELD RIGHT OF WAY,3RD ST & GRANT,10153
2013,2,5,Weekday,1900,2-Car,No injury/unknown,FAILURE TO YIELD RIGHT OF WAY,EAST 3RD ST & GRANT,10154
2013,4,2,Weekday,200,2-Car,No injury/unknown,OTHER (DRIVER) - EXPLAIN IN NARRATIVE,3RD & GRANT ST,10155
2013,4,7,Weekend,1200,2-Car,No injury/unknown,FAILURE TO YIELD RIGHT OF WAY,E 3RD ST & S GRANT,10156
2013,10,6,Weekday,1300,2-Car,No injury/unknown,UNSAFE LANE MOVEMENT,E 3RD ST & GRANT,10157
2013,5,4,Weekday,1100,Bus,No injury/unknown,UNSAFE SPEED,3RD ST & LINCOLN,10158
2013,10,4,Weekday,1300,2-Car,No injury/unknown,DISREGARD SIGNAL/REG SIGN,EAST 3RD ST & SOUTH LINCOLN,10159
2013,2,6,Weekday,1600,3+ Cars,Non-incapacitating,DISREGARD SIGNAL/REG SIGN,3RD ST & WASHINGTON,10160
2013,1,5,Weekday,1900,2-Car,No injury/unknown,DISREGARD SIGNAL/REG SIGN,E 3RD ST & S WASHINGTON,10161
2013,10,2,Weekday,1100,2-Car,Non-incapacitating,CELL PHONE USAGE,E 3RD ST & WASHINGTON,10162
2013,11,3,Weekday,900,2-Car,No injury/unknown,UNSAFE BACKING,E 3RD ST,10163
2013,12,5,Weekday,1200,2-Car,No injury/unknown,DISREGARD SIGNAL/REG SIGN,3RD ST & WASHINGTON,10164
2013,12,3,Weekday,1100,2-Car,No injury/unknown,DISREGARD SIGNAL/REG SIGN,3RD ST & WASHINGTON,10165
2013,1,1,Weekend,100,2-Car,No injury/unknown,OTHER (VEHICLE) - EXPLAIN IN NARRATIVE,SOUTH WALNUT ST,10166
2013,5,3,Weekday,1000,3+ Cars,No injury/unknown,FOLLOWING TOO CLOSELY,3RD & S WALNUT ST,10167
2013,8,3,Weekday,1600,2-Car,No injury/unknown,FAILURE TO YIELD RIGHT OF WAY,S WALNUT ST,10168
2013,11,3,Weekday,1100,2-Car,No injury/unknown,UNSAFE BACKING,SOUTH WALNUT ST,10169
2013,11,3,Weekday,1200,2-Car,No injury/unknown,UNSAFE BACKING,S WALNUT ST & SR37,10170
2013,1,5,Weekday,2200,3+ Cars,No injury/unknown,SPEED TOO FAST FOR WEATHER CONDITIONS,COLLEGE & SR37S,10171
2013,1,3,Weekday,1100,2-Car,No injury/unknown,IMPROPER TURNING,SO COLLEGE AVE & W 3RD,10172
2013,2,2,Weekday,1900,2-Car,Non-incapacitating,DISREGARD SIGNAL/REG SIGN,3RD ST & COLLEGE,10173
2013,4,3,Weekday,1400,2-Car,Non-incapacitating,FAILURE TO YIELD RIGHT OF WAY,COLLEGE & WEST 3RD ST,10174
2013,5,1,Weekend,1100,2-Car,No injury/unknown,DISREGARD SIGNAL/REG SIGN,S COLLEGE AVE & W 3RD,10175
2013,8,4,Weekday,1800,2-Car,No injury/unknown,DISREGARD SIGNAL/REG SIGN,3RD & COLLEGE AVE,10176
2013,7,6,Weekday,1200,Cyclist,Non-incapacitating,DISREGARD SIGNAL/REG SIGN,S COLLEGE AVE & W 3RD,10177
2013,11,5,Weekday,2300,2-Car,Non-incapacitating,FAILURE TO YIELD RIGHT OF WAY,E 3RD & S COLLEGE AVE,10178
2013,4,5,Weekday,1100,2-Car,No injury/unknown,FOLLOWING TOO CLOSELY,3RD ST & KIMBLE,10179
2013,6,5,Weekday,1500,3+ Cars,Non-incapacitating,FOLLOWING TOO CLOSELY,KIMBLE & WEST THIRD ST,10180
2013,6,7,Weekend,1300,3+ Cars,No injury/unknown,DRIVER DISTRACTED - EXPLAIN IN NARRATIVE,2500 W 3RD ST & S KIMBLE,10181
2013,6,4,Weekday,1300,2-Car,No injury/unknown,FOLLOWING TOO CLOSELY,KIMBLE & W 3RD ST,10182
2013,5,6,Weekday,1200,2-Car,No injury/unknown,FOLLOWING TOO CLOSELY,KIMBLE & WEST 3RD ST,10183
2013,9,4,Weekday,2100,2-Car,No injury/unknown,IMPROPER LANE USAGE,3RD ST & KIMBLE,10184
2013,11,5,Weekday,1600,2-Car,No injury/unknown,UNSAFE BACKING,E 3RD ST,10185
2013,3,4,Weekday,1300,2-Car,No injury/unknown,UNSAFE BACKING,E 3RD ST,10186
2013,10,4,Weekday,800,3+ Cars,Non-incapacitating,FOLLOWING TOO CLOSELY,CURRY & W 3RD ST,10187
2013,11,4,Weekday,1000,2-Car,No injury/unknown,FOLLOWING TOO CLOSELY,3RD ST & CURRY,10188
2013,11,7,Weekend,2200,2-Car,No injury/unknown,FAILURE TO YIELD RIGHT OF WAY,3RD & CURRY PIKE,10189
2013,11,6,Weekday,1800,2-Car,No injury/unknown,FOLLOWING TOO CLOSELY,S CURRY & W 3RD ST,10190
2013,4,4,Weekday,1700,2-Car,No injury/unknown,FAILURE TO YIELD RIGHT OF WAY,W THIRD ST,10191
2013,9,6,Weekday,800,1-Car,Non-incapacitating,OTHER (DRIVER) - EXPLAIN IN NARRATIVE,W 3RD ST,10192
2013,7,3,Weekday,1100,2-Car,No injury/unknown,FAILURE TO YIELD RIGHT OF WAY,3RD ST & MADISON,10193
2013,3,5,Weekday,1900,2-Car,No injury/unknown,FAILURE TO YIELD RIGHT OF WAY,3RD ST & LIBERTY,10194
2013,12,3,Weekday,1200,2-Car,No injury/unknown,OTHER (DRIVER) - EXPLAIN IN NARRATIVE,3RD ST & LIBERTY,10195
2013,3,2,Weekday,900,2-Car,No injury/unknown,DISREGARD SIGNAL/REG SIGN,3RD ST & LIBERTY,10196
2013,5,3,Weekday,2200,2-Car,No injury/unknown,FAILURE TO YIELD RIGHT OF WAY,3RD ST & LIBERTY,10197
2013,7,2,Weekday,2000,2-Car,No injury/unknown,FAILURE TO YIELD RIGHT OF WAY,3RD ST & LIBERTY,10198
2013,8,2,Weekday,1300,2-Car,No injury/unknown,FOLLOWING TOO CLOSELY,S LIBERTY & W 3RD ST,10199
2013,12,5,Weekday,800,2-Car,No injury/unknown,FAILURE TO YIELD RIGHT OF WAY,3RD & LIBERTY DR,10200
2013,9,7,Weekend,1300,2-Car,No injury/unknown,UNSAFE LANE MOVEMENT,LIBERTY & W 3RD ST,10201
2013,3,7,Weekend,1100,2-Car,No injury/unknown,FAILURE TO YIELD RIGHT OF WAY,SO LIBERTY & W 3RD ST,10202
2013,8,3,Weekday,1800,2-Car,Non-incapacitating,DISREGARD SIGNAL/REG SIGN,3RD ST & WASHINGTON,10203
2013,10,7,Weekend,1600,2-Car,Non-incapacitating,FOLLOWING TOO CLOSELY,3RD ST & WASHINGTON,10204
2013,11,4,Weekday,1600,2-Car,No injury/unknown,DISREGARD SIGNAL/REG SIGN,3RD ST & WASHINGTON,10205
2013,7,6,Weekday,1100,Moped/Motorcycle,Non-incapacitating,FAILURE TO YIELD RIGHT OF WAY,3RD & WALNUT ST,10206
2013,11,2,Weekday,1300,2-Car,No injury/unknown,FOLLOWING TOO CLOSELY,THIRD ST & WALNUT,10207
2013,2,6,Weekend,2000,2-Car,No injury/unknown,FAILURE TO YIELD RIGHT OF WAY,3RD ST & COLLEGE,10208
2013,9,6,Weekday,1500,2-Car,No injury/unknown,FAILURE TO YIELD RIGHT OF WAY,3RD ST & COLLEGE,10209
2013,11,6,Weekday,1200,2-Car,No injury/unknown,DISREGARD SIGNAL/REG SIGN,3RD & COLLEGE AVE,10210
2013,11,7,Weekend,2100,2-Car,No injury/unknown,DISREGARD SIGNAL/REG SIGN,3RD ST & COLLEGE,10211
2013,10,4,Weekday,700,1-Car,No injury/unknown,OTHER (DRIVER) - EXPLAIN IN NARRATIVE,W 3RD ST,10212
2013,7,1,Weekend,0,Moped/Motorcycle,Non-incapacitating,RAN OFF ROAD RIGHT,3RD & ROGERS ST,10213
2013,7,2,Weekday,1700,2-Car,No injury/unknown,FOLLOWING TOO CLOSELY,3RD & LINCOLN ST,10214
2013,9,5,Weekday,1600,3+ Cars,Non-incapacitating,FOLLOWING TOO CLOSELY,GATES & W 3RD ST,10215
2013,2,5,Weekday,1600,2-Car,No injury/unknown,DRIVER DISTRACTED - EXPLAIN IN NARRATIVE,GATES & W 3RD ST,10216
2013,3,4,Weekday,1800,Bus,No injury/unknown,DISREGARD SIGNAL/REG SIGN,3RD ST & GATES,10217