year,month,day,weekend,hour,collision_type,injury_type,primary_factor,reported_location,unique_id
2013,4,7,Weekend,1100,2-Car,No injury/unknown,FAILURE TO YIELD RIGHT OF WAY,GATES & W 3RD ST,10218
2013,5,2,Weekday,2200,2-Car,No injury/unknown,DISREGARD SIGNAL/REG SIGN,GATES & WEST 3RD ST,10219
2013,4,4,Weekday,1600,Bus,No injury/unknown,FAILURE TO YIELD RIGHT OF WAY,3RD & GATES DR,10220
2013,8,3,Weekday,1100,2-Car,No injury/unknown,FOLLOWING TOO CLOSELY,GATES & W 3RD ST,10221
2013,8,5,Weekday,1400,2-Car,No injury/unknown,FOLLOWING TOO CLOSELY,3RD ST & GATES,10222
2013,6,1,Weekend,1800,1-Car,Non-incapacitating,RAN OFF ROAD RIGHT,3RD ST & GATES,10223
2013,6,3,Weekday,1600,3+ Cars,Non-incapacitating,FOLLOWING TOO CLOSELY,GATES & W 3RD ST,10224
2013,8,5,Weekday,1600,3+ Cars,No injury/unknown,FOLLOWING TOO CLOSELY,GATES & W 3RD ST,10225
2013,11,3,Weekday,1600,3+ Cars,No injury/unknown,FOLLOWING TOO CLOSELY,3RD ST & GATES,10226
2013,12,4,Weekday,1400,2-Car,No injury/unknown,FAILURE TO YIELD RIGHT OF WAY,3RD ST & GATES,10227
2013,1,3,Weekday,800,2-Car,No injury/unknown,FAILURE TO YIELD RIGHT OF WAY,GATES & SR48,10228
2013,2,1,Weekend,1200,1-Car,No injury/unknown,OTHER (DRIVER) - EXPLAIN IN NARRATIVE,400 3RD ST & DUNN,10229
2013,1,1,Weekend,1700,1-Car,No injury/unknown,RAN OFF ROAD RIGHT,GRANT ST & THIRD,10230
2013,5,3,Weekday,1400,2-Car,Non-incapacitating,FAILURE TO YIELD RIGHT OF WAY,3RD ST & GRANT,10231
2013,7,3,Weekday,1500,2-Car,No injury/unknown,FOLLOWING TOO CLOSELY,3RD ST & GRANT,10232
2013,11,1,Weekend,1200,2-Car,Non-incapacitating,UNSAFE LANE MOVEMENT,E 3RD ST & S GRANT,10233
2013,3,7,Weekend,1200,2-Car,No injury/unknown,UNSAFE BACKING,(NS ALLEY) E 3RD ST & S GRANT,10234
2013,5,3,Weekday,1400,2-Car,No injury/unknown,UNSAFE BACKING,EAST 3RD ST,10235
2013,8,2,Weekday,1500,2-Car,No injury/unknown,FAILURE TO YIELD RIGHT OF WAY,THIRD ST & YANCY,10236
2013,2,6,Weekday,1200,2-Car,No injury/unknown,DRIVER DISTRACTED - EXPLAIN IN NARRATIVE,3RD ST & FRANKLIN,10237
2013,4,1,Weekend,1300,Moped/Motorcycle,Non-incapacitating,FAILURE TO YIELD RIGHT OF WAY,3RD ST & FRANKLIN,10238
2013,8,6,Weekday,1600,2-Car,Non-incapacitating,FOLLOWING TOO CLOSELY,3RD ST & FRANKLIN,10239
2013,9,1,Weekend,1500,2-Car,Non-incapacitating,BRAKE FAILURE OR DEFECTIVE,3RD ST & WYNNEDALE,10240
2013,12,6,Weekday,300,1-Car,No injury/unknown,RAN OFF ROAD RIGHT,FRANKLIN RD & W 3RD,10241
2013,12,2,Weekday,2200,3+ Cars,No injury/unknown,FOLLOWING TOO CLOSELY,THIRD & WYNNEDALE DR,10242
2013,7,3,Weekday,100,2-Car,No injury/unknown,UNSAFE BACKING,W 3RD ST,10243
2013,2,4,Weekday,1600,2-Car,No injury/unknown,FAILURE TO YIELD RIGHT OF WAY,3RD & CORY LN,10244
2013,3,2,Weekday,1700,2-Car,No injury/unknown,DRIVER ASLEEP OR FATIGUED,S CURRY PIKE & W 3RD,10245
2013,5,2,Weekday,1300,2-Car,No injury/unknown,UNSAFE LANE MOVEMENT,3RD & CURRY PIKE,10246
2013,8,7,Weekend,1600,2-Car,No injury/unknown,FAILURE TO YIELD RIGHT OF WAY,CORY & THIRD ST,10247
2013,10,4,Weekday,1600,2-Car,Non-incapacitating,FOLLOWING TOO CLOSELY,KIMBLE & THIRD ST,10248
2013,1,3,Weekday,200,1-Car,No injury/unknown,RAN OFF ROAD RIGHT,S KIMBLE DR & W 3RD,10249
2013,5,5,Weekday,1700,2-Car,No injury/unknown,FOLLOWING TOO CLOSELY,3RD ST & KIMBLE,10250
2013,6,5,Weekday,1700,2-Car,Non-incapacitating,FOLLOWING TOO CLOSELY,3RD ST & KIMBLE,10251
2013,11,6,Weekday,1700,2-Car,No injury/unknown,FOLLOWING TOO CLOSELY,3RD ST & KIMBLE,10252
2013,9,5,Weekday,1100,2-Car,No injury/unknown,LEFT OF CENTER,S ADAMS & W 3RD ST,10253
2013,5,6,Weekday,1700,2-Car,No injury/unknown,DRIVER DISTRACTED - EXPLAIN IN NARRATIVE,3RD ST & MULLER,10254
2013,1,5,Weekday,1900,2-Car,No injury/unknown,SPEED TOO FAST FOR WEATHER CONDITIONS,MULLER & W 3RD ST,10255
2013,2,4,Weekday,1600,2-Car,Non-incapacitating,FAILURE TO YIELD RIGHT OF WAY,3RD ST & MULLER,10256
2013,3,6,Weekday,1700,2-Car,No injury/unknown,UNSAFE LANE MOVEMENT,MULLER & WEST 3 ST ST,10257
2013,3,2,Weekday,800,2-Car,No injury/unknown,SPEED TOO FAST FOR WEATHER CONDITIONS,MULLER PKWY & W 3RD,10258
2013,6,6,Weekday,200,1-Car,No injury/unknown,RAN OFF ROAD RIGHT,S MULLER PKWY & W 3RD,10259
2013,4,7,Weekend,1900,2-Car,No injury/unknown,FAILURE TO YIELD RIGHT OF WAY,MULLER & WEST THIRD ST,10260
2013,8,5,Weekday,1400,1-Car,No injury/unknown,DISREGARD SIGNAL/REG SIGN,3RD ST & MULLER,10261
2013,9,3,Weekday,1200,3+ Cars,No injury/unknown,OTHER (VEHICLE) - EXPLAIN IN NARRATIVE,E 3RD ST,10262
2013,1,1,Weekend,1400,2-Car,No injury/unknown,UNSAFE BACKING,3RD ST,10263
2013,12,6,Weekday,1600,1-Car,No injury/unknown,OBSTRUCTION NOT MARKED,E 3RD ST,10264
2013,9,6,Weekday,1600,2-Car,No injury/unknown,DRIVER ASLEEP OR FATIGUED,3RD ST & CORY,10265
2013,12,4,Weekday,1000,2-Car,No injury/unknown,IMPROPER LANE USAGE,CORY & THIRD ST,10266
2013,6,7,Weekend,1300,1-Car,Non-incapacitating,RAN OFF ROAD RIGHT,WEST 3RD ST,10267
2013,7,2,Weekday,900,2-Car,No injury/unknown,FOLLOWING TOO CLOSELY,SR37N,10268
2013,5,3,Weekday,1200,2-Car,No injury/unknown,UNSAFE BACKING,EAST 3RD ST,10269
2013,11,4,Weekday,1200,2-Car,No injury/unknown,OVERCORRECTING/OVERSTEERING,E 3RD ST,10270
2013,12,6,Weekday,0,2-Car,No injury/unknown,SPEED TOO FAST FOR WEATHER CONDITIONS,3RD ST & DUNN,10271
2013,1,2,Weekday,1300,2-Car,Non-incapacitating,FOLLOWING TOO CLOSELY,E 3RD ST & SR 45 46 BYPASS,10272
2013,2,4,Weekday,800,3+ Cars,Non-incapacitating,FOLLOWING TOO CLOSELY,3RD ST & SR 45 46,10273
2013,3,2,Weekday,1300,2-Car,No injury/unknown,FOLLOWING TOO CLOSELY,3RD & SR 45 46 BYP,10274
2013,7,6,Weekday,1200,2-Car,Non-incapacitating,FOLLOWING TOO CLOSELY,EAST THIRD ST & SR4546,10275
2013,1,3,Weekday,800,2-Car,No injury/unknown,FOLLOWING TOO CLOSELY,FESS & THIRD ST,10276
2013,3,5,Weekday,1300,2-Car,Non-incapacitating,FAILURE TO YIELD RIGHT OF WAY,FESS & THIRD ST,10277
2013,9,6,Weekday,1700,3+ Cars,No injury/unknown,FOLLOWING TOO CLOSELY,E 3RD ST & S FESS,10278
2013,11,1,Weekend,1500,3+ Cars,No injury/unknown,FOLLOWING TOO CLOSELY,3RD ST & FESS,10279
2013,12,4,Weekday,1200,2-Car,No injury/unknown,FAILURE TO YIELD RIGHT OF WAY,FESS & THIRD ST,10280
2013,7,2,Weekday,1200,2-Car,No injury/unknown,FAILURE TO YIELD RIGHT OF WAY,3RD ST & INDIANA,10281
2013,1,3,Weekday,1500,2-Car,No injury/unknown,FOLLOWING TOO CLOSELY,3RD ST & INDIANA,10282
2013,8,2,Weekday,1400,2-Car,No injury/unknown,UNSAFE LANE MOVEMENT,INDIANA & THIRD ST,10283
2013,8,6,Weekday,800,1-Car,No injury/unknown,UNSAFE BACKING,3RD ST & INDIANA,10284
2013,9,2,Weekday,1300,2-Car,No injury/unknown,FOLLOWING TOO CLOSELY,3RD ST & INDIANA,10285
2013,12,7,Weekend,100,2-Car,No injury/unknown,SPEED TOO FAST FOR WEATHER CONDITIONS,E 3RD ST & S INDIANA,10286
2013,12,6,Weekend,2100,2-Car,No injury/unknown,FAILURE TO YIELD RIGHT OF WAY,INDIANA 37 & W 3RD ST,10287
2013,1,3,Weekday,2000,2-Car,No injury/unknown,LEFT OF CENTER,3RD ST & ATWATER,10288
2013,1,1,Weekday,1900,2-Car,No injury/unknown,ROADWAY SURFACE CONDITION,DUNN & THIRD ST,10289
2013,4,2,Weekday,600,2-Car,No injury/unknown,DISREGARD SIGNAL/REG SIGN,DUNN & E 3RD ST,10290
2013,3,6,Weekday,1200,3+ Cars,Non-incapacitating,UNSAFE LANE MOVEMENT,E 3RD & S DUNN ST,10291
2013,5,6,Weekday,200,1-Car,No injury/unknown,UNSAFE BACKING,ATWATER AVE & DUNN,10292
2013,9,7,Weekend,1900,2-Car,No injury/unknown,UNSAFE LANE MOVEMENT,3RD ST & DUNN,10293
2013,10,5,Weekday,700,2-Car,No injury/unknown,UNSAFE LANE MOVEMENT,DUNN & E 3RD ST,10294
2013,9,7,Weekend,1600,2-Car,No injury/unknown,UNSAFE BACKING,E 3RD ST,10295
2013,3,2,Weekday,2300,2-Car,No injury/unknown,FAILURE TO YIELD RIGHT OF WAY,E 3RD ST,10296
2013,9,4,Weekday,2000,2-Car,No injury/unknown,FOLLOWING TOO CLOSELY,3RD ST & FESS,10297
2013,4,2,Weekday,1100,2-Car,No injury/unknown,FAILURE TO YIELD RIGHT OF WAY,LANDMARK & W  3RD ST,10298
2013,1,5,Weekday,1500,2-Car,No injury/unknown,FOLLOWING TOO CLOSELY,LANDMARK & WEST THIRD ST,10299
2013,8,4,Weekday,1400,2-Car,No injury/unknown,FAILURE TO YIELD RIGHT OF WAY,LANDMARK & THIRD ST,10300
2013,8,6,Weekday,1200,2-Car,No injury/unknown,FAILURE TO YIELD RIGHT OF WAY,3RD ST & LANDMARK,10301
2013,9,4,Weekday,900,Cyclist,Non-incapacitating,BRAKE FAILURE OR DEFECTIVE,S LANDMARK & W 3RD ST,10302
2013,10,3,Weekday,1700,3+ Cars,Non-incapacitating,DISREGARD SIGNAL/REG SIGN,3RD ST & LANDMARK,10303
2013,6,4,Weekday,1200,2-Car,No injury/unknown,UNSAFE LANE MOVEMENT,LANDMARK & WEST THIRD ST,10304
2013,7,4,Weekday,1700,2-Car,No injury/unknown,UNSAFE BACKING,WEST THIRD ST,10305
2013,1,5,Weekday,1400,2-Car,No injury/unknown,UNSAFE BACKING,EAST 3RD ST,10306
2013,10,3,Weekday,1500,2-Car,No injury/unknown,FOLLOWING TOO CLOSELY,E 3RD ST,10307
2013,10,3,Weekday,1600,2-Car,No injury/unknown,FAILURE TO YIELD RIGHT OF WAY,E 3RD ST,10308
2013,6,6,Weekday,1300,2-Car,No injury/unknown,UNSAFE BACKING,3RD ST & WESTPLEX,10309
2013,4,3,Weekday,1700,2-Car,Non-incapacitating,FOLLOWING TOO CLOSELY,3RD ST & WESTPLEX,10310
2013,9,2,Weekday,1700,2-Car,Non-incapacitating,FOLLOWING TOO CLOSELY,3RD ST & WESTPLEX,10311
2013,9,7,Weekend,800,2-Car,No injury/unknown,UNSAFE LANE MOVEMENT,E 3RD ST & SR446,10312
2013,7,7,Weekend,0,1-Car,No injury/unknown,UNSAFE LANE MOVEMENT,S PATTERSON & W 3RD ST,10313
2013,9,1,Weekend,1700,2-Car,No injury/unknown,FOLLOWING TOO CLOSELY,SOUTH PATTERSON & WEST 3RD ST,10314
2013,10,7,Weekend,1200,2-Car,No injury/unknown,FAILURE TO YIELD RIGHT OF WAY,400 E 3RD ST & S GRANT,10315
2013,4,3,Weekday,800,2-Car,No injury/unknown,IMPROPER TURNING,HENDERSON ST & HUNTER,10316
2013,4,6,Weekday,500,1-Car,No injury/unknown,RAN OFF ROAD RIGHT,S UNION ST,10317
2013,3,7,Weekend,1000,2-Car,No injury/unknown,FOLLOWING TOO CLOSELY,E 3RD & SO HIGH ST,10318
2013,3,3,Weekday,900,2-Car,Non-incapacitating,FOLLOWING TOO CLOSELY,3RD ST & HIGH,10319
2013,3,7,Weekend,1400,3+ Cars,No injury/unknown,FOLLOWING TOO CLOSELY,3RD ST & UNION,10320
2013,9,1,Weekday,1900,1-Car,No injury/unknown,IMPROPER TURNING,E 3RD & UNION ST,10321
2013,5,3,Weekday,1100,Cyclist,Non-incapacitating,OTHER (DRIVER) - EXPLAIN IN NARRATIVE,EAST 3RD ST & ROSE,10322
2013,10,4,Weekday,1800,2-Car,No injury/unknown,IMPROPER TURNING,3RD ST & ROSE,10323
2013,1,4,Weekday,1400,1-Car,No injury/unknown,UNSAFE BACKING,E 3RD ST,10324
2013,10,7,Weekend,1000,2-Car,No injury/unknown,SPEED TOO FAST FOR WEATHER CONDITIONS,3RD ST & FACULTY,10325
2013,12,4,Weekday,1200,2-Car,No injury/unknown,FOLLOWING TOO CLOSELY,S FACULTY & THIRD ST,10326
2013,12,4,Weekday,1200,2-Car,No injury/unknown,FOLLOWING TOO CLOSELY,FACULTY & THIRD ST,10327
2013,5,3,Weekday,1100,1-Car,No injury/unknown,OTHER (DRIVER) - EXPLAIN IN NARRATIVE,SOUTH WOODLAWN AVE,10328
2013,7,3,Weekday,1700,1-Car,No injury/unknown,UNSAFE BACKING,S WOODLAWN AVE,10329
2013,2,6,Weekday,800,1-Car,No injury/unknown,SPEED TOO FAST FOR WEATHER CONDITIONS,WEST 3RD ST,10330
2013,4,4,Weekday,1600,2-Car,No injury/unknown,FAILURE TO YIELD RIGHT OF WAY,W 3RD ST,10331
2013,2,5,Weekday,1300,2-Car,No injury/unknown,FOLLOWING TOO CLOSELY,E 3RD ST & S BRYAN,10332
2013,5,1,Weekend,1200,2-Car,Incapacitating,FAILURE TO YIELD RIGHT OF WAY,BURMA ROAD & SR37N,10333
2013,7,4,Weekday,1300,2-Car,No injury/unknown,FOLLOWING TOO CLOSELY,E 3RD ST & SO BRYAN,10334
2013,10,4,Weekday,1500,2-Car,No injury/unknown,IMPROPER LANE USAGE,E THIRD ST,10335
2013,1,6,Weekday,1400,3+ Cars,No injury/unknown,DRIVER DISTRACTED - EXPLAIN IN NARRATIVE,E 3RD ST & ROOSEVELT,10336
2013,3,6,Weekday,1300,2-Car,No injury/unknown,FOLLOWING TOO CLOSELY,E 3RD ST & S ROOSEVELT,10337
2013,9,6,Weekday,100,2-Car,No injury/unknown,FAILURE TO YIELD RIGHT OF WAY,EAST THIRD ST & ROOSEVELT,10338
2013,9,2,Weekday,1200,2-Car,No injury/unknown,FOLLOWING TOO CLOSELY,EAST 3RD ST & ROOSEVELT,10339
2013,10,1,Weekend,1200,2-Car,No injury/unknown,FOLLOWING TOO CLOSELY,E 3RD ST & S ROOSEVELT,10340
2013,2,4,Weekday,1200,2-Car,No injury/unknown,FOLLOWING TOO CLOSELY,3RD ST & JEFFERSON,10341
2013,2,4,Weekday,1300,2-Car,No injury/unknown,FOLLOWING TOO CLOSELY,3RD ST & JEFFERSON,10342
2013,4,4,Weekday,300,1-Car,No injury/unknown,IMPROPER TURNING,E 3RD ST & JEFFERSON,10343
2013,8,3,Weekday,900,2-Car,No injury/unknown,UNSAFE BACKING,MAPLE ST & WEST 3RD,10344
2013,12,5,Weekday,900,2-Car,No injury/unknown,UNSAFE BACKING,EAST 3RD ST,10345
2013,2,3,Weekday,1500,Moped/Motorcycle,Non-incapacitating,OTHER (DRIVER) - EXPLAIN IN NARRATIVE,E 3RD ST & FESS,10346
2013,2,2,Weekday,1100,2-Car,No injury/unknown,FAILURE TO YIELD RIGHT OF WAY,FESS & THIRD ST,10347
2013,9,3,Weekday,1700,Cyclist,Non-incapacitating,IMPROPER LANE USAGE,HENDERSON & THIRD ST,10348
2013,7,4,Weekday,1100,2-Car,Non-incapacitating,UNSAFE LANE MOVEMENT,FESS & THIRD ST,10349
2013,5,2,Weekday,1600,2-Car,No injury/unknown,OTHER (DRIVER) - EXPLAIN IN NARRATIVE,S MADISON ST,10350
2013,1,1,Weekday,1900,2-Car,No injury/unknown,FAILURE TO YIELD RIGHT OF WAY,JORDAN AVE & THIRD,10351
2013,1,2,Weekday,1500,Pedestrian,Non-incapacitating,PEDESTRIAN ACTION,JORDAN AVE & THIRD,10352
2013,6,3,Weekday,1700,2-Car,No injury/unknown,IMPROPER PASSING,JORDAN AVE & THIRD,10353
2013,7,4,Weekday,1200,2-Car,No injury/unknown,UNSAFE LANE MOVEMENT,JORDAN & THIRD ST,10354
2013,8,4,Weekday,1700,2-Car,No injury/unknown,UNSAFE BACKING,E JONES & JORDAN AVE,10355
2013,2,5,Weekday,1900,2-Car,Non-incapacitating,IMPROPER TURNING,BALLANTINE RD & THIRD,10356
2013,8,2,Weekday,1400,2-Car,No injury/unknown,UNSAFE LANE MOVEMENT,BALLANTINE RD & THIRD,10357
2013,7,2,Weekday,1300,2-Car,Non-incapacitating,IMPROPER LANE USAGE,SWAIN & THIRD ST,10358
2013,1,5,Weekday,1700,3+ Cars,No injury/unknown,UNSAFE LANE MOVEMENT,E THIRD ST & OVERHILL,10359
2013,3,6,Weekday,1000,2-Car,No injury/unknown,FAILURE TO YIELD RIGHT OF WAY,E 3RD ST & S OVERHILL,10360
2013,7,4,Weekday,700,2-Car,No injury/unknown,FAILURE TO YIELD RIGHT OF WAY,EAST THIRD ST & OVERHILL,10361
2013,6,7,Weekend,1100,2-Car,No injury/unknown,IMPROPER TURNING,E 3RD ST,10362
2013,2,6,Weekday,1300,2-Car,No injury/unknown,UNSAFE BACKING,E 3RD ST,10363
2013,9,3,Weekday,2200,2-Car,No injury/unknown,UNSAFE BACKING,W 3RD ST,10364
2013,3,2,Weekday,1200,2-Car,No injury/unknown,FAILURE TO YIELD RIGHT OF WAY,3RD & SO WOODSCREST DR,10365
2013,3,4,Weekday,1200,2-Car,No injury/unknown,FOLLOWING TOO CLOSELY,3RD & WOODSCREST DR,10366
2013,4,6,Weekday,1000,2-Car,No injury/unknown,OTHER (DRIVER) - EXPLAIN IN NARRATIVE,3RD & WOODSCREST DR,10367
2013,6,4,Weekday,1000,2-Car,No injury/unknown,FOLLOWING TOO CLOSELY,3RD & SR46E,10368
2013,10,2,Weekday,0,2-Car,No injury/unknown,OTHER (DRIVER) - EXPLAIN IN NARRATIVE,MITCHELL ST & THIRD,10369
2013,3,4,Weekday,1200,2-Car,No injury/unknown,DISREGARD SIGNAL/REG SIGN,3RD ST & WOODSCREST,10370
2013,10,6,Weekday,1400,2-Car,No injury/unknown,FAILURE TO YIELD RIGHT OF WAY,E 3RD ST & S WOODSCREST,10371
2013,9,5,Weekday,700,2-Car,No injury/unknown,UNSAFE BACKING,3RD ST & ROOSEVELT,10372
2013,3,3,Weekday,1200,2-Car,No injury/unknown,FOLLOWING TOO CLOSELY,3RD ST & ROOSEVELT,10373
2013,7,6,Weekday,1800,3+ Cars,No injury/unknown,FOLLOWING TOO CLOSELY,3RD ST & JEFFERSON,10374
2013,9,7,Weekend,1900,2-Car,No injury/unknown,FOLLOWING TOO CLOSELY,3RD ST & JEFFERSON,10375
2013,8,3,Weekday,1900,2-Car,No injury/unknown,UNSAFE LANE MOVEMENT,3RD ST & SWAIN,10376
2013,10,5,Weekday,1500,2-Car,No injury/unknown,FOLLOWING TOO CLOSELY,3RD ST & JEFFERSON,10377
2013,8,5,Weekday,1200,2-Car,Non-incapacitating,FOLLOWING TOO CLOSELY,3RD ST & UNION,10378
2013,10,3,Weekday,2000,2-Car,No injury/unknown,FAILURE TO YIELD RIGHT OF WAY,3RD ST & UNION,10379
2013,11,3,Weekday,1800,2-Car,No injury/unknown,IMPROPER PASSING,3RD ST & UNION,10380
2013,1,7,Weekend,1000,2-Car,No injury/unknown,DISREGARD SIGNAL/REG SIGN,E 3RD ST & S ARBUTUS,10381
2013,5,6,Weekday,1600,2-Car,No injury/unknown,IMPROPER TURNING,3RD ST & ARBUTUS,10382
2013,8,4,Weekday,1300,2-Car,No injury/unknown,IMPROPER TURNING,EASTSIDE & THIRD ST,10383
2013,1,2,Weekday,700,2-Car,No injury/unknown,FOLLOWING TOO CLOSELY,3RD ST & HIGHLAND,10384
2013,3,2,Weekday,1300,2-Car,No injury/unknown,IMPROPER LANE USAGE,HIGHLAND & THIRD ST,10385
2013,8,6,Weekday,1300,2-Car,No injury/unknown,IMPROPER LANE USAGE,3RD ST & HIGHLAND,10386
2013,11,1,Weekend,1400,2-Car,No injury/unknown,IMPROPER TURNING,3RD ST & HIGHLAND,10387
2013,6,3,Weekday,1600,2-Car,No injury/unknown,FAILURE TO YIELD RIGHT OF WAY,3RD ST & HIGHLAND,10388
2013,10,6,Weekday,1100,2-Car,No injury/unknown,UNSAFE LANE MOVEMENT,3RD ST & HIGHLAND,10389
2013,1,3,Weekday,1000,2-Car,No injury/unknown,UNSAFE LANE MOVEMENT,BALLANTINE & EAST THIRD ST,10390
2013,3,3,Weekday,1700,2-Car,No injury/unknown,UNSAFE LANE MOVEMENT,3RD ST & BALLANTINE,10391
2013,6,3,Weekday,900,2-Car,No injury/unknown,IMPROPER LANE USAGE,3RD ST & BALLANTINE,10392
2013,10,3,Weekday,1200,2-Car,No injury/unknown,FOLLOWING TOO CLOSELY,3RD ST & BALLANTINE,10393
2013,11,5,Weekday,1800,2-Car,No injury/unknown,UNSAFE LANE MOVEMENT,3RD ST & BALLENTINE,10394
2013,6,6,Weekday,1100,2-Car,Non-incapacitating,UNSAFE SPEED,FACULTY & THIRD ST,10395
2013,9,3,Weekday,1700,2-Car,No injury/unknown,FOLLOWING TOO CLOSELY,3RD ST & FACULTY,10396
2013,2,7,Weekend,1100,2-Car,No injury/unknown,IMPROPER TURNING,SWAIN & THIRD ST,10397
2013,2,6,Weekday,1500,2-Car,Non-incapacitating,FAILURE TO YIELD RIGHT OF WAY,SWAIN AVE & THIRD,10398
2013,8,7,Weekend,1800,2-Car,No injury/unknown,IMPROPER TURNING,SWAIN & THIRD ST,10399
2013,8,7,Weekend,1900,2-Car,No injury/unknown,IMPROPER TURNING,SWAIN AVE & THIRD,10400
2013,7,6,Weekend,1900,2-Car,No injury/unknown,UNSAFE LANE MOVEMENT,SWAIN & THIRD ST,10401
2013,1,5,Weekday,500,1-Car,No injury/unknown,RAN OFF ROAD RIGHT,ARBUTUS & SR46E,10402
2013,4,2,Weekday,1400,2-Car,No injury/unknown,UNSAFE LANE MOVEMENT,3RD ST & FESS,10403
2013,7,7,Weekend,2000,2-Car,No injury/unknown,IMPROPER TURNING,THIRD & WOODLAWN AVE,10404
2013,10,5,Weekday,2100,2-Car,No injury/unknown,FAILURE TO YIELD RIGHT OF WAY,THIRD ST & UNION,10405
2013,4,5,Weekday,2000,2-Car,No injury/unknown,FOLLOWING TOO CLOSELY,CLIFTON AVE & THIRD,10406
2013,7,2,Weekday,1900,2-Car,No injury/unknown,IMPROPER TURNING,HIGHLAND AVE & THIRD,10407
2013,9,6,Weekday,1600,2-Car,No injury/unknown,IMPROPER TURNING,HIGHLAND & THIRD ST,10408
2013,9,2,Weekday,1200,2-Car,No injury/unknown,UNSAFE BACKING,E 3RD ST,10409
2013,2,6,Weekday,1000,2-Car,Non-incapacitating,FOLLOWING TOO CLOSELY,3RD ST & OVERHILL,10410
2013,1,1,Weekend,1300,2-Car,No injury/unknown,UNSAFE LANE MOVEMENT,3RD ST & JORDAN,10411
2013,1,2,Weekday,1200,2-Car,Non-incapacitating,FAILURE TO YIELD RIGHT OF WAY,3RD ST & JORDAN,10412
2013,3,4,Weekday,2200,2-Car,No injury/unknown,IMPROPER PASSING,3RD & JORDAN AVE,10413
2013,7,6,Weekday,1300,2-Car,No injury/unknown,IMPROPER LANE USAGE,EAST 3RD ST & JORDAN,10414
2013,7,4,Weekday,1200,2-Car,No injury/unknown,DISREGARD SIGNAL/REG SIGN,JORDAN & THIRD ST,10415
2013,7,5,Weekday,1500,2-Car,No injury/unknown,DISREGARD SIGNAL/REG SIGN,3RD ST & JORDAN,10416
2013,9,5,Weekday,1600,2-Car,No injury/unknown,UNSAFE LANE MOVEMENT,3RD ST & JORDAN,10417
2013,10,5,Weekday,900,Bus,No injury/unknown,FOLLOWING TOO CLOSELY,3RD ST & JORDAN,10418
2013,11,7,Weekend,1300,Cyclist,Non-incapacitating,PEDESTRIAN ACTION,3RD & JORDAN AVE,10419
2013,11,4,Weekday,1000,2-Car,No injury/unknown,UNSAFE SPEED,EAST 3RD ST & JORDAN,10420
2013,10,3,Weekday,1500,2-Car,No injury/unknown,UNSAFE BACKING,E 3RD ST,10421
2013,11,2,Weekday,1600,2-Car,Non-incapacitating,FOLLOWING TOO CLOSELY,SR37N,10422
2013,12,6,Weekday,1000,1-Car,No injury/unknown,DRIVER DISTRACTED - EXPLAIN IN NARRATIVE,E 3RD ST,10423
2013,8,5,Weekday,900,2-Car,No injury/unknown,UNSAFE LANE MOVEMENT,FACULTY & THIRD ST,10424
2013,12,6,Weekday,1600,2-Car,No injury/unknown,IMPROPER TURNING,FACULTY AVE & THIRD,10425
2013,8,1,Weekend,1600,2-Car,No injury/unknown,UNSAFE LANE MOVEMENT,3RD ST & SR446S,10426
2013,10,3,Weekday,1100,2-Car,No injury/unknown,UNSAFE LANE MOVEMENT,MITCHELL & THIRD ST,10427
2013,3,1,Weekend,600,1-Car,No injury/unknown,WRONG WAY ON ONE WAY,MITCHELL & THIRD ST,10428
2013,3,7,Weekend,1100,2-Car,No injury/unknown,FAILURE TO YIELD RIGHT OF WAY,3RD ST & SWAIN,10429
2013,2,2,Weekday,1200,2-Car,No injury/unknown,IMPROPER LANE USAGE,3RD ST & SWAIN,10430
2013,2,6,Weekday,1100,2-Car,No injury/unknown,IMPROPER LANE USAGE,3RD ST & SWAIN,10431
2013,4,6,Weekday,1300,2-Car,No injury/unknown,IMPROPER LANE USAGE,3RD ST & SWAIN,10432
2013,6,1,Weekday,2000,2-Car,No injury/unknown,IMPROPER LANE USAGE,3RD ST & SWAIN,10433
2013,5,4,Weekday,800,2-Car,No injury/unknown,IMPROPER TURNING,EAST 3RD ST & SWAIN,10434
2013,6,2,Weekday,2000,2-Car,No injury/unknown,UNSAFE LANE MOVEMENT,3RD ST & SWAIN,10435
2013,8,2,Weekday,1700,2-Car,No injury/unknown,UNSAFE LANE MOVEMENT,3RD ST & SWAIN,10436
2013,8,3,Weekday,1900,2-Car,No injury/unknown,IMPROPER TURNING,3RD ST & SWAIN,10437
2013,8,6,Weekday,1200,2-Car,No injury/unknown,IMPROPER LANE USAGE,3RD ST & SWAIN,10438
2013,9,5,Weekday,1900,3+ Cars,No injury/unknown,UNSAFE LANE MOVEMENT,3RD ST & SWAIN,10439
2013,10,4,Weekday,1700,Pedestrian,Non-incapacitating,IMPROPER TURNING,3RD ST & SWAIN,10440
2013,1,4,Weekday,1500,2-Car,No injury/unknown,UNSAFE LANE MOVEMENT,HAWTHORNE & THIRD ST,10441