year,month,day,weekend,hour,collision_type,injury_type,primary_factor,reported_location,unique_id
2013,3,5,Weekday,1600,2-Car,No injury/unknown,UNSAFE LANE MOVEMENT,E 3RD ST & S HAWTHORNE,10442
2013,4,3,Weekday,1200,1-Car,No injury/unknown,UNSAFE BACKING,HAWTHORNE & THIRD ST,10443
2013,9,6,Weekday,800,2-Car,No injury/unknown,FOLLOWING TOO CLOSELY,3RD ST & HAWTHORNE,10444
2013,4,1,Weekend,1500,2-Car,Non-incapacitating,FOLLOWING TOO CLOSELY,3RD ST & WOODLAWN,10445
2013,1,6,Weekday,1500,2-Car,No injury/unknown,FOLLOWING TOO CLOSELY,3RD ST & WOODLAWN,10446
2013,9,3,Weekday,1900,2-Car,No injury/unknown,FOLLOWING TOO CLOSELY,3RD ST & WOODLAWN,10447
2013,9,6,Weekday,1400,2-Car,No injury/unknown,FOLLOWING TOO CLOSELY,3RD ST & WOODLAWN,10448
2013,8,5,Weekday,2300,1-Car,No injury/unknown,ANIMAL/OBJECT IN ROADWAY,PARK SQUARE & SR48W,10449
2013,10,5,Weekday,1500,2-Car,No injury/unknown,FOLLOWING TOO CLOSELY,PARK SQUARE & SR48W,10450
2013,10,5,Weekday,1500,Pedestrian,Non-incapacitating,DRIVER DISTRACTED - EXPLAIN IN NARRATIVE,PARK SQUARE & SR48W,10451
2013,7,2,Weekday,1100,Pedestrian,Non-incapacitating,PEDESTRIAN ACTION,CLARIZZ BLVD & EAST THIRD,10452
2013,6,6,Weekday,1300,2-Car,No injury/unknown,FAILURE TO YIELD RIGHT OF WAY,3RD ST & COLLEGE MALL,10453
2013,3,4,Weekday,1600,2-Car,No injury/unknown,FAILURE TO YIELD RIGHT OF WAY,3RD ST & COLLEGE MALL,10454
2013,4,3,Weekday,2200,2-Car,No injury/unknown,FOLLOWING TOO CLOSELY,3RD & COLLEGE MALL RD,10455
2013,6,4,Weekday,2000,2-Car,No injury/unknown,UNSAFE BACKING,SR46S & THIRD,10456
2013,5,5,Weekday,100,2-Car,No injury/unknown,FOLLOWING TOO CLOSELY,COLLEGE MALL & THIRD ST,10457
2013,3,2,Weekday,1500,2-Car,No injury/unknown,FAILURE TO YIELD RIGHT OF WAY,E 3RD ST & PARK RIDGE,10458
2013,9,2,Weekday,800,2-Car,No injury/unknown,FOLLOWING TOO CLOSELY,3RD ST & MEADOWBROOK,10459
2013,5,5,Weekday,1600,2-Car,Non-incapacitating,FOLLOWING TOO CLOSELY,3900 BLK E 3RD ST & SMITH,10460
2013,2,4,Weekday,800,2-Car,No injury/unknown,SPEED TOO FAST FOR WEATHER CONDITIONS,EAST THIRD ST & SR46,10461
2013,3,7,Weekend,1000,2-Car,No injury/unknown,UNSAFE LANE MOVEMENT,E 3RD ST & MORNINGSIDE,10462
2013,5,6,Weekday,1200,2-Car,No injury/unknown,FOLLOWING TOO CLOSELY,E 3RD ST & MORNINGSIDE,10463
2013,6,3,Weekday,1900,2-Car,No injury/unknown,DRIVER DISTRACTED - EXPLAIN IN NARRATIVE,E 3RD ST & MORNINGSIDE,10464
2013,9,5,Weekday,800,3+ Cars,Non-incapacitating,FOLLOWING TOO CLOSELY,E 3RD ST & MORNINGSIDE,10465
2013,6,6,Weekday,200,2-Car,No injury/unknown,DISREGARD SIGNAL/REG SIGN,3RD ST & PARK RIDGE,10466
2013,4,4,Weekday,1100,2-Car,No injury/unknown,FAILURE TO YIELD RIGHT OF WAY,E 3RD ST & PARK RIDGE,10467
2013,6,2,Weekday,1300,2-Car,No injury/unknown,FAILURE TO YIELD RIGHT OF WAY,E 3RD ST & PARK RIDGE,10468
2013,10,3,Weekday,1600,2-Car,No injury/unknown,SPEED TOO FAST FOR WEATHER CONDITIONS,EAST 3RD ST & SMITH,10469
2013,5,2,Weekday,1500,1-Car,No injury/unknown,RAN OFF ROAD RIGHT,WEST 3RD ST,10470
2013,1,5,Weekday,1800,2-Car,No injury/unknown,IMPROPER LANE USAGE,EAST 3RD ST & SMITH,10471
2013,3,6,Weekday,1700,3+ Cars,No injury/unknown,OTHER (DRIVER) - EXPLAIN IN NARRATIVE,EAST THIRD ST & NORTH SMITH,10472
2013,3,7,Weekend,900,1-Car,No injury/unknown,LEFT OF CENTER,SMITHVILLE RD & SR37,10473
2013,5,4,Weekday,500,2-Car,No injury/unknown,DRIVER ASLEEP OR FATIGUED,SMITHVILLE & SR37S,10474
2013,5,6,Weekday,1200,2-Car,Non-incapacitating,BRAKE FAILURE OR DEFECTIVE,3RD & N SMITH RD,10475
2013,9,2,Weekday,1400,1-Car,Non-incapacitating,DRIVER ILLNESS,SMITHVILLE & SR37S,10476
2013,12,4,Weekday,2100,2-Car,Non-incapacitating,FOLLOWING TOO CLOSELY,3RD & SMITH RD,10477
2013,7,2,Weekday,1800,3+ Cars,No injury/unknown,LEFT OF CENTER,E SMITHVILLE RD,10478
2013,1,2,Weekday,1200,2-Car,No injury/unknown,UNSAFE BACKING,WEST 3RD ST,10479
2013,11,1,Weekend,1300,1-Car,No injury/unknown,UNSAFE BACKING,WEST 3RD ST,10480
2013,1,1,Weekday,1900,2-Car,No injury/unknown,FAILURE TO YIELD RIGHT OF WAY,3RD & S CLARIZZ BLVD,10481
2013,6,6,Weekday,1200,2-Car,Non-incapacitating,FAILURE TO YIELD RIGHT OF WAY,E3RD & SO CLARIZZ BLVD,10482
2013,12,6,Weekday,900,2-Car,Non-incapacitating,FOLLOWING TOO CLOSELY,3RD ST & CLARIZZ,10483
2013,6,6,Weekday,800,2-Car,No injury/unknown,UNSAFE BACKING,E 3RD ST,10484
2013,10,5,Weekday,1600,2-Car,No injury/unknown,FAILURE TO YIELD RIGHT OF WAY,E 3RD ST,10485
2013,5,5,Weekday,1600,1-Car,No injury/unknown,UNSAFE BACKING,E 3RD ST,10486
2013,4,4,Weekday,1200,2-Car,No injury/unknown,DRIVER DISTRACTED - EXPLAIN IN NARRATIVE,3200 E THIRD ST & KINGSTON,10487
2013,2,7,Weekend,1600,2-Car,No injury/unknown,FAILURE TO YIELD RIGHT OF WAY,E 3RD & S KINGSTON DR,10488
2013,3,4,Weekday,300,1-Car,No injury/unknown,RAN OFF ROAD RIGHT,E THIRD ST & KINGSTON,10489
2013,5,5,Weekday,1000,Pedestrian,Non-incapacitating,FAILURE TO YIELD RIGHT OF WAY,E 3RD ST & SOUTH KINGSTON,10490
2013,9,7,Weekend,1300,2-Car,Non-incapacitating,FOLLOWING TOO CLOSELY,3RD ST & KINGSTON,10491
2013,9,6,Weekday,1300,3+ Cars,No injury/unknown,UNSAFE SPEED,E 3RD ST & KINGSTON,10492
2013,10,4,Weekday,1500,2-Car,Non-incapacitating,FAILURE TO YIELD RIGHT OF WAY,E 3RD ST & KINGSTON,10493
2013,6,6,Weekday,1300,2-Car,No injury/unknown,OTHER (DRIVER) - EXPLAIN IN NARRATIVE,W 3RD ST,10494
2013,9,4,Weekday,1000,2-Car,No injury/unknown,OTHER (DRIVER) - EXPLAIN IN NARRATIVE,W 3RD ST,10495
2013,2,6,Weekend,2100,1-Car,No injury/unknown,UNSAFE BACKING,E 3RD ST,10496
2013,6,7,Weekend,2200,2-Car,No injury/unknown,IMPROPER TURNING,E 3RD ST,10497
2013,4,2,Weekday,1300,2-Car,No injury/unknown,IMPROPER TURNING,E 3RD ST,10498
2013,4,7,Weekend,1000,2-Car,No injury/unknown,UNSAFE BACKING,E 3RD ST,10499
2013,5,5,Weekday,1200,2-Car,No injury/unknown,UNSAFE BACKING,E 3RD ST,10500
2013,7,5,Weekday,1600,2-Car,No injury/unknown,UNSAFE BACKING,E 3RD ST,10501
2013,9,6,Weekday,1100,2-Car,No injury/unknown,UNSAFE BACKING,E 3RD ST,10502
2013,7,5,Weekday,2100,1-Car,No injury/unknown,UNSAFE BACKING,E 3RD ST,10503
2013,3,1,Weekday,2000,2-Car,Non-incapacitating,DISREGARD SIGNAL/REG SIGN,3RD ST & PETE ELLIS,10504
2013,8,5,Weekday,1100,2-Car,Non-incapacitating,FAILURE TO YIELD RIGHT OF WAY,E 3RD ST & PETE ELLIS,10505
2013,8,7,Weekend,1300,2-Car,No injury/unknown,FAILURE TO YIELD RIGHT OF WAY,E 3RD ST & PETE ELLIS,10506
2013,10,2,Weekday,1100,2-Car,No injury/unknown,FAILURE TO YIELD RIGHT OF WAY,E THIRD ST & PETE ELLIS,10507
2013,12,5,Weekday,1500,2-Car,No injury/unknown,FOLLOWING TOO CLOSELY,3RD ST & PETE ELLIS,10508
2013,2,6,Weekday,1200,2-Car,No injury/unknown,FOLLOWING TOO CLOSELY,3RD & S COLLEGE MALL RD,10509
2013,1,7,Weekend,900,2-Car,No injury/unknown,FAILURE TO YIELD RIGHT OF WAY,COLLEGE MALL RD & E 3RD,10510
2013,1,6,Weekday,1200,2-Car,No injury/unknown,DISREGARD SIGNAL/REG SIGN,3RD ST & COLLEGE MALL,10511
2013,2,7,Weekend,2000,2-Car,No injury/unknown,IMPROPER TURNING,E 3RD ST,10512
2013,4,7,Weekend,1100,2-Car,No injury/unknown,UNSAFE BACKING,E 3RD ST,10513
2013,4,1,Weekend,1500,2-Car,No injury/unknown,UNSAFE LANE MOVEMENT,3RD ST & COLLEGE MALL,10514
2013,2,3,Weekday,1900,2-Car,Non-incapacitating,LEFT OF CENTER,3RD & COLLEGE MALL RD,10515
2013,6,3,Weekday,1200,2-Car,No injury/unknown,FAILURE TO YIELD RIGHT OF WAY,3RD & COLLEGE MALL RD,10516
2013,4,2,Weekday,2300,2-Car,Non-incapacitating,FOLLOWING TOO CLOSELY,EAST 3RD ST & SOUTH COLLEGE MALL,10517
2013,4,7,Weekend,1400,2-Car,No injury/unknown,FAILURE TO YIELD RIGHT OF WAY,E 3RD ST & S COLLEGE MALL,10518
2013,4,7,Weekend,1800,2-Car,No injury/unknown,FOLLOWING TOO CLOSELY,3RD & SOUTH COLLEGE MALL RD,10519
2013,5,3,Weekday,1200,2-Car,No injury/unknown,OTHER (DRIVER) - EXPLAIN IN NARRATIVE,COLLEGE MALL & EAST THIRD ST,10520
2013,6,6,Weekday,1800,2-Car,No injury/unknown,FAILURE TO YIELD RIGHT OF WAY,3RD ST & COLLEGE MALL,10521
2013,7,1,Weekday,1900,2-Car,No injury/unknown,IMPROPER TURNING,3RD ST & COLLEGE MALL,10522
2013,8,1,Weekend,1200,3+ Cars,No injury/unknown,FOLLOWING TOO CLOSELY,E 3RD & S COLLEGE MALL RD,10523
2013,12,1,Weekend,1800,2-Car,No injury/unknown,FOLLOWING TOO CLOSELY,3RD & S COLLEGE MALL RD,10524
2013,12,3,Weekday,1400,2-Car,Non-incapacitating,OTHER (DRIVER) - EXPLAIN IN NARRATIVE,3RD ST & COLLEGE MALL,10525
2013,1,5,Weekday,800,2-Car,No injury/unknown,OTHER (DRIVER) - EXPLAIN IN NARRATIVE,EAST THIRD ST & SWAIN,10526
2013,2,7,Weekend,1300,2-Car,No injury/unknown,UNSAFE BACKING,EAST 3RD ST,10527
2013,10,2,Weekday,2100,2-Car,No injury/unknown,UNSAFE BACKING,EAST 3RD ST,10528
2013,6,2,Weekday,1800,1-Car,No injury/unknown,OTHER (DRIVER) - EXPLAIN IN NARRATIVE,E 3RD ST,10529
2013,5,1,Weekend,1600,2-Car,No injury/unknown,FOLLOWING TOO CLOSELY,3RD ST & HIGHLAND,10530
2013,2,2,Weekday,1400,2-Car,No injury/unknown,OTHER (DRIVER) - EXPLAIN IN NARRATIVE,E 3RD ST,10531
2013,4,5,Weekday,1200,1-Car,No injury/unknown,RAN OFF ROAD RIGHT,E 3RD ST,10532
2013,5,2,Weekday,1500,2-Car,No injury/unknown,FAILURE TO YIELD RIGHT OF WAY,E 3RD ST,10533
2013,5,2,Weekday,800,1-Car,No injury/unknown,OTHER (DRIVER) - EXPLAIN IN NARRATIVE,EAST THIRD ST,10534
2013,2,6,Weekday,1100,2-Car,No injury/unknown,FAILURE TO YIELD RIGHT OF WAY,E 3RD ST & PARK RIDGE,10535
2013,4,6,Weekday,1700,2-Car,No injury/unknown,FOLLOWING TOO CLOSELY,3RD ST & PARK RIDGE,10536
2013,6,7,Weekend,1700,2-Car,Non-incapacitating,SPEED TOO FAST FOR WEATHER CONDITIONS,E 3RD ST & PARKRIDGE,10537
2013,8,6,Weekday,1300,2-Car,Non-incapacitating,FAILURE TO YIELD RIGHT OF WAY,PARK RIDGE & THIRD ST,10538
2013,7,2,Weekday,1900,2-Car,Non-incapacitating,FOLLOWING TOO CLOSELY,3RD & SR37N,10539
2013,10,6,Weekday,1100,2-Car,No injury/unknown,FOLLOWING TOO CLOSELY,3RD & SR46E,10540
2013,5,6,Weekday,1400,1-Car,Non-incapacitating,RAN OFF ROAD RIGHT,E 3RD ST & S PARKRIDGE,10541
2013,9,1,Weekend,1700,2-Car,No injury/unknown,OTHER (DRIVER) - EXPLAIN IN NARRATIVE,3RD & S HIGH ST,10542
2013,3,6,Weekday,1100,2-Car,No injury/unknown,UNSAFE BACKING,E THIRD ST,10543
2013,11,6,Weekday,1400,2-Car,Non-incapacitating,FOLLOWING TOO CLOSELY,3RD & SR46N,10544
2013,12,4,Weekday,1100,3+ Cars,Non-incapacitating,OTHER (DRIVER) - EXPLAIN IN NARRATIVE,3RD & SR46E,10545
2013,1,4,Weekday,1200,2-Car,Non-incapacitating,OTHER (DRIVER) - EXPLAIN IN NARRATIVE,3RD ST & SMITH,10546
2013,3,6,Weekday,1800,2-Car,No injury/unknown,LEFT OF CENTER,SMITH RD & THIRD,10547
2013,10,1,Weekday,1900,2-Car,Non-incapacitating,DISREGARD SIGNAL/REG SIGN,3RD ST & SMITH,10548
2013,10,2,Weekday,1600,2-Car,No injury/unknown,UNSAFE LANE MOVEMENT,3RD ST & SMITH,10549
2013,5,4,Weekday,1800,2-Car,No injury/unknown,FOLLOWING TOO CLOSELY,3RD ST & PLEASANT RIDGE,10550
2013,7,3,Weekday,1800,2-Car,Non-incapacitating,DISREGARD SIGNAL/REG SIGN,3RD ST & KINGSTON,10551
2013,12,5,Weekday,1400,Bus,No injury/unknown,FOLLOWING TOO CLOSELY,3RD ST & KINGSTON,10552
2013,11,6,Weekday,1600,2-Car,No injury/unknown,UNSAFE BACKING,3RD ST,10553
2013,12,6,Weekday,1300,2-Car,No injury/unknown,ROADWAY SURFACE CONDITION,BASSWOOD DR & GREEN LEAF,10554
2013,3,5,Weekday,1800,2-Car,No injury/unknown,DISREGARD SIGNAL/REG SIGN,E THIRD ST,10555
2013,4,2,Weekday,1500,2-Car,No injury/unknown,OTHER (DRIVER) - EXPLAIN IN NARRATIVE,THIRD ST,10556
2013,5,2,Weekday,1900,2-Car,No injury/unknown,UNSAFE BACKING,EAST THIRD ST,10557
2013,7,4,Weekday,1400,2-Car,No injury/unknown,UNSAFE BACKING,EAST THIRD ST,10558
2013,9,5,Weekday,100,2-Car,No injury/unknown,FAILURE TO YIELD RIGHT OF WAY,EAST THIRD ST,10559
2013,10,7,Weekend,1300,2-Car,No injury/unknown,FAILURE TO YIELD RIGHT OF WAY,E THIRD ST,10560
2013,11,3,Weekday,1200,2-Car,No injury/unknown,OTHER (DRIVER) - EXPLAIN IN NARRATIVE,WEST 3RD ST,10561
2013,1,4,Weekday,2100,2-Car,No injury/unknown,OTHER (DRIVER) - EXPLAIN IN NARRATIVE,3RD & CLIFTON AVE,10562
2013,3,5,Weekday,1800,2-Car,No injury/unknown,UNSAFE BACKING,S FESS AVE,10563
2013,5,5,Weekday,2100,1-Car,No injury/unknown,IMPROPER TURNING,S FESS AVE,10564
2013,11,7,Weekend,1200,2-Car,No injury/unknown,IMPROPER TURNING,SOUTH FESS AVE,10565
2013,12,3,Weekday,1500,2-Car,No injury/unknown,FAILURE TO YIELD RIGHT OF WAY,S COLLEGE MALL RD,10566
2013,7,3,Weekday,1300,2-Car,No injury/unknown,UNSAFE SPEED,OARD & SR48W,10567
2013,2,3,Weekday,1000,2-Car,No injury/unknown,UNSAFE BACKING,HENDERSON AVE,10568
2013,10,2,Weekday,1800,2-Car,No injury/unknown,FAILURE TO YIELD RIGHT OF WAY,3RD & KINGSTON DR,10569
2013,4,7,Weekend,1300,2-Car,No injury/unknown,IMPROPER TURNING,S COLLEGE MALL RD,10570
2013,7,6,Weekday,800,1-Car,No injury/unknown,DRIVER ASLEEP OR FATIGUED,CAVE & SR48W,10571
2013,10,5,Weekday,1500,2-Car,No injury/unknown,UNSAFE BACKING,EAST THIRD ST,10572
2013,2,7,Weekend,1300,2-Car,No injury/unknown,UNSAFE BACKING,S COLLEGE MALL RD,10573
2013,11,6,Weekday,1800,1-Car,No injury/unknown,ANIMAL/OBJECT IN ROADWAY,CAVE & SR48,10574
2013,9,5,Weekday,1600,2-Car,No injury/unknown,UNSAFE SPEED,CAVE & SR48,10575
2013,4,4,Weekday,500,1-Car,No injury/unknown,UNSAFE SPEED,S WALNUT ST ST,10576
2013,10,7,Weekend,1500,Pedestrian,Non-incapacitating,UNSAFE BACKING,S CURRY PIKE,10577
2013,8,4,Weekday,1800,2-Car,No injury/unknown,UNSAFE BACKING,SOUTH SWAIN AVE,10578
2013,1,5,Weekday,2100,1-Car,No injury/unknown,ANIMAL/OBJECT IN ROADWAY,BENDER & SR46E,10579
2013,6,1,Weekday,2000,1-Car,No injury/unknown,ANIMAL/OBJECT IN ROADWAY,BENDER & SR46E,10580
2013,2,6,Weekday,1400,2-Car,Non-incapacitating,FOLLOWING TOO CLOSELY,3000 W 3RD ST & RAMP 13,10581
2013,11,4,Weekday,600,2-Car,Non-incapacitating,FOLLOWING TOO CLOSELY,SR37N,10582
2013,1,6,Weekend,2200,2-Car,No injury/unknown,FOLLOWING TOO CLOSELY,SR46E & TWINLEAF,10583
2013,5,5,Weekday,1600,2-Car,No injury/unknown,FOLLOWING TOO CLOSELY,SR46E & TWINLEAF,10584
2013,2,2,Weekday,1100,2-Car,Non-incapacitating,FAILURE TO YIELD RIGHT OF WAY,SO COLLEGE MALL RD,10585
2013,3,6,Weekend,2000,2-Car,No injury/unknown,UNSAFE BACKING,S SWAIN AVE,10586
2013,5,7,Weekend,1200,2-Car,No injury/unknown,OTHER (DRIVER) - EXPLAIN IN NARRATIVE,GARRISON CHAPEL & SR48W,10587
2013,7,5,Weekday,2200,1-Car,No injury/unknown,IMPROPER TURNING,GARRISON CHAPEL & SR48W,10588
2013,11,6,Weekend,1900,2-Car,No injury/unknown,UNSAFE BACKING,KIRBY RD & SR48,10589
2013,9,2,Weekday,1400,2-Car,No injury/unknown,FOLLOWING TOO CLOSELY,SR48W & STONECHASE,10590
2013,1,4,Weekday,700,2-Car,No injury/unknown,UNSAFE BACKING,3RD ST & PATTERSON,10591
2013,3,4,Weekday,700,2-Car,No injury/unknown,SPEED TOO FAST FOR WEATHER CONDITIONS,PATTERSON & W 3RD ST,10592
2013,3,4,Weekday,700,2-Car,No injury/unknown,SPEED TOO FAST FOR WEATHER CONDITIONS,PATTERSON & THIRD ST,10593
2013,6,2,Weekday,1500,2-Car,No injury/unknown,OTHER (DRIVER) - EXPLAIN IN NARRATIVE,PATTERSON & W 3RD ST,10594
2013,6,6,Weekday,1200,2-Car,No injury/unknown,UNSAFE LANE MOVEMENT,PATTERSON & THIRD ST,10595
2013,12,3,Weekday,1500,2-Car,No injury/unknown,FOLLOWING TOO CLOSELY,PATTERSON & WEST THIRD ST,10596
2013,12,7,Weekend,2300,2-Car,No injury/unknown,FOLLOWING TOO CLOSELY,PATTERSON & THIRD ST,10597
2013,2,3,Weekday,500,1-Car,No injury/unknown,DRIVER DISTRACTED - EXPLAIN IN NARRATIVE,PATTERSON & WEST 3RD ST,10598
2013,7,5,Weekday,1800,2-Car,Non-incapacitating,FAILURE TO YIELD RIGHT OF WAY,S PATTERSON & W 3RD ST,10599
2013,6,1,Weekend,1000,2-Car,No injury/unknown,OTHER (DRIVER) - EXPLAIN IN NARRATIVE,S PARKWAY DR,10600
2013,8,6,Weekday,1800,2-Car,Non-incapacitating,FAILURE TO YIELD RIGHT OF WAY,CLARIZZ BLVD & WILMINGTON,10601
2013,7,4,Weekday,1800,2-Car,No injury/unknown,FAILURE TO YIELD RIGHT OF WAY,CLARIZZ BLVD & WILLMINGTON,10602
2013,4,3,Weekday,1400,2-Car,No injury/unknown,FAILURE TO YIELD RIGHT OF WAY,3RD & S COLLEGE MALL RD,10603
2013,1,6,Weekday,200,1-Car,No injury/unknown,ANIMAL/OBJECT IN ROADWAY,GARRISON CHAPEL & SR48W,10604
2013,7,6,Weekday,1500,2-Car,No injury/unknown,UNSAFE BACKING,SOUTH LANDMARK AVE,10605
2013,3,6,Weekday,1800,2-Car,No injury/unknown,OTHER (DRIVER) - EXPLAIN IN NARRATIVE,E ATWATER AVE,10606
2013,2,3,Weekday,1300,2-Car,No injury/unknown,OTHER (DRIVER) - EXPLAIN IN NARRATIVE,EAST ATWATER AVE,10607
2013,11,2,Weekday,800,2-Car,No injury/unknown,FAILURE TO YIELD RIGHT OF WAY,ATWATER AVE & FESS,10608
2013,9,1,Weekend,1800,2-Car,No injury/unknown,UNSAFE BACKING,S CURRY & W BELLE AVE,10609
2013,10,4,Weekday,700,Cyclist,Non-incapacitating,FAILURE TO YIELD RIGHT OF WAY,2222 E 3RD ST & S ROOSERVELT,10610
2013,11,7,Weekend,1300,1-Car,No injury/unknown,UNSAFE LANE MOVEMENT,48 & SR37S,10611
2013,9,2,Weekday,1600,2-Car,No injury/unknown,DISREGARD SIGNAL/REG SIGN,BELLE AVE & PARKWAY,10612
2013,1,3,Weekday,1500,Pedestrian,Non-incapacitating,FAILURE TO YIELD RIGHT OF WAY,ATWATER & S HAWTHORNE DR,10613
2013,9,4,Weekday,1500,1-Car,No injury/unknown,OVERCORRECTING/OVERSTEERING,ATWATER AVE & INDIANA,10614
2013,6,3,Weekday,1900,2-Car,No injury/unknown,IMPROPER TURNING,SOUTH HIGHLAND AVE,10615
2013,11,1,Weekday,2300,2-Car,No injury/unknown,DISREGARD SIGNAL/REG SIGN,E ATWATER AVE & JORDAN,10616
2013,10,1,Weekend,1600,2-Car,No injury/unknown,WRONG WAY ON ONE WAY,E ATWATER AVE,10617
2013,11,6,Weekday,1200,2-Car,No injury/unknown,UNSAFE BACKING,E ATWATER AVE,10618
2013,12,6,Weekday,700,2-Car,No injury/unknown,UNSAFE BACKING,E ATWATER AVE,10619
2013,4,4,Weekday,1200,2-Car,No injury/unknown,UNSAFE BACKING,LANDMARK AVE,10620
2013,4,4,Weekday,800,2-Car,No injury/unknown,OTHER (DRIVER) - EXPLAIN IN NARRATIVE,S LANDMARK AVE,10621
2013,8,5,Weekday,1000,2-Car,No injury/unknown,DISREGARD SIGNAL/REG SIGN,ATWATER AVE & HENDERSON,10622
2013,12,2,Weekday,1300,2-Car,No injury/unknown,FAILURE TO YIELD RIGHT OF WAY,ATWATER & MITCHELL ST,10623
2013,1,5,Weekday,1500,2-Car,No injury/unknown,UNSAFE BACKING,S LINCOLN ST & SMITH,10624
2013,12,3,Weekday,900,2-Car,No injury/unknown,FAILURE TO YIELD RIGHT OF WAY,ATWATER AVE AVE & FESS,10625
2013,2,4,Weekday,1500,2-Car,Non-incapacitating,FAILURE TO YIELD RIGHT OF WAY,E ATWATER AVE & S EASTSIDE,10626
2013,10,4,Weekday,1900,2-Car,No injury/unknown,UNSAFE BACKING,ATWATER AVE & FACULTY,10627
2013,2,6,Weekday,900,2-Car,No injury/unknown,SPEED TOO FAST FOR WEATHER CONDITIONS,E  ATWATER AVE & S PARK,10628
2013,9,1,Weekend,1100,1-Car,No injury/unknown,RAN OFF ROAD RIGHT,ATWATER AVE & PARK,10629
2013,11,6,Weekday,1500,1-Car,No injury/unknown,RAN OFF ROAD RIGHT,ARBUTUS & E ATWATER AVE,10630
2013,10,3,Weekday,0,2-Car,No injury/unknown,OTHER (DRIVER) - EXPLAIN IN NARRATIVE,S BALLANTINE RD,10631
2013,6,4,Weekday,0,1-Car,No injury/unknown,RAN OFF ROAD RIGHT,ATWATER & HIGH ST,10632
2013,6,4,Weekday,2200,1-Car,No injury/unknown,SPEED TOO FAST FOR WEATHER CONDITIONS,ATWATER & HIGH ST,10633
2013,11,7,Weekend,1300,2-Car,No injury/unknown,FAILURE TO YIELD RIGHT OF WAY,ATWATER AVE & MITCHELL,10634
2013,10,5,Weekday,1100,2-Car,No injury/unknown,IMPROPER TURNING,ATWATER AVE & SWAIN,10635
2013,1,2,Weekday,1800,Bus,No injury/unknown,OVERCORRECTING/OVERSTEERING,ATWATER & JORDAN AVE,10636
2013,11,7,Weekend,0,2-Car,No injury/unknown,OTHER (DRIVER) - EXPLAIN IN NARRATIVE,ATWATER AVE & JORDAN,10637
2013,1,2,Weekday,1000,Bus,No injury/unknown,FAILURE TO YIELD RIGHT OF WAY,ATWATER AVE & BALLANTINE,10638
2013,4,2,Weekday,1700,2-Car,No injury/unknown,FAILURE TO YIELD RIGHT OF WAY,ATWATER AVE & BALLANTINE,10639
2013,10,3,Weekday,1500,2-Car,No injury/unknown,FOLLOWING TOO CLOSELY,ATWATER AVE & JORDAN,10640
2013,5,4,Weekday,900,2-Car,No injury/unknown,FAILURE TO YIELD RIGHT OF WAY,EAST ATWATER AVE,10641
2013,1,5,Weekday,1900,2-Car,No injury/unknown,OTHER (ENVIRONMENTAL) - EXPLAIN IN NARR,E ATWATER AVE & HIGHLAND,10642
2013,1,5,Weekday,1800,Bus,No injury/unknown,ROADWAY SURFACE CONDITION,ATWATER AVE & HIGHLAND,10643
2013,4,3,Weekday,1300,2-Car,No injury/unknown,FAILURE TO YIELD RIGHT OF WAY,ATWATER AVE & HIGHLAND,10644
2013,6,6,Weekday,1200,2-Car,Non-incapacitating,FOLLOWING TOO CLOSELY,ATWATER ST & HIGHLAND,10645
2013,8,3,Weekday,1300,2-Car,No injury/unknown,FAILURE TO YIELD RIGHT OF WAY,ATWATER AVE & HIGHLAND,10646
2013,10,4,Weekday,1700,2-Car,No injury/unknown,UNSAFE BACKING,ALLEY EAST OF JORDAN AVE & ATWATER,10647
2013,1,4,Weekday,1800,2-Car,No injury/unknown,IMPROPER LANE USAGE,ATWATER & JORDAN AVE,10648
2013,4,7,Weekend,100,2-Car,Non-incapacitating,DISREGARD SIGNAL/REG SIGN,ATWATER AVE & JORDAN,10649
2013,10,5,Weekday,1100,2-Car,No injury/unknown,SPEED TOO FAST FOR WEATHER CONDITIONS,ATWATER AVE & JORDAN,10650
2013,2,7,Weekend,2000,1-Car,No injury/unknown,ANIMAL/OBJECT IN ROADWAY,FAIRFAX RD & SMITHVILLE,10651
2013,12,6,Weekday,1300,2-Car,Non-incapacitating,DISREGARD SIGNAL/REG SIGN,EASTLAND PLAZA & S COLLEGE MALL RD,10652
2013,6,2,Weekday,1600,Bus,No injury/unknown,IMPROPER TURNING,HAGAN ST & SMITH,10653
2013,1,7,Weekend,100,2-Car,No injury/unknown,FAILURE TO YIELD RIGHT OF WAY,500 S LIBERTY DR & NORTHWEST DR  WHITAHALL PLAZA,10654
2013,10,5,Weekday,800,2-Car,Non-incapacitating,UNSAFE LANE MOVEMENT,SMITH & WALNUT ST,10655
2013,9,3,Weekday,1700,Cyclist,Incapacitating,IMPROPER TURNING,COLLEGE AVE & SMITH,10656
2013,6,4,Weekday,1800,2-Car,Non-incapacitating,FAILURE TO YIELD RIGHT OF WAY,E SMITH AVE & HENDERSON,10657
2013,2,6,Weekday,1100,2-Car,No injury/unknown,FAILURE TO YIELD RIGHT OF WAY,S WASHINGTON ST & SMITH,10658