year,month,day,weekend,hour,collision_type,injury_type,primary_factor,reported_location,unique_id
2013,4,7,Weekend,1800,2-Car,No injury/unknown,OTHER (DRIVER) - EXPLAIN IN NARRATIVE,WASHINGTON ST,10659
2013,6,6,Weekday,1600,2-Car,No injury/unknown,IMPROPER PASSING,E SMITH AVE & S WASHINGTON,10660
2013,1,7,Weekend,1400,2-Car,No injury/unknown,UNSAFE BACKING,SOUTH COLLEGE AVE,10661
2013,10,6,Weekday,200,3+ Cars,No injury/unknown,OTHER (DRIVER) - EXPLAIN IN NARRATIVE,GRANT ST & SMITH,10662
2013,2,5,Weekday,1300,2-Car,No injury/unknown,UNSAFE BACKING,400 E 7TH (SOUTH ALLEY) ST & GRANT,10663
2013,2,6,Weekday,1000,2-Car,No injury/unknown,OTHER (DRIVER) - EXPLAIN IN NARRATIVE,400 EAST SMITH AVE & DUNN,10664
2013,8,4,Weekday,800,1-Car,No injury/unknown,RAN OFF ROAD RIGHT,W HOWE ST,10665
2013,11,4,Weekday,2000,1-Car,No injury/unknown,UNSAFE BACKING,W HOWE ST,10666
2013,7,2,Weekday,900,2-Car,Non-incapacitating,FAILURE TO YIELD RIGHT OF WAY,BIRDIE GALYAN & SR46E,10667
2013,12,4,Weekday,2200,1-Car,No injury/unknown,ANIMAL/OBJECT IN ROADWAY,BIRDIE GALYAN & SR46E,10668
2013,4,3,Weekday,1600,2-Car,No injury/unknown,UNSAFE LANE MOVEMENT,CURRY PIKE & THIRD,10669
2013,2,2,Weekday,1600,2-Car,No injury/unknown,UNSAFE LANE MOVEMENT,9TH & COLLEGE AVE,10670
2013,11,2,Weekday,1300,2-Car,No injury/unknown,OTHER (DRIVER) - EXPLAIN IN NARRATIVE,9TH & COLLEGE AVE,10671
2013,10,2,Weekday,1700,1-Car,No injury/unknown,IMPROPER TURNING,CURRY PIKE,10672
2013,1,3,Weekday,900,Bus,No injury/unknown,UNSAFE LANE MOVEMENT,800 BLK W HOWE ST & EUCLID,10673
2013,9,1,Weekday,1900,2-Car,No injury/unknown,OTHER (DRIVER) - EXPLAIN IN NARRATIVE,S PARK RIDGE RD,10674
2013,7,2,Weekday,1600,3+ Cars,Non-incapacitating,FOLLOWING TOO CLOSELY,6TH & ROGERS ST,10675
2013,4,2,Weekday,1700,2-Car,Incapacitating,FAILURE TO YIELD RIGHT OF WAY,HENDERSON & HUNTER AVE,10676
2013,7,4,Weekday,100,2-Car,No injury/unknown,FAILURE TO YIELD RIGHT OF WAY,HUNTER AVE & JORDAN,10677
2013,8,5,Weekday,900,2-Car,No injury/unknown,IMPROPER LANE USAGE,HIGHLAND AVE & HUNTER,10678
2013,11,2,Weekday,2200,2-Car,No injury/unknown,FAILURE TO YIELD RIGHT OF WAY,FESS & HUNTER AVE,10679
2013,2,1,Weekend,700,1-Car,Non-incapacitating,LEFT OF CENTER,CURRY & SR46W,10680
2013,10,4,Weekday,1200,2-Car,No injury/unknown,FAILURE TO YIELD RIGHT OF WAY,HUNTER AVE & PARK,10681
2013,3,3,Weekday,1500,2-Car,No injury/unknown,FOLLOWING TOO CLOSELY,ROGERS ST,10682
2013,2,2,Weekday,1600,2-Car,Non-incapacitating,FAILURE TO YIELD RIGHT OF WAY,HAWTHORNE DR & HUNTER,10683
2013,8,5,Weekday,2100,2-Car,No injury/unknown,UNSAFE BACKING,S COLLEGE MALL RD,10684
2013,1,6,Weekday,1700,2-Car,No injury/unknown,FAILURE TO YIELD RIGHT OF WAY,BALLANTINE & HUNTER AVE,10685
2013,6,3,Weekday,1300,2-Car,No injury/unknown,FAILURE TO YIELD RIGHT OF WAY,HUNTER & JORDAN AVE,10686
2013,10,7,Weekend,1300,2-Car,Non-incapacitating,LEFT OF CENTER,SPRIGGS & STONECHASE XING,10687
2013,12,2,Weekday,1400,2-Car,No injury/unknown,OTHER (VEHICLE) - EXPLAIN IN NARRATIVE,S COLLEGE MALL RD,10688
2013,9,3,Weekday,700,2-Car,No injury/unknown,FAILURE TO YIELD RIGHT OF WAY,2ND & MADISON ST,10689
2013,7,4,Weekday,1700,2-Car,No injury/unknown,UNSAFE BACKING,S MULLER PKWY,10690
2013,4,1,Weekend,1600,2-Car,No injury/unknown,UNSAFE BACKING,MULLER PKWY,10691
2013,10,3,Weekday,1700,2-Car,No injury/unknown,UNSAFE BACKING,MULLER PKWY,10692
2013,4,7,Weekend,1000,2-Car,No injury/unknown,UNSAFE BACKING,MULLER PKWY,10693
2013,8,3,Weekday,1500,1-Car,No injury/unknown,RAN OFF ROAD RIGHT,SOUTH MULLER PKWY,10694
2013,3,6,Weekday,800,2-Car,Incapacitating,DRIVER DISTRACTED - EXPLAIN IN NARRATIVE,SR37N & VERNAL,10695
2013,7,3,Weekday,2200,1-Car,No injury/unknown,OTHER (VEHICLE) - EXPLAIN IN NARRATIVE,500 BLK W 2ND ST & ROGERS,10696
2013,5,5,Weekday,700,2-Car,No injury/unknown,IMPROPER TURNING,W 2ND ST,10697
2013,2,3,Weekday,900,2-Car,No injury/unknown,FOLLOWING TOO CLOSELY,ROGERS & W 2ND ST,10698
2013,3,4,Weekday,600,3+ Cars,Non-incapacitating,VIEW OBSTRUCTED,ROGERS & W 2ND ST,10699
2013,5,7,Weekend,2300,Cyclist,Non-incapacitating,FAILURE TO YIELD RIGHT OF WAY,2ND ST & ROGERS,10700
2013,7,5,Weekday,1300,2-Car,Non-incapacitating,DISREGARD SIGNAL/REG SIGN,ROGERS & SECOND ST,10701
2013,11,6,Weekend,2100,2-Car,No injury/unknown,FOLLOWING TOO CLOSELY,2ND ST & COLLEGE,10702
2013,3,6,Weekday,1500,2-Car,No injury/unknown,OTHER (DRIVER) - EXPLAIN IN NARRATIVE,SOUTH MULLER PKWY,10703
2013,4,7,Weekend,1800,2-Car,No injury/unknown,FAILURE TO YIELD RIGHT OF WAY,S MULLER PKWY,10704
2013,6,6,Weekday,0,Moped/Motorcycle,Non-incapacitating,WRONG WAY ON ONE WAY,2ND & HENDERSON ST,10705
2013,7,4,Weekday,1900,2-Car,No injury/unknown,OTHER (DRIVER) - EXPLAIN IN NARRATIVE,W 2ND ST,10706
2013,8,1,Weekend,800,1-Car,No injury/unknown,RAN OFF ROAD RIGHT,E 2ND ST,10707
2013,9,7,Weekend,800,1-Car,No injury/unknown,RAN OFF ROAD RIGHT,WEST 2ND ST,10708
2013,8,6,Weekday,1300,1-Car,No injury/unknown,RAN OFF ROAD RIGHT,2ND ST & GRANT,10709
2013,8,7,Weekend,1200,2-Car,No injury/unknown,FAILURE TO YIELD RIGHT OF WAY,E 2ND ST & SO GRANT,10710
2013,12,3,Weekday,1300,2-Car,No injury/unknown,FAILURE TO YIELD RIGHT OF WAY,E 2ND ST & GRANT,10711
2013,3,3,Weekday,1200,2-Car,No injury/unknown,FAILURE TO YIELD RIGHT OF WAY,2ND & S LINCOLN ST,10712
2013,9,6,Weekday,1600,2-Car,No injury/unknown,FOLLOWING TOO CLOSELY,2ND & S WASHINGTON ST,10713
2013,9,4,Weekday,1300,2-Car,No injury/unknown,BRAKE FAILURE OR DEFECTIVE,2ND & WALNUT ST,10714
2013,6,1,Weekend,1000,2-Car,Non-incapacitating,DISREGARD SIGNAL/REG SIGN,2ND ST & COLLEGE,10715
2013,4,5,Weekday,2000,2-Car,No injury/unknown,FOLLOWING TOO CLOSELY,2ND ST & COLLEGE,10716
2013,1,1,Weekend,200,Moped/Motorcycle,Non-incapacitating,OTHER (DRIVER) - EXPLAIN IN NARRATIVE,2ND ST & WALKER,10717
2013,9,1,Weekend,1400,2-Car,Non-incapacitating,DISREGARD SIGNAL/REG SIGN,2ND ST & WALKER,10718
2013,11,6,Weekday,1100,2-Car,No injury/unknown,FOLLOWING TOO CLOSELY,2ND ST & WALKER,10719
2013,3,4,Weekday,1400,2-Car,Non-incapacitating,FOLLOWING TOO CLOSELY,BLOOMFIELD RD & WALKER,10720
2013,3,3,Weekday,1700,1-Car,Incapacitating,RAN OFF ROAD RIGHT,2ND ST & WALKER,10721
2013,6,2,Weekday,1700,3+ Cars,No injury/unknown,FOLLOWING TOO CLOSELY,MAPLE & WEST 2ND ST,10722
2013,10,6,Weekday,1400,3+ Cars,Non-incapacitating,FOLLOWING TOO CLOSELY,2ND ST & MAPLE,10723
2013,7,7,Weekend,1000,2-Car,No injury/unknown,FOLLOWING TOO CLOSELY,2ND & WALNUT ST,10724
2013,10,2,Weekday,300,1-Car,No injury/unknown,UNSAFE SPEED,2ND ST & WALNUT,10725
2013,10,2,Weekday,700,Cyclist,Non-incapacitating,FAILURE TO YIELD RIGHT OF WAY,2ND ST & WALNUT,10726
2013,11,4,Weekday,1500,1-Car,No injury/unknown,IMPROPER TURNING,2ND ST & WALNUT,10727
2013,12,7,Weekend,2200,2-Car,No injury/unknown,FAILURE TO YIELD RIGHT OF WAY,2ND ST & WALNUT,10728
2013,4,6,Weekday,1700,Pedestrian,Non-incapacitating,PEDESTRIAN ACTION,2ND ST & WALNUT,10729
2013,1,6,Weekday,800,2-Car,No injury/unknown,OVERCORRECTING/OVERSTEERING,2ND ST & ROGERS,10730
2013,12,2,Weekday,1600,2-Car,No injury/unknown,FAILURE TO YIELD RIGHT OF WAY,SOUTH ROGERS & WEST 2ND ST,10731
2013,1,5,Weekday,700,2-Car,Non-incapacitating,FOLLOWING TOO CLOSELY,2ND & ROGERS ST,10732
2013,2,3,Weekday,1400,2-Car,No injury/unknown,SPEED TOO FAST FOR WEATHER CONDITIONS,2ND & ROGERS ST,10733
2013,6,3,Weekday,900,2-Car,No injury/unknown,DISREGARD SIGNAL/REG SIGN,ROGERS & WEST 2ND ST,10734
2013,6,3,Weekday,1300,2-Car,Non-incapacitating,FOLLOWING TOO CLOSELY,2ND ST & ROGERS,10735
2013,4,4,Weekday,800,2-Car,No injury/unknown,FAILURE TO YIELD RIGHT OF WAY,S ROGERS & W 2ND ST,10736
2013,6,6,Weekday,800,2-Car,Non-incapacitating,FAILURE TO YIELD RIGHT OF WAY,2ND ST & ROGERS,10737
2013,12,4,Weekday,1600,2-Car,No injury/unknown,FAILURE TO YIELD RIGHT OF WAY,ROGERS & WEST 2ND ST,10738
2013,12,2,Weekday,1600,2-Car,No injury/unknown,FAILURE TO YIELD RIGHT OF WAY,2ND ST & ROGERS,10739
2013,7,4,Weekday,1500,2-Car,Non-incapacitating,FOLLOWING TOO CLOSELY,2ND ST & MORTON,10740
2013,11,6,Weekday,1700,3+ Cars,No injury/unknown,FOLLOWING TOO CLOSELY,2ND ST & MORTON,10741
2013,11,5,Weekday,900,2-Car,No injury/unknown,FOLLOWING TOO CLOSELY,2ND ST & MORTON,10742
2013,9,3,Weekday,700,2-Car,No injury/unknown,DISREGARD SIGNAL/REG SIGN,COLLEGE & WEST 2ND ST,10743
2013,11,3,Weekday,1600,2-Car,No injury/unknown,FAILURE TO YIELD RIGHT OF WAY,2ND & COLLEGE AVE,10744
2013,12,5,Weekday,1100,2-Car,Non-incapacitating,DISREGARD SIGNAL/REG SIGN,2ND ST & COLLEGE,10745
2013,9,5,Weekday,600,2-Car,Non-incapacitating,IMPROPER LANE USAGE,2ND ST & COLLEGE,10746
2013,7,1,Weekend,1200,2-Car,No injury/unknown,FAILURE TO YIELD RIGHT OF WAY,S COLLEGE AVE & W 2ND,10747
2013,2,5,Weekday,1100,2-Car,No injury/unknown,UNSAFE BACKING,W 2ND ST,10748
2013,1,7,Weekend,100,Cyclist,No injury/unknown,OTHER (VEHICLE) - EXPLAIN IN NARRATIVE,2ND & WASHINGTON ST,10749
2013,10,4,Weekday,2200,2-Car,No injury/unknown,FOLLOWING TOO CLOSELY,2ND ST & WASHINGTON,10750
2013,10,6,Weekday,1200,2-Car,No injury/unknown,OTHER (DRIVER) - EXPLAIN IN NARRATIVE,W 2ND ST,10751
2013,9,3,Weekday,1900,2-Car,No injury/unknown,FAILURE TO YIELD RIGHT OF WAY,2ND ST & DUNN,10752
2013,10,7,Weekend,1400,2-Car,No injury/unknown,FAILURE TO YIELD RIGHT OF WAY,2ND ST & DUNN,10753
2013,7,2,Weekday,300,1-Car,No injury/unknown,RAN OFF ROAD RIGHT,2ND ST & PARK,10754
2013,5,7,Weekend,1000,2-Car,No injury/unknown,DISREGARD SIGNAL/REG SIGN,2ND ST & WOODLAWN,10755
2013,1,1,Weekend,1600,2-Car,No injury/unknown,OTHER (DRIVER) - EXPLAIN IN NARRATIVE,2ND ST & WOODLAWN,10756
2013,11,3,Weekday,1200,2-Car,No injury/unknown,UNSAFE BACKING,WEST S R 45 HWY,10757
2013,5,1,Weekday,2100,1-Car,No injury/unknown,ANIMAL/OBJECT IN ROADWAY,PARK SQUARE & SR48W,10758
2013,4,4,Weekday,1400,Pedestrian,Non-incapacitating,FAILURE TO YIELD RIGHT OF WAY,2ND & JORDAN AVE,10759
2013,8,5,Weekday,2000,2-Car,No injury/unknown,FAILURE TO YIELD RIGHT OF WAY,2ND & S JORDAN AVE,10760
2013,6,7,Weekend,1100,2-Car,No injury/unknown,FAILURE TO YIELD RIGHT OF WAY,S COLLEGE AVE,10761
2013,4,2,Weekday,1900,2-Car,No injury/unknown,OTHER (DRIVER) - EXPLAIN IN NARRATIVE,SOUTH COLLEGE AVE,10762
2013,5,5,Weekday,1200,2-Car,No injury/unknown,OTHER (DRIVER) - EXPLAIN IN NARRATIVE,S COLLEGE AVE,10763
2013,12,7,Weekend,2200,Pedestrian,Non-incapacitating,VIEW OBSTRUCTED,COLLEGE AVE,10764
2013,7,3,Weekday,1700,2-Car,No injury/unknown,FAILURE TO YIELD RIGHT OF WAY,2ND ST & HAWTHORNE,10765
2013,3,4,Weekday,800,2-Car,No injury/unknown,FAILURE TO YIELD RIGHT OF WAY,E 2ND ST & WOODLAWN,10766
2013,4,4,Weekday,1000,2-Car,No injury/unknown,DISREGARD SIGNAL/REG SIGN,2ND ST & WOODLAWN,10767
2013,10,4,Weekday,1600,2-Car,No injury/unknown,DISREGARD SIGNAL/REG SIGN,2ND ST & WOODLAWN,10768
2013,10,2,Weekday,1400,2-Car,No injury/unknown,DISREGARD SIGNAL/REG SIGN,2ND ST & BALLANTINE,10769
2013,5,6,Weekday,1700,2-Car,Non-incapacitating,FOLLOWING TOO CLOSELY,S LANDMARK AVE,10770
2013,11,2,Weekday,900,2-Car,No injury/unknown,IMPROPER TURNING,LANDMARK AVE,10771
2013,12,2,Weekday,1800,2-Car,No injury/unknown,UNSAFE BACKING,S LANDMARK AVE,10772
2013,9,6,Weekday,1500,2-Car,No injury/unknown,UNSAFE BACKING,S WALNUT ST,10773
2013,1,3,Weekday,1600,2-Car,No injury/unknown,FAILURE TO YIELD RIGHT OF WAY,E SECOND ST,10774
2013,9,2,Weekday,1500,Cyclist,Non-incapacitating,PEDESTRIAN ACTION,2ND ST & COLLEGE MALL,10775
2013,3,6,Weekend,1900,2-Car,Non-incapacitating,FAILURE TO YIELD RIGHT OF WAY,2ND & COLLEGE MALL RD,10776
2013,8,5,Weekday,1400,3+ Cars,Non-incapacitating,BRAKE FAILURE OR DEFECTIVE,2ND & COLLEGE MALL RD,10777
2013,8,5,Weekday,1100,2-Car,No injury/unknown,FAILURE TO YIELD RIGHT OF WAY,COLLEGE MALL RD & E 2ND,10778
2013,12,4,Weekday,1700,2-Car,No injury/unknown,SPEED TOO FAST FOR WEATHER CONDITIONS,COLLEGE MALL ENTRANCE & S COLLEGE MALL RD,10779
2013,12,6,Weekday,1100,2-Car,No injury/unknown,FAILURE TO YIELD RIGHT OF WAY,2ND ST & COLLEGE MALL,10780
2013,9,7,Weekend,1300,2-Car,No injury/unknown,LEFT OF CENTER,E 2ND ST & S CLIFTON,10781
2013,3,3,Weekday,2100,2-Car,No injury/unknown,IMPROPER TURNING,COLLEGE MALL RD & SECOND,10782
2013,5,2,Weekday,1100,2-Car,No injury/unknown,FOLLOWING TOO CLOSELY,2ND & COLLEGE MALL RD,10783
2013,8,7,Weekend,1500,2-Car,No injury/unknown,IMPROPER LANE USAGE,2ND ST & COLLEGE MALL,10784
2013,10,4,Weekday,2100,2-Car,No injury/unknown,FAILURE TO YIELD RIGHT OF WAY,2ND & COLLEGE MALL RD,10785
2013,10,6,Weekend,1900,Bus,No injury/unknown,IMPROPER LANE USAGE,2ND & COLLEGE MALL RD,10786
2013,10,2,Weekday,1900,3+ Cars,Non-incapacitating,FAILURE TO YIELD RIGHT OF WAY,2ND & COLLEGE MALL RD,10787
2013,11,6,Weekday,1800,2-Car,No injury/unknown,FOLLOWING TOO CLOSELY,2ND ST & COLLEGE MALL,10788
2013,6,3,Weekday,1100,2-Car,No injury/unknown,FAILURE TO YIELD RIGHT OF WAY,2ND ST & WOODSCREST,10789
2013,7,2,Weekday,1100,2-Car,No injury/unknown,FOLLOWING TOO CLOSELY,E 2ND ST & S WOODSCREST,10790
2013,1,4,Weekday,1900,2-Car,Non-incapacitating,FOLLOWING TOO CLOSELY,2ND ST & WOODSCREST,10791
2013,2,3,Weekday,800,Bus,No injury/unknown,IMPROPER LANE USAGE,2ND & WALNUT ST,10792
2013,4,3,Weekday,1700,2-Car,No injury/unknown,FAILURE TO YIELD RIGHT OF WAY,LIBERTY DR & SR45W,10793
2013,7,5,Weekday,1700,2-Car,No injury/unknown,FOLLOWING TOO CLOSELY,10TH & ROGERS ST,10794
2013,12,4,Weekday,1700,3+ Cars,No injury/unknown,FOLLOWING TOO CLOSELY,SR37N & VERNAL,10795
2013,10,5,Weekday,1100,2-Car,Incapacitating,FAILURE TO YIELD RIGHT OF WAY,S PATTERSON DR & W 2ND,10796
2013,1,1,Weekend,1600,2-Car,Non-incapacitating,FAILURE TO YIELD RIGHT OF WAY,PATTERSON & WEST SECOND ST,10797
2013,3,2,Weekday,1200,2-Car,No injury/unknown,FOLLOWING TOO CLOSELY,2ND & PATTERSON DR,10798
2013,3,6,Weekday,1200,3+ Cars,No injury/unknown,FOLLOWING TOO CLOSELY,2ND & PATTERSON DR,10799
2013,4,7,Weekend,2300,2-Car,No injury/unknown,UNSAFE BACKING,2ND & PATTERSON DR,10800
2013,8,4,Weekday,2200,2-Car,No injury/unknown,BRAKE FAILURE OR DEFECTIVE,2ND & PATTERSON DR,10801
2013,6,7,Weekend,1700,2-Car,Non-incapacitating,FOLLOWING TOO CLOSELY,2ND & PATTERSON DR,10802
2013,7,3,Weekday,800,2-Car,Non-incapacitating,OTHER (DRIVER) - EXPLAIN IN NARRATIVE,S PATTERSON DR & W 2ND,10803
2013,9,3,Weekday,1700,3+ Cars,No injury/unknown,SPEED TOO FAST FOR WEATHER CONDITIONS,2ND & PATTERSON DR,10804
2013,9,7,Weekend,1500,2-Car,No injury/unknown,FOLLOWING TOO CLOSELY,2ND ST & PATTERSON,10805
2013,10,6,Weekday,1600,3+ Cars,Non-incapacitating,FOLLOWING TOO CLOSELY,2ND ST & PATTERSON,10806
2013,11,6,Weekday,800,2-Car,Non-incapacitating,FOLLOWING TOO CLOSELY,PATTERSON & W 2ND ST,10807
2013,12,7,Weekend,1800,2-Car,No injury/unknown,FOLLOWING TOO CLOSELY,2ND ST & PATTERSON,10808
2013,12,5,Weekday,800,2-Car,No injury/unknown,FOLLOWING TOO CLOSELY,2ND & PATTERSON DR,10809
2013,7,2,Weekday,1700,2-Car,No injury/unknown,UNSAFE BACKING,2ND & S ADAMS ST,10810
2013,1,5,Weekday,1400,2-Car,No injury/unknown,OTHER (DRIVER) - EXPLAIN IN NARRATIVE,SOUTH LANDMARK AVE,10811
2013,7,5,Weekday,1400,1-Car,No injury/unknown,OTHER (DRIVER) - EXPLAIN IN NARRATIVE,SOUTH LANDMARK AVE,10812
2013,10,3,Weekday,1100,2-Car,No injury/unknown,OTHER (DRIVER) - EXPLAIN IN NARRATIVE,BLOOMFIELD RD,10813
2013,9,5,Weekday,1700,2-Car,No injury/unknown,FOLLOWING TOO CLOSELY,ADAMS & BLOOMFIELD RD,10814
2013,9,3,Weekday,700,2-Car,No injury/unknown,FAILURE TO YIELD RIGHT OF WAY,LINCOLN & UNIVERSITY ST,10815
2013,5,3,Weekday,1700,Cyclist,Non-incapacitating,FAILURE TO YIELD RIGHT OF WAY,S WOODLAWN AVE & UNIVERSITY,10816
2013,12,7,Weekend,1700,3+ Cars,Non-incapacitating,FAILURE TO YIELD RIGHT OF WAY,E UNIVERSITY & S PARK AVE,10817
2013,2,6,Weekend,2200,2-Car,No injury/unknown,UNSAFE BACKING,W BLOOMFIELD RD,10818
2013,9,3,Weekday,1600,2-Car,No injury/unknown,UNSAFE BACKING,W BLOOMFIELD RD,10819
2013,2,6,Weekday,1500,2-Car,No injury/unknown,OTHER (DRIVER) - EXPLAIN IN NARRATIVE,SOUTH ROGERS ST,10820
2013,11,2,Weekday,1300,2-Car,No injury/unknown,OTHER (DRIVER) - EXPLAIN IN NARRATIVE,SOUTH ROGERS ST,10821
2013,9,5,Weekday,1600,2-Car,No injury/unknown,FAILURE TO YIELD RIGHT OF WAY,SOUTH LANDMARK & WEST BLOOMFIED RD,10822
2013,10,3,Weekday,900,2-Car,No injury/unknown,OTHER (DRIVER) - EXPLAIN IN NARRATIVE,LANDMARK & W BLOOMFIELD RD,10823
2013,10,3,Weekday,1700,2-Car,No injury/unknown,FAILURE TO YIELD RIGHT OF WAY,SOUTH LANDMARK DR & WEST BLOOMFIELD,10824
2013,2,1,Weekend,100,1-Car,No injury/unknown,RAN OFF ROAD RIGHT,1ST & COLLEGE AVE,10825
2013,5,3,Weekday,1000,2-Car,No injury/unknown,VIEW OBSTRUCTED,BLOOMFIELD RD,10826
2013,11,6,Weekend,2200,2-Car,No injury/unknown,IMPROPER PASSING,BUICK CADILLAC & S CLARIZZ BLVD,10827
2013,9,1,Weekend,1600,2-Car,No injury/unknown,FAILURE TO YIELD RIGHT OF WAY,6TH & INDIANA AVE,10828
2013,2,2,Weekday,1400,2-Car,No injury/unknown,UNSAFE BACKING,1020 E KIRKWOOD (GARAGE) AVE & EAST UNIVERSITY,10829
2013,8,6,Weekday,1100,2-Car,Non-incapacitating,FOLLOWING TOO CLOSELY,HERITAGE WOODS & SR446S,10830
2013,4,6,Weekday,1100,2-Car,No injury/unknown,UNSAFE LANE MOVEMENT,1ST & S COLLEGE AVE,10831
2013,4,2,Weekday,1200,2-Car,Incapacitating,FOLLOWING TOO CLOSELY,COLLEGE & W 1ST ST,10832
2013,12,6,Weekday,800,2-Car,No injury/unknown,DISREGARD SIGNAL/REG SIGN,1ST ST & COLLEGE,10833
2013,12,4,Weekday,1000,2-Car,No injury/unknown,UNSAFE BACKING,BLOOMFIELD & RANSOM LN,10834
2013,9,2,Weekday,900,Bus,No injury/unknown,LEFT OF CENTER,BUICK CADILLAC BLVD & CLARIZZ,10835
2013,11,4,Weekday,1300,2-Car,No injury/unknown,SPEED TOO FAST FOR WEATHER CONDITIONS,BUICK CADILLAC & CLARIZZ BLVD,10836
2013,9,4,Weekday,2300,Cyclist,No injury/unknown,FAILURE TO YIELD RIGHT OF WAY,1ST ST & MORTON,10837
2013,4,6,Weekday,1400,Moped/Motorcycle,No injury/unknown,FOLLOWING TOO CLOSELY,1ST & COLLEGE AVE,10838
2013,9,6,Weekday,1400,3+ Cars,Non-incapacitating,FOLLOWING TOO CLOSELY,1ST & WALNUT ST,10839
2013,10,6,Weekday,900,2-Car,No injury/unknown,FOLLOWING TOO CLOSELY,1ST & WALNUT ST,10840
2013,8,3,Weekday,1300,1-Car,Incapacitating,DRIVER ILLNESS,E 1ST ST,10841
2013,12,1,Weekend,1400,2-Car,Non-incapacitating,FAILURE TO YIELD RIGHT OF WAY,1ST ST & HAWTHORNE,10842
2013,4,4,Weekday,800,2-Car,No injury/unknown,DISREGARD SIGNAL/REG SIGN,1ST & WALNUT ST,10843
2013,7,5,Weekday,1100,2-Car,No injury/unknown,DISREGARD SIGNAL/REG SIGN,1ST & S WALNUT ST,10844
2013,12,5,Weekday,1400,2-Car,No injury/unknown,DISREGARD SIGNAL/REG SIGN,1ST & WALNUT ST,10845
2013,5,2,Weekday,1900,2-Car,No injury/unknown,FAILURE TO YIELD RIGHT OF WAY,1ST ST & HAWTHORNE,10846
2013,1,3,Weekday,1200,2-Car,Non-incapacitating,FOLLOWING TOO CLOSELY,S RANSOM & W BLOOMFIELD RD,10847
2013,2,3,Weekday,1300,2-Car,No injury/unknown,IMPROPER TURNING,BLOOMFIELD RD & RANSOM,10848
2013,9,3,Weekday,1100,2-Car,Non-incapacitating,FAILURE TO YIELD RIGHT OF WAY,1ST & W 1ST ST,10849
2013,12,6,Weekday,300,2-Car,No injury/unknown,UNSAFE SPEED,BASSWOOD DR,10850
2013,3,6,Weekday,1700,2-Car,No injury/unknown,UNSAFE SPEED,BENNINGTON & SMITH RD,10851
2013,12,5,Weekday,1100,2-Car,No injury/unknown,FAILURE TO YIELD RIGHT OF WAY,S WALNUT ST,10852
2013,9,1,Weekend,1300,2-Car,No injury/unknown,UNSAFE BACKING,3RD & CLIFTON AVE,10853
2013,8,6,Weekday,1500,1-Car,No injury/unknown,OTHER (DRIVER) - EXPLAIN IN NARRATIVE,S COLLEGE MALL RD,10854
2013,5,5,Weekday,1200,2-Car,No injury/unknown,UNSAFE BACKING,SOUTH BASSWOOD DR,10855
2013,10,7,Weekend,800,1-Car,No injury/unknown,OVERCORRECTING/OVERSTEERING,HEDRICKS & SR46W,10856
2013,1,2,Weekday,300,2-Car,No injury/unknown,RAN OFF ROAD RIGHT,S MITCHELL ST,10857
2013,7,4,Weekday,1300,2-Car,No injury/unknown,FAILURE TO YIELD RIGHT OF WAY,MONON & WALNUT ST,10858
2013,2,2,Weekday,1500,3+ Cars,No injury/unknown,UNSAFE LANE MOVEMENT,SOUTH WALNUT ST & WYLIE,10859
2013,7,3,Weekday,1300,2-Car,No injury/unknown,FOLLOWING TOO CLOSELY,CURRY & SR45W,10860
2013,7,6,Weekday,1100,2-Car,No injury/unknown,FAILURE TO YIELD RIGHT OF WAY,CURRY & SR45W,10861
2013,7,4,Weekday,1600,2-Car,No injury/unknown,FOLLOWING TOO CLOSELY,CURRY & SR45W,10862
2013,10,1,Weekend,1600,2-Car,Non-incapacitating,FAILURE TO YIELD RIGHT OF WAY,SOUTH CURRY & SR45W,10863
2013,10,7,Weekend,1500,2-Car,Non-incapacitating,FAILURE TO YIELD RIGHT OF WAY,CURRY & SR45W,10864
2013,11,4,Weekday,1000,2-Car,No injury/unknown,FOLLOWING TOO CLOSELY,CURRY & SR46W,10865
2013,1,2,Weekday,1700,2-Car,No injury/unknown,FAILURE TO YIELD RIGHT OF WAY,AUTO MALL & BUICK CADILLAC BLVD,10866
2013,5,2,Weekday,1200,2-Car,No injury/unknown,FAILURE TO YIELD RIGHT OF WAY,AUTO MALL & E BUICK CADILLAC BLVD,10867
2013,10,1,Weekend,1300,2-Car,No injury/unknown,IMPROPER TURNING,AUTO MALL & BUICK CADILLAC BLVD,10868
2013,1,6,Weekday,1200,3+ Cars,Non-incapacitating,DISREGARD SIGNAL/REG SIGN,BUICK CADILLAC & COLLEGE MALL RD,10869
2013,1,3,Weekday,2000,2-Car,Non-incapacitating,FOLLOWING TOO CLOSELY,BUICK CADILLAC & S COLLEGE MALL RD,10870
2013,2,6,Weekday,1700,2-Car,No injury/unknown,FAILURE TO YIELD RIGHT OF WAY,BUICK CADILLAC & COLLEGE MALL RD,10871
2013,9,2,Weekday,1100,2-Car,No injury/unknown,OTHER (DRIVER) - EXPLAIN IN NARRATIVE,BUICK CADILLAC & COLLEGE MALL RD,10872
2013,10,2,Weekday,1000,Cyclist,No injury/unknown,FAILURE TO YIELD RIGHT OF WAY,COLLEGE MALL & E BUICK CADILLAC BLVD,10873