year,month,day,weekend,hour,collision_type,injury_type,primary_factor,reported_location,unique_id
2013,10,2,Weekday,1400,3+ Cars,Non-incapacitating,FOLLOWING TOO CLOSELY,BUICK CADILLAC & S COLLEGE MALL RD,10874
2013,11,6,Weekday,1000,2-Car,No injury/unknown,IMPROPER TURNING,E BUICK CADILLAC BLVD,10875
2013,6,2,Weekday,1200,2-Car,Non-incapacitating,FAILURE TO YIELD RIGHT OF WAY,BUICK CADILLAC & COLLEGE MALL RD,10876
2013,5,5,Weekday,1200,2-Car,No injury/unknown,DISREGARD SIGNAL/REG SIGN,BUICK CADILLAC & COLLEGE MALL RD,10877
2013,10,2,Weekday,1300,2-Car,No injury/unknown,DRIVER DISTRACTED - EXPLAIN IN NARRATIVE,COLLEGE MALL & E BUICK CADILLAC BLVD,10878
2013,7,3,Weekday,1700,Moped/Motorcycle,Non-incapacitating,FAILURE TO YIELD RIGHT OF WAY,CURRY PIKE & DOYLE,10879
2013,9,6,Weekday,1100,2-Car,No injury/unknown,CELL PHONE USAGE,DOYLE AVE & VILLAGE,10880
2013,2,3,Weekday,1300,2-Car,No injury/unknown,FOLLOWING TOO CLOSELY,ANNA LEE & BLOOMFIELD RD,10881
2013,6,7,Weekend,800,2-Car,No injury/unknown,FAILURE TO YIELD RIGHT OF WAY,HENDERSON ST & MAXWELL,10882
2013,8,6,Weekday,1000,2-Car,No injury/unknown,FAILURE TO YIELD RIGHT OF WAY,E BUICK CADILLAC BLVD,10883
2013,6,1,Weekday,2300,2-Car,No injury/unknown,BRAKE FAILURE OR DEFECTIVE,ATWATER & HAWTHORNE DR,10884
2013,10,4,Weekday,800,2-Car,No injury/unknown,OTHER (DRIVER) - EXPLAIN IN NARRATIVE,HIGH ST & MAXWELL,10885
2013,1,1,Weekend,1700,2-Car,No injury/unknown,UNSAFE LANE MOVEMENT,SIERRA & SIERRA DR,10886
2013,11,1,Weekend,900,2-Car,No injury/unknown,DISREGARD SIGNAL/REG SIGN,E MAXWELL & S HIGH ST,10887
2013,11,7,Weekend,1000,2-Car,No injury/unknown,FAILURE TO YIELD RIGHT OF WAY,MAXWELL LN & MITCHELL,10888
2013,3,4,Weekday,900,1-Car,No injury/unknown,SPEED TOO FAST FOR WEATHER CONDITIONS,BASSWOOD DR & BLOOMFIELD,10889
2013,2,7,Weekend,100,2-Car,No injury/unknown,FAILURE TO YIELD RIGHT OF WAY,COLLEGE ST & DODDS,10890
2013,8,3,Weekday,1100,2-Car,No injury/unknown,FAILURE TO YIELD RIGHT OF WAY,COLLEGE AVE & DODDS,10891
2013,6,5,Weekday,2000,2-Car,No injury/unknown,UNSAFE BACKING,DODDS ST & FAIRVIEW,10892
2013,9,7,Weekend,1100,2-Car,No injury/unknown,FAILURE TO YIELD RIGHT OF WAY,E DODDS & S LINCOLN ST,10893
2013,8,5,Weekday,900,2-Car,No injury/unknown,DISREGARD SIGNAL/REG SIGN,DODDS & ROGERS ST,10894
2013,12,5,Weekday,1000,2-Car,No injury/unknown,FAILURE TO YIELD RIGHT OF WAY,DODDS & ROGERS ST,10895
2013,7,4,Weekday,1300,1-Car,No injury/unknown,IMPROPER TURNING,DODDS & MADISON ST,10896
2013,8,3,Weekday,1300,2-Car,No injury/unknown,FAILURE TO YIELD RIGHT OF WAY,E DODDS & S WASHINGTON ST,10897
2013,3,2,Weekday,1000,2-Car,No injury/unknown,FAILURE TO YIELD RIGHT OF WAY,DODDS & LINCOLN ST,10898
2013,5,4,Weekday,1600,2-Car,No injury/unknown,FAILURE TO YIELD RIGHT OF WAY,DODDS & LINCOLN ST,10899
2013,12,6,Weekday,1300,2-Car,Non-incapacitating,FAILURE TO YIELD RIGHT OF WAY,DODDS & LINCOLN ST,10900
2013,6,7,Weekend,700,2-Car,No injury/unknown,UNSAFE BACKING,BASSWOOD DR,10901
2013,9,7,Weekend,1800,2-Car,No injury/unknown,FOLLOWING TOO CLOSELY,SOUTH CORY & WEST BLOOMFIELD RD,10902
2013,6,1,Weekend,400,1-Car,No injury/unknown,IMPROPER LANE USAGE,S CURRY PIKE,10903
2013,7,3,Weekday,1200,2-Car,No injury/unknown,UNSAFE BACKING,CURRY PIKE,10904
2013,2,6,Weekday,700,2-Car,Non-incapacitating,FOLLOWING TOO CLOSELY,BLOOMFIELD RD & CORY,10905
2013,6,1,Weekend,1600,2-Car,No injury/unknown,FAILURE TO YIELD RIGHT OF WAY,S COLLEGE MALL RD,10906
2013,4,5,Weekday,800,1-Car,No injury/unknown,SPEED TOO FAST FOR WEATHER CONDITIONS,MCARTNEY & S SARE RD,10907
2013,4,5,Weekday,800,2-Car,No injury/unknown,FOLLOWING TOO CLOSELY,MCCARTNEY & SO SARE RD,10908
2013,10,1,Weekend,1400,2-Car,No injury/unknown,FOLLOWING TOO CLOSELY,CURRY & GIFFORD RD,10909
2013,5,1,Weekend,1600,2-Car,No injury/unknown,UNSAFE BACKING,W DIXIE ST,10910
2013,1,5,Weekday,1600,2-Car,No injury/unknown,UNSAFE BACKING,SMITH RD,10911
2013,5,7,Weekend,100,1-Car,No injury/unknown,RAN OFF ROAD RIGHT,S BASSWOOD DR & S COPPER BEACH,10912
2013,4,4,Weekday,1200,2-Car,No injury/unknown,FOLLOWING TOO CLOSELY,S LIBERTY DR & W 3RD,10913
2013,1,6,Weekday,800,2-Car,No injury/unknown,IMPROPER LANE USAGE,CURRY PIKE & GIFFPRD,10914
2013,4,4,Weekday,1200,2-Car,No injury/unknown,DISREGARD SIGNAL/REG SIGN,CURRY PIKE PIKE & GIFFORD,10915
2013,9,6,Weekday,400,2-Car,Non-incapacitating,FAILURE TO YIELD RIGHT OF WAY,CURRY PIKE & GIFFORD,10916
2013,5,7,Weekend,2100,1-Car,No injury/unknown,UNSAFE BACKING,E DIXIE ST,10917
2013,12,2,Weekday,2200,1-Car,No injury/unknown,RAN OFF ROAD RIGHT,DIXIE ST & LINCOLN,10918
2013,6,5,Weekday,1600,1-Car,No injury/unknown,OTHER (DRIVER) - EXPLAIN IN NARRATIVE,COLLEGE MALL RD,10919
2013,2,1,Weekend,800,2-Car,Incapacitating,CELL PHONE USAGE,W ALLEN ST,10920
2013,1,2,Weekday,1100,2-Car,Non-incapacitating,FAILURE TO YIELD RIGHT OF WAY,ALLEN & BLOOMFIELD RD,10921
2013,5,4,Weekday,1700,2-Car,Incapacitating,DRIVER ILLNESS,ALLEN & BLOOMFIELD RD,10922
2013,6,5,Weekday,1600,2-Car,No injury/unknown,FAILURE TO YIELD RIGHT OF WAY,DUNN ST & KIRKWOOD,10923
2013,2,4,Weekday,1600,2-Car,No injury/unknown,FOLLOWING TOO CLOSELY,ADAMS & ALLEN ST,10924
2013,3,3,Weekday,1800,2-Car,No injury/unknown,FAILURE TO YIELD RIGHT OF WAY,ADAMS & W ALLEN ST,10925
2013,10,3,Weekday,500,Cyclist,Non-incapacitating,FAILURE TO YIELD RIGHT OF WAY,ADAMS & ALLEN ST,10926
2013,4,6,Weekday,1500,2-Car,No injury/unknown,FAILURE TO YIELD RIGHT OF WAY,SOUTH ADAM & WEST ALLEN ST,10927
2013,7,3,Weekday,2300,2-Car,No injury/unknown,FAILURE TO YIELD RIGHT OF WAY,ADAMS & ALLEN ST,10928
2013,7,5,Weekday,1200,2-Car,No injury/unknown,OTHER (VEHICLE) - EXPLAIN IN NARRATIVE,E BURKS DR,10929
2013,8,6,Weekday,1800,2-Car,Non-incapacitating,DRIVER DISTRACTED - EXPLAIN IN NARRATIVE,ALLEN & S ROGERS ST,10930
2013,9,6,Weekday,1600,2-Car,Non-incapacitating,FAILURE TO YIELD RIGHT OF WAY,LARKSPUR & W ALLEN ST,10931
2013,2,1,Weekday,2000,2-Car,No injury/unknown,FOLLOWING TOO CLOSELY,10TH & JORDAN AVE,10932
2013,12,3,Weekday,900,1-Car,No injury/unknown,ROADWAY SURFACE CONDITION,GIFFORD RD & S CURRY,10933
2013,3,6,Weekday,1500,2-Car,No injury/unknown,OVERCORRECTING/OVERSTEERING,WOODLAWN AVE,10934
2013,4,4,Weekday,1100,2-Car,No injury/unknown,UNSAFE BACKING,ALLEN & STRONG DR,10935
2013,6,7,Weekend,1600,2-Car,Non-incapacitating,SPEED TOO FAST FOR WEATHER CONDITIONS,ALLEN & PATTERSON DR,10936
2013,8,7,Weekend,1300,2-Car,No injury/unknown,UNSAFE BACKING,BLOOMFIELD RD,10937
2013,3,3,Weekday,1200,2-Car,No injury/unknown,DISREGARD SIGNAL/REG SIGN,E ALLEN & S WASHINGTON ST,10938
2013,5,4,Weekday,1400,2-Car,Non-incapacitating,FOLLOWING TOO CLOSELY,ALLEN & WALNUT ST,10939
2013,6,2,Weekday,900,2-Car,No injury/unknown,FAILURE TO YIELD RIGHT OF WAY,ALLEN & S ROGERS ST,10940
2013,11,2,Weekday,1800,1-Car,No injury/unknown,VIEW OBSTRUCTED,ALLEN & ROGERS ST,10941
2013,9,5,Weekday,1100,2-Car,Non-incapacitating,SPEED TOO FAST FOR WEATHER CONDITIONS,SR37N & VERNAL,10942
2013,11,6,Weekday,1800,2-Car,No injury/unknown,FOLLOWING TOO CLOSELY,SR37N & WEST VERNAL,10943
2013,8,6,Weekday,300,1-Car,Incapacitating,RAN OFF ROAD RIGHT,CIRCLE DR & SOUTHDOWNS,10944
2013,11,5,Weekday,600,1-Car,No injury/unknown,ANIMAL/OBJECT IN ROADWAY,BLOOMFIELD RD & LAKECREST,10945
2013,3,6,Weekday,1800,2-Car,No injury/unknown,FOLLOWING TOO CLOSELY,BLOOMFIELD RD & LAKECREST,10946
2013,12,5,Weekday,2100,2-Car,No injury/unknown,SPEED TOO FAST FOR WEATHER CONDITIONS,GARRISON CHAPEL RD & GIFFORD,10947
2013,11,7,Weekend,1000,3+ Cars,No injury/unknown,OVERCORRECTING/OVERSTEERING,COPPER BEECH WAY,10948
2013,5,2,Weekday,1700,2-Car,No injury/unknown,UNSAFE BACKING,E COVENANTER DR,10949
2013,1,7,Weekend,600,2-Car,Non-incapacitating,FAILURE TO YIELD RIGHT OF WAY,COLLEGE MALL RD & COVENANTER,10950
2013,3,3,Weekday,700,2-Car,No injury/unknown,SPEED TOO FAST FOR WEATHER CONDITIONS,COLLEGE MALL RD & COVENANTER,10951
2013,3,3,Weekday,800,2-Car,No injury/unknown,SPEED TOO FAST FOR WEATHER CONDITIONS,COLLEGE MALL & COVENANTER DR,10952
2013,5,2,Weekday,800,2-Car,No injury/unknown,DISREGARD SIGNAL/REG SIGN,COLLEGE MALL RD & COVENANTER,10953
2013,10,3,Weekday,1100,Cyclist,Non-incapacitating,FAILURE TO YIELD RIGHT OF WAY,COLLEGE MALL & COVENANTER DR,10954
2013,11,3,Weekday,1600,2-Car,No injury/unknown,DISREGARD SIGNAL/REG SIGN,COLLEGE MALL RD & COVENANTER,10955
2013,10,2,Weekday,1200,2-Car,No injury/unknown,FAILURE TO YIELD RIGHT OF WAY,COLLEGE MALL & COVENANTER AVE,10956
2013,3,3,Weekday,1800,2-Car,No injury/unknown,OTHER (DRIVER) - EXPLAIN IN NARRATIVE,COLLEGE MALL & COVENANTER DR,10957
2013,5,1,Weekday,2300,2-Car,No injury/unknown,DISREGARD SIGNAL/REG SIGN,COLLEGE MALL RD & COVENANTER,10958
2013,6,6,Weekday,1600,2-Car,No injury/unknown,FAILURE TO YIELD RIGHT OF WAY,COLLEGE MALL & COVENANTER DR,10959
2013,8,7,Weekend,2200,2-Car,No injury/unknown,FAILURE TO YIELD RIGHT OF WAY,COLLEGE MALL RD & COVENANTER,10960
2013,12,3,Weekday,1800,2-Car,No injury/unknown,IMPROPER TURNING,COLLEGE MALL & COVENANTER DR,10961
2013,7,7,Weekend,1600,3+ Cars,No injury/unknown,OTHER (VEHICLE) - EXPLAIN IN NARRATIVE,E COVENANTER DR,10962
2013,5,1,Weekend,1600,2-Car,No injury/unknown,UNSAFE LANE MOVEMENT,CURRY PIKE & STEBU,10963
2013,12,3,Weekday,800,2-Car,No injury/unknown,UNSAFE BACKING,W CHERRY ORCHARD CT,10964
2013,5,6,Weekday,100,2-Car,No injury/unknown,OTHER (DRIVER) - EXPLAIN IN NARRATIVE,CHERRY ORCHARD CT,10965
2013,7,2,Weekday,600,1-Car,No injury/unknown,RAN OFF ROAD RIGHT,S GARRISON CHAPPEL RD,10966
2013,12,3,Weekday,300,1-Car,No injury/unknown,OVERCORRECTING/OVERSTEERING,COLLEGE AVE & SR4546,10967
2013,11,7,Weekend,800,3+ Cars,No injury/unknown,UNSAFE BACKING,COVENANTER DR,10968
2013,12,6,Weekday,1300,2-Car,No injury/unknown,OTHER (DRIVER) - EXPLAIN IN NARRATIVE,E DAVIS ST,10969
2013,6,5,Weekday,1000,2-Car,No injury/unknown,OTHER (DRIVER) - EXPLAIN IN NARRATIVE,SO PICKWICK PL,10970
2013,11,7,Weekend,1900,1-Car,No injury/unknown,ANIMAL/OBJECT IN ROADWAY,CAVE & SR48W,10971
2013,12,7,Weekend,2300,1-Car,No injury/unknown,RAN OFF ROAD RIGHT,HICKORY GROVE & W GIFFORD RD,10972
2013,7,5,Weekday,1700,2-Car,Non-incapacitating,FAILURE TO YIELD RIGHT OF WAY,S WEIMER & W BLOOMFIELD RD,10973
2013,5,2,Weekday,1600,2-Car,No injury/unknown,OVERCORRECTING/OVERSTEERING,S COLLEGE MALL RD,10974
2013,6,6,Weekday,1600,1-Car,Non-incapacitating,UNSAFE SPEED,S COLLEGE MALL RD,10975
2013,8,7,Weekend,200,2-Car,No injury/unknown,OTHER (DRIVER) - EXPLAIN IN NARRATIVE,COLLEGE MALL RD,10976
2013,11,2,Weekday,1700,2-Car,No injury/unknown,IMPROPER TURNING,S COLLEGE MALL RD,10977
2013,3,3,Weekday,1200,2-Car,No injury/unknown,FAILURE TO YIELD RIGHT OF WAY,BLOOMFIELD RD & WEIMER,10978
2013,10,1,Weekend,1700,Moped/Motorcycle,No injury/unknown,UNSAFE BACKING,TIMBERS TRL,10979
2013,11,1,Weekend,1400,2-Car,No injury/unknown,IMPROPER TURNING,S COLLEGE MALL RD,10980
2013,8,1,Weekend,1400,2-Car,No injury/unknown,OTHER (DRIVER) - EXPLAIN IN NARRATIVE,3RD & MADISON ST,10981
2013,11,6,Weekday,1700,2-Car,No injury/unknown,FOLLOWING TOO CLOSELY,LIBERTY DR & THIRD,10982
2013,7,7,Weekend,500,1-Car,No injury/unknown,RAN OFF ROAD RIGHT,700 BLK S GREENLEAF & BASSWOOD DR,10983
2013,1,5,Weekday,700,1-Car,No injury/unknown,RAN OFF ROAD RIGHT,LAKECREST LN & SHADELAND,10984
2013,5,4,Weekday,900,2-Car,No injury/unknown,UNSAFE BACKING,WEST BLOOMFIELD RD,10985
2013,4,7,Weekend,2200,1-Car,No injury/unknown,RAN OFF ROAD RIGHT,S ROGERS ST & W PATTERSON,10986
2013,9,3,Weekday,1700,3+ Cars,No injury/unknown,FOLLOWING TOO CLOSELY,PATTERSON DR & ROGERS,10987
2013,5,1,Weekend,0,1-Car,No injury/unknown,OVERCORRECTING/OVERSTEERING,PATTERSON DR & ROGERS,10988
2013,1,5,Weekday,1200,2-Car,No injury/unknown,FAILURE TO YIELD RIGHT OF WAY,3RD & WOODSCREST DR,10989
2013,4,3,Weekday,700,2-Car,No injury/unknown,FAILURE TO YIELD RIGHT OF WAY,WEST PATTERSON DR,10990
2013,5,6,Weekday,1500,2-Car,No injury/unknown,UNSAFE LANE MOVEMENT,LIBERTY & SR45E,10991
2013,8,2,Weekday,1700,Moped/Motorcycle,Incapacitating,FAILURE TO YIELD RIGHT OF WAY,LIBERTY & SR45W,10992
2013,8,2,Weekday,1600,2-Car,Non-incapacitating,FAILURE TO YIELD RIGHT OF WAY,LIBERTY & SR45W,10993
2013,7,6,Weekday,1600,2-Car,No injury/unknown,FOLLOWING TOO CLOSELY,LIBERTY & SR45E,10994
2013,7,5,Weekday,1700,3+ Cars,Non-incapacitating,FAILURE TO YIELD RIGHT OF WAY,LIBERTY & SR45W,10995
2013,10,5,Weekday,1700,3+ Cars,Non-incapacitating,FOLLOWING TOO CLOSELY,LIBERTY & SR45W,10996
2013,11,6,Weekday,1400,2-Car,No injury/unknown,FOLLOWING TOO CLOSELY,LIBERTY & SR45W,10997
2013,11,4,Weekday,600,2-Car,Incapacitating,FAILURE TO YIELD RIGHT OF WAY,LIBERTY & SR45W,10998
2013,7,7,Weekend,300,1-Car,Incapacitating,RAN OFF ROAD RIGHT,MADISON & PATTERSON DR,10999
2013,9,7,Weekend,1600,2-Car,No injury/unknown,OTHER (DRIVER) - EXPLAIN IN NARRATIVE,3100 BLK E COVENANTER DR & S AUTO MALL,11000
2013,9,7,Weekend,1600,2-Car,No injury/unknown,FAILURE TO YIELD RIGHT OF WAY,3100 BLK E COVENANTER DR & S AUTO MALL,11001
2013,11,4,Weekday,1100,2-Car,No injury/unknown,FAILURE TO YIELD RIGHT OF WAY,W GRIMES LN & WALNUT,11002
2013,8,5,Weekday,1300,2-Car,Non-incapacitating,DRIVER DISTRACTED - EXPLAIN IN NARRATIVE,GRIMES & SOUTH WALNUT ST,11003
2013,8,5,Weekday,1700,Cyclist,Non-incapacitating,FAILURE TO YIELD RIGHT OF WAY,S WALNUT ST,11004
2013,9,7,Weekend,1400,Cyclist,Non-incapacitating,DISREGARD SIGNAL/REG SIGN,GRIMES LN & HENDERSON,11005
2013,2,4,Weekday,1600,2-Car,No injury/unknown,UNSAFE BACKING,GRIMES LN & PARK,11006
2013,3,6,Weekday,1100,2-Car,No injury/unknown,OTHER (DRIVER) - EXPLAIN IN NARRATIVE,GRIMES & WALNUT ST ST,11007
2013,11,4,Weekday,800,2-Car,Non-incapacitating,FOLLOWING TOO CLOSELY,GRIMES LN & WALNUT,11008
2013,6,2,Weekday,1200,2-Car,No injury/unknown,FOLLOWING TOO CLOSELY,GRIMES LN & WALNUT,11009
2013,3,5,Weekday,800,2-Car,No injury/unknown,OTHER (DRIVER) - EXPLAIN IN NARRATIVE,S WALNUT & W GRIMES LN,11010
2013,4,3,Weekday,1900,2-Car,No injury/unknown,FAILURE TO YIELD RIGHT OF WAY,GRIMES LN & WALNUT,11011
2013,5,6,Weekday,1100,2-Car,No injury/unknown,FOLLOWING TOO CLOSELY,GRIMES LN & WALNUT,11012
2013,9,6,Weekday,900,2-Car,No injury/unknown,FAILURE TO YIELD RIGHT OF WAY,GRIMES LN & WALNUT,11013
2013,11,2,Weekday,1400,2-Car,Non-incapacitating,FOLLOWING TOO CLOSELY,GRIMES LN & WALNUT,11014
2013,6,6,Weekday,1600,2-Car,No injury/unknown,FAILURE TO YIELD RIGHT OF WAY,GRIMES LN & HENDERSON,11015
2013,5,2,Weekday,1400,2-Car,No injury/unknown,DISREGARD SIGNAL/REG SIGN,EAST GRIMES LN & SOUTH HENDERSON,11016
2013,10,7,Weekend,700,Cyclist,Non-incapacitating,FAILURE TO YIELD RIGHT OF WAY,E GRIMES LN & S HENDERSON,11017
2013,1,4,Weekday,800,1-Car,No injury/unknown,RAN OFF ROAD RIGHT,GIFFORD & PARK SQUARE DR,11018
2013,1,5,Weekday,2100,1-Car,No injury/unknown,OTHER (DRIVER) - EXPLAIN IN NARRATIVE,S FENBROOK LN,11019
2013,5,2,Weekday,1600,2-Car,No injury/unknown,DRIVER DISTRACTED - EXPLAIN IN NARRATIVE,S COLLEGE MALL RD,11020
2013,6,3,Weekday,1500,2-Car,No injury/unknown,IMPROPER TURNING,S COLLEGE MALL RD,11021
2013,5,6,Weekend,2200,1-Car,No injury/unknown,RAN OFF ROAD RIGHT,1300 W 3RD ST & PATTERSON,11022
2013,1,7,Weekend,1100,2-Car,No injury/unknown,FAILURE TO YIELD RIGHT OF WAY,S COLLEGE MALL RD,11023
2013,12,6,Weekday,1100,1-Car,No injury/unknown,RAN OFF ROAD RIGHT,BROWN COUNTY LINE & SR46E,11024
2013,6,1,Weekend,1500,1-Car,Non-incapacitating,SPEED TOO FAST FOR WEATHER CONDITIONS,BROWN COUNTY LINE & SR46E,11025
2013,8,4,Weekday,1400,1-Car,No injury/unknown,OTHER (DRIVER) - EXPLAIN IN NARRATIVE,3RD & PATTERSON DR,11026
2013,5,7,Weekend,1600,2-Car,No injury/unknown,IMPROPER TURNING,ROLLING RIDGE WAY,11027
2013,3,6,Weekday,900,2-Car,No injury/unknown,UNSAFE BACKING,7TH & WALNUT ST,11028
2013,8,6,Weekday,1400,2-Car,No injury/unknown,UNSAFE BACKING,S CLARRIZ BLVD,11029
2013,9,2,Weekday,2200,2-Car,No injury/unknown,UNSAFE BACKING,CLARIZZ BLVD,11030
2013,9,2,Weekday,1000,2-Car,No injury/unknown,FAILURE TO YIELD RIGHT OF WAY,CLARIZZ BLVD,11031
2013,11,6,Weekday,900,1-Car,No injury/unknown,UNSAFE SPEED,S CLARIZZ BLVD,11032
2013,12,1,Weekend,1500,2-Car,No injury/unknown,FAILURE TO YIELD RIGHT OF WAY,SOUTH CLARIZZ BLVD,11033
2013,12,3,Weekday,1200,2-Car,No injury/unknown,FAILURE TO YIELD RIGHT OF WAY,S CLARIZZ BLVD,11034
2013,5,4,Weekday,1800,2-Car,No injury/unknown,FOLLOWING TOO CLOSELY,HIGH ST & VIVA,11035
2013,7,3,Weekday,1600,2-Car,No injury/unknown,FAILURE TO YIELD RIGHT OF WAY,DRISCOLL & DUNN ST,11036
2013,9,6,Weekday,700,2-Car,No injury/unknown,UNSAFE BACKING,ATWATER & PARK AVE,11037
2013,12,4,Weekday,1500,1-Car,No injury/unknown,RAN OFF ROAD RIGHT,CLARIZZ BLVD & COVENANTER,11038
2013,12,6,Weekday,1000,2-Car,Non-incapacitating,FAILURE TO YIELD RIGHT OF WAY,CLARIZZ BLVD & COVENANTER,11039
2013,9,6,Weekday,1400,3+ Cars,Non-incapacitating,UNSAFE SPEED,SR37S & TAPP,11040
2013,10,1,Weekend,400,2-Car,No injury/unknown,RAN OFF ROAD RIGHT,S SWEETBRIAR & S SWEETBRIAR CT,11041
2013,8,3,Weekday,1700,2-Car,No injury/unknown,FOLLOWING TOO CLOSELY,MONON & SOUTH WALNUT ST,11042
2013,9,5,Weekday,1800,1-Car,No injury/unknown,ANIMAL/OBJECT IN ROADWAY,8900 RICE RD & GARRISON CHAPEL,11043
2013,6,6,Weekday,1100,2-Car,No injury/unknown,UNSAFE BACKING,2200 S SWEETBRIAR DR & SWEETBRIAR,11044
2013,3,6,Weekday,0,1-Car,No injury/unknown,ANIMAL/OBJECT IN ROADWAY,BAYLES & SR37N,11045
2013,11,5,Weekday,2000,3+ Cars,Non-incapacitating,UNSAFE SPEED,E WOODVIEW & SR46E,11046
2013,6,7,Weekend,1700,3+ Cars,No injury/unknown,UNSAFE SPEED,SEWELL & SR46E,11047
2013,10,3,Weekday,1500,2-Car,No injury/unknown,UNSAFE BACKING,LIBERTY DR,11048
2013,2,7,Weekend,2100,2-Car,No injury/unknown,UNSAFE BACKING,FENBROOK LN,11049
2013,6,4,Weekday,900,3+ Cars,No injury/unknown,IMPROPER TURNING,S FENBROOKE LN,11050
2013,5,6,Weekend,2200,1-Car,No injury/unknown,ANIMAL/OBJECT IN ROADWAY,BRUMMETS CREEK & SR46E,11051
2013,7,2,Weekday,1800,2-Car,No injury/unknown,FOLLOWING TOO CLOSELY,SOUTH WALNUT ST & WILSON,11052
2013,8,3,Weekday,0,2-Car,No injury/unknown,OTHER (DRIVER) - EXPLAIN IN NARRATIVE,HUNTER & WOODLAWN AVE,11053
2013,3,1,Weekend,1100,2-Car,No injury/unknown,OTHER (DRIVER) - EXPLAIN IN NARRATIVE,1400 S WASHINGTON ST & E WILSON,11054
2013,1,4,Weekday,1100,2-Car,No injury/unknown,ROADWAY SURFACE CONDITION,8758 W RICE RD & S GARRISON CHAPEL,11055
2013,10,6,Weekend,2100,1-Car,No injury/unknown,RAN OFF ROAD RIGHT,CAVE RD & GIFFORD,11056
2013,4,5,Weekday,1600,1-Car,No injury/unknown,RAN OFF ROAD RIGHT,W GIFFORD RD,11057
2013,12,7,Weekend,1300,1-Car,No injury/unknown,RAN OFF ROAD RIGHT,ENDWRIGHT & GIFFORD RD,11058
2013,11,6,Weekday,1400,Pedestrian,Non-incapacitating,DISREGARD SIGNAL/REG SIGN,KIRBY RD & SR45,11059
2013,4,1,Weekend,0,2-Car,No injury/unknown,OTHER (DRIVER) - EXPLAIN IN NARRATIVE,BASSWOOD CIR,11060
2013,11,4,Weekday,1300,2-Car,No injury/unknown,FOLLOWING TOO CLOSELY,CONSTITUTION & LIBERTY DR,11061
2013,12,5,Weekday,1500,2-Car,No injury/unknown,FOLLOWING TOO CLOSELY,CONSTITUTION & LIBERTY DR,11062
2013,3,3,Weekday,1800,2-Car,No injury/unknown,UNSAFE LANE MOVEMENT,S CURRY PIKE,11063
2013,1,1,Weekend,800,2-Car,No injury/unknown,FAILURE TO YIELD RIGHT OF WAY,S CLARIZZ BLVD,11064
2013,1,4,Weekday,2300,2-Car,No injury/unknown,FAILURE TO YIELD RIGHT OF WAY,SOUTH CLARIZZ BLVD,11065
2013,4,6,Weekday,1500,2-Car,No injury/unknown,UNSAFE BACKING,S CLARIZZ BLVD,11066
2013,5,6,Weekday,1000,2-Car,No injury/unknown,OTHER (DRIVER) - EXPLAIN IN NARRATIVE,S CLARIZZ BLVD,11067
2013,1,5,Weekday,1800,3+ Cars,No injury/unknown,SPEED TOO FAST FOR WEATHER CONDITIONS,HILLSIDE & WOODLAWN AVE,11068
2013,3,7,Weekend,1400,2-Car,No injury/unknown,DRIVER DISTRACTED - EXPLAIN IN NARRATIVE,KIRKWOOD & WALNUT ST,11069
2013,11,1,Weekend,1600,2-Car,No injury/unknown,SPEED TOO FAST FOR WEATHER CONDITIONS,HENDERSON & HILLSIDE DR,11070
2013,6,6,Weekday,1300,2-Car,Non-incapacitating,FOLLOWING TOO CLOSELY,HILLSIDE DR & HUNTINGTON,11071
2013,10,3,Weekday,0,1-Car,No injury/unknown,ANIMAL/OBJECT IN ROADWAY,E HILLSIDE DR & HUNTINGTON,11072
2013,1,5,Weekday,1600,2-Car,Non-incapacitating,FOLLOWING TOO CLOSELY,HILLSIDE & S ROGERS ST,11073
2013,3,1,Weekday,2200,1-Car,No injury/unknown,RAN OFF ROAD RIGHT,S ROGERS ST & W HILLSIDE,11074
2013,3,4,Weekday,1000,2-Car,No injury/unknown,UNSAFE BACKING,HILLSIDE & ROGERS ST,11075
2013,2,7,Weekend,2300,2-Car,No injury/unknown,FOLLOWING TOO CLOSELY,HILLSIDE DR & MAXWELL,11076
2013,7,2,Weekday,1400,2-Car,No injury/unknown,FOLLOWING TOO CLOSELY,HILLSIDE DR & MAXWELL,11077
2013,5,1,Weekend,100,2-Car,No injury/unknown,FOLLOWING TOO CLOSELY,HILLSIDE DR & WEATHERSTONE,11078
2013,1,3,Weekday,700,Pedestrian,Non-incapacitating,FAILURE TO YIELD RIGHT OF WAY,HENDERSON ST & HILLSIDE,11079
2013,5,5,Weekday,800,3+ Cars,Non-incapacitating,FOLLOWING TOO CLOSELY,HENDESON & HILLSIDE DR,11080
2013,10,1,Weekend,1200,2-Car,No injury/unknown,OTHER (DRIVER) - EXPLAIN IN NARRATIVE,E HILLSIDE DR & S HENDERSON,11081
2013,12,2,Weekday,2200,2-Car,Non-incapacitating,FOLLOWING TOO CLOSELY,E HILLSIDE DR & S HENDERSON,11082
2013,9,7,Weekend,1300,2-Car,No injury/unknown,FOLLOWING TOO CLOSELY,DUNN & HILLSIDE DR,11083