year,month,day,weekend,hour,collision_type,injury_type,primary_factor,reported_location,unique_id
2013,2,5,Weekday,1900,2-Car,No injury/unknown,FOLLOWING TOO CLOSELY,DUNN & HILLSIDE DR,11084
2013,8,4,Weekday,1200,2-Car,No injury/unknown,OTHER (DRIVER) - EXPLAIN IN NARRATIVE,HIGH & HILLSIDE DR,11085
2013,7,2,Weekday,1700,Pedestrian,Incapacitating,PEDESTRIAN ACTION,E HILLSIDE DR & NANCY,11086
2013,10,1,Weekend,1600,3+ Cars,No injury/unknown,FOLLOWING TOO CLOSELY,E MOORES PIKE & VALLEY FORGE,11087
2013,9,6,Weekday,1500,2-Car,No injury/unknown,FOLLOWING TOO CLOSELY,CAPE COD & E MOORES PIKE,11088
2013,3,5,Weekday,1100,3+ Cars,No injury/unknown,FOLLOWING TOO CLOSELY,E MOORES PIKE & S HIGH,11089
2013,6,5,Weekday,800,2-Car,No injury/unknown,DISREGARD SIGNAL/REG SIGN,HIGH ST & MOORES,11090
2013,11,5,Weekday,800,2-Car,Non-incapacitating,OTHER (DRIVER) - EXPLAIN IN NARRATIVE,E HILLSIDE DR & NANCY,11091
2013,11,2,Weekday,1300,2-Car,No injury/unknown,FAILURE TO YIELD RIGHT OF WAY,DORCHESTER & HILLSIDE DR,11092
2013,11,1,Weekend,1100,2-Car,No injury/unknown,FAILURE TO YIELD RIGHT OF WAY,HILLSIDE DR & LONGWOOD,11093
2013,9,6,Weekend,2100,2-Car,Non-incapacitating,FAILURE TO YIELD RIGHT OF WAY,HILLSIDE & WALNUT ST,11094
2013,9,4,Weekday,1200,2-Car,No injury/unknown,FOLLOWING TOO CLOSELY,HILLSIDE DR & S WALNUT,11095
2013,7,3,Weekday,1600,2-Car,Incapacitating,UNSAFE LANE MOVEMENT,FARMER & S CURRY PIKE,11096
2013,7,6,Weekday,1100,2-Car,No injury/unknown,FAILURE TO YIELD RIGHT OF WAY,CURRY PIKE PIKE & FARMER,11097
2013,2,3,Weekday,1700,2-Car,No injury/unknown,FAILURE TO YIELD RIGHT OF WAY,HILLSIDE DR & WOODLAWN,11098
2013,2,6,Weekday,1000,2-Car,No injury/unknown,FAILURE TO YIELD RIGHT OF WAY,HILLSIDE & WALNUT ST,11099
2013,3,5,Weekday,1700,2-Car,No injury/unknown,FAILURE TO YIELD RIGHT OF WAY,HILLSIDE & WALNUT ST,11100
2013,4,7,Weekend,1000,2-Car,Non-incapacitating,FOLLOWING TOO CLOSELY,HILLSIDE & WALNUT ST,11101
2013,8,4,Weekday,1000,2-Car,No injury/unknown,FOLLOWING TOO CLOSELY,HILLSIDE & WALNUT ST,11102
2013,10,2,Weekday,1400,2-Car,No injury/unknown,FOLLOWING TOO CLOSELY,EAST HILLSIDE DR & SOUTH WALNUT,11103
2013,9,4,Weekday,1700,2-Car,No injury/unknown,FOLLOWING TOO CLOSELY,HILLSIDE DR & NANCY,11104
2013,3,6,Weekday,1500,2-Car,No injury/unknown,BRAKE FAILURE OR DEFECTIVE,CLIFTON & HILLSIDE DR,11105
2013,7,4,Weekday,800,2-Car,No injury/unknown,FOLLOWING TOO CLOSELY,COLLEGE MALL & MOORES PIKE,11106
2013,8,2,Weekday,900,1-Car,No injury/unknown,ANIMAL/OBJECT IN ROADWAY,MOORES PIKE & VALLEY FORGE,11107
2013,1,4,Weekday,1500,3+ Cars,Non-incapacitating,DRIVER ILLNESS,HIGH & HILLSIDE DR,11108
2013,3,3,Weekday,1300,1-Car,No injury/unknown,ANIMAL/OBJECT IN ROADWAY,HIGH & MOORES PIKE,11109
2013,1,5,Weekday,1800,2-Car,No injury/unknown,FOLLOWING TOO CLOSELY,MOORES & S COLLEGE MALL RD,11110
2013,10,5,Weekday,1100,2-Car,Non-incapacitating,SPEED TOO FAST FOR WEATHER CONDITIONS,COLLEGE MALL & E MOORES PIKE,11111
2013,4,3,Weekday,700,Moped/Motorcycle,Non-incapacitating,RAN OFF ROAD RIGHT,MOORES PIKE & SARE,11112
2013,2,4,Weekday,1200,2-Car,No injury/unknown,FAILURE TO YIELD RIGHT OF WAY,10TH & CAMPBELL ST,11113
2013,9,7,Weekend,1700,2-Car,No injury/unknown,FAILURE TO YIELD RIGHT OF WAY,E 10TH & N SUNRISE DR,11114
2013,2,7,Weekend,1800,2-Car,No injury/unknown,IMPROPER PASSING,10TH & UNION ST,11115
2013,4,4,Weekday,1200,2-Car,No injury/unknown,OTHER (DRIVER) - EXPLAIN IN NARRATIVE,MOORES PIKE & SR446,11116
2013,6,1,Weekend,1100,2-Car,No injury/unknown,FAILURE TO YIELD RIGHT OF WAY,MOORES & SR446E,11117
2013,9,1,Weekend,500,1-Car,No injury/unknown,RAN OFF ROAD RIGHT,LAMPKINS RIDGE & SR446E,11118
2013,9,7,Weekend,800,2-Car,No injury/unknown,LEFT OF CENTER,E MOORES & SR446S,11119
2013,4,4,Weekday,1800,2-Car,No injury/unknown,FAILURE TO YIELD RIGHT OF WAY,446 & MOORES PIKE,11120
2013,8,6,Weekday,1200,2-Car,Non-incapacitating,FAILURE TO YIELD RIGHT OF WAY,LAMPKINS RIDGE & SR446S,11121
2013,4,2,Weekday,1700,2-Car,Non-incapacitating,FOLLOWING TOO CLOSELY,CLARIZZ BLVD & MOORES,11122
2013,6,6,Weekday,1500,2-Car,No injury/unknown,FAILURE TO YIELD RIGHT OF WAY,CLARIZZ & MOORES PIKE,11123
2013,10,6,Weekend,1900,2-Car,No injury/unknown,IMPROPER LANE USAGE,ALLEN & S ROGERS ST,11124
2013,5,7,Weekend,2200,2-Car,No injury/unknown,FAILURE TO YIELD RIGHT OF WAY,MOORES & SMITH RD,11125
2013,9,3,Weekday,1900,2-Car,No injury/unknown,DISREGARD SIGNAL/REG SIGN,MOORES & S SMITH RD,11126
2013,11,7,Weekend,1800,2-Car,No injury/unknown,FOLLOWING TOO CLOSELY,MOORES PIKE & SMITH,11127
2013,4,2,Weekday,900,2-Car,No injury/unknown,LEFT OF CENTER,MOORES & SMITH RD,11128
2013,6,6,Weekday,1300,2-Car,Non-incapacitating,DISREGARD SIGNAL/REG SIGN,MOORES PIKE & SMITH,11129
2013,2,2,Weekday,1600,1-Car,Non-incapacitating,RAN OFF ROAD RIGHT,E MOORES PIKE & FENBROOK,11130
2013,9,3,Weekday,800,2-Car,Non-incapacitating,DISREGARD SIGNAL/REG SIGN,E MOORES PIKE & SO SMITH,11131
2013,8,7,Weekend,2100,1-Car,No injury/unknown,ROADWAY SURFACE CONDITION,E MOORES PIKE & S OLCOTT,11132
2013,6,6,Weekday,900,2-Car,No injury/unknown,LEFT OF CENTER,MOORES PIKE & OLCOTT,11133
2013,12,6,Weekday,800,1-Car,No injury/unknown,SPEED TOO FAST FOR WEATHER CONDITIONS,INGRAM & SR37S,11134
2013,5,6,Weekday,1700,2-Car,No injury/unknown,UNSAFE BACKING,LIBERTY DR,11135
2013,11,7,Weekend,1400,2-Car,No injury/unknown,FOLLOWING TOO CLOSELY,SOUTH WALNUT ST,11136
2013,3,4,Weekday,900,2-Car,No injury/unknown,SPEED TOO FAST FOR WEATHER CONDITIONS,BASSWOOD DR & BLOOMFIELD,11137
2013,3,4,Weekday,900,2-Car,No injury/unknown,SPEED TOO FAST FOR WEATHER CONDITIONS,BASSWOOD DR & BLOOMIFIELD,11138
2013,2,6,Weekday,1000,2-Car,Non-incapacitating,FAILURE TO YIELD RIGHT OF WAY,BASSWOOD DR & BLOOMFIELD,11139
2013,3,6,Weekday,1800,2-Car,No injury/unknown,FAILURE TO YIELD RIGHT OF WAY,BASSWOOD & BLOOMFIELD RD,11140
2013,3,1,Weekday,2300,1-Car,No injury/unknown,RAN OFF ROAD RIGHT,BLOOMFIELD RD & OAKDALE,11141
2013,6,6,Weekday,1400,2-Car,Non-incapacitating,FAILURE TO YIELD RIGHT OF WAY,BASSWOOD & BLOOMFIELD RD,11142
2013,8,6,Weekday,500,2-Car,No injury/unknown,UNSAFE BACKING,BLOOMFIELD & OAKDALE DR,11143
2013,9,4,Weekday,1400,2-Car,No injury/unknown,IMPROPER TURNING,BASSWOOD DR & BLOOMFIELD,11144
2013,3,3,Weekday,700,1-Car,No injury/unknown,ANIMAL/OBJECT IN ROADWAY,S OAKDALE & SR45W,11145
2013,9,5,Weekday,500,3+ Cars,Non-incapacitating,LEFT OF CENTER,BLOOMFIELD RD & STONE,11146
2013,5,6,Weekday,1500,2-Car,No injury/unknown,IMPROPER PASSING,SOUTH BASSWOOD & WEST BLOOMFIELD RD,11147
2013,11,5,Weekday,1500,2-Car,Non-incapacitating,FOLLOWING TOO CLOSELY,S BASSWOOD & W BLOOMFIELD RD,11148
2013,11,3,Weekday,1900,2-Car,No injury/unknown,OTHER (DRIVER) - EXPLAIN IN NARRATIVE,S BASSWOOD CIR,11149
2013,12,1,Weekday,2300,1-Car,Non-incapacitating,RAN OFF ROAD RIGHT,S OAKDALE DR,11150
2013,5,5,Weekday,800,2-Car,No injury/unknown,OTHER (DRIVER) - EXPLAIN IN NARRATIVE,E SOUTHERN DR,11151
2013,1,6,Weekend,1900,1-Car,Non-incapacitating,RAN OFF ROAD RIGHT,CONSTITUTION & LIBERTY DR,11152
2013,3,5,Weekday,1100,3+ Cars,No injury/unknown,FAILURE TO YIELD RIGHT OF WAY,LIBERTY & S LIBERTY DR,11153
2013,4,2,Weekday,1400,2-Car,No injury/unknown,FOLLOWING TOO CLOSELY,CONSTITUTION & LIBERTY DR,11154
2013,5,5,Weekday,1400,2-Car,No injury/unknown,FOLLOWING TOO CLOSELY,CONSTITUTION & LIBERTY DR,11155
2013,5,6,Weekday,1500,Moped/Motorcycle,Non-incapacitating,FOLLOWING TOO CLOSELY,CONSTITUTION & S LIBERTY DR,11156
2013,8,2,Weekday,1100,2-Car,Non-incapacitating,FOLLOWING TOO CLOSELY,CONSTITUTION & S LIBERTY DR,11157
2013,11,5,Weekday,800,2-Car,No injury/unknown,SPEED TOO FAST FOR WEATHER CONDITIONS,LIBERTY & WEST CONSTITUTION AVE AVE,11158
2013,8,2,Weekday,2200,2-Car,No injury/unknown,UNSAFE BACKING,HIGHLAND & SKYLARK CT,11159
2013,6,3,Weekday,2300,1-Car,Non-incapacitating,RAN OFF ROAD RIGHT,MOORES & S SMITH RD,11160
2013,10,2,Weekday,1600,2-Car,No injury/unknown,FAILURE TO YIELD RIGHT OF WAY,BEASLEY & CURRY PIKE,11161
2013,6,4,Weekday,300,1-Car,Non-incapacitating,RAN OFF ROAD RIGHT,ROGERS ST,11162
2013,8,1,Weekend,900,2-Car,No injury/unknown,UNSAFE BACKING,SUDBURRY DR,11163
2013,5,6,Weekend,2000,2-Car,No injury/unknown,UNSAFE LANE MOVEMENT,EAST VERMILYA & SOUTH WALNUT ST,11164
2013,9,3,Weekday,1600,3+ Cars,Non-incapacitating,FOLLOWING TOO CLOSELY,S WALNUT ST & VERMILYA,11165
2013,9,1,Weekend,1600,2-Car,No injury/unknown,SPEED TOO FAST FOR WEATHER CONDITIONS,VERMILYA & WALNUT ST,11166
2013,12,2,Weekday,1600,2-Car,No injury/unknown,UNSAFE LANE MOVEMENT,SOUTH WALNUT ST & VERMILYA,11167
2013,2,4,Weekday,800,2-Car,No injury/unknown,UNSAFE LANE MOVEMENT,EAST VERMILYA & WALNUT ST,11168
2013,3,2,Weekday,1800,2-Car,No injury/unknown,FOLLOWING TOO CLOSELY,VERMILYA & WALNUT ST,11169
2013,2,5,Weekday,700,3+ Cars,No injury/unknown,UNSAFE SPEED,SR45 030 B & SR45N,11170
2013,8,3,Weekday,1500,2-Car,No injury/unknown,UNSAFE LANE MOVEMENT,1700 BLK S WALNUT ST & VERMILYA,11171
2013,1,7,Weekend,1200,2-Car,No injury/unknown,FAILURE TO YIELD RIGHT OF WAY,MULLER PKWY & W 3RD,11172
2013,9,2,Weekday,1500,2-Car,No injury/unknown,FOLLOWING TOO CLOSELY,EAST THORNTON & SOUTH HENDERSON ST,11173
2013,1,4,Weekday,1600,2-Car,No injury/unknown,FAILURE TO YIELD RIGHT OF WAY,BLOOMFIELD RD & OAKDALE,11174
2013,3,5,Weekday,1500,1-Car,No injury/unknown,RAN OFF ROAD RIGHT,BLOOMFIELD & OAKDALE DR,11175
2013,12,4,Weekday,1300,2-Car,No injury/unknown,FOLLOWING TOO CLOSELY,BLOOMFIELD RD & OAKDALE,11176
2013,4,3,Weekday,1500,2-Car,No injury/unknown,UNSAFE BACKING,S 446 HWY,11177
2013,5,7,Weekend,0,2-Car,No injury/unknown,IMPROPER TURNING,S SR 446 ST,11178
2013,9,4,Weekday,1500,2-Car,Non-incapacitating,FOLLOWING TOO CLOSELY,BLOOMFIELD DR & SR 37,11179
2013,2,4,Weekday,1100,2-Car,No injury/unknown,OTHER (DRIVER) - EXPLAIN IN NARRATIVE,SR37 & SR45W,11180
2013,1,2,Weekday,1900,2-Car,Non-incapacitating,FAILURE TO YIELD RIGHT OF WAY,BLOOMFIELD RD & SR37S,11181
2013,1,7,Weekend,1600,2-Car,No injury/unknown,DISREGARD SIGNAL/REG SIGN,BLOOMFIELD RD & SR37S,11182
2013,2,2,Weekday,1100,2-Car,No injury/unknown,FOLLOWING TOO CLOSELY,SR37S & SR45,11183
2013,3,4,Weekday,1200,2-Car,No injury/unknown,DISREGARD SIGNAL/REG SIGN,SR37 & SR46W,11184
2013,3,4,Weekday,800,3+ Cars,Non-incapacitating,FOLLOWING TOO CLOSELY,SR37N & W BLOOMFIELD RD,11185
2013,4,3,Weekday,800,2-Car,No injury/unknown,FOLLOWING TOO CLOSELY,BLOOMFIELD & SR37S,11186
2013,7,2,Weekday,1800,2-Car,No injury/unknown,FAILURE TO YIELD RIGHT OF WAY,SR3716 & SR45W,11187
2013,8,2,Weekday,1700,Moped/Motorcycle,Non-incapacitating,DISREGARD SIGNAL/REG SIGN,SR37 & SR45W,11188
2013,9,7,Weekend,1100,2-Car,No injury/unknown,FOLLOWING TOO CLOSELY,SR37S & SR45W,11189
2013,9,7,Weekend,800,2-Car,Non-incapacitating,OTHER (DRIVER) - EXPLAIN IN NARRATIVE,SR37S & SR45W,11190
2013,10,4,Weekday,1100,2-Car,No injury/unknown,FOLLOWING TOO CLOSELY,SR37S & SR45S,11191
2013,10,4,Weekday,900,2-Car,No injury/unknown,FOLLOWING TOO CLOSELY,SR37S & SR45,11192
2013,12,5,Weekday,700,2-Car,No injury/unknown,FAILURE TO YIELD RIGHT OF WAY,37 & SR45W,11193
2013,12,5,Weekday,1700,3+ Cars,No injury/unknown,FOLLOWING TOO CLOSELY,BLOOMFIELD RD & SR37N,11194
2013,3,6,Weekend,2300,2-Car,No injury/unknown,UNSAFE BACKING,S WALNUT ST,11195
2013,2,4,Weekday,700,2-Car,No injury/unknown,OTHER (DRIVER) - EXPLAIN IN NARRATIVE,SR37S & SR45W,11196
2013,7,2,Weekday,1700,2-Car,No injury/unknown,IMPROPER TURNING,E 17TH & E 45 46 BYP,11197
2013,4,6,Weekday,100,1-Car,No injury/unknown,RAN OFF ROAD RIGHT,E GRIMES & S WOODLAWN AVE,11198
2013,11,3,Weekday,1600,2-Car,No injury/unknown,FAILURE TO YIELD RIGHT OF WAY,CURRY PIKE & ROLL,11199
2013,12,2,Weekday,1000,2-Car,No injury/unknown,RAN OFF ROAD RIGHT,CHEROKEE & ROGERS ST,11200
2013,7,4,Weekday,1400,2-Car,No injury/unknown,FOLLOWING TOO CLOSELY,BLOOMFIELD & SR37S,11201
2013,7,5,Weekday,700,2-Car,No injury/unknown,UNSAFE BACKING,BLOOMFIELD RD,11202
2013,10,6,Weekday,1500,2-Car,No injury/unknown,FOLLOWING TOO CLOSELY,SR37 & SR45,11203
2013,2,3,Weekday,100,2-Car,No injury/unknown,UNSAFE BACKING,S CURRY PIKE,11204
2013,3,2,Weekday,2200,2-Car,No injury/unknown,FAILURE TO YIELD RIGHT OF WAY,ROLL & S CURRY PIKE,11205
2013,7,5,Weekday,1700,2-Car,No injury/unknown,FOLLOWING TOO CLOSELY,CURRY PIKE & ROLL,11206
2013,10,4,Weekday,1000,2-Car,No injury/unknown,FAILURE TO YIELD RIGHT OF WAY,ROLL & S CURRY PIKE,11207
2013,9,4,Weekday,1300,2-Car,No injury/unknown,UNSAFE BACKING,MILLER DR,11208
2013,11,5,Weekday,800,1-Car,No injury/unknown,UNSAFE BACKING,17TH & WOODLAWN AVE,11209
2013,7,3,Weekday,1500,3+ Cars,No injury/unknown,UNSAFE LANE MOVEMENT,CURRY PIKE & W BEASLEY,11210
2013,5,3,Weekday,1100,3+ Cars,Non-incapacitating,FOLLOWING TOO CLOSELY,CURRY PIKE & ROLL,11211
2013,11,6,Weekday,800,2-Car,Non-incapacitating,FOLLOWING TOO CLOSELY,CURRY PIKE & ROLL,11212
2013,2,4,Weekday,1400,2-Car,No injury/unknown,UNSAFE BACKING,S SARE RD,11213
2013,3,4,Weekday,600,2-Car,No injury/unknown,UNSAFE BACKING,S SARE RD,11214
2013,11,3,Weekday,1200,2-Car,No injury/unknown,UNSAFE BACKING,W CHEROKEE DR,11215
2013,11,3,Weekday,1200,1-Car,No injury/unknown,OTHER (DRIVER) - EXPLAIN IN NARRATIVE,WEST CHEROKEE DR,11216
2013,3,6,Weekday,700,2-Car,No injury/unknown,DISREGARD SIGNAL/REG SIGN,E MILLER & S WALNUT ST,11217
2013,6,5,Weekday,1300,2-Car,No injury/unknown,UNSAFE LANE MOVEMENT,MILLER & S WALNUT ST,11218
2013,9,5,Weekday,800,2-Car,No injury/unknown,OTHER (DRIVER) - EXPLAIN IN NARRATIVE,MILLER DR & S WALNUT,11219
2013,4,2,Weekday,1300,2-Car,No injury/unknown,FAILURE TO YIELD RIGHT OF WAY,MILLER DR & WALNUT,11220
2013,1,3,Weekday,1400,3+ Cars,Non-incapacitating,FOLLOWING TOO CLOSELY,MILLER & WALNUT ST,11221
2013,1,5,Weekday,1900,3+ Cars,No injury/unknown,SPEED TOO FAST FOR WEATHER CONDITIONS,MILLER & WALNUT ST,11222
2013,4,3,Weekday,1100,2-Car,No injury/unknown,FAILURE TO YIELD RIGHT OF WAY,MILLER DR & S WALNUT,11223
2013,6,4,Weekday,700,2-Car,No injury/unknown,FOLLOWING TOO CLOSELY,SR45,11224
2013,4,4,Weekday,1600,2-Car,Non-incapacitating,FOLLOWING TOO CLOSELY,SOUTH SAMS CLUB & SR45W,11225
2013,6,4,Weekday,1700,2-Car,No injury/unknown,FOLLOWING TOO CLOSELY,LIBERTY & SR45E,11226
2013,10,4,Weekday,1700,3+ Cars,No injury/unknown,FOLLOWING TOO CLOSELY,COUNTRY CLUB & WALNUT ST,11227
2013,2,5,Weekday,1000,2-Car,No injury/unknown,FOLLOWING TOO CLOSELY,SR37S & SR45W,11228
2013,3,2,Weekday,500,2-Car,No injury/unknown,IMPROPER TURNING,SR37N & SR45W,11229
2013,10,3,Weekday,900,2-Car,No injury/unknown,FOLLOWING TOO CLOSELY,SR37N & SR45S,11230
2013,11,6,Weekday,1400,2-Car,Non-incapacitating,FOLLOWING TOO CLOSELY,SR37S & SR45W,11231
2013,12,5,Weekday,1600,2-Car,Non-incapacitating,FAILURE TO YIELD RIGHT OF WAY,QUEENS WAY & RAMSEY,11232
2013,6,4,Weekday,700,2-Car,No injury/unknown,OTHER (DRIVER) - EXPLAIN IN NARRATIVE,YOST AVE,11233
2013,11,5,Weekday,700,1-Car,No injury/unknown,ANIMAL/OBJECT IN ROADWAY,MCCARTNEY & SO SARE RD,11234
2013,1,4,Weekday,1300,2-Car,Non-incapacitating,LEFT OF CENTER,S CURRY PIKE & WOODLYN,11235
2013,6,1,Weekend,400,1-Car,No injury/unknown,VIEW OBSTRUCTED,S WALNUT ST,11236
2013,9,7,Weekend,1700,2-Car,No injury/unknown,OTHER (DRIVER) - EXPLAIN IN NARRATIVE,S WALNUT ST,11237
2013,9,6,Weekday,1200,2-Car,No injury/unknown,WRONG WAY ON ONE WAY,S WALNUT ST,11238
2013,12,3,Weekday,1600,2-Car,No injury/unknown,BRAKE FAILURE OR DEFECTIVE,LIBERTY & SR45W,11239
2013,11,2,Weekday,2300,1-Car,No injury/unknown,ANIMAL/OBJECT IN ROADWAY,DILLMAN & SR37S,11240
2013,9,2,Weekday,1000,1-Car,No injury/unknown,RAN OFF ROAD RIGHT,ATLEE & WINSTON ST,11241
2013,6,1,Weekend,1000,1-Car,No injury/unknown,RAN OFF ROAD RIGHT,CHURCHILL & WINSTON ST,11242
2013,8,3,Weekday,1700,2-Car,Non-incapacitating,FAILURE TO YIELD RIGHT OF WAY,BLOOMFIELD & LIBERTY DR,11243
2013,4,4,Weekday,1600,2-Car,No injury/unknown,DRIVER DISTRACTED - EXPLAIN IN NARRATIVE,KIRKWOOD & ROGERS ST,11244
2013,4,2,Weekday,1600,2-Car,No injury/unknown,UNSAFE BACKING,S OAKDALE DR,11245
2013,1,3,Weekday,2100,2-Car,Non-incapacitating,FAILURE TO YIELD RIGHT OF WAY,HENDERSON ST,11246
2013,10,6,Weekday,1600,2-Car,No injury/unknown,FAILURE TO YIELD RIGHT OF WAY,HENDERSON ST,11247
2013,7,4,Weekday,1900,2-Car,No injury/unknown,UNSAFE BACKING,MAXWELL ST & TYLERS TURN,11248
2013,7,1,Weekend,300,2-Car,No injury/unknown,RAN OFF ROAD RIGHT,ADAMS ST & ALLEN,11249
2013,11,2,Weekday,700,2-Car,Non-incapacitating,FOLLOWING TOO CLOSELY,SR37N & TAPP,11250
2013,1,7,Weekend,1300,2-Car,No injury/unknown,UNSAFE BACKING,LIBERTY DR,11251
2013,4,1,Weekend,1400,2-Car,No injury/unknown,UNSAFE BACKING,SOUTH LIBERTY DR,11252
2013,3,6,Weekday,700,2-Car,No injury/unknown,UNSAFE BACKING,LIBERTY DR,11253
2013,3,7,Weekend,1500,2-Car,No injury/unknown,UNSAFE BACKING,SOUTH LIBERTY DR,11254
2013,4,2,Weekday,0,Moped/Motorcycle,Non-incapacitating,OVERCORRECTING/OVERSTEERING,S LIBERTY DR,11255
2013,8,7,Weekend,1000,2-Car,No injury/unknown,UNSAFE BACKING,S LIBERTY DR,11256
2013,7,1,Weekend,1500,2-Car,No injury/unknown,UNSAFE BACKING,SOUTH LIBERTY DR,11257
2013,8,6,Weekday,1600,2-Car,No injury/unknown,FOLLOWING TOO CLOSELY,S LIBERTY DR,11258
2013,9,3,Weekday,1600,2-Car,No injury/unknown,UNSAFE BACKING,S LIBERTY DR,11259
2013,10,5,Weekday,1600,2-Car,No injury/unknown,OTHER (VEHICLE) - EXPLAIN IN NARRATIVE,S LIBERTY DR,11260
2013,11,3,Weekday,1000,2-Car,No injury/unknown,FAILURE TO YIELD RIGHT OF WAY,LIBERTY DR,11261
2013,11,3,Weekday,900,2-Car,No injury/unknown,OTHER (DRIVER) - EXPLAIN IN NARRATIVE,LIBERTY DR,11262
2013,12,4,Weekday,1000,2-Car,No injury/unknown,UNSAFE BACKING,LIBERTY DR,11263
2013,12,6,Weekend,2100,2-Car,No injury/unknown,IMPROPER TURNING,LIBERTY DR,11264
2013,7,1,Weekend,300,3+ Cars,No injury/unknown,OTHER (DRIVER) - EXPLAIN IN NARRATIVE,OAKDALE DR,11265
2013,4,7,Weekend,2300,2-Car,No injury/unknown,UNSAFE BACKING,S PECAN LN,11266
2013,1,1,Weekend,1500,2-Car,No injury/unknown,FOLLOWING TOO CLOSELY,LIBERTY DR & SR45,11267
2013,2,1,Weekend,1400,2-Car,No injury/unknown,FAILURE TO YIELD RIGHT OF WAY,LIBERTY & SR45E,11268
2013,3,7,Weekend,1500,2-Car,No injury/unknown,FAILURE TO YIELD RIGHT OF WAY,LIBERTY & SR45W,11269
2013,3,4,Weekday,1400,2-Car,No injury/unknown,OTHER (DRIVER) - EXPLAIN IN NARRATIVE,SOUTH PECAN LN,11270
2013,7,3,Weekday,1400,2-Car,Non-incapacitating,FAILURE TO YIELD RIGHT OF WAY,SAMS CLUB & SR45W,11271
2013,7,6,Weekday,1100,2-Car,No injury/unknown,FOLLOWING TOO CLOSELY,S LIBERTY DR & W 2ND,11272
2013,3,5,Weekday,1000,2-Car,No injury/unknown,FOLLOWING TOO CLOSELY,HICKORY LEAF & STATE ROAD 45 HWY,11273
2013,8,4,Weekday,1100,2-Car,No injury/unknown,FOLLOWING TOO CLOSELY,LIBERTY & SR45W,11274
2013,10,5,Weekday,800,2-Car,No injury/unknown,LEFT OF CENTER,COVENANTER DR & STRATUM,11275
2013,5,4,Weekday,900,2-Car,No injury/unknown,OTHER (DRIVER) - EXPLAIN IN NARRATIVE,EAST NORTH DR,11276
2013,8,4,Weekday,800,2-Car,No injury/unknown,FAILURE TO YIELD RIGHT OF WAY,NORTH & S WALNUT ST,11277
2013,9,7,Weekend,900,2-Car,Non-incapacitating,DRIVER DISTRACTED - EXPLAIN IN NARRATIVE,NORTH & S WALNUT ST,11278
2013,2,3,Weekday,1500,Bus,Non-incapacitating,UNSAFE SPEED,HENDERSON & NORTH DR,11279
2013,7,2,Weekday,1100,2-Car,Non-incapacitating,FAILURE TO YIELD RIGHT OF WAY,HENDERSON ST & NORTH,11280
2013,12,4,Weekday,800,2-Car,No injury/unknown,FAILURE TO YIELD RIGHT OF WAY,S HENDERSON ST & SUMMITVIEW,11281
2013,3,6,Weekend,1900,Bus,Non-incapacitating,RAN OFF ROAD RIGHT,FRIENDSHIP & LAMPKINS RIDGE RD,11282
2013,12,7,Weekend,1800,2-Car,No injury/unknown,FAILURE TO YIELD RIGHT OF WAY,S KNIGHTRIDGE & SR446S,11283
2013,8,6,Weekend,2300,2-Car,Non-incapacitating,FAILURE TO YIELD RIGHT OF WAY,DRIVE TO MILLENNIUM APTS & WEIMER RD,11284
2013,3,3,Weekday,1600,2-Car,No injury/unknown,FAILURE TO YIELD RIGHT OF WAY,INDUSTRIAL & SR45W,11285
2013,9,1,Weekend,1800,2-Car,No injury/unknown,FOLLOWING TOO CLOSELY,CURRY & INDUSTRIAL BLVD,11286
2013,6,7,Weekend,1900,2-Car,No injury/unknown,IMPROPER TURNING,INDUSTRIAL & SR45W,11287
2013,12,5,Weekday,1400,2-Car,No injury/unknown,FAILURE TO YIELD RIGHT OF WAY,INDUSTRIAL & SR45W,11288
2013,7,2,Weekday,1600,3+ Cars,Non-incapacitating,FOLLOWING TOO CLOSELY,S CURRY PIKE & W INDUSTRIAL,11289
2013,7,2,Weekday,1700,2-Car,No injury/unknown,IMPROPER TURNING,INDUSTRIAL & SOUTH CURRY PIKE,11290
2013,11,6,Weekday,800,2-Car,No injury/unknown,UNSAFE BACKING,WEST INDUSTRIAL BLVD,11291
2013,12,4,Weekday,1600,2-Car,No injury/unknown,IMPROPER TURNING,CURRY PIKE & INDUSTRIAL,11292
2013,5,4,Weekday,1700,3+ Cars,Incapacitating,FOLLOWING TOO CLOSELY,SOUTH WEIMER & SR45E,11293
2013,6,7,Weekend,2100,2-Car,No injury/unknown,OTHER (DRIVER) - EXPLAIN IN NARRATIVE,W 2ND ST,11294
2013,11,6,Weekday,1100,2-Car,No injury/unknown,FAILURE TO YIELD RIGHT OF WAY,3RD & LIBERTY DR,11295
2013,11,2,Weekday,1300,2-Car,No injury/unknown,FOLLOWING TOO CLOSELY,LIBERTY DR & W 3RD,11296
2013,11,4,Weekday,1300,3+ Cars,No injury/unknown,FAILURE TO YIELD RIGHT OF WAY,3RD & LIBERTY DR,11297
2013,7,3,Weekday,1300,2-Car,Non-incapacitating,FOLLOWING TOO CLOSELY,THIRD & WALNUT ST,11298
2013,7,3,Weekday,1600,2-Car,No injury/unknown,FOLLOWING TOO CLOSELY,FULLERTON & SR37S,11299