year,month,day,weekend,hour,collision_type,injury_type,primary_factor,reported_location,unique_id
2013,3,5,Weekday,1500,2-Car,No injury/unknown,UNSAFE LANE MOVEMENT,W GORDON LOT 117 PIKE,11728
2013,4,3,Weekday,1700,2-Car,No injury/unknown,UNSAFE BACKING,GORDON PIKE,11729
2013,5,4,Weekday,1500,2-Car,No injury/unknown,DRIVER DISTRACTED - EXPLAIN IN NARRATIVE,GORDON LOT 20 PIKE,11730
2013,8,6,Weekday,700,2-Car,Non-incapacitating,FOLLOWING TOO CLOSELY,OLD ST RD 37 SOUTH RD & RHORER,11731
2013,12,3,Weekday,1600,2-Car,No injury/unknown,FOLLOWING TOO CLOSELY,S WALNUT & W GORDON PIKE,11732
2013,4,4,Weekday,1400,Moped/Motorcycle,Non-incapacitating,OVERCORRECTING/OVERSTEERING,HOOSIER & WALNUT ST,11733
2013,6,7,Weekend,1600,2-Car,No injury/unknown,FOLLOWING TOO CLOSELY,RHORER & SR37S,11734
2013,6,3,Weekday,1600,2-Car,No injury/unknown,UNSAFE BACKING,E MOORES CREEK RD & S STERLING,11735
2013,11,5,Weekday,100,2-Car,No injury/unknown,UNSAFE SPEED,SOUTH OLD 37 HWY,11736
2013,9,5,Weekday,700,2-Car,No injury/unknown,FOLLOWING TOO CLOSELY,PINEWOOD & WALNUT ST,11737
2013,10,5,Weekday,700,2-Car,No injury/unknown,SPEED TOO FAST FOR WEATHER CONDITIONS,RHORER & S WALNUT ST,11738
2013,8,3,Weekday,600,1-Car,No injury/unknown,ANIMAL/OBJECT IN ROADWAY,ELLER & SR45W,11739
2013,1,4,Weekday,800,2-Car,No injury/unknown,FOLLOWING TOO CLOSELY,SOUTH & WALNUT ST,11740
2013,4,5,Weekday,700,2-Car,Non-incapacitating,FOLLOWING TOO CLOSELY,SOUTH & WALNUT ST,11741
2013,9,7,Weekend,1000,1-Car,No injury/unknown,RAN OFF ROAD RIGHT,E BRYN MAWR & SNODDY RD,11742
2013,3,4,Weekday,700,1-Car,Non-incapacitating,ROADWAY SURFACE CONDITION,E BRYN MAWR & SNODDY RD,11743
2013,5,7,Weekend,900,1-Car,No injury/unknown,RAN OFF ROAD RIGHT,DUNLAP & SR45W,11744
2013,7,5,Weekday,800,2-Car,No injury/unknown,FOLLOWING TOO CLOSELY,DUNLAP RD & SR45W,11745
2013,11,6,Weekday,1500,2-Car,No injury/unknown,UNSAFE LANE MOVEMENT,DUNLAP & SR45W,11746
2013,2,6,Weekday,1800,1-Car,No injury/unknown,RAN OFF ROAD RIGHT,S ORCHARD LN,11747
2013,4,3,Weekday,1200,2-Car,No injury/unknown,BRAKE FAILURE OR DEFECTIVE,S OLD ST RD 37 RD & S ORCHARD,11748
2013,7,3,Weekday,900,2-Car,No injury/unknown,LEFT OF CENTER,DUNLAP & SR45W,11749
2013,10,1,Weekend,1300,2-Car,No injury/unknown,FOLLOWING TOO CLOSELY,2ND & SR37S,11750
2013,12,6,Weekday,200,2-Car,No injury/unknown,UNSAFE BACKING,JUDEE DR,11751
2013,8,1,Weekday,2300,2-Car,No injury/unknown,OTHER (VEHICLE) - EXPLAIN IN NARRATIVE,HOLLAND DR,11752
2013,7,6,Weekday,200,2-Car,No injury/unknown,LEFT OF CENTER,GARRISON CHAPLE & SR48W,11753
2013,7,4,Weekday,500,1-Car,No injury/unknown,RAN OFF ROAD RIGHT,FULLERTON & SR37S,11754
2013,12,7,Weekend,1700,2-Car,No injury/unknown,UNSAFE LANE MOVEMENT,S ROCKPORT & SR37S,11755
2013,6,4,Weekday,1300,2-Car,No injury/unknown,FAILURE TO YIELD RIGHT OF WAY,ROCKPORT & SR37,11756
2013,9,4,Weekday,1600,2-Car,No injury/unknown,FAILURE TO YIELD RIGHT OF WAY,ROCKPORT & SR37,11757
2013,6,7,Weekend,1700,1-Car,No injury/unknown,ROADWAY SURFACE CONDITION,ROCKPORT & SR37S,11758
2013,7,6,Weekday,600,1-Car,Incapacitating,RAN OFF ROAD RIGHT,S GARRISON CHAPPEL RD,11759
2013,1,6,Weekday,900,2-Car,No injury/unknown,SPEED TOO FAST FOR WEATHER CONDITIONS,DANIELS WAY & ZENITH,11760
2013,11,2,Weekday,1100,2-Car,Non-incapacitating,FAILURE TO YIELD RIGHT OF WAY,GORDAN PIKE,11761
2013,9,7,Weekend,1800,2-Car,No injury/unknown,DRIVER DISTRACTED - EXPLAIN IN NARRATIVE,GORDON PIKE LOT 11 PIKE,11762
2013,2,5,Weekday,1300,1-Car,No injury/unknown,RAN OFF ROAD RIGHT,LEONARD SPRINGS RD & SIMS,11763
2013,12,5,Weekday,2300,1-Car,No injury/unknown,SPEED TOO FAST FOR WEATHER CONDITIONS,7TH & JORDAN AVE,11764
2013,4,2,Weekday,1800,2-Car,No injury/unknown,FAILURE TO YIELD RIGHT OF WAY,SR37S & THAT RD,11765
2013,4,2,Weekday,900,2-Car,Non-incapacitating,FOLLOWING TOO CLOSELY,SR37 & THAT RD,11766
2013,5,1,Weekend,1600,1-Car,No injury/unknown,SPEED TOO FAST FOR WEATHER CONDITIONS,SR37S & W THAT RD,11767
2013,11,6,Weekday,500,1-Car,No injury/unknown,ANIMAL/OBJECT IN ROADWAY,SR37S & THAT,11768
2013,11,6,Weekday,1700,2-Car,No injury/unknown,FAILURE TO YIELD RIGHT OF WAY,SR37S & THAT,11769
2013,12,6,Weekday,700,1-Car,No injury/unknown,ANIMAL/OBJECT IN ROADWAY,SR37S & THAT,11770
2013,7,6,Weekday,800,1-Car,No injury/unknown,ANIMAL/OBJECT IN ROADWAY,SR37 & TAPP,11771
2013,8,2,Weekday,1600,2-Car,No injury/unknown,UNSAFE LANE MOVEMENT,SR37 & THAT,11772
2013,10,2,Weekday,1700,2-Car,No injury/unknown,FOLLOWING TOO CLOSELY,DUNLAP & SR45W,11773
2013,7,7,Weekend,1600,2-Car,No injury/unknown,FOLLOWING TOO CLOSELY,DUNLAP & SR45W,11774
2013,3,5,Weekday,600,1-Car,Non-incapacitating,RAN OFF ROAD RIGHT,SR37S & THAT,11775
2013,9,4,Weekday,1500,2-Car,No injury/unknown,UNSAFE SPEED,SR45W & W DINSMORE,11776
2013,12,7,Weekend,1000,1-Car,No injury/unknown,ROADWAY SURFACE CONDITION,HUGHES & MOORES CREEK RD,11777
2013,11,6,Weekday,600,2-Car,No injury/unknown,SPEED TOO FAST FOR WEATHER CONDITIONS,PATRICIA & THAT RD,11778
2013,8,7,Weekend,1600,1-Car,Non-incapacitating,LEFT OF CENTER,DINSMORE & SR45W,11779
2013,5,6,Weekday,800,2-Car,No injury/unknown,OTHER (DRIVER) - EXPLAIN IN NARRATIVE,WALNUT ST & WINSLOW,11780
2013,1,5,Weekday,2100,1-Car,No injury/unknown,SPEED TOO FAST FOR WEATHER CONDITIONS,ROY BAILEY & THAT RD,11781
2013,8,3,Weekday,1400,2-Car,No injury/unknown,FAILURE TO YIELD RIGHT OF WAY,ROGERS & THAT RD,11782
2013,6,7,Weekend,2000,1-Car,Incapacitating,ANIMAL/OBJECT IN ROADWAY,SR37S & THAT,11783
2013,8,4,Weekday,2200,1-Car,No injury/unknown,RAN OFF ROAD RIGHT,HOLLY & PINE GROVE RD,11784
2013,8,6,Weekday,800,1-Car,No injury/unknown,BRAKE FAILURE OR DEFECTIVE,HOLLY & PINEGROVE RD,11785
2013,8,4,Weekday,700,3+ Cars,No injury/unknown,FOLLOWING TOO CLOSELY,ISON & SR45N,11786
2013,11,1,Weekend,600,1-Car,No injury/unknown,ANIMAL/OBJECT IN ROADWAY,CROSSOVER & SR45W,11787
2013,9,2,Weekday,1500,Bus,No injury/unknown,IMPROPER TURNING,ELWREN & WEST ELWREN RD,11788
2013,1,5,Weekday,2200,1-Car,No injury/unknown,UNSAFE SPEED,GARRISON CHAPEL & SR45S,11789
2013,11,3,Weekday,1000,2-Car,No injury/unknown,RAN OFF ROAD RIGHT,S ROGERS STREET ST,11790
2013,7,1,Weekend,1100,1-Car,No injury/unknown,ANIMAL/OBJECT IN ROADWAY,GARRISON CHAPEL & SR45W,11791
2013,6,5,Weekday,1400,2-Car,No injury/unknown,FAILURE TO YIELD RIGHT OF WAY,LIBERTY DR & WEST THIRD,11792
2013,3,7,Weekend,900,2-Car,No injury/unknown,IMPROPER LANE USAGE,COLLEGE AVE & THIRD,11793
2013,2,6,Weekday,1600,2-Car,No injury/unknown,UNSAFE LANE MOVEMENT,W CLEAR CREEK DR,11794
2013,7,5,Weekday,1700,2-Car,No injury/unknown,FAILURE TO YIELD RIGHT OF WAY,HARMONY & SR45W,11795
2013,12,2,Weekday,500,1-Car,No injury/unknown,ANIMAL/OBJECT IN ROADWAY,SOUTH HARMONY & SR45W,11796
2013,3,7,Weekend,700,1-Car,No injury/unknown,ANIMAL/OBJECT IN ROADWAY,OAK RIDGE & SR446S,11797
2013,4,5,Weekday,1500,2-Car,No injury/unknown,FOLLOWING TOO CLOSELY,PINEWOOD & WALNUT ST,11798
2013,6,7,Weekend,1500,2-Car,Non-incapacitating,RAN OFF ROAD RIGHT,4720 OLD STATE RD 37 RD & WAYSIDE,11799
2013,5,4,Weekday,1700,3+ Cars,No injury/unknown,FOLLOWING TOO CLOSELY,SOUTH & WALNUT ST,11800
2013,10,3,Weekday,2300,1-Car,No injury/unknown,RAN OFF ROAD RIGHT,HARMONY & ISON RD,11801
2013,8,3,Weekday,1700,2-Car,No injury/unknown,UNSAFE BACKING,OLD STATE ROAD 37 SOUTH RD,11802
2013,3,7,Weekend,600,2-Car,No injury/unknown,FAILURE TO YIELD RIGHT OF WAY,HARRELL RD & SCHACHT,11803
2013,11,5,Weekday,2100,3+ Cars,Non-incapacitating,UNSAFE SPEED,ISON RD & TOWER,11804
2013,2,6,Weekday,1100,2-Car,Non-incapacitating,SPEED TOO FAST FOR WEATHER CONDITIONS,ELWREN & SR45,11805
2013,9,6,Weekday,700,Bus,No injury/unknown,UNSAFE BACKING,W CHURCH LN,11806
2013,6,7,Weekend,200,1-Car,Non-incapacitating,RAN OFF ROAD RIGHT,CHURCH LN & VICTOR,11807
2013,4,2,Weekday,700,Bus,No injury/unknown,FAILURE TO YIELD RIGHT OF WAY,WALNUT ST & WALNUT STREET,11808
2013,5,3,Weekday,1600,2-Car,No injury/unknown,FAILURE TO YIELD RIGHT OF WAY,WALNUT & WALNUT ST,11809
2013,11,4,Weekday,800,2-Car,No injury/unknown,FAILURE TO YIELD RIGHT OF WAY,S WALNUT ST & WALNUT,11810
2013,11,7,Weekend,900,2-Car,Non-incapacitating,FOLLOWING TOO CLOSELY,WALNUT & WALNUT STREET PIKE,11811
2013,2,4,Weekday,100,1-Car,No injury/unknown,RAN OFF ROAD RIGHT,CHURCH LN & COLLEGE,11812
2013,3,6,Weekday,1800,1-Car,No injury/unknown,RAN OFF ROAD RIGHT,CHURCH LN & WALNUT,11813
2013,11,2,Weekday,700,2-Car,No injury/unknown,UNSAFE BACKING,FAIRFAX & SOUTH OLD STATE ROAD 37 RD,11814
2013,10,3,Weekday,700,1-Car,Incapacitating,RAN OFF ROAD RIGHT,FAIRFAX RD & S WALNUT ST,11815
2013,2,7,Weekend,1600,1-Car,No injury/unknown,RAN OFF ROAD RIGHT,FAIRFAX RD & WALNUT STREET,11816
2013,7,6,Weekday,1800,3+ Cars,No injury/unknown,UNSAFE LANE MOVEMENT,S FAIRFAX RD & S WALNUT STREET,11817
2013,1,5,Weekday,600,2-Car,No injury/unknown,ANIMAL/OBJECT IN ROADWAY,S ROCKPORT RD & W HENNESEY,11818
2013,1,5,Weekday,1800,2-Car,No injury/unknown,LEFT OF CENTER,E SCHACT & S FAIRFAX RD,11819
2013,11,3,Weekday,1100,1-Car,No injury/unknown,OVERCORRECTING/OVERSTEERING,E SCHACT ROAD & S FAIRFAX ROAD RD,11820
2013,4,7,Weekend,2000,2-Car,No injury/unknown,IMPROPER TURNING,W ARCH HAVEN BLVD,11821
2013,3,6,Weekday,900,2-Car,No injury/unknown,UNSAFE BACKING,S VICTOR PIKE,11822
2013,12,4,Weekday,400,3+ Cars,Non-incapacitating,FOLLOWING TOO CLOSELY,S VICTOR & SR37S,11823
2013,11,4,Weekday,1000,2-Car,No injury/unknown,ANIMAL/OBJECT IN ROADWAY,6100 SOUTH FAIRFAX RD & DILLMAN,11824
2013,2,5,Weekday,1800,2-Car,No injury/unknown,SPEED TOO FAST FOR WEATHER CONDITIONS,SR37 & VICTOR,11825
2013,5,6,Weekday,1100,1-Car,Non-incapacitating,OTHER (DRIVER) - EXPLAIN IN NARRATIVE,FAIRFAX RD & MARIE,11826
2013,4,7,Weekend,2100,2-Car,No injury/unknown,FAILURE TO YIELD RIGHT OF WAY,SR37 & VICTOR,11827
2013,4,3,Weekday,1600,2-Car,No injury/unknown,DISREGARD SIGNAL/REG SIGN,SR37 & VICTOR,11828
2013,4,3,Weekday,1700,2-Car,No injury/unknown,FOLLOWING TOO CLOSELY,SR37S & VICTOR,11829
2013,10,5,Weekday,700,2-Car,Incapacitating,FAILURE TO YIELD RIGHT OF WAY,SR37S & VICTOR,11830
2013,12,6,Weekday,1500,2-Car,No injury/unknown,SPEED TOO FAST FOR WEATHER CONDITIONS,SR37N & VICTOR,11831
2013,9,1,Weekend,0,1-Car,No injury/unknown,ANIMAL/OBJECT IN ROADWAY,ISON RD & TOWER,11832
2013,6,5,Weekday,600,1-Car,No injury/unknown,ANIMAL/OBJECT IN ROADWAY,SR37S & TAPP,11833
2013,2,1,Weekend,700,2-Car,No injury/unknown,FOLLOWING TOO CLOSELY,GREEN COUNTY LINE & SR45W,11834
2013,7,2,Weekday,1600,1-Car,No injury/unknown,DRIVER ASLEEP OR FATIGUED,GREEN COUNTY LINE & SR45W,11835
2013,9,1,Weekend,1200,2-Car,Non-incapacitating,UNSAFE LANE MOVEMENT,PINE GROVE & SR446S,11836
2013,8,4,Weekday,1600,1-Car,No injury/unknown,IMPROPER TURNING,COMMERCIAL ST,11837
2013,12,6,Weekday,1800,1-Car,No injury/unknown,OTHER (ENVIRONMENTAL) - EXPLAIN IN NARR,SR37N & VICTOR PIKE,11838
2013,1,5,Weekday,1800,2-Car,No injury/unknown,ROADWAY SURFACE CONDITION,BRENNICK & SR45W,11839
2013,7,2,Weekday,900,3+ Cars,Incapacitating,LEFT OF CENTER,BRENNWICK ROAD & SR45W,11840
2013,7,2,Weekday,900,1-Car,No injury/unknown,RAN OFF ROAD RIGHT,BRENNICK ROAD & SR45W,11841
2013,10,1,Weekend,1100,3+ Cars,Non-incapacitating,FOLLOWING TOO CLOSELY,BRENNICK & SR7950S,11842
2013,11,1,Weekend,1200,1-Car,No injury/unknown,RAN OFF ROAD RIGHT,S STATE ROUTE 37 & VICTOR PIKE,11843
2013,2,2,Weekday,1300,1-Car,No injury/unknown,ANIMAL/OBJECT IN ROADWAY,HINDS & SR45W,11844
2013,5,5,Weekday,1800,Moped/Motorcycle,Non-incapacitating,RAN OFF ROAD RIGHT,MESSA & STIPP RD,11845
2013,12,7,Weekend,1300,2-Car,Non-incapacitating,LEFT OF CENTER,EAST MOFFET LANE RD & S FAIRFAX,11846
2013,3,3,Weekday,600,1-Car,No injury/unknown,SPEED TOO FAST FOR WEATHER CONDITIONS,OLD STATE 37 RD & ROGERS,11847
2013,3,3,Weekday,600,1-Car,Non-incapacitating,SPEED TOO FAST FOR WEATHER CONDITIONS,OLD STATE 37 RD & ROGERS,11848
2013,5,2,Weekday,1700,2-Car,No injury/unknown,FAILURE TO YIELD RIGHT OF WAY,HINDS RD & SR45W,11849
2013,5,4,Weekday,700,2-Car,No injury/unknown,FAILURE TO YIELD RIGHT OF WAY,HINDS & SR45W,11850
2013,6,1,Weekend,1600,1-Car,No injury/unknown,OTHER (ENVIRONMENTAL) - EXPLAIN IN NARR,EMPIRE MILL & S OLD ST RD 37 RD,11851
2013,1,4,Weekday,1400,2-Car,No injury/unknown,DRIVER DISTRACTED - EXPLAIN IN NARRATIVE,BOLIN & ROCKPORT RD,11852
2013,1,3,Weekday,700,2-Car,No injury/unknown,FOLLOWING TOO CLOSELY,FAIRFAX & OLD STATE ROAD 37 RD,11853
2013,9,1,Weekend,1400,2-Car,No injury/unknown,FOLLOWING TOO CLOSELY,S OLD 37 HWY & W CHURCH,11854
2013,4,7,Weekend,2000,1-Car,No injury/unknown,ANIMAL/OBJECT IN ROADWAY,HUNTINGTON DR & THORNTON,11855
2013,5,5,Weekday,600,1-Car,No injury/unknown,ANIMAL/OBJECT IN ROADWAY,FULLERTON & SR37S,11856
2013,12,2,Weekday,500,2-Car,No injury/unknown,ROADWAY SURFACE CONDITION,SR37N & WEST DILLMAN,11857
2013,12,2,Weekday,600,1-Car,No injury/unknown,ROADWAY SURFACE CONDITION,SR37N & W DILLMAN,11858
2013,2,2,Weekday,600,2-Car,Non-incapacitating,FAILURE TO YIELD RIGHT OF WAY,EMPIRE & OLD ST RD 37 RD,11859
2013,8,4,Weekday,800,1-Car,No injury/unknown,DRIVER DISTRACTED - EXPLAIN IN NARRATIVE,MAY & ROCKPORT RD,11860
2013,6,4,Weekday,900,2-Car,Non-incapacitating,DISREGARD SIGNAL/REG SIGN,SR37S & VICTOR,11861
2013,7,1,Weekend,1000,Moped/Motorcycle,Non-incapacitating,FOLLOWING TOO CLOSELY,SR37S & VICTOR,11862
2013,9,1,Weekend,1800,2-Car,No injury/unknown,FOLLOWING TOO CLOSELY,FISCUS & HANDY RD,11863
2013,10,5,Weekday,1400,2-Car,No injury/unknown,SPEED TOO FAST FOR WEATHER CONDITIONS,HINDS & SR45,11864
2013,7,2,Weekday,100,2-Car,No injury/unknown,UNSAFE BACKING,S HARMONY & W MAY RD,11865
2013,4,3,Weekday,1600,2-Car,No injury/unknown,FAILURE TO YIELD RIGHT OF WAY,SR45E,11866
2013,12,3,Weekday,1700,1-Car,No injury/unknown,RAN OFF ROAD RIGHT,WEST MAY RD,11867
2013,12,3,Weekday,400,1-Car,Non-incapacitating,ANIMAL/OBJECT IN ROADWAY,DILLMAN & SR37N,11868
2013,1,5,Weekday,1900,2-Car,No injury/unknown,FAILURE TO YIELD RIGHT OF WAY,DILLMAN & SR37S,11869
2013,6,7,Weekend,2000,1-Car,No injury/unknown,ANIMAL/OBJECT IN ROADWAY,PAYNETOWN & SR446S,11870
2013,7,4,Weekday,1900,2-Car,Non-incapacitating,FAILURE TO YIELD RIGHT OF WAY,DILLMAN & SR37S,11871
2013,6,2,Weekday,1900,2-Car,No injury/unknown,FAILURE TO YIELD RIGHT OF WAY,DILLMAN & WALNUT ST,11872
2013,8,6,Weekend,2000,2-Car,No injury/unknown,FAILURE TO YIELD RIGHT OF WAY,DILLMAN & SR37S,11873
2013,7,6,Weekend,2000,2-Car,No injury/unknown,FAILURE TO YIELD RIGHT OF WAY,DILLMAN RD & WALNUT,11874
2013,5,6,Weekday,900,2-Car,No injury/unknown,FAILURE TO YIELD RIGHT OF WAY,DILLMAN RD & OLD 37 SOUTH,11875
2013,6,4,Weekday,1600,2-Car,Non-incapacitating,FAILURE TO YIELD RIGHT OF WAY,DILLMAN & SOUTH OLD STATE ROAD 37 RD,11876
2013,5,6,Weekend,2200,2-Car,Non-incapacitating,FAILURE TO YIELD RIGHT OF WAY,DILLMAN & OLD STATE ROAD 37 SOUTH RD,11877
2013,12,6,Weekday,700,1-Car,No injury/unknown,ANIMAL/OBJECT IN ROADWAY,DILLMAN & FAIRFAX RD,11878
2013,1,3,Weekday,1700,1-Car,No injury/unknown,RAN OFF ROAD RIGHT,FAIRFAX RD & HUPP,11879
2013,9,3,Weekday,700,2-Car,No injury/unknown,FAILURE TO YIELD RIGHT OF WAY,E DILLMAN RD,11880
2013,12,6,Weekday,800,1-Car,No injury/unknown,RAN OFF ROAD RIGHT,RUSH RIDGE RD & SR446S,11881
2013,9,5,Weekday,800,2-Car,No injury/unknown,FOLLOWING TOO CLOSELY,ALLEN & PATTERSON ST,11882
2013,7,7,Weekend,2000,2-Car,No injury/unknown,FAILURE TO YIELD RIGHT OF WAY,PAYNETOWN & SR446S,11883
2013,12,1,Weekend,300,1-Car,Non-incapacitating,RAN OFF ROAD RIGHT,BURCH & SR45W,11884
2013,4,6,Weekday,1700,1-Car,Non-incapacitating,OVERCORRECTING/OVERSTEERING,2851 NORTH OLD SR 37 RD & CLUBHOUSE,11885
2013,6,4,Weekday,1600,2-Car,No injury/unknown,FAILURE TO YIELD RIGHT OF WAY,LIBERTY DR & W THIRD,11886
2013,11,7,Weekend,800,1-Car,No injury/unknown,ANIMAL/OBJECT IN ROADWAY,FULLERTON & SR37S,11887
2013,5,5,Weekday,1100,2-Car,No injury/unknown,OTHER (DRIVER) - EXPLAIN IN NARRATIVE,SR37S & VICTOR,11888
2013,8,4,Weekday,1300,2-Car,Non-incapacitating,FAILURE TO YIELD RIGHT OF WAY,SR45W & STANFORD,11889
2013,3,7,Weekend,0,1-Car,No injury/unknown,RAN OFF ROAD RIGHT,S HANDY RD,11890
2013,8,2,Weekday,1500,2-Car,No injury/unknown,UNSAFE BACKING,BURCH RD & SR45,11891
2013,8,6,Weekday,100,1-Car,No injury/unknown,ANIMAL/OBJECT IN ROADWAY,BIRCH & SR45,11892
2013,9,7,Weekend,1900,2-Car,No injury/unknown,WRONG WAY ON ONE WAY,PAYNETOWN RD,11893
2013,9,3,Weekday,1500,2-Car,No injury/unknown,FOLLOWING TOO CLOSELY,BURCH & SR45W,11894
2013,5,4,Weekday,1000,2-Car,No injury/unknown,FAILURE TO YIELD RIGHT OF WAY,S CENTER & W CENTER ST,11895
2013,2,2,Weekday,1400,2-Car,No injury/unknown,FOLLOWING TOO CLOSELY,LEONARD SPRINGS RD & STATE ROAD 45,11896
2013,11,3,Weekday,1800,3+ Cars,Fatal,LEFT OF CENTER,BREEDEN & SR45,11897
2013,12,1,Weekend,1100,1-Car,Non-incapacitating,ROADWAY SURFACE CONDITION,S BREEDEN & SR45W,11898
2013,9,1,Weekend,0,1-Car,No injury/unknown,RAN OFF ROAD RIGHT,BOLIN & ROCKPORT RD,11899
2013,8,4,Weekday,1800,1-Car,No injury/unknown,RAN OFF ROAD RIGHT,W SPARKS RD,11900
2013,1,5,Weekday,2100,2-Car,No injury/unknown,ROADWAY SURFACE CONDITION,BREEDEN & SR45W,11901
2013,7,3,Weekday,100,2-Car,Non-incapacitating,LEFT OF CENTER,BREEDEN & SR45W,11902
2013,12,7,Weekend,800,1-Car,No injury/unknown,RAN OFF ROAD RIGHT,8000 BLOCK WEST SR 45 RD & STANFORD,11903
2013,9,7,Weekend,1900,3+ Cars,No injury/unknown,FOLLOWING TOO CLOSELY,BREEDEN & SR45,11904
2013,12,7,Weekend,500,1-Car,No injury/unknown,OVERCORRECTING/OVERSTEERING,SR45W & STARKS,11905
2013,12,5,Weekday,1100,1-Car,Incapacitating,RAN OFF ROAD RIGHT,COUNTY LINE & SR45W,11906
2013,1,6,Weekday,800,2-Car,No injury/unknown,DISREGARD SIGNAL/REG SIGN,OLD STATE ROAD 37 & SR37S,11907
2013,10,5,Weekday,1700,2-Car,No injury/unknown,FOLLOWING TOO CLOSELY,OLD STATE ROAD 37 & SR37S,11908
2013,8,7,Weekend,1800,2-Car,No injury/unknown,UNSAFE SPEED,SR37 & WALNUT,11909
2013,7,4,Weekday,700,3+ Cars,Non-incapacitating,FOLLOWING TOO CLOSELY,OLD SR37S & SR37N,11910
2013,12,3,Weekday,1700,3+ Cars,No injury/unknown,FOLLOWING TOO CLOSELY,S OLD STATE ROAD 37 & SR37S,11911
2013,4,2,Weekday,1000,2-Car,No injury/unknown,FAILURE TO YIELD RIGHT OF WAY,BLOOMFIELD & SR37N,11912
2013,10,3,Weekday,1800,1-Car,No injury/unknown,UNSAFE SPEED,RUSH RIDGE & SR446S,11913
2013,5,2,Weekday,2100,1-Car,No injury/unknown,ANIMAL/OBJECT IN ROADWAY,SOUTH OLD STATE ROAD 37 & SR37S,11914
2013,11,6,Weekday,700,1-Car,No injury/unknown,DRIVER ASLEEP OR FATIGUED,DUVALL RD,11915
2013,9,4,Weekday,700,2-Car,No injury/unknown,FOLLOWING TOO CLOSELY,ROGERS & SARE RD,11916
2013,3,3,Weekday,2000,1-Car,No injury/unknown,ANIMAL/OBJECT IN ROADWAY,FAIRFAX RD & LEISURE,11917
2013,7,5,Weekday,200,1-Car,No injury/unknown,ANIMAL/OBJECT IN ROADWAY,37 & SR37S,11918
2013,11,5,Weekday,1800,1-Car,No injury/unknown,ANIMAL/OBJECT IN ROADWAY,E FLEENER RD & E HASH,11919
2013,11,3,Weekday,700,1-Car,No injury/unknown,ANIMAL/OBJECT IN ROADWAY,OLD STATE ROAD 37 & SR37S,11920
2013,2,5,Weekday,2300,1-Car,No injury/unknown,RAN OFF ROAD RIGHT,KOONTZ RD & S HARMONY,11921
2013,12,7,Weekend,600,1-Car,No injury/unknown,ROADWAY SURFACE CONDITION,LODGE & ROCKPORT RD,11922
2013,5,6,Weekday,1200,1-Car,No injury/unknown,RAN OFF ROAD RIGHT,LODGE & ROCKPORT RD,11923
2013,5,6,Weekday,1200,3+ Cars,No injury/unknown,FOLLOWING TOO CLOSELY,LEONARD SPRINGS RD & STATE ROAD 45,11924
2013,12,5,Weekday,1200,2-Car,Non-incapacitating,IMPROPER TURNING,CONSTITUTION & LIBERTY DR,11925
2013,11,2,Weekday,0,1-Car,Non-incapacitating,RAN OFF ROAD RIGHT,FLUCKMILL & VICTOR PIKE,11926
2013,3,1,Weekend,1500,2-Car,No injury/unknown,VIEW OBSTRUCTED,RAMP CREEK & S SHIELDS RDG,11927
2013,1,5,Weekday,2000,2-Car,No injury/unknown,LEFT OF CENTER,ALEXIS & FAIRFAX RD,11928
2013,1,4,Weekday,800,1-Car,No injury/unknown,RAN OFF ROAD RIGHT,HENNESSEY & ROCKPORT RD,11929
2013,11,6,Weekday,700,Bus,No injury/unknown,OTHER (DRIVER) - EXPLAIN IN NARRATIVE,ROCKPORT RD & W EVANS,11930
2013,10,5,Weekday,1800,1-Car,Non-incapacitating,SPEED TOO FAST FOR WEATHER CONDITIONS,CHURCH & RAMP CREEK RD,11931
2013,10,5,Weekday,1300,2-Car,Non-incapacitating,FAILURE TO YIELD RIGHT OF WAY,S SHIELDS RIDGE RD,11932
2013,8,5,Weekday,2000,1-Car,No injury/unknown,ANIMAL/OBJECT IN ROADWAY,EVANS & S ROCKPORT RD,11933
2013,2,7,Weekend,800,1-Car,No injury/unknown,SPEED TOO FAST FOR WEATHER CONDITIONS,ROCKPORT RD & TRAMWAY,11934
2013,8,4,Weekday,1700,Moped/Motorcycle,No injury/unknown,OTHER (DRIVER) - EXPLAIN IN NARRATIVE,METTATHA DRIVE DR,11935
2013,4,1,Weekday,1900,1-Car,No injury/unknown,ANIMAL/OBJECT IN ROADWAY,KETCHAM & SR37S,11936
2013,5,5,Weekday,1500,2-Car,No injury/unknown,SPEED TOO FAST FOR WEATHER CONDITIONS,SR37N & VERNAL,11937
2013,9,3,Weekday,1900,2-Car,Non-incapacitating,FAILURE TO YIELD RIGHT OF WAY,S FAIRFAX RD & SMITHVILLE,11938
2013,5,6,Weekday,1200,2-Car,No injury/unknown,FAILURE TO YIELD RIGHT OF WAY,FAIRFAX & RAMP CREEK RD RD,11939
2013,1,5,Weekday,2200,2-Car,No injury/unknown,RAN OFF ROAD RIGHT,SMITHVILLE RD & ZIKES,11940
2013,1,5,Weekday,2200,1-Car,No injury/unknown,RAN OFF ROAD RIGHT,E SMITHVILLE RD & ZIKES,11941
2013,12,2,Weekday,1600,1-Car,No injury/unknown,RAN OFF ROAD RIGHT,S STRAIN RIDGE RD,11942