year,month,day,weekend,hour,collision_type,injury_type,primary_factor,reported_location,unique_id
2012,12,2,Weekday,1300,1-Car,No injury/unknown,RAN OFF ROAD RIGHT,BARBARA & W MAPLE GROVE RD,12363
2012,9,7,Weekend,1600,2-Car,No injury/unknown,DRIVER DISTRACTED - EXPLAIN IN NARRATIVE,REDHILL & SR46W,12364
2012,2,1,Weekend,1200,1-Car,Non-incapacitating,RAN OFF ROAD RIGHT,N MATTHEWS DR & W MAPLE GROVE,12365
2012,6,5,Weekday,1600,Cyclist,Non-incapacitating,IMPROPER TURNING,MAPLE GROVE RD & RIDGEWAY,12366
2012,12,1,Weekend,0,2-Car,No injury/unknown,SPEED TOO FAST FOR WEATHER CONDITIONS,ALLENS CREEK & SR446S,12367
2012,9,6,Weekday,1500,2-Car,No injury/unknown,OTHER (DRIVER) - EXPLAIN IN NARRATIVE,CONNAUGHT & SR37N,12368
2012,12,3,Weekday,1400,1-Car,No injury/unknown,FOLLOWING TOO CLOSELY,CONNAUGHT & SR37N,12369
2012,6,7,Weekend,1900,2-Car,No injury/unknown,LEFT OF CENTER,FAIRFAX RD & POINTE,12370
2012,4,1,Weekday,2000,2-Car,No injury/unknown,FOLLOWING TOO CLOSELY,BUSINESS OLD STATE ROAD 37 HWY & NORTH OLD STATE ROAD 37,12371
2012,8,6,Weekend,2100,1-Car,No injury/unknown,ANIMAL/OBJECT IN ROADWAY,KNIGHTRIDGE & SR446 RD,12372
2012,6,2,Weekday,1300,2-Car,No injury/unknown,UNSAFE BACKING,HOLLY & PERRY DR,12373
2012,5,7,Weekend,1600,Moped/Motorcycle,Non-incapacitating,RAN OFF ROAD RIGHT,RICHARDSON & SR45E,12374
2012,10,1,Weekend,100,1-Car,No injury/unknown,RAN OFF ROAD RIGHT,N RICHARDSON & SR45E,12375
2012,10,5,Weekday,1100,Moped/Motorcycle,Non-incapacitating,RAN OFF ROAD RIGHT,RICHARDSON & SR45E,12376
2012,6,2,Weekday,1000,2-Car,No injury/unknown,SPEED TOO FAST FOR WEATHER CONDITIONS,BOLTINGHOUSE RD & OLD 37 NORTH STATE,12377
2012,12,2,Weekday,500,1-Car,No injury/unknown,RAN OFF ROAD RIGHT,HARTSTRAIT RD & W VERNAL,12378
2012,6,7,Weekend,500,1-Car,No injury/unknown,RAN OFF ROAD RIGHT,SR45 & SR45N,12379
2012,7,5,Weekday,1700,2-Car,No injury/unknown,UNSAFE BACKING,CEDAR & POPLAR DR,12380
2012,1,2,Weekday,1700,2-Car,No injury/unknown,ROADWAY SURFACE CONDITION,MCNEELY ST & UNION VALLEY,12381
2012,5,7,Weekend,1800,Moped/Motorcycle,Non-incapacitating,ROADWAY SURFACE CONDITION,N UNION VALLEY & W MCNEELY ST,12382
2012,3,2,Weekday,1600,Bus,No injury/unknown,UNSAFE BACKING,ALLEN & KELLI ST,12383
2012,1,1,Weekend,1400,1-Car,No injury/unknown,RAN OFF ROAD RIGHT,BOTTOM & WOODALL RD,12384
2012,3,3,Weekday,700,2-Car,No injury/unknown,UNSAFE BACKING,SOUTH EDGEWOOD DR,12385
2012,5,2,Weekday,1900,Bus,No injury/unknown,UNSAFE BACKING,EDGEWOOD DR,12386
2012,6,7,Weekend,1200,2-Car,No injury/unknown,UNSAFE BACKING,S EDGEWOOD DR,12387
2012,11,1,Weekend,1500,Moped/Motorcycle,Incapacitating,OTHER (DRIVER) - EXPLAIN IN NARRATIVE,EDGEWOOD DR DR,12388
2012,6,1,Weekend,1800,2-Car,No injury/unknown,UNSAFE LANE MOVEMENT,SR37 & SR46E,12389
2012,1,2,Weekday,500,2-Car,No injury/unknown,OTHER (DRIVER) - EXPLAIN IN NARRATIVE,MAIN ST & MATTHEWS,12390
2012,1,3,Weekday,1700,2-Car,No injury/unknown,DISREGARD SIGNAL/REG SIGN,MAIN ST & MATTHEWS,12391
2012,11,6,Weekend,1900,1-Car,No injury/unknown,RAN OFF ROAD RIGHT,ALFRED & MT TABOR RDS,12392
2012,8,4,Weekday,1500,1-Car,Non-incapacitating,STEERING FAILURE,ASSOCIATION ST & S EDGEWOOD DRIVE DR,12393
2012,3,6,Weekday,0,2-Car,No injury/unknown,UNSAFE BACKING,VINE ST,12394
2012,3,6,Weekend,2200,2-Car,Non-incapacitating,FOLLOWING TOO CLOSELY,MAIN & SALE ST,12395
2012,7,7,Weekend,1000,2-Car,No injury/unknown,FAILURE TO YIELD RIGHT OF WAY,SALE & SR46W,12396
2012,2,7,Weekend,1200,2-Car,Non-incapacitating,DISREGARD SIGNAL/REG SIGN,MATTHEWS & SR46W,12397
2012,12,2,Weekday,1500,2-Car,No injury/unknown,FAILURE TO YIELD RIGHT OF WAY,MATTHEWS & SR46W,12398
2012,8,5,Weekday,2000,2-Car,No injury/unknown,DRIVER DISTRACTED - EXPLAIN IN NARRATIVE,SALE & VINE ST,12399
2012,12,7,Weekend,1900,1-Car,Non-incapacitating,OTHER (DRIVER) - EXPLAIN IN NARRATIVE,N CENTENNIAL DR,12400
2012,7,5,Weekday,2200,2-Car,No injury/unknown,OTHER (DRIVER) - EXPLAIN IN NARRATIVE,WEST TEMPERANCE ST,12401
2012,2,5,Weekday,1600,2-Car,No injury/unknown,IMPROPER TURNING,N SALE & W TEMPERANCE ST,12402
2012,5,4,Weekday,700,2-Car,No injury/unknown,FAILURE TO YIELD RIGHT OF WAY,SALE & SR46W,12403
2012,8,3,Weekday,700,Moped/Motorcycle,Non-incapacitating,FOLLOWING TOO CLOSELY,SALE & SR46E,12404
2012,9,6,Weekday,800,2-Car,No injury/unknown,FOLLOWING TOO CLOSELY,SALE ST & SR46,12405
2012,11,1,Weekend,1200,1-Car,No injury/unknown,ANIMAL/OBJECT IN ROADWAY,6166 N SHUFFLE CREEK RD RD & SR45,12406
2012,12,1,Weekend,1700,2-Car,No injury/unknown,FAILURE TO YIELD RIGHT OF WAY,SALE & TEMPERANCE ST,12407
2012,4,1,Weekend,1100,2-Car,No injury/unknown,UNSAFE LANE MOVEMENT,SALE ST & SR46E,12408
2012,10,5,Weekday,900,2-Car,No injury/unknown,OTHER (DRIVER) - EXPLAIN IN NARRATIVE,SALE ST & SR46W,12409
2012,7,1,Weekend,1700,1-Car,No injury/unknown,RAN OFF ROAD RIGHT,UNION VALLEY RD,12410
2012,2,2,Weekday,2200,2-Car,No injury/unknown,FAILURE TO YIELD RIGHT OF WAY,FOURTH & TEMPERANCE ST,12411
2012,7,4,Weekday,1800,2-Car,No injury/unknown,UNSAFE SPEED,BOTTOM RD & STATE ROAD 37,12412
2012,5,3,Weekday,500,2-Car,No injury/unknown,IMPROPER LANE USAGE,SR37 & SR46E,12413
2012,12,7,Weekend,700,1-Car,No injury/unknown,OVERCORRECTING/OVERSTEERING,3600 BLK N KINSER PIKE & W CLUB HOUSE,12414
2012,8,5,Weekday,2200,2-Car,No injury/unknown,OTHER (DRIVER) - EXPLAIN IN NARRATIVE,N WALNUT ST,12415
2012,11,1,Weekend,900,1-Car,No injury/unknown,UNSAFE SPEED,N WALNUT ST,12416
2012,12,1,Weekend,1000,2-Car,No injury/unknown,FAILURE TO YIELD RIGHT OF WAY,N WALNUT ST,12417
2012,12,4,Weekday,1700,Bus,No injury/unknown,IMPROPER TURNING,N WALNUT ST,12418
2012,5,3,Weekday,1800,1-Car,No injury/unknown,DRIVER ILLNESS,OLD MYERS & OLD STATE ROAD 37 RD,12419
2012,6,3,Weekday,1600,2-Car,No injury/unknown,FAILURE TO YIELD RIGHT OF WAY,STARNES & W REEVES RD,12420
2012,5,2,Weekday,1600,2-Car,No injury/unknown,FAILURE TO YIELD RIGHT OF WAY,1 ST & 1 ST ST,12421
2012,10,7,Weekend,1000,1-Car,No injury/unknown,UNSAFE BACKING,W REEVES RD,12422
2012,8,7,Weekend,1000,2-Car,No injury/unknown,CELL PHONE USAGE,RAUBS LN & REEVES,12423
2012,12,6,Weekday,1600,Moped/Motorcycle,No injury/unknown,FOLLOWING TOO CLOSELY,BURKS & WALNUT STREET PIKE,12424
2012,10,4,Weekday,0,1-Car,No injury/unknown,ANIMAL/OBJECT IN ROADWAY,TANGLEWOOD & UNION VALLEY RD,12425
2012,12,3,Weekday,1400,1-Car,No injury/unknown,OTHER (ENVIRONMENTAL) - EXPLAIN IN NARR,SALE STREET & THOMNAS RD RD,12426
2012,6,7,Weekend,1600,2-Car,No injury/unknown,UNSAFE SPEED,MOUNT GILEAD & SR45E,12427
2012,6,4,Weekday,2300,1-Car,No injury/unknown,ANIMAL/OBJECT IN ROADWAY,MOUNT GILEAD & SR45E,12428
2012,10,2,Weekday,500,1-Car,Non-incapacitating,RAN OFF ROAD RIGHT,SHUFFLE CREEK RD & SR45,12429
2012,1,2,Weekday,2300,1-Car,No injury/unknown,SPEED TOO FAST FOR WEATHER CONDITIONS,SR45E & TUNNEL RD,12430
2012,8,4,Weekday,2000,2-Car,No injury/unknown,IMPROPER TURNING,PAUL & SR46W,12431
2012,12,3,Weekday,1400,1-Car,No injury/unknown,RAN OFF ROAD RIGHT,SALE & THOMAS RD,12432
2012,4,1,Weekend,1300,2-Car,No injury/unknown,FAILURE TO YIELD RIGHT OF WAY,1ST ST & RITTER,12433
2012,8,4,Weekday,1700,2-Car,No injury/unknown,FOLLOWING TOO CLOSELY,SR37S & VERNAL,12434
2012,5,3,Weekday,1300,2-Car,Non-incapacitating,OTHER (DRIVER) - EXPLAIN IN NARRATIVE,PARK & SR46W,12435
2012,8,5,Weekday,1300,1-Car,No injury/unknown,IMPROPER PASSING,W 3RD ST,12436
2012,6,6,Weekday,0,Moped/Motorcycle,Incapacitating,UNSAFE SPEED,HARTSTRAIT & SR46W,12437
2012,8,3,Weekday,2000,1-Car,No injury/unknown,UNSAFE SPEED,MOUNT GILEAD ROAD & SR45W,12438
2012,11,5,Weekday,1200,2-Car,No injury/unknown,UNSAFE BACKING,PAUL STREET ST & SR46,12439
2012,7,4,Weekday,1600,2-Car,No injury/unknown,OTHER (DRIVER) - EXPLAIN IN NARRATIVE,WEST 2ND ST,12440
2012,12,6,Weekday,1500,2-Car,No injury/unknown,FAILURE TO YIELD RIGHT OF WAY,KINSER & SR46W,12441
2012,12,6,Weekday,1800,2-Car,Non-incapacitating,FOLLOWING TOO CLOSELY,KINSER & SR4546E,12442
2012,7,6,Weekend,1900,2-Car,No injury/unknown,BRAKE FAILURE OR DEFECTIVE,HARTSTRAIT & TEMPERANCE ST ST,12443
2012,1,6,Weekday,1700,2-Car,Non-incapacitating,FOLLOWING TOO CLOSELY,HARTSTRAIT & SR46W,12444
2012,10,6,Weekend,1900,2-Car,No injury/unknown,UNSAFE SPEED,HARTSTRAIT & SR46W,12445
2012,8,5,Weekday,1400,2-Car,No injury/unknown,OTHER (DRIVER) - EXPLAIN IN NARRATIVE,HARSTRAIT & SR46W,12446
2012,11,5,Weekday,2200,1-Car,No injury/unknown,ANIMAL/OBJECT IN ROADWAY,HARTSTRAIT & SR46,12447
2012,10,6,Weekday,1600,2-Car,No injury/unknown,UNSAFE SPEED,HARTSTRAIT & SR46W,12448
2012,4,2,Weekday,1000,2-Car,Non-incapacitating,DRIVER DISTRACTED - EXPLAIN IN NARRATIVE,HARTSTRAIT & SR46W,12449
2012,9,2,Weekday,800,1-Car,No injury/unknown,ANIMAL/OBJECT IN ROADWAY,ACUFF & MAPLE GROVE RD,12450
2012,8,3,Weekday,1100,1-Car,Non-incapacitating,OTHER (VEHICLE) - EXPLAIN IN NARRATIVE,OLD MYERS RD,12451
2012,5,4,Weekday,2300,3+ Cars,No injury/unknown,OTHER (VEHICLE) - EXPLAIN IN NARRATIVE,E OLD MEYERS RD,12452
2012,1,6,Weekday,500,1-Car,No injury/unknown,RAN OFF ROAD RIGHT,MATHEWS DR & MT TABOR,12453
2012,1,2,Weekday,1700,1-Car,Non-incapacitating,RAN OFF ROAD RIGHT,TECUMSEH & THOMAS RD,12454
2012,11,7,Weekend,1400,2-Car,No injury/unknown,UNSAFE BACKING,OLD STATE ROAD 37 HWY,12455
2012,1,4,Weekday,1200,1-Car,No injury/unknown,DRIVER DISTRACTED - EXPLAIN IN NARRATIVE,CHESTER & CHESTER DRIVE DR,12456
2012,12,5,Weekday,2100,2-Car,No injury/unknown,OTHER (ENVIRONMENTAL) - EXPLAIN IN NARR,DEER RUN DR & TECUMSEH ST,12457
2012,6,7,Weekend,1300,2-Car,Non-incapacitating,FOLLOWING TOO CLOSELY,CAPITOL & SR46W,12458
2012,10,4,Weekday,1700,2-Car,No injury/unknown,FOLLOWING TOO CLOSELY,FRITZ & WALNUT ST,12459
2012,4,7,Weekend,1200,1-Car,No injury/unknown,SPEED TOO FAST FOR WEATHER CONDITIONS,N KINSER PIKE,12460
2012,5,2,Weekday,1700,2-Car,No injury/unknown,OTHER (VEHICLE) - EXPLAIN IN NARRATIVE,N KINSER PIKE,12461
2012,6,2,Weekday,1700,2-Car,No injury/unknown,UNSAFE BACKING,N KINSER PIKE,12462
2012,3,3,Weekday,1700,2-Car,Non-incapacitating,FOLLOWING TOO CLOSELY,NORTH OLD STATE ROAD 37 RD & WHISNAND,12463
2012,8,5,Weekday,1900,1-Car,No injury/unknown,IMPROPER PASSING,OLD STATE ROAD 37 & WHISNAND ROAD,12464
2012,1,6,Weekend,2300,1-Car,No injury/unknown,ROADWAY SURFACE CONDITION,NORTH SMITH PIKE & WOODYARD,12465
2012,8,2,Weekday,700,1-Car,No injury/unknown,SPEED TOO FAST FOR WEATHER CONDITIONS,PINEGROVE & SR446N,12466
2012,12,3,Weekday,1100,2-Car,No injury/unknown,FAILURE TO YIELD RIGHT OF WAY,LAKEVIEW & SR46W,12467
2012,4,5,Weekday,800,2-Car,No injury/unknown,OTHER (VEHICLE) - EXPLAIN IN NARRATIVE,CUSTER ST ST,12468
2012,8,2,Weekday,1000,1-Car,No injury/unknown,OTHER (DRIVER) - EXPLAIN IN NARRATIVE,17TH & 701 E 17TH (E ACCESS DR) ST,12469
2012,1,5,Weekday,1300,2-Car,Non-incapacitating,FOLLOWING TOO CLOSELY,LAKEVIEW & SR46W,12470
2012,1,3,Weekday,1600,2-Car,No injury/unknown,FAILURE TO YIELD RIGHT OF WAY,LAKEVIEW & SR46W,12471
2012,12,1,Weekend,1300,1-Car,No injury/unknown,SPEED TOO FAST FOR WEATHER CONDITIONS,HARBISON & HARTSTRAIGHT RD,12472
2012,8,4,Weekday,1400,2-Car,Non-incapacitating,DRIVER DISTRACTED - EXPLAIN IN NARRATIVE,EAST COX & SR45E,12473
2012,12,3,Weekday,1500,2-Car,No injury/unknown,UNSAFE LANE MOVEMENT,LOVE & SR46W,12474
2012,3,3,Weekday,2000,1-Car,No injury/unknown,ANIMAL/OBJECT IN ROADWAY,KINSER & SR37N,12475
2012,12,5,Weekday,2100,2-Car,No injury/unknown,ROADWAY SURFACE CONDITION,SR37N & VERNAL,12476
2012,8,7,Weekend,300,1-Car,No injury/unknown,RAN OFF ROAD RIGHT,BOLTINGHOUSE RD & OLD MYERS,12477
2012,1,6,Weekday,800,2-Car,No injury/unknown,VIEW OBSTRUCTED,SR45E,12478
2012,12,1,Weekend,1300,1-Car,No injury/unknown,RAN OFF ROAD RIGHT,SR45E,12479
2012,5,2,Weekday,500,1-Car,No injury/unknown,ANIMAL/OBJECT IN ROADWAY,KINSER & SR37N,12480
2012,2,3,Weekday,2000,1-Car,No injury/unknown,RAN OFF ROAD RIGHT,SR37N & SR46,12481
2012,11,3,Weekday,900,2-Car,No injury/unknown,FAILURE TO YIELD RIGHT OF WAY,LOVE LN & SR46W,12482
2012,9,3,Weekday,1700,2-Car,No injury/unknown,UNSAFE LANE MOVEMENT,N UNION VALLEY RD & W WILLOW,12483
2012,5,4,Weekday,1600,2-Car,No injury/unknown,FAILURE TO YIELD RIGHT OF WAY,DANIELS WAY & STATE ROAD 48,12484
2012,10,2,Weekday,800,2-Car,No injury/unknown,FOLLOWING TOO CLOSELY,NORTH RIDGEWOOD & SR46W,12485
2012,10,3,Weekday,1700,2-Car,No injury/unknown,OTHER (DRIVER) - EXPLAIN IN NARRATIVE,RATLIFF RD & STARNES,12486
2012,1,7,Weekend,1700,2-Car,No injury/unknown,UNSAFE BACKING,ARDSLEY DR & WHITERIVER,12487
2012,8,4,Weekday,800,Moped/Motorcycle,Non-incapacitating,FAILURE TO YIELD RIGHT OF WAY,BRIAR GATE & SR46W,12488
2012,2,7,Weekend,1600,1-Car,No injury/unknown,BRAKE FAILURE OR DEFECTIVE,RICHLAND PLAZA PLZ,12489
2012,7,3,Weekday,800,1-Car,No injury/unknown,BRAKE FAILURE OR DEFECTIVE,RICHLAND PLAZA DR,12490
2012,6,7,Weekend,1200,2-Car,No injury/unknown,UNSAFE BACKING,W RICHLAND PLAZA DR,12491
2012,10,3,Weekday,1500,2-Car,Non-incapacitating,FAILURE TO YIELD RIGHT OF WAY,BRIARGATE & SR46W,12492
2012,8,4,Weekday,900,2-Car,No injury/unknown,FAILURE TO YIELD RIGHT OF WAY,LOUDEN & RATLIFF RD,12493
2012,10,5,Weekday,1000,2-Car,Non-incapacitating,FAILURE TO YIELD RIGHT OF WAY,BRIAR GATE & SR46W,12494
2012,3,6,Weekday,1300,Pedestrian,Incapacitating,FAILURE TO YIELD RIGHT OF WAY,W RICHLAND PLAZA DR,12495
2012,3,7,Weekend,2200,2-Car,No injury/unknown,UNSAFE BACKING,W RICHLAND PLAZA DR,12496
2012,9,3,Weekday,1800,2-Car,Non-incapacitating,UNSAFE LANE MOVEMENT,NORTH KINSER & SR37,12497
2012,11,6,Weekday,1700,2-Car,No injury/unknown,UNSAFE LANE MOVEMENT,LYNWEST & UNION VALLEY RD,12498
2012,6,3,Weekday,1300,2-Car,No injury/unknown,FAILURE TO YIELD RIGHT OF WAY,SR46W & UNION VALLEY RD,12499
2012,6,1,Weekend,600,1-Car,No injury/unknown,ANIMAL/OBJECT IN ROADWAY,SR46W & UNION VALLEY,12500
2012,7,4,Weekday,1600,2-Car,Non-incapacitating,OTHER (DRIVER) - EXPLAIN IN NARRATIVE,CASTILLA & SR45E,12501
2012,7,5,Weekday,1000,2-Car,No injury/unknown,IMPROPER TURNING,N UNION VALLEY RD,12502
2012,11,5,Weekday,2200,1-Car,No injury/unknown,OTHER (DRIVER) - EXPLAIN IN NARRATIVE,NORTH HARTSTRAIT,12503
2012,1,3,Weekday,1400,2-Car,No injury/unknown,FAILURE TO YIELD RIGHT OF WAY,BAYLES & BUSINESS 37 N HWY,12504
2012,5,6,Weekend,1900,2-Car,No injury/unknown,UNSAFE LANE MOVEMENT,N STONE MILL & SR37N,12505
2012,9,5,Weekday,2200,2-Car,Non-incapacitating,FOLLOWING TOO CLOSELY,SR46W & UNION VALLEY,12506
2012,1,2,Weekday,1300,2-Car,Non-incapacitating,FAILURE TO YIELD RIGHT OF WAY,0LD 37 NORTH RD & BETHEL LANE,12507
2012,5,5,Weekday,1100,2-Car,No injury/unknown,FOLLOWING TOO CLOSELY,SR46 & UNION VALLEY RD,12508
2012,1,7,Weekend,1000,2-Car,No injury/unknown,FAILURE TO YIELD RIGHT OF WAY,BETHEL & OLD STATE ROAD 37 RD,12509
2012,4,2,Weekday,1200,Moped/Motorcycle,Non-incapacitating,FAILURE TO YIELD RIGHT OF WAY,E BETHEL LN & N OLD SR 37,12510
2012,9,3,Weekday,1600,2-Car,Non-incapacitating,DRIVER DISTRACTED - EXPLAIN IN NARRATIVE,BETHEL LN & NORTH OLD STATE ROAD 37,12511
2012,8,5,Weekday,1500,1-Car,No injury/unknown,ANIMAL/OBJECT IN ROADWAY,BETHEL & OLD STATE ROAD 37 N RD,12512
2012,4,3,Weekday,1400,Moped/Motorcycle,No injury/unknown,IMPROPER PASSING,BETHEL LN & OLD STATE ROAD 37,12513
2012,1,7,Weekend,1600,2-Car,No injury/unknown,OTHER (ENVIRONMENTAL) - EXPLAIN IN NARR,CENTENNIAL DR & SR 46,12514
2012,3,4,Weekday,1600,2-Car,No injury/unknown,FOLLOWING TOO CLOSELY,RATLIFF & THOMAS RD,12515
2012,2,2,Weekday,2200,2-Car,No injury/unknown,FOLLOWING TOO CLOSELY,N UNION VALLEY & SR46W,12516
2012,5,5,Weekday,1700,2-Car,Non-incapacitating,FAILURE TO YIELD RIGHT OF WAY,SR46W & UNION VALLEY,12517
2012,5,6,Weekday,1200,2-Car,No injury/unknown,DRIVER DISTRACTED - EXPLAIN IN NARRATIVE,SR46W & UNION VALLEY,12518
2012,9,4,Weekday,1000,2-Car,Incapacitating,FAILURE TO YIELD RIGHT OF WAY,SR46 & UNION VALLEY,12519
2012,10,7,Weekend,1800,2-Car,No injury/unknown,OTHER (DRIVER) - EXPLAIN IN NARRATIVE,SR46W & UNION VALLEY,12520
2012,10,4,Weekday,1100,2-Car,No injury/unknown,DISREGARD SIGNAL/REG SIGN,SR46 & UNION VALLEY RD,12521
2012,4,3,Weekday,600,1-Car,No injury/unknown,ANIMAL/OBJECT IN ROADWAY,SR46W & UNION VALLEY,12522
2012,1,1,Weekday,1900,1-Car,No injury/unknown,ANIMAL/OBJECT IN ROADWAY,BETHEL LN & INNISBROOKE,12523
2012,11,7,Weekend,1200,1-Car,No injury/unknown,RAN OFF ROAD RIGHT,BETHEL LN & STIDD,12524
2012,9,3,Weekday,1800,2-Car,Non-incapacitating,OTHER (DRIVER) - EXPLAIN IN NARRATIVE,BETHEL LN & BOLTINGHOUSE,12525
2012,9,1,Weekend,1500,2-Car,No injury/unknown,UNSAFE LANE MOVEMENT,BETHEL & BOLTING HOUSE RD,12526
2012,1,4,Weekday,0,1-Car,No injury/unknown,RAN OFF ROAD RIGHT,ROBS LN,12527
2012,8,2,Weekday,1600,1-Car,Non-incapacitating,RAN OFF ROAD RIGHT,BRUMMETTS CREEK RD & MCCOY,12528
2012,9,5,Weekday,1500,1-Car,No injury/unknown,OTHER (VEHICLE) - EXPLAIN IN NARRATIVE,E THORNTON DR,12529
2012,10,3,Weekday,1400,1-Car,No injury/unknown,SPEED TOO FAST FOR WEATHER CONDITIONS,BETHEL LN & HINKLE,12530
2012,5,3,Weekday,1700,2-Car,No injury/unknown,FOLLOWING TOO CLOSELY,2ND & S COLLEGE AVE,12531
2012,5,6,Weekday,1000,2-Car,Non-incapacitating,FAILURE TO YIELD RIGHT OF WAY,SR46W & UNION VALLEY,12532
2012,3,4,Weekday,1300,2-Car,Non-incapacitating,FOLLOWING TOO CLOSELY,N UNION VALLEY & SR46W,12533
2012,2,6,Weekend,2200,1-Car,No injury/unknown,ROADWAY SURFACE CONDITION,3500 BLK BETHEL LN & BAUGH,12534
2012,6,3,Weekday,1600,1-Car,No injury/unknown,UNSAFE SPEED,4850 N OLD STATE ROAD 37 HWY & PRAIRRIE,12535
2012,11,6,Weekday,1400,2-Car,Non-incapacitating,FAILURE TO YIELD RIGHT OF WAY,BAUGH & BETHEL LN,12536
2012,10,6,Weekday,1700,1-Car,Non-incapacitating,RAN OFF ROAD RIGHT,BAUGH & BETHEL LN,12537
2012,5,7,Weekend,2200,1-Car,No injury/unknown,RAN OFF ROAD RIGHT,BAUGH & BETHEL LN,12538
2012,6,4,Weekday,2000,1-Car,No injury/unknown,ANIMAL/OBJECT IN ROADWAY,BETHEL & SR45,12539
2012,5,1,Weekend,1400,2-Car,No injury/unknown,FOLLOWING TOO CLOSELY,N SMITH PIKE & NORWAY,12540
2012,11,6,Weekday,1600,1-Car,No injury/unknown,UNSAFE BACKING,YELLOW WOOD LAKE RD,12541
2012,4,6,Weekday,1500,2-Car,No injury/unknown,FAILURE TO YIELD RIGHT OF WAY,DEER PARK & SR46W,12542
2012,6,3,Weekday,700,2-Car,No injury/unknown,UNSAFE LANE MOVEMENT,DEER PARK & SR46W,12543
2012,8,2,Weekday,900,2-Car,No injury/unknown,OTHER (DRIVER) - EXPLAIN IN NARRATIVE,DEER PARK & SR46W,12544
2012,12,6,Weekday,700,2-Car,No injury/unknown,ROADWAY SURFACE CONDITION,FOREST PARK DR & SR46,12545
2012,4,2,Weekday,1600,1-Car,No injury/unknown,ANIMAL/OBJECT IN ROADWAY,BOTTOM & SR37,12546
2012,7,1,Weekend,300,1-Car,No injury/unknown,RAN OFF ROAD RIGHT,E WOODRIDGE DR,12547
2012,4,7,Weekend,1000,1-Car,No injury/unknown,SPEED TOO FAST FOR WEATHER CONDITIONS,N KINSER PIKE & W CLUB HOUSE,12548
2012,4,2,Weekday,900,2-Car,No injury/unknown,DRIVER DISTRACTED - EXPLAIN IN NARRATIVE,ARLINGTON & SR46E,12549
2012,3,5,Weekday,700,2-Car,No injury/unknown,UNSAFE LANE MOVEMENT,SMITH & SR46W,12550
2012,6,3,Weekday,1700,2-Car,No injury/unknown,FAILURE TO YIELD RIGHT OF WAY,GRAMERCY & HINKLE RD,12551
2012,1,5,Weekday,1200,2-Car,No injury/unknown,FAILURE TO YIELD RIGHT OF WAY,SMITH PIKE & SR46,12552
2012,2,3,Weekday,1200,2-Car,Non-incapacitating,UNSAFE SPEED,SMITH & SR46W,12553
2012,3,6,Weekday,1400,2-Car,No injury/unknown,FOLLOWING TOO CLOSELY,SMITH & SR46W,12554
2012,9,2,Weekday,2100,1-Car,No injury/unknown,OVERCORRECTING/OVERSTEERING,SMITH & SR46W,12555
2012,5,1,Weekend,1200,2-Car,No injury/unknown,LEFT OF CENTER,BETHEL & SR45E,12556
2012,6,1,Weekend,500,1-Car,Non-incapacitating,RAN OFF ROAD RIGHT,BETHEL & SR45E,12557
2012,11,3,Weekday,1400,3+ Cars,No injury/unknown,DRIVER DISTRACTED - EXPLAIN IN NARRATIVE,SMITH & SR46,12558
2012,7,6,Weekday,1600,1-Car,No injury/unknown,RAN OFF ROAD RIGHT,W PYRAMID CT,12559
2012,8,6,Weekday,0,2-Car,No injury/unknown,OTHER (DRIVER) - EXPLAIN IN NARRATIVE,SMITH PIKE & SR46,12560
2012,8,5,Weekday,1400,2-Car,No injury/unknown,DRIVER DISTRACTED - EXPLAIN IN NARRATIVE,ARLINGTON & SR46W,12561
2012,1,4,Weekday,1600,2-Car,No injury/unknown,UNSAFE LANE MOVEMENT,ARLINGTON & SR46W,12562
2012,6,7,Weekend,1600,2-Car,No injury/unknown,UNSAFE BACKING,BEXLEY DR & ROXFORD,12563
2012,1,7,Weekend,1900,1-Car,No injury/unknown,ANIMAL/OBJECT IN ROADWAY,ACUFF RD & SR37S,12564
2012,4,1,Weekday,2100,3+ Cars,Non-incapacitating,OTHER (DRIVER) - EXPLAIN IN NARRATIVE,ST ROAD BUISNESS 37 HWY & WISHNAND,12565
2012,2,4,Weekday,2300,1-Car,No injury/unknown,OVERCORRECTING/OVERSTEERING,HARTSTRAIGHT ROAD RD & WOODYARD ROAD,12566
2012,6,3,Weekday,900,2-Car,No injury/unknown,UNSAFE BACKING,OLD SR 37,12567
2012,8,5,Weekday,1300,2-Car,Non-incapacitating,FAILURE TO YIELD RIGHT OF WAY,ACUFF RD & PROW,12568
2012,2,2,Weekday,1600,3+ Cars,Non-incapacitating,FAILURE TO YIELD RIGHT OF WAY,ACUFF & SR37N,12569
2012,2,4,Weekday,1800,2-Car,No injury/unknown,FAILURE TO YIELD RIGHT OF WAY,ACUFF & SR37N,12570
2012,4,2,Weekday,1600,2-Car,Non-incapacitating,FAILURE TO YIELD RIGHT OF WAY,ACUFF & SR37N,12571
2012,9,5,Weekday,1300,2-Car,Non-incapacitating,FAILURE TO YIELD RIGHT OF WAY,ACUFF & SR37S,12572
2012,1,2,Weekday,1700,1-Car,No injury/unknown,ROADWAY SURFACE CONDITION,ACUFF ROAD RD & PROW RD,12573
2012,12,6,Weekday,1500,1-Car,No injury/unknown,ROADWAY SURFACE CONDITION,FOREST PARK & SMITH PIKE,12574