year,month,day,weekend,hour,collision_type,injury_type,primary_factor,reported_location,unique_id
2012,5,3,Weekday,1800,3+ Cars,No injury/unknown,ROADWAY SURFACE CONDITION,FORREST PARK & SMITH PIKE,12575
2012,12,6,Weekday,1100,2-Car,Non-incapacitating,SPEED TOO FAST FOR WEATHER CONDITIONS,SMITH PIKE & W FORREST PARK,12576
2012,12,4,Weekday,800,2-Car,No injury/unknown,OTHER (DRIVER) - EXPLAIN IN NARRATIVE,SMITH & WEST FOREST DR,12577
2012,9,3,Weekday,1000,2-Car,Non-incapacitating,OTHER (DRIVER) - EXPLAIN IN NARRATIVE,SR46W,12578
2012,1,6,Weekend,2100,1-Car,Non-incapacitating,UNSAFE SPEED,DUNN & OLD STATE ROAD 37 RD,12579
2012,10,2,Weekday,1600,2-Car,Non-incapacitating,SPEED TOO FAST FOR WEATHER CONDITIONS,DUNN & N OLD STATE ROAD 37 RD,12580
2012,10,1,Weekend,800,1-Car,No injury/unknown,OTHER (DRIVER) - EXPLAIN IN NARRATIVE,N DUNN & N OLD SR 37 RD,12581
2012,10,4,Weekday,1700,1-Car,No injury/unknown,SPEED TOO FAST FOR WEATHER CONDITIONS,DUNN & OLD STATE ROAD 37 RD,12582
2012,10,6,Weekday,1800,3+ Cars,Non-incapacitating,OVERCORRECTING/OVERSTEERING,DUNN & OLD SR 37 RD,12583
2012,11,7,Weekend,1100,1-Car,No injury/unknown,RAN OFF ROAD RIGHT,DUNN & OLD STATE ROAD 37 N RD,12584
2012,10,2,Weekday,1700,2-Car,Non-incapacitating,LEFT OF CENTER,NORTH DUNN & OLD 37 RD,12585
2012,10,3,Weekday,1400,1-Car,No injury/unknown,OVERCORRECTING/OVERSTEERING,N DUNN & N OLD ST RD 37 RD,12586
2012,10,4,Weekday,1700,1-Car,No injury/unknown,ROADWAY SURFACE CONDITION,DUNN & OLD STATE 37 RD,12587
2012,5,4,Weekday,1300,2-Car,No injury/unknown,UNSAFE BACKING,ARLINGTON RD,12588
2012,10,4,Weekday,1300,2-Car,No injury/unknown,UNSAFE LANE MOVEMENT,SR46W,12589
2012,10,4,Weekday,1600,2-Car,No injury/unknown,FAILURE TO YIELD RIGHT OF WAY,SR46 & SR46W,12590
2012,7,2,Weekday,1300,2-Car,No injury/unknown,ACCELERATOR FAILURE OR DEFECTIVE,OLD STATE ROAD 37 RD,12591
2012,9,2,Weekday,1500,1-Car,No injury/unknown,SPEED TOO FAST FOR WEATHER CONDITIONS,N DUNN & SR37N,12592
2012,1,1,Weekday,1900,1-Car,Non-incapacitating,ANIMAL/OBJECT IN ROADWAY,ACUFF & SR37N,12593
2012,1,7,Weekend,1200,2-Car,No injury/unknown,FAILURE TO YIELD RIGHT OF WAY,SR46 & SR46W,12594
2012,1,2,Weekday,1400,2-Car,No injury/unknown,DRIVER DISTRACTED - EXPLAIN IN NARRATIVE,SR46 & SR46W,12595
2012,2,7,Weekend,1100,2-Car,No injury/unknown,FAILURE TO YIELD RIGHT OF WAY,SR46 & SR46W,12596
2012,5,5,Weekday,1600,2-Car,No injury/unknown,FAILURE TO YIELD RIGHT OF WAY,SR46 & SR46W,12597
2012,4,1,Weekend,1600,2-Car,No injury/unknown,DRIVER DISTRACTED - EXPLAIN IN NARRATIVE,SR46 & SR46W,12598
2012,11,4,Weekday,1500,2-Car,No injury/unknown,FAILURE TO YIELD RIGHT OF WAY,SR46 & SR46W,12599
2012,11,3,Weekday,1800,2-Car,No injury/unknown,FOLLOWING TOO CLOSELY,SR46 & SR46W,12600
2012,10,5,Weekday,1700,2-Car,No injury/unknown,UNSAFE LANE MOVEMENT,ARLINGTON & SR46W,12601
2012,12,3,Weekday,1700,3+ Cars,Non-incapacitating,UNSAFE SPEED,SR46 & W ARLINGTON,12602
2012,5,6,Weekend,2300,2-Car,No injury/unknown,FAILURE TO YIELD RIGHT OF WAY,1900 BLOCK S WALNUT ST & NORTH,12603
2012,7,6,Weekday,700,2-Car,No injury/unknown,INSECURE/LEAKY LOAD,SR46 & SR46W,12604
2012,11,1,Weekday,1900,1-Car,No injury/unknown,ANIMAL/OBJECT IN ROADWAY,ACUFF & SR37S,12605
2012,11,5,Weekday,800,2-Car,No injury/unknown,ANIMAL/OBJECT IN ROADWAY,ACUFF & SR37N,12606
2012,2,6,Weekday,1700,2-Car,No injury/unknown,DISREGARD SIGNAL/REG SIGN,OLD SR 37 & SR 37  BUISNESS RD,12607
2012,8,7,Weekend,1200,2-Car,No injury/unknown,FAILURE TO YIELD RIGHT OF WAY,NORTH WALNUT ST & OLD SR 37,12608
2012,9,6,Weekday,1600,2-Car,No injury/unknown,FOLLOWING TOO CLOSELY,NORTH OLD STATE ROAD 37 & NORTH WALNUT ST,12609
2012,10,2,Weekday,2200,2-Car,No injury/unknown,FOLLOWING TOO CLOSELY,OLD STATE ROAD 37 & WALNUT ST,12610
2012,10,5,Weekday,1400,2-Car,Non-incapacitating,FOLLOWING TOO CLOSELY,OLD STATE RD 37 & WALNUT ST,12611
2012,10,3,Weekday,1900,1-Car,No injury/unknown,ANIMAL/OBJECT IN ROADWAY,N WALNUT ST & OLD STATE RD 37,12612
2012,5,7,Weekend,1700,2-Car,No injury/unknown,FOLLOWING TOO CLOSELY,N SMITH PIKE & W COFFEY,12613
2012,5,6,Weekend,2000,3+ Cars,No injury/unknown,UNSAFE LANE MOVEMENT,INDIANA AVE & THIRD,12614
2012,6,5,Weekday,1500,2-Car,No injury/unknown,OTHER (DRIVER) - EXPLAIN IN NARRATIVE,WEST STATE STATE ROAD 46 RD,12615
2012,9,3,Weekday,1700,2-Car,No injury/unknown,IMPROPER TURNING,ACUFF & N MAPLE GROVE RD,12616
2012,11,1,Weekend,100,1-Car,Non-incapacitating,ANIMAL/OBJECT IN ROADWAY,ACUFF & N MAPLE GROVE RD,12617
2012,4,3,Weekday,2100,2-Car,No injury/unknown,IMPROPER TURNING,S STATE RD 46,12618
2012,9,7,Weekend,300,1-Car,No injury/unknown,RAN OFF ROAD RIGHT,SR46E,12619
2012,1,3,Weekday,900,1-Car,No injury/unknown,OTHER (DRIVER) - EXPLAIN IN NARRATIVE,N DUNN ST,12620
2012,2,5,Weekday,2300,2-Car,No injury/unknown,UNSAFE BACKING,N DUNN ST,12621
2012,8,1,Weekend,300,2-Car,No injury/unknown,OTHER (DRIVER) - EXPLAIN IN NARRATIVE,N DUNN ST,12622
2012,3,2,Weekday,1100,3+ Cars,No injury/unknown,FOLLOWING TOO CLOSELY,SMITH PIKE & W CARMOLA,12623
2012,10,1,Weekend,0,2-Car,No injury/unknown,RAN OFF ROAD RIGHT,N HINKLE RD,12624
2012,7,2,Weekday,1600,2-Car,No injury/unknown,FAILURE TO YIELD RIGHT OF WAY,LAW & UNION ST,12625
2012,8,3,Weekday,0,1-Car,No injury/unknown,UNSAFE BACKING,10TH & JORDAN AVE,12626
2012,4,6,Weekday,1500,2-Car,No injury/unknown,FAILURE TO YIELD RIGHT OF WAY,N KINSER PIKE,12627
2012,12,4,Weekday,1400,2-Car,No injury/unknown,IMPROPER TURNING,N KINSER PIKE,12628
2012,8,4,Weekday,400,1-Car,No injury/unknown,ANIMAL/OBJECT IN ROADWAY,CONNAUGHT & SR37N,12629
2012,8,3,Weekday,800,2-Car,No injury/unknown,LEFT OF CENTER,ARLINGTON RD & STONEY BROOK,12630
2012,6,6,Weekday,1000,2-Car,No injury/unknown,LEFT OF CENTER,WEST WALCOTT & WEST WOODYARD RD,12631
2012,3,7,Weekend,1600,2-Car,No injury/unknown,LEFT OF CENTER,HARTSTRAIT & WALCOTT LN,12632
2012,1,2,Weekday,1500,2-Car,No injury/unknown,SPEED TOO FAST FOR WEATHER CONDITIONS,KINSER PIKE,12633
2012,1,7,Weekend,1200,1-Car,Non-incapacitating,DRIVER DISTRACTED - EXPLAIN IN NARRATIVE,KINSER PIKE,12634
2012,2,1,Weekend,300,1-Car,No injury/unknown,CELL PHONE USAGE,CLUBHOUSE & NORTH KINSER PIKE,12635
2012,9,2,Weekday,1500,2-Car,No injury/unknown,LEFT OF CENTER,CLUB HOUSE & KINSER PIKE,12636
2012,12,2,Weekday,1000,2-Car,No injury/unknown,LEFT OF CENTER,N KINSER PIKE & W CLUB HOUSE,12637
2012,10,4,Weekday,600,Moped/Motorcycle,Non-incapacitating,ANIMAL/OBJECT IN ROADWAY,BROOKFIELD & STONEYBROOK BLVD,12638
2012,11,2,Weekday,2300,1-Car,Non-incapacitating,ANIMAL/OBJECT IN ROADWAY,HEADLY RD & HINKLE,12639
2012,5,1,Weekend,1100,1-Car,No injury/unknown,RAN OFF ROAD RIGHT,RUSSELL & SR45E,12640
2012,10,2,Weekday,1300,1-Car,Non-incapacitating,RAN OFF ROAD RIGHT,MAPLE GROVE & W ARLINGTON RD,12641
2012,1,4,Weekday,1800,2-Car,No injury/unknown,IMPROPER PASSING,ARLINGTON RD & N MAPLE GROVE,12642
2012,4,4,Weekday,0,1-Car,No injury/unknown,ANIMAL/OBJECT IN ROADWAY,N RUSSELL & SR45E,12643
2012,5,1,Weekend,900,1-Car,No injury/unknown,RAN OFF ROAD RIGHT,DUNN ST & KENWOOD,12644
2012,12,1,Weekend,1300,1-Car,No injury/unknown,RAN OFF ROAD RIGHT,N SMITH PIKE & W NELSON,12645
2012,7,7,Weekend,1500,1-Car,No injury/unknown,IMPROPER TURNING,WALNUT ST,12646
2012,10,5,Weekday,1300,2-Car,No injury/unknown,UNSAFE LANE MOVEMENT,ACUFF & SR37S,12647
2012,9,5,Weekday,1000,2-Car,No injury/unknown,IMPROPER LANE USAGE,OLD STATE ROAD 37 & SR37S,12648
2012,10,2,Weekday,400,1-Car,No injury/unknown,ANIMAL/OBJECT IN ROADWAY,E WYLIE & SR37N,12649
2012,6,7,Weekend,1500,Moped/Motorcycle,No injury/unknown,FAILURE TO YIELD RIGHT OF WAY,OLD STATE 37 NORTH RD & WYLIE,12650
2012,4,6,Weekend,1900,1-Car,No injury/unknown,ROADWAY SURFACE CONDITION,2600 N OLD STATE RD 37 RD & CLUB HOUSE,12651
2012,5,1,Weekend,1800,2-Car,No injury/unknown,FAILURE TO YIELD RIGHT OF WAY,ARLINGTON RD & STOUTS CREEK,12652
2012,10,7,Weekend,2200,2-Car,No injury/unknown,UNSAFE BACKING,WALNUT ST,12653
2012,1,2,Weekday,1600,Pedestrian,Non-incapacitating,PEDESTRIAN ACTION,SR37S & VERNAL,12654
2012,10,5,Weekday,2300,1-Car,No injury/unknown,ANIMAL/OBJECT IN ROADWAY,SR37N & SR46,12655
2012,4,6,Weekday,1700,2-Car,No injury/unknown,FOLLOWING TOO CLOSELY,E BLUE RIDGE & N WALNUT ST,12656
2012,4,6,Weekday,1500,3+ Cars,Incapacitating,FOLLOWING TOO CLOSELY,BLUE RIDGE & N WALNUT ST,12657
2012,6,4,Weekday,1200,2-Car,Non-incapacitating,FOLLOWING TOO CLOSELY,BLUE RIDGE & WALNUT ST,12658
2012,10,6,Weekend,1900,2-Car,No injury/unknown,FOLLOWING TOO CLOSELY,E BLUE RIDGE & N WALNUT ST,12659
2012,11,5,Weekday,1900,1-Car,No injury/unknown,ANIMAL/OBJECT IN ROADWAY,SR37N & SR46,12660
2012,2,1,Weekend,1800,2-Car,No injury/unknown,FOLLOWING TOO CLOSELY,BLUE RIDGE & WALNUT ST,12661
2012,7,7,Weekend,1500,Moped/Motorcycle,Incapacitating,FOLLOWING TOO CLOSELY,EAST UNIVERSITY & SR46E,12662
2012,1,7,Weekend,1000,1-Car,No injury/unknown,SPEED TOO FAST FOR WEATHER CONDITIONS,KINSER PIKE & WINDING,12663
2012,10,7,Weekend,0,2-Car,No injury/unknown,UNSAFE SPEED,STONEGATE & STONEGATE CT,12664
2012,12,5,Weekday,1700,1-Car,No injury/unknown,DRIVER DISTRACTED - EXPLAIN IN NARRATIVE,MEADOW LN,12665
2012,3,4,Weekday,1200,1-Car,No injury/unknown,OTHER (VEHICLE) - EXPLAIN IN NARRATIVE,FOSTER EAST LOT DR & LAW,12666
2012,11,6,Weekend,2200,2-Car,No injury/unknown,OTHER (DRIVER) - EXPLAIN IN NARRATIVE,ARLINGTON & SR37,12667
2012,11,1,Weekend,1800,1-Car,No injury/unknown,ANIMAL/OBJECT IN ROADWAY,ARLINGTON & SR37N,12668
2012,1,4,Weekday,1300,2-Car,No injury/unknown,DISREGARD SIGNAL/REG SIGN,SR37S & SR46W,12669
2012,1,6,Weekend,2000,1-Car,No injury/unknown,RAN OFF ROAD RIGHT,SR37N & SR4546,12670
2012,6,1,Weekend,1300,2-Car,Non-incapacitating,FOLLOWING TOO CLOSELY,37 & SR46W,12671
2012,10,4,Weekday,800,1-Car,No injury/unknown,ANIMAL/OBJECT IN ROADWAY,SR37N & SR46W,12672
2012,5,4,Weekday,900,2-Car,No injury/unknown,UNSAFE BACKING,N WALNUT ST,12673
2012,6,1,Weekend,1600,2-Car,No injury/unknown,UNSAFE BACKING,N WALNUT ST,12674
2012,5,1,Weekend,700,1-Car,No injury/unknown,ANIMAL/OBJECT IN ROADWAY,NORTH LOESCH & WEST WOODYARD RD,12675
2012,6,6,Weekday,400,1-Car,No injury/unknown,RAN OFF ROAD RIGHT,4611 W WOODYARD RD & N LOESCH,12676
2012,11,3,Weekday,2000,3+ Cars,Non-incapacitating,FOLLOWING TOO CLOSELY,45 & CURRY PIKE,12677
2012,6,7,Weekend,1500,2-Car,No injury/unknown,DRIVER DISTRACTED - EXPLAIN IN NARRATIVE,N CURRY & SR46W,12678
2012,5,4,Weekday,800,2-Car,No injury/unknown,LEFT OF CENTER,GETTYS CREEK & MT GILEAD RD,12679
2012,12,2,Weekday,2300,1-Car,No injury/unknown,RAN OFF ROAD RIGHT,GETTYS CREEK & MT GILEAD RD,12680
2012,11,4,Weekday,1000,1-Car,No injury/unknown,TIRE FAILURE OR DEFECTIVE,RUSSEL RD & TIMBERCREST,12681
2012,1,6,Weekend,2100,1-Car,No injury/unknown,ROADWAY SURFACE CONDITION,LOESCH RD & WOODYARD,12682
2012,3,4,Weekday,1600,2-Car,No injury/unknown,FOLLOWING TOO CLOSELY,17TH & SR46S,12683
2012,5,6,Weekday,1700,2-Car,Non-incapacitating,DRIVER DISTRACTED - EXPLAIN IN NARRATIVE,ARLINGTON VALLY & MONROE ST,12684
2012,2,2,Weekday,1600,Pedestrian,No injury/unknown,IMPROPER LANE USAGE,2ND & COLLEGE AVE,12685
2012,6,5,Weekday,2100,Moped/Motorcycle,Non-incapacitating,OTHER (DRIVER) - EXPLAIN IN NARRATIVE,ARLINGTON & PROW RD,12686
2012,1,7,Weekend,800,1-Car,No injury/unknown,ROADWAY SURFACE CONDITION,ARLINGTON RD & PROW,12687
2012,5,4,Weekday,800,Bus,No injury/unknown,FOLLOWING TOO CLOSELY,N PROW RD & W ARLINGTON,12688
2012,8,3,Weekday,1200,2-Car,No injury/unknown,LEFT OF CENTER,3505 PROW RD & ARLINGTON,12689
2012,10,6,Weekend,2000,2-Car,No injury/unknown,FAILURE TO YIELD RIGHT OF WAY,SR46E & WALNUT ST,12690
2012,1,7,Weekend,1000,2-Car,No injury/unknown,FAILURE TO YIELD RIGHT OF WAY,2600 BLK N WALNUT ST & FRITZ,12691
2012,2,4,Weekday,2000,2-Car,No injury/unknown,FAILURE TO YIELD RIGHT OF WAY,FRITZ & N WALNUT ST,12692
2012,2,2,Weekday,800,2-Car,No injury/unknown,FAILURE TO YIELD RIGHT OF WAY,FRITZ & N WALNUT ST,12693
2012,3,4,Weekday,1500,3+ Cars,Non-incapacitating,FAILURE TO YIELD RIGHT OF WAY,FRITZ & NORTH WALNUT ST,12694
2012,8,1,Weekend,1800,2-Car,Non-incapacitating,FAILURE TO YIELD RIGHT OF WAY,FRITZ & N WALNUT ST,12695
2012,10,4,Weekday,2100,2-Car,No injury/unknown,FAILURE TO YIELD RIGHT OF WAY,FRITZ & N WALNUT ST,12696
2012,5,2,Weekday,1300,2-Car,No injury/unknown,FAILURE TO YIELD RIGHT OF WAY,DUNN ST & THIRD,12697
2012,1,3,Weekday,1800,2-Car,Non-incapacitating,FAILURE TO YIELD RIGHT OF WAY,CURRY PIKE & WOODYARD,12698
2012,5,5,Weekday,1400,2-Car,No injury/unknown,FAILURE TO YIELD RIGHT OF WAY,CURRY PIKE & WOODYARD,12699
2012,4,2,Weekday,1800,2-Car,No injury/unknown,FAILURE TO YIELD RIGHT OF WAY,CURRY PIKE & WOODYARD,12700
2012,4,7,Weekend,1500,2-Car,No injury/unknown,OTHER (DRIVER) - EXPLAIN IN NARRATIVE,CURRY PIKE & WOODYARD,12701
2012,5,4,Weekday,700,2-Car,Non-incapacitating,FAILURE TO YIELD RIGHT OF WAY,CURRY & WOODYARD RD,12702
2012,6,2,Weekday,1400,2-Car,No injury/unknown,FAILURE TO YIELD RIGHT OF WAY,CURRY PIKE & WOODYARD,12703
2012,8,4,Weekday,1600,3+ Cars,No injury/unknown,OTHER (DRIVER) - EXPLAIN IN NARRATIVE,CURRY & WOODYARD RD,12704
2012,9,5,Weekday,200,1-Car,Non-incapacitating,RAN OFF ROAD RIGHT,N CURRY PIKE & WOODYARD,12705
2012,12,6,Weekend,2100,2-Car,Non-incapacitating,DISREGARD SIGNAL/REG SIGN,CURRY PIKE & WOODYARD,12706
2012,10,5,Weekday,1300,2-Car,No injury/unknown,FAILURE TO YIELD RIGHT OF WAY,GLENDORA & WALNUT ST,12707
2012,12,7,Weekend,1900,2-Car,No injury/unknown,IMPROPER PASSING,GLENDORA & WALNUT ST,12708
2012,6,3,Weekday,2000,Cyclist,Incapacitating,LEFT OF CENTER,GOURLEY & SR37N,12709
2012,11,4,Weekday,200,1-Car,No injury/unknown,RAN OFF ROAD RIGHT,COLLINS & MOUNT GILEAD RD,12710
2012,8,3,Weekday,1700,2-Car,No injury/unknown,UNSAFE BACKING,S WALNUT ST,12711
2012,3,3,Weekday,700,1-Car,No injury/unknown,UNSAFE SPEED,N STARNES & W HOWARD RD,12712
2012,1,4,Weekday,1600,2-Car,No injury/unknown,SPEED TOO FAST FOR WEATHER CONDITIONS,E GILBERT & N WALNUT ST,12713
2012,1,7,Weekend,1100,2-Car,No injury/unknown,SPEED TOO FAST FOR WEATHER CONDITIONS,LIBERTY DR,12714
2012,7,1,Weekend,1500,2-Car,No injury/unknown,UNSAFE BACKING,SOUTH LIBERTY DR,12715
2012,8,6,Weekday,1300,2-Car,No injury/unknown,OTHER (DRIVER) - EXPLAIN IN NARRATIVE,LIBERTY DR,12716
2012,12,4,Weekday,1200,1-Car,No injury/unknown,OBSTRUCTION NOT MARKED,S LIBERTY DR,12717
2012,12,5,Weekday,800,2-Car,No injury/unknown,UNSAFE BACKING,S LIBERTY DR,12718
2012,10,6,Weekend,1900,2-Car,Non-incapacitating,FAILURE TO YIELD RIGHT OF WAY,N MILO B SAMPSON & SR4546W,12719
2012,2,5,Weekday,900,1-Car,No injury/unknown,UNSAFE SPEED,N THOMAS RD & W VERNAL,12720
2012,12,1,Weekend,400,1-Car,No injury/unknown,RAN OFF ROAD RIGHT,N THOMAS RD & W RATLIFF,12721
2012,3,5,Weekday,100,1-Car,No injury/unknown,ANIMAL/OBJECT IN ROADWAY,HEADLEY RD & MAPLECREST,12722
2012,9,2,Weekday,1300,2-Car,No injury/unknown,UNSAFE BACKING,N HEADLEY RD,12723
2012,7,3,Weekday,1300,1-Car,No injury/unknown,ANIMAL/OBJECT IN ROADWAY,HOWARD RD & STARNES,12724
2012,10,7,Weekend,2000,2-Car,No injury/unknown,OTHER (DRIVER) - EXPLAIN IN NARRATIVE,N KINSER PIKE,12725
2012,6,4,Weekday,1700,2-Car,No injury/unknown,FOLLOWING TOO CLOSELY,SR37S & SR45W,12726
2012,5,6,Weekday,1200,2-Car,Non-incapacitating,FOLLOWING TOO CLOSELY,N MT GILEAD & SR45E,12727
2012,7,3,Weekday,1100,2-Car,No injury/unknown,FOLLOWING TOO CLOSELY,SR37S & SR45,12728
2012,10,7,Weekend,1300,2-Car,No injury/unknown,FOLLOWING TOO CLOSELY,SR37N & SR45W,12729
2012,6,6,Weekday,0,1-Car,Non-incapacitating,RAN OFF ROAD RIGHT,HOWARD RD & VERANL,12730
2012,6,1,Weekend,1300,1-Car,Non-incapacitating,RAN OFF ROAD RIGHT,SR46,12731
2012,4,5,Weekday,1800,2-Car,No injury/unknown,FOLLOWING TOO CLOSELY,ARLINGTON RD & SR46,12732
2012,7,4,Weekday,900,2-Car,No injury/unknown,OTHER (DRIVER) - EXPLAIN IN NARRATIVE,N KINSER PIKE,12733
2012,3,1,Weekend,1600,2-Car,No injury/unknown,FOLLOWING TOO CLOSELY,SR37S & VERNAL,12734
2012,6,5,Weekday,1800,2-Car,No injury/unknown,IMPROPER TURNING,NORTH KINSER PIKE,12735
2012,2,4,Weekday,1500,3+ Cars,Non-incapacitating,FAILURE TO YIELD RIGHT OF WAY,MONROE & SR46W,12736
2012,11,3,Weekday,1400,1-Car,No injury/unknown,OTHER (DRIVER) - EXPLAIN IN NARRATIVE,NORTH HEADLEY RD,12737
2012,1,2,Weekday,1900,Pedestrian,Non-incapacitating,FAILURE TO YIELD RIGHT OF WAY,HARTSTRAIT & VERNAL PIKE,12738
2012,9,4,Weekday,1400,2-Car,No injury/unknown,IMPROPER PASSING,SR45 & WALNUT ST,12739
2012,4,6,Weekday,1600,2-Car,No injury/unknown,LEFT OF CENTER,HARTSTRAIT RD & VERNAL,12740
2012,7,5,Weekday,2000,2-Car,No injury/unknown,FOLLOWING TOO CLOSELY,HARTSTRAIT RD & VERNAL,12741
2012,9,5,Weekday,900,1-Car,No injury/unknown,ANIMAL/OBJECT IN ROADWAY,HARTSTRAIT RD & VERNAL,12742
2012,8,6,Weekday,1200,Pedestrian,Non-incapacitating,IMPROPER TURNING,1500 N ST RD 45 46  WEST DRIVE & N HEADLEY RD,12743
2012,1,4,Weekday,300,1-Car,No injury/unknown,RAN OFF ROAD RIGHT,ARLINGTON RD & GOURLEY,12744
2012,2,6,Weekday,1400,1-Car,No injury/unknown,SPEED TOO FAST FOR WEATHER CONDITIONS,ARLINGTON RD & GOURLEY,12745
2012,10,1,Weekend,1400,1-Car,No injury/unknown,RAN OFF ROAD RIGHT,ARLINGTON RD & GOURLEY,12746
2012,3,1,Weekend,1000,Moped/Motorcycle,No injury/unknown,FOLLOWING TOO CLOSELY,KINSER & SR46W,12747
2012,3,6,Weekday,1300,Bus,No injury/unknown,ENGINE FAILURE OR DEFECTIVE,N KINSER & SR46W,12748
2012,5,6,Weekday,1500,2-Car,No injury/unknown,FOLLOWING TOO CLOSELY,KINSER PIKE & SR 45 46,12749
2012,3,1,Weekday,2300,2-Car,No injury/unknown,UNSAFE LANE MOVEMENT,N KINSER & SR46W,12750
2012,4,7,Weekend,2200,3+ Cars,Non-incapacitating,FOLLOWING TOO CLOSELY,4546 BYP & KINSER,12751
2012,5,5,Weekday,900,1-Car,No injury/unknown,INSECURE/LEAKY LOAD,KINSER & SR46W,12752
2012,5,7,Weekend,1800,2-Car,No injury/unknown,DISREGARD SIGNAL/REG SIGN,N KINSER & STATE ROAD 45 46 BYP,12753
2012,6,2,Weekday,1200,2-Car,No injury/unknown,FAILURE TO YIELD RIGHT OF WAY,N KINSER & SR4546,12754
2012,7,7,Weekend,1300,2-Car,No injury/unknown,FOLLOWING TOO CLOSELY,KINSER & SR4546E,12755
2012,9,4,Weekday,1900,2-Car,No injury/unknown,DISREGARD SIGNAL/REG SIGN,KINSER & SR 45 46 BYP,12756
2012,9,5,Weekday,700,3+ Cars,Non-incapacitating,DISREGARD SIGNAL/REG SIGN,KINSER & SR46E,12757
2012,10,3,Weekday,1400,2-Car,No injury/unknown,DISREGARD SIGNAL/REG SIGN,KINSER & SR46E,12758
2012,10,3,Weekday,1700,3+ Cars,No injury/unknown,SPEED TOO FAST FOR WEATHER CONDITIONS,KINSER PIKE & SR46W,12759
2012,12,5,Weekday,1900,2-Car,No injury/unknown,FAILURE TO YIELD RIGHT OF WAY,KINSER & SR46E,12760
2012,12,4,Weekday,1800,2-Car,No injury/unknown,FOLLOWING TOO CLOSELY,KINSER PIKE & SR4546,12761
2012,10,6,Weekday,1500,2-Car,No injury/unknown,FOLLOWING TOO CLOSELY,KINSER & SR45E,12762
2012,6,1,Weekend,1300,1-Car,No injury/unknown,RAN OFF ROAD RIGHT,GOURLEY PIKE & MONROE,12763
2012,1,2,Weekday,1700,1-Car,No injury/unknown,SPEED TOO FAST FOR WEATHER CONDITIONS,MONROE & W GOURLEY PIKE,12764
2012,10,6,Weekday,1100,2-Car,No injury/unknown,SPEED TOO FAST FOR WEATHER CONDITIONS,MONROE & W GOURLEY PIKE,12765
2012,3,4,Weekday,1400,2-Car,No injury/unknown,FAILURE TO YIELD RIGHT OF WAY,MOUNT GILEAD & SR45E,12766
2012,2,4,Weekday,1500,2-Car,Non-incapacitating,DISREGARD SIGNAL/REG SIGN,STATE ROAD 45 46 BYP & WALNUT,12767
2012,3,3,Weekday,900,2-Car,No injury/unknown,FOLLOWING TOO CLOSELY,SR46E & WALNUT,12768
2012,5,3,Weekday,1500,2-Car,Non-incapacitating,FOLLOWING TOO CLOSELY,STATE RD 45 46 & WALNUT ST,12769
2012,7,7,Weekend,1200,2-Car,No injury/unknown,IMPROPER LANE USAGE,N WALNUT ST & SR46E,12770
2012,7,2,Weekday,800,2-Car,Incapacitating,DISREGARD SIGNAL/REG SIGN,4546 BYP & N WALNUT,12771
2012,8,5,Weekday,1000,2-Car,No injury/unknown,UNSAFE LANE MOVEMENT,N WALNUT ST & SR4546,12772
2012,10,1,Weekend,300,2-Car,No injury/unknown,DISREGARD SIGNAL/REG SIGN,NORTH WALNUT & SR4546W,12773
2012,10,5,Weekday,300,2-Car,No injury/unknown,OTHER (DRIVER) - EXPLAIN IN NARRATIVE,N WALNUT & SR46E,12774
2012,1,1,Weekend,1100,2-Car,No injury/unknown,UNSAFE BACKING,W STATE RD 45 RD,12775
2012,2,7,Weekend,1800,Moped/Motorcycle,Non-incapacitating,OTHER (DRIVER) - EXPLAIN IN NARRATIVE,W STATE ROAD 45 HWY,12776
2012,4,7,Weekend,2000,1-Car,No injury/unknown,OTHER (DRIVER) - EXPLAIN IN NARRATIVE,W STATE RD 45 RD,12777
2012,6,3,Weekday,1200,2-Car,No injury/unknown,IMPROPER TURNING,W SR 45 RD,12778
2012,6,6,Weekday,1400,2-Car,No injury/unknown,UNSAFE BACKING,WEST STATE ROAD 45 HWY,12779
2012,10,2,Weekday,600,2-Car,No injury/unknown,DRIVER DISTRACTED - EXPLAIN IN NARRATIVE,DUNN & SR46E,12780
2012,5,2,Weekday,1300,2-Car,No injury/unknown,FOLLOWING TOO CLOSELY,DUNN & SR45E,12781
2012,7,1,Weekend,1200,2-Car,No injury/unknown,IMPROPER LANE USAGE,N COLLEGE & SR4546,12782
2012,11,7,Weekend,1400,2-Car,No injury/unknown,FAILURE TO YIELD RIGHT OF WAY,COLLEGE AVE & SR4546,12783
2012,11,1,Weekend,200,2-Car,No injury/unknown,WRONG WAY ON ONE WAY,N COLLEGE AVE & N OLD STATE ROAD 37,12784
2012,4,2,Weekday,1700,3+ Cars,Non-incapacitating,FAILURE TO YIELD RIGHT OF WAY,SR45,12785
2012,2,5,Weekday,2100,2-Car,No injury/unknown,UNSAFE LANE MOVEMENT,DUNN & SR45E,12786