year,month,day,weekend,hour,collision_type,injury_type,primary_factor,reported_location,unique_id
2012,1,3,Weekday,1900,2-Car,No injury/unknown,FOLLOWING TOO CLOSELY,EAST 17TH ST & N WALNUT,13005
2012,4,4,Weekday,1600,2-Car,No injury/unknown,OTHER (DRIVER) - EXPLAIN IN NARRATIVE,17TH & N WALNUT ST,13006
2012,4,2,Weekday,700,2-Car,No injury/unknown,FAILURE TO YIELD RIGHT OF WAY,E 17TH ST & WALNUT,13007
2012,6,4,Weekday,1700,Moped/Motorcycle,Incapacitating,FAILURE TO YIELD RIGHT OF WAY,17TH ST & WALNUT,13008
2012,11,4,Weekday,1300,2-Car,No injury/unknown,IMPROPER TURNING,E 17TH & N WALNUT ST,13009
2012,1,3,Weekday,200,2-Car,No injury/unknown,DISREGARD SIGNAL/REG SIGN,17TH ST & FEE,13010
2012,2,3,Weekday,1700,2-Car,No injury/unknown,UNSAFE BACKING,E 17TH & N FEE LN,13011
2012,5,1,Weekend,1500,2-Car,No injury/unknown,UNSAFE BACKING,E 17TH & N FEE LN,13012
2012,9,6,Weekday,1200,2-Car,Non-incapacitating,FOLLOWING TOO CLOSELY,17TH & FEE LN,13013
2012,1,2,Weekday,1700,2-Car,No injury/unknown,SPEED TOO FAST FOR WEATHER CONDITIONS,17TH ST & N JORDAN EXT,13014
2012,4,1,Weekend,1800,2-Car,No injury/unknown,FAILURE TO YIELD RIGHT OF WAY,E 17TH ST,13015
2012,3,5,Weekday,1300,2-Car,No injury/unknown,SPEED TOO FAST FOR WEATHER CONDITIONS,17TH ST & JORDAN,13016
2012,1,1,Weekend,1300,2-Car,Non-incapacitating,FOLLOWING TOO CLOSELY,17TH & JORDAN AVE,13017
2012,1,1,Weekend,1700,2-Car,No injury/unknown,FAILURE TO YIELD RIGHT OF WAY,E 17TH & N JORDAN AVE,13018
2012,5,3,Weekday,2300,Pedestrian,Non-incapacitating,PEDESTRIAN ACTION,101 N JORDAN CIRCLE ENTRANCE & JORDAN AVE,13019
2012,4,1,Weekend,1200,2-Car,No injury/unknown,DRIVER DISTRACTED - EXPLAIN IN NARRATIVE,JORDAN & SEVENTEENTH ST,13020
2012,10,7,Weekend,1300,2-Car,No injury/unknown,FAILURE TO YIELD RIGHT OF WAY,E 17TH & N JORDAN AVE,13021
2012,3,4,Weekday,1600,1-Car,No injury/unknown,DRIVER DISTRACTED - EXPLAIN IN NARRATIVE,N RANGE RD,13022
2012,4,5,Weekday,1400,2-Car,No injury/unknown,FAILURE TO YIELD RIGHT OF WAY,HENSONBURG & VERNAL PIKE,13023
2012,10,3,Weekday,900,Bus,Non-incapacitating,FOLLOWING TOO CLOSELY,11TH & COLLEGE AVE,13024
2012,9,6,Weekday,1600,2-Car,No injury/unknown,FAILURE TO YIELD RIGHT OF WAY,KENWOOD & MADISON ST,13025
2012,7,2,Weekday,0,2-Car,No injury/unknown,UNSAFE BACKING,17 & WOODBURN AVE,13026
2012,4,2,Weekday,1200,2-Car,No injury/unknown,FAILURE TO YIELD RIGHT OF WAY,17TH & MAPLE ST,13027
2012,10,1,Weekend,1500,2-Car,No injury/unknown,IMPROPER TURNING,EAST 17TH & WALNUT GROVE ST,13028
2012,10,3,Weekday,0,2-Car,No injury/unknown,IMPROPER LANE USAGE,NORTH JORDAN AVE AVE,13029
2012,12,2,Weekday,2100,2-Car,No injury/unknown,UNSAFE BACKING,N JORDAN AVE,13030
2012,10,5,Weekday,1800,2-Car,No injury/unknown,IMPROPER TURNING,N DUNN ST,13031
2012,6,5,Weekday,900,1-Car,No injury/unknown,RAN OFF ROAD RIGHT,N DUNN ST,13032
2012,9,3,Weekday,300,1-Car,No injury/unknown,RAN OFF ROAD RIGHT,16TH & MONROE ST,13033
2012,9,4,Weekday,1000,2-Car,No injury/unknown,OTHER (DRIVER) - EXPLAIN IN NARRATIVE,E 1ST ST & S WOODLAWN,13034
2012,9,2,Weekday,900,2-Car,No injury/unknown,FAILURE TO YIELD RIGHT OF WAY,S WOODLAWN AVE,13035
2012,8,5,Weekday,1200,2-Car,No injury/unknown,UNSAFE BACKING,WALNUT ST,13036
2012,4,1,Weekend,200,1-Car,No injury/unknown,RAN OFF ROAD RIGHT,16TH & MADISON ST,13037
2012,4,7,Weekend,1800,2-Car,No injury/unknown,FOLLOWING TOO CLOSELY,1ST & SOUTH WALNUT ST,13038
2012,8,7,Weekend,1600,2-Car,No injury/unknown,DISREGARD SIGNAL/REG SIGN,EAST 1ST & S WALNUT ST,13039
2012,7,5,Weekday,100,2-Car,No injury/unknown,OTHER (DRIVER) - EXPLAIN IN NARRATIVE,16TH ST & LINCOLN,13040
2012,7,7,Weekend,200,2-Car,No injury/unknown,OTHER (DRIVER) - EXPLAIN IN NARRATIVE,16TH ST & DUNN,13041
2012,3,6,Weekday,1200,2-Car,Non-incapacitating,FOLLOWING TOO CLOSELY,1ST & COLLEGE AVE,13042
2012,1,6,Weekday,1300,2-Car,No injury/unknown,IMPROPER TURNING,1250 N COLLEGE AVE & 17TH,13043
2012,9,3,Weekday,900,2-Car,No injury/unknown,OTHER (VEHICLE) - EXPLAIN IN NARRATIVE,JORDAN AVE,13044
2012,11,6,Weekday,1600,2-Car,Non-incapacitating,FOLLOWING TOO CLOSELY,SR37S & VERNAL,13045
2012,5,4,Weekday,1900,2-Car,No injury/unknown,DRIVER DISTRACTED - EXPLAIN IN NARRATIVE,WEST 15TH ST,13046
2012,8,6,Weekday,1800,2-Car,No injury/unknown,UNSAFE BACKING,WEST 15TH ST,13047
2012,4,1,Weekend,400,1-Car,No injury/unknown,RAN OFF ROAD RIGHT,N CRESENT RD,13048
2012,3,2,Weekday,900,2-Car,No injury/unknown,OTHER (DRIVER) - EXPLAIN IN NARRATIVE,N FEE LN,13049
2012,12,3,Weekday,2300,2-Car,No injury/unknown,OTHER (DRIVER) - EXPLAIN IN NARRATIVE,JORDAN & LINGLEBACH LN,13050
2012,2,6,Weekday,800,3+ Cars,No injury/unknown,DRIVER DISTRACTED - EXPLAIN IN NARRATIVE,SR37S & VERNAL,13051
2012,1,6,Weekend,2000,1-Car,No injury/unknown,ANIMAL/OBJECT IN ROADWAY,ETTER & SR45E,13052
2012,1,6,Weekday,1000,3+ Cars,Non-incapacitating,FAILURE TO YIELD RIGHT OF WAY,10TH & SR45W,13053
2012,1,7,Weekend,1800,Bus,No injury/unknown,LEFT OF CENTER,E 10TH & SR45E,13054
2012,4,5,Weekday,1900,2-Car,No injury/unknown,FAILURE TO YIELD RIGHT OF WAY,E 15TH ST & N DUNN,13055
2012,5,4,Weekday,2200,2-Car,No injury/unknown,UNSAFE BACKING,15TH & DUNN ST,13056
2012,5,1,Weekend,1100,2-Car,No injury/unknown,FOLLOWING TOO CLOSELY,10TH & SR45E,13057
2012,6,5,Weekday,1400,2-Car,No injury/unknown,FOLLOWING TOO CLOSELY,E 10TH & SR45N,13058
2012,6,6,Weekend,1900,2-Car,Non-incapacitating,FAILURE TO YIELD RIGHT OF WAY,N WOODBURN & W 15TH ST,13059
2012,6,6,Weekend,2100,3+ Cars,No injury/unknown,DRIVER DISTRACTED - EXPLAIN IN NARRATIVE,N WOODBURN & WEST 15TH ST,13060
2012,3,5,Weekday,0,2-Car,No injury/unknown,UNSAFE SPEED,15TH ST & LINCOLN,13061
2012,8,2,Weekday,2300,2-Car,No injury/unknown,RAN OFF ROAD RIGHT,N HANCOCK DR,13062
2012,12,3,Weekday,1500,3+ Cars,No injury/unknown,FOLLOWING TOO CLOSELY,15TH & WALNUT ST,13063
2012,3,5,Weekday,900,2-Car,No injury/unknown,OTHER (DRIVER) - EXPLAIN IN NARRATIVE,LINDBERGH & W 15TH ST,13064
2012,9,5,Weekday,900,1-Car,Non-incapacitating,RAN OFF ROAD RIGHT,ILLINOIS & WEST 15TH ST,13065
2012,4,6,Weekday,1500,2-Car,No injury/unknown,FAILURE TO YIELD RIGHT OF WAY,15TH & WALNUT ST,13066
2012,1,7,Weekend,1800,2-Car,No injury/unknown,DRIVER DISTRACTED - EXPLAIN IN NARRATIVE,10TH & SR4546S,13067
2012,2,1,Weekend,1400,2-Car,Non-incapacitating,FOLLOWING TOO CLOSELY,10TH & US45E,13068
2012,2,4,Weekday,800,2-Car,No injury/unknown,OTHER (DRIVER) - EXPLAIN IN NARRATIVE,10TH & 2719 E 10TH DR,13069
2012,4,2,Weekday,1700,2-Car,Non-incapacitating,SPEED TOO FAST FOR WEATHER CONDITIONS,10TH & SR4546E,13070
2012,3,2,Weekday,900,2-Car,Non-incapacitating,FAILURE TO YIELD RIGHT OF WAY,10TH & SR45N,13071
2012,6,7,Weekend,1600,2-Car,No injury/unknown,OVERCORRECTING/OVERSTEERING,10TH & SR4546S,13072
2012,8,2,Weekday,800,2-Car,No injury/unknown,IMPROPER LANE USAGE,E 10TH & SR45W,13073
2012,9,6,Weekday,700,2-Car,No injury/unknown,IMPROPER PASSING,10TH ST & SR4546,13074
2012,10,7,Weekend,1500,2-Car,Non-incapacitating,FOLLOWING TOO CLOSELY,10TH & SR45S,13075
2012,11,3,Weekday,1000,2-Car,Non-incapacitating,OTHER (DRIVER) - EXPLAIN IN NARRATIVE,LIBERTY DR & SR 45,13076
2012,5,4,Weekday,1600,2-Car,No injury/unknown,LEFT OF CENTER,E 10TH ST & SR4546,13077
2012,9,6,Weekend,1900,2-Car,No injury/unknown,UNSAFE LANE MOVEMENT,10TH & NORTH ROGERS ST,13078
2012,3,5,Weekday,1800,2-Car,No injury/unknown,UNSAFE SPEED,E 10TH ST & SR45,13079
2012,5,7,Weekend,2100,2-Car,No injury/unknown,UNSAFE LANE MOVEMENT,10TH ST & SR4546,13080
2012,12,5,Weekday,2200,1-Car,Non-incapacitating,SPEED TOO FAST FOR WEATHER CONDITIONS,15TH ST & HANCOCK,13081
2012,2,2,Weekday,500,1-Car,No injury/unknown,RAN OFF ROAD RIGHT,1ST ST & FAIRVIEW,13082
2012,7,7,Weekend,2100,1-Car,No injury/unknown,IMPROPER TURNING,ROGERS & W 15TH ST,13083
2012,2,2,Weekday,200,1-Car,Non-incapacitating,RAN OFF ROAD RIGHT,N MADISON ST & W 15TH,13084
2012,10,4,Weekday,1700,3+ Cars,No injury/unknown,FOLLOWING TOO CLOSELY,SR37 & VERNAL,13085
2012,10,1,Weekend,1800,2-Car,No injury/unknown,UNSAFE BACKING,N FEE LN,13086
2012,12,4,Weekday,1300,1-Car,No injury/unknown,UNSAFE BACKING,NORTH FEE LN,13087
2012,1,4,Weekday,1300,2-Car,Non-incapacitating,FOLLOWING TOO CLOSELY,SR 37 HWY & VERNAL,13088
2012,3,2,Weekday,1500,2-Car,No injury/unknown,FOLLOWING TOO CLOSELY,SR37N & VERNAL,13089
2012,5,7,Weekend,1800,2-Car,Incapacitating,DISREGARD SIGNAL/REG SIGN,SR37N & VERNAL,13090
2012,3,2,Weekday,800,2-Car,No injury/unknown,FAILURE TO YIELD RIGHT OF WAY,SR37S & VERNAL,13091
2012,6,2,Weekday,1000,2-Car,No injury/unknown,FOLLOWING TOO CLOSELY,SR37N & W VERNAL,13092
2012,8,7,Weekend,1600,2-Car,No injury/unknown,DISREGARD SIGNAL/REG SIGN,SR37S & VERNAL,13093
2012,10,4,Weekday,1300,3+ Cars,No injury/unknown,FOLLOWING TOO CLOSELY,SR37S & VERNAL,13094
2012,12,7,Weekend,1600,3+ Cars,Non-incapacitating,FOLLOWING TOO CLOSELY,SR37N & VERNAL,13095
2012,12,2,Weekday,1200,2-Car,No injury/unknown,OTHER (DRIVER) - EXPLAIN IN NARRATIVE,LINGLEBACH LN & UNION,13096
2012,10,2,Weekday,1600,1-Car,No injury/unknown,OBSTRUCTION NOT MARKED,FOURTEENTH & INDIANA AVE,13097
2012,1,1,Weekend,1600,2-Car,Non-incapacitating,FOLLOWING TOO CLOSELY,SR37S & VERNAL,13098
2012,6,4,Weekday,1700,2-Car,No injury/unknown,FOLLOWING TOO CLOSELY,SR37N & VERNAL,13099
2012,8,5,Weekday,1000,2-Car,No injury/unknown,OTHER (VEHICLE) - EXPLAIN IN NARRATIVE,SR37N & VERNAL PIKE,13100
2012,8,6,Weekday,1500,2-Car,Non-incapacitating,DRIVER DISTRACTED - EXPLAIN IN NARRATIVE,SR37N & W VERNAL,13101
2012,4,4,Weekday,1400,2-Car,No injury/unknown,UNSAFE BACKING,FEE & FOSTER NORTH DR,13102
2012,1,1,Weekend,1000,2-Car,Non-incapacitating,FAILURE TO YIELD RIGHT OF WAY,FEE LN & FOSTER,13103
2012,1,4,Weekday,1800,2-Car,No injury/unknown,FAILURE TO YIELD RIGHT OF WAY,FOSTER & N FEE LN,13104
2012,10,6,Weekday,1600,2-Car,No injury/unknown,IMPROPER TURNING,37 & VERNAL PIKE,13105
2012,4,7,Weekend,1100,2-Car,No injury/unknown,FOLLOWING TOO CLOSELY,SR37N & VERNAL,13106
2012,4,4,Weekday,2000,2-Car,No injury/unknown,FAILURE TO YIELD RIGHT OF WAY,14TH & INDIANA AVE,13107
2012,10,7,Weekend,2200,2-Car,Non-incapacitating,FAILURE TO YIELD RIGHT OF WAY,14TH & N INDIANA AVE,13108
2012,10,7,Weekend,300,2-Car,No injury/unknown,UNSAFE LANE MOVEMENT,14TH ST & INDIANA,13109
2012,12,6,Weekday,600,2-Car,No injury/unknown,UNSAFE LANE MOVEMENT,1100 N INDIANA AVE & E 14TH,13110
2012,6,7,Weekend,100,2-Car,No injury/unknown,OTHER (DRIVER) - EXPLAIN IN NARRATIVE,14TH ST & DUNN,13111
2012,11,4,Weekday,1700,2-Car,No injury/unknown,FAILURE TO YIELD RIGHT OF WAY,14TH & INDIANA AVE,13112
2012,1,2,Weekday,1600,2-Car,No injury/unknown,OTHER (DRIVER) - EXPLAIN IN NARRATIVE,NORTH WALNUT ST,13113
2012,6,4,Weekday,1500,2-Car,No injury/unknown,VIEW OBSTRUCTED,14TH ST & LINCOLN,13114
2012,12,4,Weekday,1800,2-Car,Non-incapacitating,UNSAFE SPEED,SR37 & VERNAL,13115
2012,1,6,Weekday,700,Bus,No injury/unknown,FAILURE TO YIELD RIGHT OF WAY,14TH & COLLEGE AVE,13116
2012,1,5,Weekday,2200,2-Car,No injury/unknown,FAILURE TO YIELD RIGHT OF WAY,14TH & N COLLEGE AVE,13117
2012,7,2,Weekday,2000,2-Car,No injury/unknown,BRAKE FAILURE OR DEFECTIVE,N COLLEGE AVE,13118
2012,12,5,Weekday,1500,2-Car,No injury/unknown,UNSAFE BACKING,N COLLEGE AVE,13119
2012,11,5,Weekday,1100,2-Car,No injury/unknown,FAILURE TO YIELD RIGHT OF WAY,N COLLEGE AVE & W 14TH,13120
2012,12,1,Weekend,1500,2-Car,No injury/unknown,FAILURE TO YIELD RIGHT OF WAY,14TH & COLLEGE AVE,13121
2012,9,7,Weekend,2200,2-Car,No injury/unknown,FAILURE TO YIELD RIGHT OF WAY,JONES & JORDAN AVE,13122
2012,1,4,Weekday,2000,2-Car,No injury/unknown,UNSAFE LANE MOVEMENT,14TH & WALNUT ST,13123
2012,2,3,Weekday,2300,Cyclist,Non-incapacitating,FAILURE TO YIELD RIGHT OF WAY,14TH ST & WALNUT,13124
2012,4,1,Weekend,1100,2-Car,No injury/unknown,FAILURE TO YIELD RIGHT OF WAY,14TH & WALNUT ST,13125
2012,5,3,Weekday,1900,Cyclist,Non-incapacitating,FAILURE TO YIELD RIGHT OF WAY,14TH & WALNUT ST,13126
2012,4,7,Weekend,100,2-Car,No injury/unknown,UNSAFE LANE MOVEMENT,14TH & WALNUT ST,13127
2012,4,7,Weekend,300,2-Car,No injury/unknown,FAILURE TO YIELD RIGHT OF WAY,14TH & N WALNUT ST,13128
2012,4,5,Weekday,1800,2-Car,No injury/unknown,FAILURE TO YIELD RIGHT OF WAY,14TH & N WALNUT ST,13129
2012,7,3,Weekday,1200,2-Car,No injury/unknown,FAILURE TO YIELD RIGHT OF WAY,14TH & WALNUT ST,13130
2012,9,4,Weekday,1200,2-Car,No injury/unknown,IMPROPER TURNING,14TH & N WALNUT ST,13131
2012,9,6,Weekday,1300,2-Car,No injury/unknown,IMPROPER TURNING,14TH & WALNUT ST,13132
2012,7,5,Weekday,1000,Bus,No injury/unknown,IMPROPER TURNING,14TH & COLLEGE AVE,13133
2012,8,3,Weekday,1400,2-Car,Non-incapacitating,FAILURE TO YIELD RIGHT OF WAY,14TH & WALNUT ST,13134
2012,11,2,Weekday,1300,2-Car,No injury/unknown,FAILURE TO YIELD RIGHT OF WAY,14TH & WALNUT ST,13135
2012,12,3,Weekday,1700,2-Car,No injury/unknown,FOLLOWING TOO CLOSELY,10TH & SR4546S,13136
2012,8,6,Weekend,1900,2-Car,No injury/unknown,UNSAFE BACKING,UNION & UNION ST,13137
2012,1,5,Weekday,800,Pedestrian,Non-incapacitating,FAILURE TO YIELD RIGHT OF WAY,14TH & MONROE ST,13138
2012,3,7,Weekend,0,3+ Cars,Non-incapacitating,OVERCORRECTING/OVERSTEERING,JORDAN AVE & LAW,13139
2012,12,6,Weekday,1800,2-Car,Non-incapacitating,FOLLOWING TOO CLOSELY,SR37N & VERNAL,13140
2012,11,5,Weekday,1800,1-Car,No injury/unknown,ANIMAL/OBJECT IN ROADWAY,BLUE RIDGE & WALNUT ST,13141
2012,8,7,Weekend,1400,2-Car,No injury/unknown,UNSAFE LANE MOVEMENT,14TH & WALNUT ST,13142
2012,3,3,Weekday,400,1-Car,No injury/unknown,SPEED TOO FAST FOR WEATHER CONDITIONS,DUNN & EAST 13TH ST,13143
2012,3,6,Weekday,100,1-Car,No injury/unknown,RAN OFF ROAD RIGHT,13TH & DUNN ST,13144
2012,8,1,Weekend,1300,1-Car,No injury/unknown,OTHER (DRIVER) - EXPLAIN IN NARRATIVE,13TH & DUNN ST,13145
2012,1,6,Weekday,1500,2-Car,No injury/unknown,FAILURE TO YIELD RIGHT OF WAY,13TH & INDIANA AVE,13146
2012,3,6,Weekday,1000,2-Car,No injury/unknown,FAILURE TO YIELD RIGHT OF WAY,E 13TH & N INDIANA AVE,13147
2012,2,5,Weekday,1300,2-Car,No injury/unknown,FAILURE TO YIELD RIGHT OF WAY,13TH & INDIANA AVE,13148
2012,3,6,Weekday,1800,2-Car,No injury/unknown,OVERCORRECTING/OVERSTEERING,13TH & INDIANA AVE,13149
2012,3,6,Weekday,1400,2-Car,No injury/unknown,FAILURE TO YIELD RIGHT OF WAY,13TH & INDIANA AVE,13150
2012,3,7,Weekend,0,2-Car,No injury/unknown,FAILURE TO YIELD RIGHT OF WAY,13TH & INDIANA AVE,13151
2012,11,1,Weekend,0,2-Car,No injury/unknown,DISREGARD SIGNAL/REG SIGN,13TH & INDIANA AVE,13152
2012,10,2,Weekday,1300,2-Car,No injury/unknown,UNSAFE BACKING,13TH ST & WOODBURN,13153
2012,10,6,Weekday,0,2-Car,No injury/unknown,UNSAFE BACKING,N JORDAN AVE,13154
2012,5,6,Weekday,1000,1-Car,Non-incapacitating,RAN OFF ROAD RIGHT,SR37N & VERNAL,13155
2012,3,1,Weekend,1700,2-Car,No injury/unknown,UNSAFE LANE MOVEMENT,E 13TH ST & N WOODLAWN,13156
2012,5,3,Weekday,1200,2-Car,No injury/unknown,OTHER (VEHICLE) - EXPLAIN IN NARRATIVE,EAST 13TH ST & WOODLAWN,13157
2012,12,5,Weekday,2300,1-Car,No injury/unknown,UNSAFE SPEED,13TH ST & DUNN,13158
2012,2,5,Weekday,900,1-Car,Non-incapacitating,SPEED TOO FAST FOR WEATHER CONDITIONS,13TH & DUNN ST,13159
2012,6,5,Weekday,1300,2-Car,No injury/unknown,VIEW OBSTRUCTED,INDUSTRIAL PARK DR,13160
2012,2,5,Weekday,100,1-Car,No injury/unknown,RAN OFF ROAD RIGHT,N COLLEGE AVE,13161
2012,9,3,Weekday,1400,2-Car,No injury/unknown,DISREGARD SIGNAL/REG SIGN,13TH & INDIANA AVE,13162
2012,10,7,Weekend,1200,2-Car,No injury/unknown,OTHER (DRIVER) - EXPLAIN IN NARRATIVE,13TH & INDIANA AVE,13163
2012,10,3,Weekday,1600,2-Car,No injury/unknown,FAILURE TO YIELD RIGHT OF WAY,13TH & INDIANA AVE,13164
2012,9,2,Weekday,1000,2-Car,No injury/unknown,FAILURE TO YIELD RIGHT OF WAY,THIRTEENTH ST & WALNUT,13165
2012,10,5,Weekday,1100,2-Car,No injury/unknown,FAILURE TO YIELD RIGHT OF WAY,E 13TH ST & WALNUT GROVE,13166
2012,8,3,Weekday,900,2-Car,No injury/unknown,OTHER (DRIVER) - EXPLAIN IN NARRATIVE,10TH ST & ROGERS,13167
2012,1,6,Weekend,2000,2-Car,No injury/unknown,OTHER (DRIVER) - EXPLAIN IN NARRATIVE,N FEE LN,13168
2012,4,3,Weekday,1100,Moped/Motorcycle,Non-incapacitating,UNSAFE SPEED,13TH & FEE LN,13169
2012,4,6,Weekday,1200,2-Car,Non-incapacitating,UNSAFE SPEED,13TH & FEE LN,13170
2012,9,1,Weekend,1300,2-Car,No injury/unknown,FAILURE TO YIELD RIGHT OF WAY,FEE & THIRTEENTH ST,13171
2012,10,6,Weekday,1800,2-Car,No injury/unknown,DISREGARD SIGNAL/REG SIGN,13TH ST & WALNUT GROVE,13172
2012,10,4,Weekday,1500,2-Car,No injury/unknown,DISREGARD SIGNAL/REG SIGN,13TH ST & WALNUT GROVE,13173
2012,12,7,Weekend,2000,2-Car,No injury/unknown,FAILURE TO YIELD RIGHT OF WAY,13TH & FEE LN,13174
2012,7,2,Weekday,2200,2-Car,No injury/unknown,IMPROPER TURNING,CRESCENT & W VERNAL PIKE,13175
2012,7,4,Weekday,1200,Moped/Motorcycle,Incapacitating,RAN OFF ROAD RIGHT,E 10TH ST & RUSSELL,13176
2012,10,3,Weekday,1700,2-Car,No injury/unknown,FOLLOWING TOO CLOSELY,SR37N & VERNAL,13177
2012,1,4,Weekday,2200,2-Car,Non-incapacitating,FAILURE TO YIELD RIGHT OF WAY,JORDAN AVE & LAW,13178
2012,1,7,Weekend,800,1-Car,Non-incapacitating,SPEED TOO FAST FOR WEATHER CONDITIONS,SR37S & VERNAL PK,13179
2012,6,4,Weekday,1700,2-Car,No injury/unknown,DRIVER DISTRACTED - EXPLAIN IN NARRATIVE,SR37N & VERNAL,13180
2012,12,6,Weekday,1800,Bus,No injury/unknown,FOLLOWING TOO CLOSELY,SR37N & VERNAL,13181
2012,8,6,Weekday,200,1-Car,No injury/unknown,SPEED TOO FAST FOR WEATHER CONDITIONS,14TH & WALNUT ST,13182
2012,11,6,Weekday,1800,1-Car,No injury/unknown,OTHER (VEHICLE) - EXPLAIN IN NARRATIVE,12TH ST & GRANT,13183
2012,5,5,Weekday,1800,2-Car,No injury/unknown,OTHER (DRIVER) - EXPLAIN IN NARRATIVE,EAST 12TH ST,13184
2012,1,2,Weekday,100,1-Car,No injury/unknown,RAN OFF ROAD RIGHT,12TH & LINCOLN ST,13185
2012,2,7,Weekend,100,2-Car,No injury/unknown,UNSAFE BACKING,12TH & LINCOLN AVE,13186
2012,3,7,Weekend,0,2-Car,No injury/unknown,UNSAFE LANE MOVEMENT,12TH ST & LINCOLN,13187
2012,5,4,Weekday,700,Cyclist,Non-incapacitating,FAILURE TO YIELD RIGHT OF WAY,12TH ST & DUNN,13188
2012,5,7,Weekend,200,Moped/Motorcycle,Non-incapacitating,RAN OFF ROAD RIGHT,N MADISON ST & W 11TH,13189
2012,3,1,Weekend,200,1-Car,Non-incapacitating,OTHER (DRIVER) - EXPLAIN IN NARRATIVE,12TH ST & WASHINGTON,13190
2012,11,2,Weekday,1600,2-Car,No injury/unknown,IMPROPER TURNING,E LAW & N FOSTER DR,13191
2012,11,6,Weekday,0,2-Car,No injury/unknown,UNSAFE LANE MOVEMENT,12TH ST & WASHIGTON,13192
2012,3,1,Weekend,1500,2-Car,No injury/unknown,UNSAFE SPEED,E 12TH & N WASHINGTON ST,13193
2012,1,4,Weekday,1400,2-Car,No injury/unknown,FAILURE TO YIELD RIGHT OF WAY,EAST 12TH & INDIANA AVE,13194
2012,3,5,Weekday,1500,2-Car,No injury/unknown,FOLLOWING TOO CLOSELY,12TH & INDIANA AVE,13195
2012,12,6,Weekday,100,2-Car,No injury/unknown,LEFT OF CENTER,EAST 10TH ST & JEFFERSON,13196
2012,3,2,Weekday,900,2-Car,No injury/unknown,FAILURE TO YIELD RIGHT OF WAY,12TH & INDIANA AVE,13197
2012,11,3,Weekday,1700,2-Car,Non-incapacitating,FAILURE TO YIELD RIGHT OF WAY,INDIANA & TWELVETH ST,13198
2012,12,2,Weekday,1300,2-Car,No injury/unknown,FAILURE TO YIELD RIGHT OF WAY,1500 BLK W 12TH ST & ILLINOIS,13199
2012,5,1,Weekend,600,1-Car,Non-incapacitating,UNSAFE SPEED,N LINDBERGH & W 12TH ST,13200
2012,8,5,Weekday,1900,2-Car,No injury/unknown,IMPROPER TURNING,ILLINOIS & W 12TH ST,13201
2012,6,2,Weekday,1600,2-Car,Non-incapacitating,FAILURE TO YIELD RIGHT OF WAY,12TH & INDIANA AVE,13202
2012,8,4,Weekday,1900,Cyclist,Non-incapacitating,FAILURE TO YIELD RIGHT OF WAY,12TH ST & INDIANA,13203
2012,12,4,Weekday,700,2-Car,No injury/unknown,FAILURE TO YIELD RIGHT OF WAY,GORDON & WALNUT ST,13204
2012,5,6,Weekday,1300,Moped/Motorcycle,No injury/unknown,UNSAFE BACKING,12TH & PARK AVE,13205
2012,8,6,Weekday,1300,2-Car,No injury/unknown,UNSAFE SPEED,10TH & SR46E,13206
2012,12,4,Weekday,1200,2-Car,No injury/unknown,FAILURE TO YIELD RIGHT OF WAY,FEE LN & LAW,13207
2012,9,3,Weekday,1800,2-Car,No injury/unknown,FAILURE TO YIELD RIGHT OF WAY,FEE LN & LAW,13208
2012,11,6,Weekday,800,2-Car,No injury/unknown,FOLLOWING TOO CLOSELY,FEE LN & LAW,13209
2012,10,4,Weekday,1100,2-Car,No injury/unknown,UNSAFE BACKING,FEE & LAW LN,13210
2012,11,2,Weekday,1200,2-Car,No injury/unknown,UNSAFE BACKING,NORTH DUNN ST,13211
2012,1,6,Weekday,1300,2-Car,No injury/unknown,OTHER (DRIVER) - EXPLAIN IN NARRATIVE,JORDAN AVE & LAW,13212
2012,1,3,Weekday,1700,2-Car,No injury/unknown,FAILURE TO YIELD RIGHT OF WAY,E LAW & N JORDAN AVE,13213
2012,1,6,Weekend,2000,2-Car,No injury/unknown,OVERCORRECTING/OVERSTEERING,JORDAN & LAW LN,13214
2012,8,2,Weekday,1300,2-Car,No injury/unknown,FAILURE TO YIELD RIGHT OF WAY,JORDAN AVE & LAW,13215
2012,11,1,Weekend,1700,Bus,No injury/unknown,IMPROPER PASSING,JORDAN & LAW LN,13216
2012,12,3,Weekday,2200,2-Car,No injury/unknown,FAILURE TO YIELD RIGHT OF WAY,JORDAN AVE & LAW,13217
2012,10,3,Weekday,300,1-Car,No injury/unknown,RAN OFF ROAD RIGHT,11 ST,13218
2012,11,2,Weekday,900,2-Car,No injury/unknown,IMPROPER LANE USAGE,11TH ST & LINCOLN,13219
2012,9,6,Weekday,1600,2-Car,No injury/unknown,DISREGARD SIGNAL/REG SIGN,11TH ST & GRANT,13220
2012,4,5,Weekday,700,2-Car,No injury/unknown,UNSAFE BACKING,E UNIVERSITY RD & SR 45 46,13221