year,month,day,weekend,hour,collision_type,injury_type,primary_factor,reported_location,unique_id
2012,5,3,Weekday,900,2-Car,No injury/unknown,UNSAFE BACKING,EAST TENTH ST,13437
2012,9,3,Weekday,1900,2-Car,No injury/unknown,UNSAFE BACKING,10TH ST,13438
2012,1,3,Weekday,1300,2-Car,No injury/unknown,UNSAFE LANE MOVEMENT,10TH & JORDAN AVE,13439
2012,2,4,Weekday,0,2-Car,No injury/unknown,FAILURE TO YIELD RIGHT OF WAY,10TH & JORDAN AVE,13440
2012,3,6,Weekday,1300,2-Car,No injury/unknown,IMPROPER TURNING,10TH & JORDAN AVE,13441
2012,4,7,Weekend,1900,2-Car,No injury/unknown,FOLLOWING TOO CLOSELY,10TH & JORDAN AVE,13442
2012,4,1,Weekend,1400,2-Car,No injury/unknown,FAILURE TO YIELD RIGHT OF WAY,E 10TH ST & N JORDAN,13443
2012,4,5,Weekday,1000,2-Car,No injury/unknown,IMPROPER TURNING,10TH & 600 N JORDAN (PARKING LOT) AVE,13444
2012,5,3,Weekday,1100,Bus,No injury/unknown,FOLLOWING TOO CLOSELY,1400 E TENTH ST & 600 N JORDAN,13445
2012,10,6,Weekday,1000,2-Car,No injury/unknown,UNSAFE BACKING,10TH & JORDAN AVE,13446
2012,10,6,Weekday,1100,2-Car,No injury/unknown,FAILURE TO YIELD RIGHT OF WAY,10TH ST & UNION,13447
2012,4,7,Weekend,1800,2-Car,No injury/unknown,FOLLOWING TOO CLOSELY,10TH ST & JORDAN,13448
2012,10,1,Weekend,1300,3+ Cars,Non-incapacitating,FOLLOWING TOO CLOSELY,10TH ST & RANGE,13449
2012,10,1,Weekend,1300,2-Car,No injury/unknown,FOLLOWING TOO CLOSELY,10TH ST & RANGE,13450
2012,2,3,Weekday,1200,1-Car,No injury/unknown,ACCELERATOR FAILURE OR DEFECTIVE,E TENTH ST,13451
2012,12,7,Weekend,1400,2-Car,No injury/unknown,UNSAFE BACKING,E TENTH ST,13452
2012,2,6,Weekday,1600,1-Car,No injury/unknown,ANIMAL/OBJECT IN ROADWAY,FLEENER RD & HASH,13453
2012,8,3,Weekday,1200,2-Car,Non-incapacitating,FOLLOWING TOO CLOSELY,SR46E & TENTH,13454
2012,9,6,Weekday,1600,2-Car,No injury/unknown,FOLLOWING TOO CLOSELY,10TH ST & 45 46 BYPASS,13455
2012,9,7,Weekend,1800,2-Car,No injury/unknown,FOLLOWING TOO CLOSELY,10TH ST & 45 46,13456
2012,9,4,Weekday,800,2-Car,No injury/unknown,OTHER (DRIVER) - EXPLAIN IN NARRATIVE,SR46N & TENTH,13457
2012,10,6,Weekday,1000,2-Car,No injury/unknown,FOLLOWING TOO CLOSELY,10TH & SR46W,13458
2012,10,6,Weekend,2000,2-Car,No injury/unknown,FAILURE TO YIELD RIGHT OF WAY,10TH & SR46E,13459
2012,6,1,Weekend,1700,2-Car,No injury/unknown,OTHER (DRIVER) - EXPLAIN IN NARRATIVE,E 10TH ST,13460
2012,7,6,Weekday,1300,2-Car,No injury/unknown,FAILURE TO YIELD RIGHT OF WAY,E 10TH ST,13461
2012,2,3,Weekday,600,1-Car,No injury/unknown,ANIMAL/OBJECT IN ROADWAY,10TH ST & PETE ELLIS,13462
2012,10,3,Weekday,1500,Bus,No injury/unknown,IMPROPER TURNING,TENTH & UNIONVILLE RD,13463
2012,1,2,Weekday,1900,2-Car,No injury/unknown,UNSAFE BACKING,E 10TH ST,13464
2012,4,3,Weekday,1800,2-Car,No injury/unknown,OVERCORRECTING/OVERSTEERING,E 10TH ST,13465
2012,8,6,Weekday,1800,2-Car,No injury/unknown,IMPROPER TURNING,EAST 10TH ST,13466
2012,9,6,Weekday,1200,2-Car,No injury/unknown,OVERCORRECTING/OVERSTEERING,E 10TH ST,13467
2012,12,3,Weekday,1900,2-Car,No injury/unknown,UNSAFE BACKING,E 10TH ST ST,13468
2012,3,7,Weekend,500,2-Car,Non-incapacitating,DISREGARD SIGNAL/REG SIGN,10TH ST & PETE ELLIS,13469
2012,4,3,Weekday,1600,2-Car,No injury/unknown,FOLLOWING TOO CLOSELY,E 10TH ST & RANGE,13470
2012,8,2,Weekday,500,2-Car,No injury/unknown,UNSAFE SPEED,RANGE & SR46S,13471
2012,8,2,Weekday,1400,2-Car,No injury/unknown,FOLLOWING TOO CLOSELY,10TH & N PETE ELLIS DR,13472
2012,9,2,Weekday,1500,2-Car,No injury/unknown,FOLLOWING TOO CLOSELY,10TH ST & NORTH PETE ELLIS,13473
2012,11,5,Weekday,700,2-Car,Non-incapacitating,FOLLOWING TOO CLOSELY,E 10TH ST & N PETE ELLIS,13474
2012,3,7,Weekend,2300,2-Car,No injury/unknown,UNSAFE BACKING,E 10TH ST,13475
2012,4,2,Weekday,2000,3+ Cars,Non-incapacitating,FAILURE TO YIELD RIGHT OF WAY,SR45,13476
2012,2,5,Weekday,2100,2-Car,Non-incapacitating,DRIVER ASLEEP OR FATIGUED,10TH ST & JOHN HINKLE,13477
2012,12,4,Weekday,2200,1-Car,No injury/unknown,OTHER (DRIVER) - EXPLAIN IN NARRATIVE,EAST 10TH ST,13478
2012,7,1,Weekday,2100,Moped/Motorcycle,Non-incapacitating,OVERCORRECTING/OVERSTEERING,10TH ST & PETE ELLIS,13479
2012,10,6,Weekday,1300,2-Car,No injury/unknown,FAILURE TO YIELD RIGHT OF WAY,10TH ST & PETE ELLIS,13480
2012,12,2,Weekday,1400,2-Car,Non-incapacitating,DISREGARD SIGNAL/REG SIGN,10TH ST & PETE ELLIS,13481
2012,10,5,Weekday,1700,2-Car,No injury/unknown,FOLLOWING TOO CLOSELY,10TH ST & RANGE,13482
2012,9,5,Weekday,1600,2-Car,Non-incapacitating,FAILURE TO YIELD RIGHT OF WAY,10TH ST & RANGE,13483
2012,9,2,Weekday,1500,3+ Cars,No injury/unknown,SPEED TOO FAST FOR WEATHER CONDITIONS,RANGE & SR45,13484
2012,10,7,Weekend,2000,2-Car,No injury/unknown,IMPROPER TURNING,EAST 10TH ST,13485
2012,9,3,Weekday,1600,2-Car,No injury/unknown,UNSAFE BACKING,E 10TH ST,13486
2012,1,5,Weekday,1600,2-Car,No injury/unknown,FOLLOWING TOO CLOSELY,10TH ST & UNION,13487
2012,1,2,Weekday,1700,2-Car,No injury/unknown,FOLLOWING TOO CLOSELY,10TH ST & UNION,13488
2012,9,7,Weekend,0,2-Car,No injury/unknown,FAILURE TO YIELD RIGHT OF WAY,10TH ST & UNION,13489
2012,1,5,Weekday,2200,2-Car,No injury/unknown,SPEED TOO FAST FOR WEATHER CONDITIONS,10TH ST & UNION,13490
2012,1,3,Weekday,700,2-Car,No injury/unknown,FAILURE TO YIELD RIGHT OF WAY,TENTH ST & UNION,13491
2012,3,7,Weekend,2100,2-Car,No injury/unknown,FAILURE TO YIELD RIGHT OF WAY,E 10TH ST & N UNION,13492
2012,4,1,Weekend,900,2-Car,No injury/unknown,FOLLOWING TOO CLOSELY,EAST TENTH ST & UNION,13493
2012,6,4,Weekday,1200,2-Car,No injury/unknown,UNSAFE LANE MOVEMENT,10TH & UNION ST,13494
2012,8,2,Weekday,1700,2-Car,Non-incapacitating,FOLLOWING TOO CLOSELY,10TH ST & UNION,13495
2012,9,3,Weekday,1800,Moped/Motorcycle,No injury/unknown,FAILURE TO YIELD RIGHT OF WAY,E 10TH ST,13496
2012,11,5,Weekday,1200,2-Car,No injury/unknown,UNSAFE BACKING,E 10TH & N UNION ST,13497
2012,12,5,Weekday,2000,3+ Cars,No injury/unknown,SPEED TOO FAST FOR WEATHER CONDITIONS,E 10TH ST,13498
2012,9,7,Weekend,1900,2-Car,No injury/unknown,FAILURE TO YIELD RIGHT OF WAY,10TH & WALNUT ST,13499
2012,2,1,Weekend,1500,3+ Cars,No injury/unknown,WRONG WAY ON ONE WAY,10TH & COLLEGE AVE,13500
2012,9,2,Weekday,1400,3+ Cars,No injury/unknown,FOLLOWING TOO CLOSELY,10TH & N COLLEGE AVE,13501
2012,10,7,Weekend,1800,2-Car,No injury/unknown,IMPROPER TURNING,10TH ST & JEFFERSON,13502
2012,7,3,Weekday,1900,1-Car,Non-incapacitating,RAN OFF ROAD RIGHT,10 TH & ROGERS ST,13503
2012,10,4,Weekday,1600,3+ Cars,No injury/unknown,FAILURE TO YIELD RIGHT OF WAY,10TH & COLLEGE AVE,13504
2012,11,6,Weekday,500,2-Car,No injury/unknown,UNSAFE BACKING,EAST 10TH ST,13505
2012,4,2,Weekday,2000,2-Car,Non-incapacitating,FAILURE TO YIELD RIGHT OF WAY,10TH & JORDAN AVE,13506
2012,9,3,Weekday,200,2-Car,No injury/unknown,UNSAFE BACKING,519 N COLLEGE (PARKING LOT) AVE & MORTON,13507
2012,9,1,Weekend,1300,3+ Cars,No injury/unknown,FOLLOWING TOO CLOSELY,9TH & COLLEGE AVE,13508
2012,3,6,Weekday,1800,2-Car,No injury/unknown,FOLLOWING TOO CLOSELY,BASSWOOD DR & BLOOMFIELD,13509
2012,9,6,Weekday,1500,2-Car,No injury/unknown,UNSAFE BACKING,SOUTH COLLEGE AVE,13510
2012,8,7,Weekend,2300,1-Car,Non-incapacitating,OTHER (DRIVER) - EXPLAIN IN NARRATIVE,LINCOLN ST,13511
2012,9,7,Weekend,1400,2-Car,Non-incapacitating,FOLLOWING TOO CLOSELY,JOHN HINKLE & N PETE ELLIS DR,13512
2012,10,4,Weekday,1300,2-Car,No injury/unknown,FAILURE TO YIELD RIGHT OF WAY,4TH & GRANT ST,13513
2012,6,6,Weekend,1900,1-Car,No injury/unknown,OTHER (DRIVER) - EXPLAIN IN NARRATIVE,N BELL TRACE DR,13514
2012,2,2,Weekday,2000,2-Car,No injury/unknown,OVERCORRECTING/OVERSTEERING,N SUNRISE AVE,13515
2012,10,6,Weekday,1500,2-Car,No injury/unknown,FOLLOWING TOO CLOSELY,10TH & JORDAN AVE,13516
2012,2,6,Weekday,1500,2-Car,No injury/unknown,FAILURE TO YIELD RIGHT OF WAY,JOHN HINKLE & PETE ELLIS DR,13517
2012,5,5,Weekday,1400,Bus,No injury/unknown,IMPROPER TURNING,E JOHN HINKLE PL & N PETE ELLIS,13518
2012,10,3,Weekday,900,2-Car,No injury/unknown,UNSAFE BACKING,N JACOB DR,13519
2012,1,6,Weekend,2100,1-Car,No injury/unknown,ROADWAY SURFACE CONDITION,SR43S & SR48W,13520
2012,1,6,Weekend,2200,1-Car,No injury/unknown,ROADWAY SURFACE CONDITION,SR43S & SR48W,13521
2012,12,3,Weekday,900,2-Car,No injury/unknown,IMPROPER TURNING,NORTH DANIELS WAY,13522
2012,10,1,Weekend,1200,2-Car,No injury/unknown,OTHER (DRIVER) - EXPLAIN IN NARRATIVE,9TH ST & MORTON,13523
2012,9,1,Weekend,1300,2-Car,No injury/unknown,FOLLOWING TOO CLOSELY,455 S COLLEGE AVE & 9TH,13524
2012,9,5,Weekday,1100,Bus,No injury/unknown,RAN OFF ROAD RIGHT,9TH & N COLLEGE AVE,13525
2012,12,5,Weekday,1100,Pedestrian,Non-incapacitating,FAILURE TO YIELD RIGHT OF WAY,N COLLEGE & W9TH ST,13526
2012,5,6,Weekend,2000,2-Car,No injury/unknown,UNSAFE LANE MOVEMENT,E 9TH & N WALNUT ST,13527
2012,8,2,Weekday,1300,2-Car,No injury/unknown,IMPROPER TURNING,9TH & WALNUT ST,13528
2012,9,3,Weekday,1000,2-Car,No injury/unknown,FAILURE TO YIELD RIGHT OF WAY,9TH & N WASHINGTON ST,13529
2012,11,6,Weekday,0,2-Car,No injury/unknown,FAILURE TO YIELD RIGHT OF WAY,E 9TH & N WASHINGTON ST,13530
2012,2,4,Weekday,0,2-Car,No injury/unknown,OTHER (DRIVER) - EXPLAIN IN NARRATIVE,E 9TH ST & N GRANT,13531
2012,8,3,Weekday,1600,2-Car,Non-incapacitating,DISREGARD SIGNAL/REG SIGN,9TH & N GRANT ST,13532
2012,9,4,Weekday,1800,2-Car,No injury/unknown,DISREGARD SIGNAL/REG SIGN,EAST 9TH & NORTH GRANT ST,13533
2012,2,3,Weekday,1700,2-Car,Non-incapacitating,FAILURE TO YIELD RIGHT OF WAY,9TH & INDIANA AVE,13534
2012,4,5,Weekday,200,2-Car,No injury/unknown,WRONG WAY ON ONE WAY,E 9TH ST & N INDIANA AVE AVE,13535
2012,10,3,Weekday,500,1-Car,Non-incapacitating,RAN OFF ROAD RIGHT,E 9TH & N INDIANA AVE,13536
2012,6,6,Weekday,900,2-Car,No injury/unknown,UNSAFE BACKING,9TH ST & PARK,13537
2012,10,2,Weekday,1200,2-Car,No injury/unknown,UNSAFE BACKING,9TH ST & WOODLAWN,13538
2012,5,7,Weekend,1700,2-Car,No injury/unknown,UNSAFE LANE MOVEMENT,9TH & WALNUT AVE,13539
2012,6,2,Weekday,300,2-Car,No injury/unknown,DISREGARD SIGNAL/REG SIGN,PROFILE PKWY & ZENITH,13540
2012,10,7,Weekend,1800,2-Car,No injury/unknown,FAILURE TO YIELD RIGHT OF WAY,9TH & DUNN ST,13541
2012,8,5,Weekday,1900,2-Car,No injury/unknown,UNSAFE BACKING,9TH ST & INDIANA,13542
2012,10,3,Weekday,1600,2-Car,No injury/unknown,UNSAFE LANE MOVEMENT,9TH & NORTH COLLEGE AVE,13543
2012,8,6,Weekday,1800,2-Car,No injury/unknown,FOLLOWING TOO CLOSELY,9TH & N COLLEGE AVE,13544
2012,3,5,Weekday,1300,2-Car,No injury/unknown,IMPROPER LANE USAGE,9TH & WALNUT ST,13545
2012,1,7,Weekend,1400,2-Car,No injury/unknown,FAILURE TO YIELD RIGHT OF WAY,EASTGATE & SR4546E,13546
2012,3,4,Weekday,1600,Bus,No injury/unknown,OVERCORRECTING/OVERSTEERING,EASTGATE & SR4546S,13547
2012,3,7,Weekend,1600,2-Car,No injury/unknown,FAILURE TO YIELD RIGHT OF WAY,EASTGATE & SR46N,13548
2012,4,5,Weekday,200,Pedestrian,Incapacitating,OTHER (DRIVER) - EXPLAIN IN NARRATIVE,EASTGATE & SR4546,13549
2012,8,2,Weekday,1900,2-Car,No injury/unknown,OTHER (VEHICLE) - EXPLAIN IN NARRATIVE,E EASTGATE LN,13550
2012,10,5,Weekday,1500,2-Car,Non-incapacitating,FAILURE TO YIELD RIGHT OF WAY,EASTGATE & SR46S,13551
2012,2,6,Weekday,300,3+ Cars,Non-incapacitating,DRIVER DISTRACTED - EXPLAIN IN NARRATIVE,8TH & COLLEGE AVE,13552
2012,6,1,Weekend,1600,Moped/Motorcycle,Non-incapacitating,FAILURE TO YIELD RIGHT OF WAY,EASTGATE & SR4546S,13553
2012,4,2,Weekday,1500,2-Car,No injury/unknown,FAILURE TO YIELD RIGHT OF WAY,DANIELS WAY & ZENITH,13554
2012,10,5,Weekday,1100,2-Car,No injury/unknown,UNSAFE BACKING,EASTGATE LN & SR46,13555
2012,1,1,Weekend,1400,2-Car,No injury/unknown,UNSAFE BACKING,NORTH GATES DR,13556
2012,4,7,Weekend,1200,2-Car,No injury/unknown,UNSAFE BACKING,N GATES DR,13557
2012,1,4,Weekday,1300,3+ Cars,No injury/unknown,IMPROPER PASSING,EASTGATE & SR46E,13558
2012,12,5,Weekday,1600,2-Car,No injury/unknown,UNSAFE BACKING,N COLLEGE AVE,13559
2012,12,3,Weekday,900,2-Car,No injury/unknown,FAILURE TO YIELD RIGHT OF WAY,DAVIS & WALNUT ST,13560
2012,9,6,Weekday,1600,2-Car,No injury/unknown,UNSAFE BACKING,GATES DR,13561
2012,3,5,Weekday,700,1-Car,No injury/unknown,OTHER (DRIVER) - EXPLAIN IN NARRATIVE,EAST RD,13562
2012,11,2,Weekday,700,1-Car,No injury/unknown,OTHER (DRIVER) - EXPLAIN IN NARRATIVE,300 BLK S ADAMS ST & VERNAL,13563
2012,12,6,Weekday,1500,1-Car,No injury/unknown,RAN OFF ROAD RIGHT,W 8TH TRL 6 ST,13564
2012,1,7,Weekend,1600,2-Car,No injury/unknown,ROADWAY SURFACE CONDITION,N GRANT ST,13565
2012,6,5,Weekday,2100,2-Car,No injury/unknown,IMPROPER TURNING,N WALNUT ST,13566
2012,5,6,Weekend,2100,2-Car,No injury/unknown,UNSAFE LANE MOVEMENT,8TH & WALNUT ST,13567
2012,10,4,Weekday,2000,Moped/Motorcycle,Incapacitating,ANIMAL/OBJECT IN ROADWAY,N HOPEWELL & W 8TH ST,13568
2012,8,5,Weekday,1900,2-Car,No injury/unknown,UNSAFE BACKING,NORTH JORDAN AVE,13569
2012,4,5,Weekday,800,1-Car,No injury/unknown,OTHER (DRIVER) - EXPLAIN IN NARRATIVE,NORTH PROFILE PKWY,13570
2012,10,4,Weekday,1200,2-Car,No injury/unknown,OTHER (DRIVER) - EXPLAIN IN NARRATIVE,EASTGATE LN,13571
2012,7,4,Weekday,2200,2-Car,No injury/unknown,UNSAFE BACKING,N PETE ELLIS DR,13572
2012,9,7,Weekend,1100,2-Car,No injury/unknown,OVERCORRECTING/OVERSTEERING,N MORTON ST & W 8TH,13573
2012,1,7,Weekend,1700,2-Car,No injury/unknown,IMPROPER TURNING,8TH & COLLEGE AVE,13574
2012,1,3,Weekday,1200,2-Car,No injury/unknown,FAILURE TO YIELD RIGHT OF WAY,8TH & COLLEGE AVE,13575
2012,5,5,Weekday,1100,2-Car,No injury/unknown,IMPROPER TURNING,8TH & COLLEGE AVE,13576
2012,6,6,Weekday,1200,2-Car,No injury/unknown,FAILURE TO YIELD RIGHT OF WAY,8TH & COLLEGE AVE,13577
2012,8,5,Weekday,1600,2-Car,No injury/unknown,UNSAFE LANE MOVEMENT,N COLLEGE AVE & W 8TH,13578
2012,9,2,Weekday,1400,2-Car,No injury/unknown,UNSAFE LANE MOVEMENT,SOUTH COLLEGE AVE & WEST 8TH,13579
2012,10,6,Weekday,1200,Cyclist,Non-incapacitating,PEDESTRIAN ACTION,8TH ST & COLLEGE,13580
2012,11,6,Weekday,1100,2-Car,No injury/unknown,IMPROPER TURNING,N COLLEGE AVE & W 8TH,13581
2012,1,2,Weekday,2000,2-Car,No injury/unknown,FAILURE TO YIELD RIGHT OF WAY,8TH & WALNUT ST,13582
2012,1,1,Weekend,300,2-Car,No injury/unknown,WRONG WAY ON ONE WAY,N WALNUT & W 8TH ST,13583
2012,3,2,Weekday,0,2-Car,No injury/unknown,IMPROPER LANE USAGE,8TH & WALNUT ST,13584
2012,8,4,Weekday,1100,2-Car,No injury/unknown,FAILURE TO YIELD RIGHT OF WAY,8TH & N WALNUT ST,13585
2012,11,3,Weekday,2200,2-Car,No injury/unknown,DISREGARD SIGNAL/REG SIGN,8TH & WALNUT ST,13586
2012,10,7,Weekend,300,2-Car,No injury/unknown,FAILURE TO YIELD RIGHT OF WAY,8TH & LINCOLN ST,13587
2012,4,7,Weekend,0,2-Car,No injury/unknown,UNSAFE BACKING,E 8TH ST & E GRANT,13588
2012,5,5,Weekday,2200,2-Car,No injury/unknown,OTHER (DRIVER) - EXPLAIN IN NARRATIVE,E 8TH ST & N GRANT,13589
2012,1,1,Weekend,1500,2-Car,No injury/unknown,UNSAFE BACKING,8TH ST & WOODLAWN,13590
2012,1,4,Weekday,1100,Bus,No injury/unknown,FAILURE TO YIELD RIGHT OF WAY,8TH & WOODLAWN AVE,13591
2012,1,2,Weekday,1100,2-Car,No injury/unknown,FAILURE TO YIELD RIGHT OF WAY,8TH & WOODLAWN AVE,13592
2012,10,5,Weekday,1400,Cyclist,Non-incapacitating,IMPROPER PASSING,E 8TH & N WOODLAWN AVE,13593
2012,12,4,Weekday,2300,2-Car,No injury/unknown,RAN OFF ROAD RIGHT,N SMITH RD,13594
2012,1,4,Weekday,1800,2-Car,No injury/unknown,RAN OFF ROAD RIGHT,8TH & N ROOSEVELT ST,13595
2012,6,4,Weekday,1100,2-Car,No injury/unknown,UNSAFE BACKING,8TH ST & ROOSEVELT,13596
2012,6,3,Weekday,1100,2-Car,No injury/unknown,FAILURE TO YIELD RIGHT OF WAY,EIGHTH & ROGERS ST,13597
2012,8,4,Weekday,1100,2-Car,No injury/unknown,FAILURE TO YIELD RIGHT OF WAY,8TH & COLLEGE AVE,13598
2012,9,6,Weekday,1700,3+ Cars,No injury/unknown,FOLLOWING TOO CLOSELY,8TH & COLLEGE AVE,13599
2012,10,2,Weekday,1400,1-Car,No injury/unknown,RAN OFF ROAD RIGHT,8TH & COLLEGE AVE,13600
2012,11,2,Weekday,1300,2-Car,No injury/unknown,IMPROPER TURNING,8TH & COLLEGE AVE,13601
2012,2,4,Weekday,1400,2-Car,No injury/unknown,FAILURE TO YIELD RIGHT OF WAY,PETE ELLIS DR & THIRD,13602
2012,8,1,Weekend,1700,2-Car,No injury/unknown,FAILURE TO YIELD RIGHT OF WAY,3RD & PETE ELLIS DR,13603
2012,4,3,Weekday,1700,Cyclist,No injury/unknown,FAILURE TO YIELD RIGHT OF WAY,7TH & JORDAN AVE,13604
2012,9,4,Weekday,2200,Pedestrian,Incapacitating,PEDESTRIAN ACTION,7TH & JORDAN AVE,13605
2012,10,4,Weekday,1500,2-Car,No injury/unknown,FAILURE TO YIELD RIGHT OF WAY,8TH ST & GRANT,13606
2012,4,3,Weekday,2000,2-Car,Non-incapacitating,FAILURE TO YIELD RIGHT OF WAY,8TH & WOODLAWN AVE,13607
2012,4,6,Weekend,2000,Bus,No injury/unknown,IMPROPER TURNING,E 8TH & N FORREST AVE,13608
2012,8,3,Weekday,1700,2-Car,No injury/unknown,FAILURE TO YIELD RIGHT OF WAY,E 8TH ST & WOODLAWN,13609
2012,3,6,Weekday,1200,2-Car,No injury/unknown,UNSAFE BACKING,8TH ST & FORREST,13610
2012,1,6,Weekday,1800,2-Car,No injury/unknown,IMPROPER TURNING,N PETE ELLIS DR,13611
2012,12,7,Weekend,2200,2-Car,No injury/unknown,OTHER (DRIVER) - EXPLAIN IN NARRATIVE,8TH & WALNUT ST,13612
2012,1,1,Weekend,1200,2-Car,No injury/unknown,UNSAFE BACKING,E AMY LN,13613
2012,10,5,Weekday,1600,Bus,No injury/unknown,UNSAFE BACKING,8TH ST,13614
2012,1,2,Weekday,1600,1-Car,No injury/unknown,SPEED TOO FAST FOR WEATHER CONDITIONS,AMY & PETE ELLIS DR,13615
2012,11,7,Weekend,900,1-Car,No injury/unknown,ROADWAY SURFACE CONDITION,E AMY LN & N PETE ELLIS,13616
2012,5,5,Weekday,1400,2-Car,No injury/unknown,LEFT OF CENTER,GOURLEY & OLD STATE ROAD 37,13617
2012,2,7,Weekend,0,1-Car,No injury/unknown,ROADWAY SURFACE CONDITION,AMY & PETE ELLIS DR,13618
2012,2,6,Weekday,700,2-Car,No injury/unknown,FAILURE TO YIELD RIGHT OF WAY,AMY LN & PETE ELLIS,13619
2012,1,4,Weekday,1600,2-Car,No injury/unknown,FOLLOWING TOO CLOSELY,7TH & COLLEGE AVE,13620
2012,7,3,Weekday,1800,Moped/Motorcycle,Non-incapacitating,FOLLOWING TOO CLOSELY,E EASTGATE & SR46,13621
2012,9,2,Weekday,1800,1-Car,No injury/unknown,SPEED TOO FAST FOR WEATHER CONDITIONS,AMY & N PETE ELLIS DR,13622
2012,10,7,Weekend,800,2-Car,No injury/unknown,UNSAFE BACKING,BLACKSTONE CT & PARKRIDGE,13623
2012,9,5,Weekday,600,2-Car,No injury/unknown,UNSAFE BACKING,CAMBRIDGE & E PENN CT,13624
2012,10,5,Weekday,1400,Cyclist,No injury/unknown,FAILURE TO YIELD RIGHT OF WAY,7TH & JORDAN AVE,13625
2012,4,4,Weekday,100,1-Car,No injury/unknown,ANIMAL/OBJECT IN ROADWAY,SR48W & VERNAL,13626
2012,1,5,Weekday,1200,2-Car,No injury/unknown,FOLLOWING TOO CLOSELY,7TH & JORDAN AVE,13627
2012,2,5,Weekday,2200,Pedestrian,Non-incapacitating,FAILURE TO YIELD RIGHT OF WAY,E 7TH ST & N JORDAN,13628
2012,3,6,Weekday,1800,2-Car,No injury/unknown,SPEED TOO FAST FOR WEATHER CONDITIONS,E 7TH & N JORDAN AVE,13629
2012,4,5,Weekday,2200,Cyclist,Non-incapacitating,DISREGARD SIGNAL/REG SIGN,E 7TH ST & N JORDAN,13630
2012,8,2,Weekday,1600,2-Car,No injury/unknown,IMPROPER TURNING,E 7TH & N FORREST AVE,13631
2012,11,6,Weekday,1300,2-Car,No injury/unknown,FAILURE TO YIELD RIGHT OF WAY,7TH ST & JORDAN,13632
2012,10,4,Weekday,1000,Cyclist,Non-incapacitating,DRIVER DISTRACTED - EXPLAIN IN NARRATIVE,7TH ST & STADIUM,13633
2012,8,1,Weekend,200,2-Car,No injury/unknown,OTHER (DRIVER) - EXPLAIN IN NARRATIVE,EASTGATE LN,13634
2012,8,5,Weekday,1700,2-Car,No injury/unknown,UNSAFE BACKING,N SMITH RD,13635
2012,9,2,Weekday,1700,Cyclist,Non-incapacitating,UNSAFE LANE MOVEMENT,7TH & JORDAN AVE,13636
2012,9,2,Weekday,1900,Cyclist,Incapacitating,FAILURE TO YIELD RIGHT OF WAY,7TH & JORDAN AVE,13637
2012,2,6,Weekday,1500,2-Car,No injury/unknown,OTHER (DRIVER) - EXPLAIN IN NARRATIVE,408 S GRANT ST & SMITH,13638
2012,8,7,Weekend,1200,2-Car,Non-incapacitating,FAILURE TO YIELD RIGHT OF WAY,W JACOB DR,13639
2012,1,7,Weekend,1200,1-Car,No injury/unknown,RAN OFF ROAD RIGHT,GRANDVIEW DR & SMITH,13640
2012,1,4,Weekday,1600,Bus,No injury/unknown,IMPROPER PASSING,7TH & WOODLAWN AVE,13641
2012,2,6,Weekday,1300,2-Car,No injury/unknown,FOLLOWING TOO CLOSELY,ALEXANDER & JACOB DR,13642
2012,12,5,Weekday,900,2-Car,No injury/unknown,OTHER (DRIVER) - EXPLAIN IN NARRATIVE,ALEXANDER DR & GATES,13643
2012,8,2,Weekday,1200,Bus,No injury/unknown,FAILURE TO YIELD RIGHT OF WAY,ALEXANDER & GATES DR,13644
2012,3,1,Weekend,1200,2-Car,No injury/unknown,OTHER (DRIVER) - EXPLAIN IN NARRATIVE,7TH & WALDRON ST,13645
2012,2,5,Weekday,1700,1-Car,No injury/unknown,OTHER (ENVIRONMENTAL) - EXPLAIN IN NARR,E 7TH ST,13646
2012,5,6,Weekday,1200,2-Car,No injury/unknown,UNSAFE BACKING,E 7TH ST,13647
2012,7,5,Weekday,1000,2-Car,No injury/unknown,UNSAFE BACKING,EAST 7TH ST,13648
2012,2,5,Weekday,0,1-Car,No injury/unknown,RAN OFF ROAD RIGHT,E GRANDVIEW DR,13649
2012,4,1,Weekday,2300,Moped/Motorcycle,No injury/unknown,IMPROPER PASSING,7TH & UNION ST,13650
2012,6,6,Weekday,1200,2-Car,No injury/unknown,IMPROPER TURNING,N FAIRVIEW & W 7TH ST,13651
2012,6,6,Weekday,1800,2-Car,No injury/unknown,IMPROPER TURNING,N WALNUT ST,13652
2012,4,2,Weekday,1500,2-Car,No injury/unknown,IMPROPER LANE USAGE,E 7TH ST & N CAMPBELL,13653
2012,12,1,Weekend,1000,1-Car,No injury/unknown,OTHER (DRIVER) - EXPLAIN IN NARRATIVE,7TH ST & CAMPBELL,13654
2012,9,5,Weekday,1800,2-Car,No injury/unknown,UNSAFE BACKING,7TH ST & ELM,13655
2012,1,2,Weekday,1600,2-Car,Non-incapacitating,SPEED TOO FAST FOR WEATHER CONDITIONS,7TH & ROGERS ST,13656