year,month,day,weekend,hour,collision_type,injury_type,primary_factor,reported_location,unique_id
2012,5,4,Weekday,600,2-Car,No injury/unknown,FAILURE TO YIELD RIGHT OF WAY,N ROGERS & W 7TH ST,13657
2012,6,3,Weekday,1300,2-Car,Non-incapacitating,FAILURE TO YIELD RIGHT OF WAY,7TH & ROGERS ST,13658
2012,6,6,Weekday,1300,2-Car,No injury/unknown,UNSAFE BACKING,7TH & MORTON ST,13659
2012,9,7,Weekend,1400,Bus,No injury/unknown,OTHER (DRIVER) - EXPLAIN IN NARRATIVE,7TH & MORTON ST,13660
2012,11,3,Weekday,2000,2-Car,No injury/unknown,UNSAFE BACKING,N MORTON ST,13661
2012,8,5,Weekday,1700,2-Car,No injury/unknown,UNSAFE BACKING,MORTON & W 7TH ST,13662
2012,5,4,Weekday,700,1-Car,No injury/unknown,RAN OFF ROAD RIGHT,SR48W & VERNAL,13663
2012,8,2,Weekday,1500,1-Car,No injury/unknown,OTHER (DRIVER) - EXPLAIN IN NARRATIVE,7TH & ADAMS ST,13664
2012,1,4,Weekday,600,2-Car,No injury/unknown,UNSAFE LANE MOVEMENT,7TH & COLLEGE AVE,13665
2012,2,3,Weekday,1200,2-Car,Non-incapacitating,IMPROPER TURNING,7TH & COLLEGE AVE,13666
2012,2,4,Weekday,1600,2-Car,No injury/unknown,DRIVER DISTRACTED - EXPLAIN IN NARRATIVE,COLLEGE AVE,13667
2012,4,1,Weekend,300,1-Car,No injury/unknown,IMPROPER TURNING,COLLEGE AVE,13668
2012,5,6,Weekday,1100,2-Car,No injury/unknown,FAILURE TO YIELD RIGHT OF WAY,7TH & COLLEGE AVE,13669
2012,3,6,Weekend,2000,2-Car,No injury/unknown,IMPROPER TURNING,N COLLEGE AVE & W 7TH,13670
2012,4,5,Weekday,1200,1-Car,No injury/unknown,OTHER (DRIVER) - EXPLAIN IN NARRATIVE,N COLLEGE AVE,13671
2012,6,2,Weekday,1300,3+ Cars,Non-incapacitating,FOLLOWING TOO CLOSELY,7TH & COLLEGE AVE,13672
2012,8,3,Weekday,900,2-Car,No injury/unknown,IMPROPER LANE USAGE,7TH & COLLEGE AVE,13673
2012,9,6,Weekday,1000,2-Car,No injury/unknown,FAILURE TO YIELD RIGHT OF WAY,7TH ST & COLLEGE,13674
2012,3,1,Weekday,1900,2-Car,No injury/unknown,OTHER (DRIVER) - EXPLAIN IN NARRATIVE,7TH ST & WALNUT,13675
2012,11,7,Weekend,1000,2-Car,No injury/unknown,FAILURE TO YIELD RIGHT OF WAY,E 7TH ST & LINCOLN,13676
2012,1,2,Weekday,1600,1-Car,No injury/unknown,OVERCORRECTING/OVERSTEERING,7TH & NORTH WALNUT ST,13677
2012,1,3,Weekday,700,2-Car,No injury/unknown,IMPROPER TURNING,E 7TH & N WALNUT ST,13678
2012,2,5,Weekday,200,2-Car,No injury/unknown,UNSAFE BACKING,7TH & N WALNUT ST,13679
2012,8,4,Weekday,700,3+ Cars,Non-incapacitating,DISREGARD SIGNAL/REG SIGN,7TH & WALNUT ST,13680
2012,9,3,Weekday,1200,2-Car,No injury/unknown,UNSAFE LANE MOVEMENT,7TH & N WALNUT ST,13681
2012,12,7,Weekend,2300,1-Car,No injury/unknown,SPEED TOO FAST FOR WEATHER CONDITIONS,N WALNUT ST,13682
2012,5,5,Weekday,1700,2-Car,No injury/unknown,DISREGARD SIGNAL/REG SIGN,EAST 7TH ST & NORTH WASHINGTON,13683
2012,5,1,Weekend,1800,2-Car,No injury/unknown,UNSAFE LANE MOVEMENT,7TH ST & GRANT,13684
2012,8,3,Weekday,1700,2-Car,No injury/unknown,OTHER (DRIVER) - EXPLAIN IN NARRATIVE,E 7TH ST,13685
2012,4,4,Weekday,900,3+ Cars,Non-incapacitating,FOLLOWING TOO CLOSELY,EAST SEVENTH & INDIANA AVE,13686
2012,9,3,Weekday,800,Bus,No injury/unknown,FAILURE TO YIELD RIGHT OF WAY,E 7TH ST & N INDIANA,13687
2012,10,3,Weekday,2100,2-Car,No injury/unknown,UNSAFE BACKING,7TH ST,13688
2012,5,3,Weekday,1500,1-Car,No injury/unknown,RAN OFF ROAD RIGHT,EAST 7TH ST & NORTH FESS,13689
2012,7,2,Weekday,1000,2-Car,No injury/unknown,UNSAFE BACKING,E 7TH ST,13690
2012,2,4,Weekday,1100,Cyclist,Non-incapacitating,IMPROPER LANE USAGE,300 N WOODLAWN & 900 E 7TH ST,13691
2012,3,6,Weekday,1400,1-Car,No injury/unknown,UNSAFE BACKING,BALLANTINE RD & UNIVERSITY,13692
2012,3,7,Weekend,2000,3+ Cars,Non-incapacitating,FAILURE TO YIELD RIGHT OF WAY,7TH & N JORDAN AVE,13693
2012,10,7,Weekend,1200,1-Car,No injury/unknown,UNSAFE BACKING,7TH ST & ADAMS,13694
2012,2,7,Weekend,900,2-Car,Non-incapacitating,OTHER (DRIVER) - EXPLAIN IN NARRATIVE,7TH & COLLEGE AVE,13695
2012,8,2,Weekday,2200,2-Car,No injury/unknown,FAILURE TO YIELD RIGHT OF WAY,7TH & COLLEGE AVE,13696
2012,9,1,Weekend,1800,Cyclist,Non-incapacitating,FAILURE TO YIELD RIGHT OF WAY,7TH & COLLEGE AVE,13697
2012,12,3,Weekday,1400,2-Car,No injury/unknown,DISREGARD SIGNAL/REG SIGN,7TH & COLLEGE AVE,13698
2012,11,2,Weekday,1800,1-Car,No injury/unknown,ANIMAL/OBJECT IN ROADWAY,INGRAM & SR37,13699
2012,9,2,Weekday,1200,2-Car,No injury/unknown,IMPROPER LANE USAGE,7TH & WALNUT ST,13700
2012,10,6,Weekend,1900,2-Car,No injury/unknown,FAILURE TO YIELD RIGHT OF WAY,7TH & WALNUT ST,13701
2012,9,4,Weekday,1100,2-Car,No injury/unknown,FAILURE TO YIELD RIGHT OF WAY,SEVENTH ST & SUNRISE,13702
2012,10,2,Weekday,900,2-Car,No injury/unknown,FAILURE TO YIELD RIGHT OF WAY,7TH ST & DUNN,13703
2012,11,3,Weekday,1900,Bus,No injury/unknown,IMPROPER LANE USAGE,7TH ST & DUNN,13704
2012,9,6,Weekday,1000,2-Car,No injury/unknown,UNSAFE BACKING,7TH ST & DUNN,13705
2012,8,1,Weekend,1800,2-Car,No injury/unknown,UNSAFE BACKING,N GATES DR,13706
2012,2,3,Weekday,1400,Bus,No injury/unknown,OTHER (DRIVER) - EXPLAIN IN NARRATIVE,7TH ST & INDIANA,13707
2012,10,5,Weekday,1500,Bus,No injury/unknown,IMPROPER LANE USAGE,7TH ST & INDIANA,13708
2012,11,2,Weekday,1300,2-Car,No injury/unknown,UNSAFE SPEED,7TH ST & FORREST,13709
2012,10,4,Weekday,1200,2-Car,No injury/unknown,UNSAFE BACKING,N JACOB DR,13710
2012,12,7,Weekend,2100,1-Car,No injury/unknown,RAN OFF ROAD RIGHT,SR48W & W VERNAL,13711
2012,6,6,Weekday,1700,2-Car,No injury/unknown,FAILURE TO YIELD RIGHT OF WAY,BLOOMFIELD & LANDMARK AVE,13712
2012,12,6,Weekday,1400,1-Car,No injury/unknown,RAN OFF ROAD RIGHT,CURRY & JONATHON DR,13713
2012,5,4,Weekday,1700,2-Car,No injury/unknown,LEFT OF CENTER,CURRY & JONATHAN DR,13714
2012,9,7,Weekend,1200,2-Car,Non-incapacitating,FAILURE TO YIELD RIGHT OF WAY,CURRY PIKE & JONATHAN,13715
2012,10,6,Weekday,1600,2-Car,No injury/unknown,BRAKE FAILURE OR DEFECTIVE,CURRY PIKE & JONATHAN,13716
2012,11,6,Weekday,1100,3+ Cars,No injury/unknown,FAILURE TO YIELD RIGHT OF WAY,7TH & JEFFERSON ST,13717
2012,6,4,Weekday,1500,2-Car,No injury/unknown,FAILURE TO YIELD RIGHT OF WAY,CURRY & JONATHAN DR,13718
2012,12,4,Weekday,1400,2-Car,No injury/unknown,FOLLOWING TOO CLOSELY,7TH & JORDAN AVE,13719
2012,6,6,Weekday,1400,2-Car,No injury/unknown,FAILURE TO YIELD RIGHT OF WAY,7TH & JEFFERSON ST,13720
2012,1,2,Weekday,1700,2-Car,No injury/unknown,SPEED TOO FAST FOR WEATHER CONDITIONS,BRAESIDE & PETE ELLIS DR,13721
2012,3,2,Weekday,0,2-Car,No injury/unknown,FOLLOWING TOO CLOSELY,BRAESIDE & PETE ELLIS DR,13722
2012,12,4,Weekday,2000,2-Car,No injury/unknown,FAILURE TO YIELD RIGHT OF WAY,7TH & UNION ST,13723
2012,11,7,Weekend,300,3+ Cars,Non-incapacitating,UNSAFE SPEED,E 7TH & N UNION ST,13724
2012,4,6,Weekday,1300,2-Car,No injury/unknown,FOLLOWING TOO CLOSELY,7TH & JORDAN AVE,13725
2012,9,5,Weekday,1900,Bus,No injury/unknown,IMPROPER TURNING,7TH ST & ROSE,13726
2012,4,1,Weekend,1200,2-Car,No injury/unknown,UNSAFE BACKING,N GATES DR,13727
2012,10,7,Weekend,1100,2-Car,Non-incapacitating,IMPROPER PASSING,N GATES DR,13728
2012,4,5,Weekday,1300,2-Car,No injury/unknown,UNSAFE BACKING,GATES DR,13729
2012,5,7,Weekend,1300,2-Car,No injury/unknown,UNSAFE BACKING,GATES DR,13730
2012,11,6,Weekend,2200,2-Car,No injury/unknown,UNSAFE BACKING,FRANKLIN RD,13731
2012,10,5,Weekday,1500,2-Car,No injury/unknown,UNSAFE BACKING,E 7TH ST & N FORREST,13732
2012,3,3,Weekday,1800,2-Car,No injury/unknown,IMPROPER TURNING,N GATES DR,13733
2012,7,5,Weekday,1500,2-Car,No injury/unknown,FAILURE TO YIELD RIGHT OF WAY,GATES DR,13734
2012,7,3,Weekday,1100,2-Car,No injury/unknown,UNSAFE BACKING,N GATES DR,13735
2012,9,5,Weekday,1200,2-Car,No injury/unknown,UNSAFE BACKING,N GATES DR,13736
2012,8,7,Weekend,500,2-Car,No injury/unknown,OTHER (DRIVER) - EXPLAIN IN NARRATIVE,7TH & HILLSDALE DR,13737
2012,6,7,Weekend,0,Bus,No injury/unknown,IMPROPER TURNING,6TH ST & INDIANA,13738
2012,8,5,Weekday,1100,3+ Cars,Non-incapacitating,FAILURE TO YIELD RIGHT OF WAY,N ADAMS ST & W 6TH,13739
2012,6,7,Weekend,1500,1-Car,No injury/unknown,RAN OFF ROAD RIGHT,WEST 6TH ST,13740
2012,5,6,Weekday,1000,2-Car,No injury/unknown,OTHER (DRIVER) - EXPLAIN IN NARRATIVE,6TH ST & OAK,13741
2012,3,1,Weekday,2200,2-Car,No injury/unknown,OTHER (DRIVER) - EXPLAIN IN NARRATIVE,6TH ST & ELM,13742
2012,8,3,Weekday,1100,2-Car,No injury/unknown,OTHER (DRIVER) - EXPLAIN IN NARRATIVE,1001 W 6TH ST & ELM,13743
2012,6,2,Weekday,1300,2-Car,No injury/unknown,FAILURE TO YIELD RIGHT OF WAY,6TH & ROGERS ST,13744
2012,7,1,Weekday,2200,2-Car,No injury/unknown,FAILURE TO YIELD RIGHT OF WAY,EAST 6TH ST & ROGERS,13745
2012,6,1,Weekend,1400,2-Car,No injury/unknown,FAILURE TO YIELD RIGHT OF WAY,E 6TH ST,13746
2012,5,4,Weekday,1600,Moped/Motorcycle,No injury/unknown,CELL PHONE USAGE,6TH ST & MADISON,13747
2012,9,4,Weekday,1100,2-Car,No injury/unknown,OTHER (DRIVER) - EXPLAIN IN NARRATIVE,400 BLOCK OF 6TH ST,13748
2012,1,2,Weekday,200,2-Car,No injury/unknown,FAILURE TO YIELD RIGHT OF WAY,N MORTON ST & W 6TH,13749
2012,9,4,Weekday,1600,2-Car,No injury/unknown,FAILURE TO YIELD RIGHT OF WAY,6TH ST & WASHINGTON,13750
2012,9,2,Weekday,900,2-Car,No injury/unknown,DRIVER ILLNESS,6TH ST & WASHINGTON,13751
2012,1,1,Weekend,1500,2-Car,No injury/unknown,UNSAFE LANE MOVEMENT,6TH & COLLEGE AVE,13752
2012,1,3,Weekday,1200,2-Car,No injury/unknown,UNSAFE BACKING,N COLLEGE & W 6TH ST,13753
2012,3,7,Weekend,1500,2-Car,No injury/unknown,UNSAFE BACKING,N COLLEGE AVE & W 6TH,13754
2012,4,4,Weekday,2200,2-Car,No injury/unknown,FOLLOWING TOO CLOSELY,6TH & COLLEGE AVE,13755
2012,5,7,Weekend,1600,2-Car,No injury/unknown,IMPROPER TURNING,NORTH COLLEGE & WEST 6TH ST,13756
2012,7,2,Weekday,1000,Bus,Non-incapacitating,LEFT OF CENTER,N COLLEGE & W 6TH ST,13757
2012,8,7,Weekend,1000,2-Car,No injury/unknown,UNSAFE BACKING,N COLLEGE & W 6TH ST,13758
2012,9,5,Weekday,800,2-Car,No injury/unknown,FAILURE TO YIELD RIGHT OF WAY,6TH & N COLLEGE AVE,13759
2012,10,5,Weekday,1100,Bus,No injury/unknown,UNSAFE BACKING,N COLLEGE & W 6TH ST,13760
2012,11,3,Weekday,1100,2-Car,No injury/unknown,DISREGARD SIGNAL/REG SIGN,6TH & COLLEGE AVE,13761
2012,9,2,Weekday,1500,2-Car,No injury/unknown,IMPROPER TURNING,6TH & WALNUT ST,13762
2012,12,4,Weekday,2200,2-Car,No injury/unknown,UNSAFE LANE MOVEMENT,6TH & WALNUT ST,13763
2012,11,7,Weekend,1800,2-Car,No injury/unknown,UNSAFE BACKING,6TH ST & ELM,13764
2012,10,6,Weekday,1400,2-Car,No injury/unknown,UNSAFE BACKING,6TH & COLLEGE AVE,13765
2012,11,1,Weekday,1900,2-Car,No injury/unknown,DISREGARD SIGNAL/REG SIGN,6TH & COLLEGE AVE,13766
2012,12,5,Weekday,1400,Bus,No injury/unknown,OTHER (DRIVER) - EXPLAIN IN NARRATIVE,6TH ST & WALNUT,13767
2012,8,4,Weekday,1300,2-Car,No injury/unknown,UNSAFE BACKING,GRANT ST & SIXTH,13768
2012,8,7,Weekend,1100,2-Car,No injury/unknown,UNSAFE BACKING,N DUNN ST,13769
2012,5,6,Weekday,1100,2-Car,No injury/unknown,FOLLOWING TOO CLOSELY,3RD & SR37N,13770
2012,4,6,Weekend,2200,2-Car,No injury/unknown,UNSAFE BACKING,FRANKLIN RD,13771
2012,9,1,Weekend,1300,2-Car,No injury/unknown,UNSAFE BACKING,S JORDAN AVE,13772
2012,12,3,Weekday,300,2-Car,No injury/unknown,OTHER (DRIVER) - EXPLAIN IN NARRATIVE,100 BLK N ROOSEVELT ST & 5TH,13773
2012,2,7,Weekend,1500,1-Car,No injury/unknown,OVERCORRECTING/OVERSTEERING,N JORDAN AVE,13774
2012,4,7,Weekend,300,1-Car,No injury/unknown,UNSAFE SPEED,N JORDAN AVE,13775
2012,2,7,Weekend,1600,Bus,No injury/unknown,VIEW OBSTRUCTED,NORTH JORDAN AVE,13776
2012,11,3,Weekday,1500,2-Car,Non-incapacitating,FOLLOWING TOO CLOSELY,E LONGVIEW & PETE ELLIS DR,13777
2012,11,2,Weekday,1200,2-Car,No injury/unknown,UNSAFE BACKING,N JORDAN AVE,13778
2012,10,3,Weekday,1400,Cyclist,Non-incapacitating,FAILURE TO YIELD RIGHT OF WAY,JORDAN AVE & NORTH READ,13779
2012,4,3,Weekday,2200,1-Car,No injury/unknown,BRAKE FAILURE OR DEFECTIVE,N DANIELS WAY & W ZENITH,13780
2012,2,3,Weekday,900,2-Car,No injury/unknown,FAILURE TO YIELD RIGHT OF WAY,LONGVIEW & PETE ELLIS DR,13781
2012,7,5,Weekday,1700,2-Car,No injury/unknown,FAILURE TO YIELD RIGHT OF WAY,LONGVIEW & N PETE ELLIS DR,13782
2012,8,5,Weekday,1200,Pedestrian,Non-incapacitating,FAILURE TO YIELD RIGHT OF WAY,300 N PETE ELLIS & 3000 E LONGVIEW DR,13783
2012,9,1,Weekend,1400,Bus,No injury/unknown,OVERCORRECTING/OVERSTEERING,UNION & UNION ST,13784
2012,8,5,Weekday,1200,1-Car,Non-incapacitating,DRIVER DISTRACTED - EXPLAIN IN NARRATIVE,5TH & N WALNUT ST,13785
2012,5,6,Weekday,1700,3+ Cars,Non-incapacitating,FOLLOWING TOO CLOSELY,LONGVIEW AVE & PETE ELLIS,13786
2012,12,2,Weekday,1200,3+ Cars,Non-incapacitating,FAILURE TO YIELD RIGHT OF WAY,LONGVIEW & PETE ELLIS DR,13787
2012,12,6,Weekend,1900,Bus,No injury/unknown,IMPROPER TURNING,LONGVIEW & PETE ELLIS DR,13788
2012,8,3,Weekday,500,1-Car,No injury/unknown,ANIMAL/OBJECT IN ROADWAY,KINGS & SR46E,13789
2012,8,7,Weekend,0,Pedestrian,Non-incapacitating,FAILURE TO YIELD RIGHT OF WAY,JORDAN & KIRKWOOD AVE,13790
2012,1,2,Weekday,1500,3+ Cars,No injury/unknown,DISREGARD SIGNAL/REG SIGN,5TH & JEFFERSON ST,13791
2012,6,2,Weekday,1400,2-Car,Non-incapacitating,DISREGARD SIGNAL/REG SIGN,5TH & JEFFERSON ST,13792
2012,8,4,Weekday,700,2-Car,No injury/unknown,RAN OFF ROAD RIGHT,E 5TH & SO JEFFERSON ST,13793
2012,5,4,Weekday,1100,2-Car,No injury/unknown,UNSAFE BACKING,100 S PETE ELLIS DR & LONGVIEW,13794
2012,8,4,Weekday,300,2-Car,No injury/unknown,UNSAFE BACKING,E LONGVIEW AVE,13795
2012,12,1,Weekend,100,2-Car,No injury/unknown,OTHER (DRIVER) - EXPLAIN IN NARRATIVE,ADAMS & KIRKWOOD AVE,13796
2012,11,6,Weekday,700,2-Car,No injury/unknown,FAILURE TO YIELD RIGHT OF WAY,ADAMS HILL & ADAMS ST,13797
2012,1,6,Weekday,1300,2-Car,Non-incapacitating,FAILURE TO YIELD RIGHT OF WAY,5TH & JEFFERSON ST,13798
2012,4,5,Weekday,2000,2-Car,No injury/unknown,FAILURE TO YIELD RIGHT OF WAY,NORTH INDIANA AVE,13799
2012,2,3,Weekday,1400,2-Car,No injury/unknown,UNSAFE BACKING,E KIRKWOOD AVE,13800
2012,7,7,Weekend,1400,2-Car,No injury/unknown,UNSAFE BACKING,E KIRKWOOD AVE,13801
2012,9,5,Weekday,1500,1-Car,No injury/unknown,OTHER (DRIVER) - EXPLAIN IN NARRATIVE,EAST KIRKWOOD AVE,13802
2012,3,5,Weekday,1600,2-Car,No injury/unknown,UNSAFE BACKING,KIRKWOOD & WALNUT ST,13803
2012,5,3,Weekday,1400,2-Car,No injury/unknown,UNSAFE BACKING,N ROGERS ST,13804
2012,10,2,Weekday,1000,2-Car,No injury/unknown,UNSAFE BACKING,N ROGERS ST,13805
2012,10,5,Weekday,2000,2-Car,No injury/unknown,FOLLOWING TOO CLOSELY,ELM & WEST 5TH ST,13806
2012,2,4,Weekday,1400,2-Car,No injury/unknown,OTHER (DRIVER) - EXPLAIN IN NARRATIVE,DANIELS WAY,13807
2012,3,2,Weekday,1200,2-Car,No injury/unknown,FAILURE TO YIELD RIGHT OF WAY,DANIELS WAY,13808
2012,4,4,Weekday,1400,2-Car,No injury/unknown,FAILURE TO YIELD RIGHT OF WAY,NORTH DANIELS WAY,13809
2012,9,4,Weekday,1400,2-Car,No injury/unknown,OTHER (DRIVER) - EXPLAIN IN NARRATIVE,DANIELS WAY,13810
2012,11,5,Weekday,1500,Moped/Motorcycle,No injury/unknown,OTHER (VEHICLE) - EXPLAIN IN NARRATIVE,N DANIELS WAY,13811
2012,10,5,Weekday,1800,2-Car,Non-incapacitating,DISREGARD SIGNAL/REG SIGN,MAPLE & W KIRKWOOD AVE,13812
2012,12,4,Weekday,1400,Cyclist,Non-incapacitating,FOLLOWING TOO CLOSELY,KIRKWOOD & MAPLE ST,13813
2012,10,3,Weekday,1200,2-Car,Non-incapacitating,FOLLOWING TOO CLOSELY,1000 S PATTERSON DR & 700 W ALLEN,13814
2012,1,5,Weekday,1500,2-Car,No injury/unknown,FAILURE TO YIELD RIGHT OF WAY,ADAMS ST & KIRKWOOD,13815
2012,2,4,Weekday,1400,Moped/Motorcycle,Incapacitating,IMPROPER TURNING,ADAMS ST & KIRKWOOD,13816
2012,5,6,Weekday,700,Cyclist,Non-incapacitating,OTHER (DRIVER) - EXPLAIN IN NARRATIVE,JACKSON ST & KIRKWOOD,13817
2012,10,4,Weekday,1200,2-Car,No injury/unknown,DRIVER DISTRACTED - EXPLAIN IN NARRATIVE,S JACKSON & W KIRKWOOD AVE,13818
2012,1,1,Weekend,1200,2-Car,No injury/unknown,OTHER (DRIVER) - EXPLAIN IN NARRATIVE,JACKSON & W KIRKWOOD AVE,13819
2012,9,3,Weekday,1000,2-Car,No injury/unknown,UNSAFE LANE MOVEMENT,46 BYPASS & SR46N,13820
2012,2,3,Weekday,1000,2-Car,Non-incapacitating,FAILURE TO YIELD RIGHT OF WAY,KIRKWOOD AVE & ROGERS,13821
2012,5,5,Weekday,1500,2-Car,No injury/unknown,OTHER (DRIVER) - EXPLAIN IN NARRATIVE,W KIRKWOOD AVE,13822
2012,1,3,Weekday,1700,2-Car,No injury/unknown,FAILURE TO YIELD RIGHT OF WAY,S ROGERS & W KIRKWOOD AVE,13823
2012,2,2,Weekday,1300,2-Car,No injury/unknown,FOLLOWING TOO CLOSELY,KIRKWOOD AVE AVE & S ROGERS ST,13824
2012,4,6,Weekday,1800,Cyclist,Non-incapacitating,FOLLOWING TOO CLOSELY,KIRKWOOD & ROGERS ST,13825
2012,6,4,Weekday,1500,2-Car,No injury/unknown,UNSAFE LANE MOVEMENT,KIRKWOOD & ROGERS ST,13826
2012,8,2,Weekday,1700,2-Car,No injury/unknown,UNSAFE BACKING,ROGERS & WEST 5TH ST,13827
2012,10,4,Weekday,1600,2-Car,No injury/unknown,FAILURE TO YIELD RIGHT OF WAY,KIRKWOOD AVE & ROGERS,13828
2012,10,6,Weekday,1600,3+ Cars,No injury/unknown,FOLLOWING TOO CLOSELY,KIRKWOOD & S ROGERS ST,13829
2012,11,5,Weekday,1400,2-Car,Non-incapacitating,FOLLOWING TOO CLOSELY,ROGERS & W KIRKWOOD AVE,13830
2012,12,6,Weekday,600,1-Car,No injury/unknown,ANIMAL/OBJECT IN ROADWAY,E KINGS & SR46E,13831
2012,11,5,Weekday,1800,2-Car,No injury/unknown,OTHER (DRIVER) - EXPLAIN IN NARRATIVE,ELM & KIRKWOOD AVE,13832
2012,5,6,Weekend,2300,2-Car,No injury/unknown,SPEED TOO FAST FOR WEATHER CONDITIONS,KIRKWOOD ST & MADISON,13833
2012,4,2,Weekday,700,2-Car,Non-incapacitating,FAILURE TO YIELD RIGHT OF WAY,MADISON & W KIRKWOOD AVE,13834
2012,5,5,Weekday,1400,2-Car,No injury/unknown,FAILURE TO YIELD RIGHT OF WAY,KIRKWOOD AVE & MADISON,13835
2012,6,6,Weekday,1700,2-Car,Non-incapacitating,FAILURE TO YIELD RIGHT OF WAY,KIRKWOOD AVE & MADISON,13836
2012,7,3,Weekday,1600,2-Car,Non-incapacitating,FAILURE TO YIELD RIGHT OF WAY,KIRKWOOD AVE & MADISON,13837
2012,8,7,Weekend,1100,2-Car,No injury/unknown,FAILURE TO YIELD RIGHT OF WAY,KIRKWOOD AVE & MADISON,13838
2012,8,2,Weekday,1400,2-Car,No injury/unknown,FAILURE TO YIELD RIGHT OF WAY,MADISON & W KIRKWOOD AVE,13839
2012,4,5,Weekday,100,2-Car,No injury/unknown,OTHER (DRIVER) - EXPLAIN IN NARRATIVE,KIRKWOOD AVE & MADISON,13840
2012,10,2,Weekday,900,2-Car,No injury/unknown,DRIVER DISTRACTED - EXPLAIN IN NARRATIVE,GRAND AVE & SHERWOOD,13841
2012,6,2,Weekday,1300,2-Car,Non-incapacitating,FOLLOWING TOO CLOSELY,KIRKWOOD AVE & WALNUT,13842
2012,6,5,Weekday,1200,Bus,No injury/unknown,IMPROPER LANE USAGE,INDIANA & KIRKWOOD AVE,13843
2012,2,2,Weekday,1600,Moped/Motorcycle,No injury/unknown,UNSAFE BACKING,DUNN & KIRKWOOD AVE,13844
2012,4,2,Weekday,1000,Cyclist,Non-incapacitating,FAILURE TO YIELD RIGHT OF WAY,DUNN & KIRKWOOD AVE,13845
2012,8,2,Weekday,1600,2-Car,No injury/unknown,DRIVER DISTRACTED - EXPLAIN IN NARRATIVE,GRAND & N CURRY PIKE PIKE,13846
2012,1,7,Weekend,1500,2-Car,No injury/unknown,FAILURE TO YIELD RIGHT OF WAY,COLLEGE AVE & KIRKWOOD,13847
2012,1,6,Weekday,1100,2-Car,No injury/unknown,DISREGARD SIGNAL/REG SIGN,N COLLEGE & W KIRKWOOD AVE,13848
2012,2,4,Weekday,1600,2-Car,No injury/unknown,FOLLOWING TOO CLOSELY,COLLEGE & KIRKWOOD AVE,13849
2012,2,1,Weekend,1300,Cyclist,Non-incapacitating,FAILURE TO YIELD RIGHT OF WAY,COLLEGE AVE & KIRKWOOD,13850
2012,5,1,Weekend,1700,2-Car,Non-incapacitating,DISREGARD SIGNAL/REG SIGN,COLLEGE & KIRKWOOD AVE,13851
2012,6,1,Weekend,1600,Moped/Motorcycle,Incapacitating,OTHER (VEHICLE) - EXPLAIN IN NARRATIVE,N COLLEGE AVE & W KIRKWOOD,13852
2012,10,7,Weekend,1500,2-Car,No injury/unknown,UNSAFE BACKING,N COLLEGE & W KIRKWOOD AVE,13853
2012,10,6,Weekday,1300,2-Car,No injury/unknown,FOLLOWING TOO CLOSELY,COLLEGE AVE & KIRKWOOD,13854
2012,3,4,Weekday,1200,2-Car,No injury/unknown,FAILURE TO YIELD RIGHT OF WAY,100 N WALNUT & 100 W KIRKWOOD AVE,13855
2012,3,5,Weekday,300,2-Car,Non-incapacitating,DISREGARD SIGNAL/REG SIGN,KIRKWOOD & WALNUT ST,13856
2012,4,7,Weekend,2200,2-Car,No injury/unknown,UNSAFE LANE MOVEMENT,KIRKWOOD & S WALNUT ST,13857
2012,6,3,Weekday,1800,2-Car,No injury/unknown,UNSAFE LANE MOVEMENT,KIRKWOOD & WALNUT ST,13858
2012,7,3,Weekday,1700,Moped/Motorcycle,No injury/unknown,FOLLOWING TOO CLOSELY,KIRKWOOD AVE & WALNUT,13859
2012,8,4,Weekday,2200,2-Car,Non-incapacitating,DISREGARD SIGNAL/REG SIGN,KIRKWOOD & WALNUT ST,13860
2012,8,6,Weekday,0,Moped/Motorcycle,Non-incapacitating,FAILURE TO YIELD RIGHT OF WAY,SOUTH WALNUT ST & WALNUT ST,13861
2012,9,5,Weekday,1700,2-Car,No injury/unknown,UNSAFE LANE MOVEMENT,KIRKWOOD & WALNUT ST,13862
2012,9,5,Weekday,1900,2-Car,No injury/unknown,UNSAFE BACKING,SOUTH WALNUT ST,13863
2012,9,4,Weekday,1600,Moped/Motorcycle,Incapacitating,FAILURE TO YIELD RIGHT OF WAY,E KIRKWOOD & N WALNUT ST,13864
2012,10,3,Weekday,1900,2-Car,Non-incapacitating,FAILURE TO YIELD RIGHT OF WAY,E KIRKWOOD AVE & S WALNUT,13865
2012,11,3,Weekday,1900,2-Car,No injury/unknown,UNSAFE LANE MOVEMENT,KIRKWOOD & S WALNUT ST,13866
2012,1,5,Weekday,1900,2-Car,No injury/unknown,FAILURE TO YIELD RIGHT OF WAY,E KIRKWOOD AVE,13867
2012,11,7,Weekend,0,2-Car,No injury/unknown,UNSAFE BACKING,E KIRKWOOD AVE,13868
2012,4,6,Weekday,1600,2-Car,No injury/unknown,FAILURE TO YIELD RIGHT OF WAY,E KIRKWOOD & N LINCOLN ST,13869
2012,6,2,Weekday,1100,2-Car,Non-incapacitating,DISREGARD SIGNAL/REG SIGN,E KIRKWOOD AVE & S LINCOLN,13870
2012,5,3,Weekday,1900,2-Car,No injury/unknown,IMPROPER TURNING,E KIRKWOOD AVE,13871