year,month,day,weekend,hour,collision_type,injury_type,primary_factor,reported_location,unique_id
2012,5,7,Weekend,700,2-Car,No injury/unknown,DRIVER DISTRACTED - EXPLAIN IN NARRATIVE,E KIRKWOOD AVE & GRANT,13872
2012,3,4,Weekday,1800,2-Car,No injury/unknown,FAILURE TO YIELD RIGHT OF WAY,DUNN ST & KIRKWOOD,13873
2012,4,7,Weekend,1600,Bus,No injury/unknown,OTHER (DRIVER) - EXPLAIN IN NARRATIVE,DUNN ST & KIRKWOOD,13874
2012,9,7,Weekend,1300,2-Car,No injury/unknown,UNSAFE LANE MOVEMENT,E KIRKWOOD & S DUNN ST,13875
2012,10,3,Weekday,1600,Cyclist,No injury/unknown,FAILURE TO YIELD RIGHT OF WAY,DUNN ST & KIRKWOOD,13876
2012,9,6,Weekend,2300,2-Car,No injury/unknown,IMPROPER PASSING,E KIRKWOOD,13877
2012,4,6,Weekday,1300,2-Car,No injury/unknown,UNSAFE SPEED,INDIANA AVE & KIRKWOOD,13878
2012,7,6,Weekday,1700,2-Car,No injury/unknown,UNSAFE BACKING,S INDIANA AVE,13879
2012,12,3,Weekday,1200,2-Car,No injury/unknown,UNSAFE LANE MOVEMENT,EAST KIRKWOOD & SOUTH INDIANA AVE,13880
2012,4,1,Weekend,1300,2-Car,Non-incapacitating,FAILURE TO YIELD RIGHT OF WAY,SR446 & SR46W,13881
2012,6,6,Weekday,1700,1-Car,No injury/unknown,RAN OFF ROAD RIGHT,SR 46 RD & SR446,13882
2012,9,6,Weekday,1200,3+ Cars,Non-incapacitating,FOLLOWING TOO CLOSELY,SR46 & SR46E,13883
2012,6,6,Weekday,1300,2-Car,Non-incapacitating,FOLLOWING TOO CLOSELY,KINGS & SR46E,13884
2012,9,5,Weekday,1700,2-Car,No injury/unknown,FOLLOWING TOO CLOSELY,KIRKWOOD AVE & MAPLE,13885
2012,10,3,Weekday,1100,1-Car,No injury/unknown,UNSAFE BACKING,1350 N ST RD 46 (PARKING) BYP & SR4546,13886
2012,10,3,Weekday,1600,2-Car,No injury/unknown,UNSAFE BACKING,SOUTH JORDAN AVE,13887
2012,10,6,Weekday,1600,2-Car,No injury/unknown,OTHER (VEHICLE) - EXPLAIN IN NARRATIVE,S JORDAN AVE,13888
2012,10,4,Weekday,1100,2-Car,No injury/unknown,FAILURE TO YIELD RIGHT OF WAY,KIRKWOOD AVE & ROGERS,13889
2012,1,6,Weekday,1700,2-Car,No injury/unknown,FAILURE TO YIELD RIGHT OF WAY,KIRKWOOD & ROGERS ST,13890
2012,9,3,Weekday,1500,2-Car,No injury/unknown,FAILURE TO YIELD RIGHT OF WAY,KIRKWOOD ST & MADISON,13891
2012,7,4,Weekday,1100,3+ Cars,No injury/unknown,UNSAFE BACKING,E KIRKWOOD AVE,13892
2012,10,6,Weekday,1200,2-Car,No injury/unknown,FAILURE TO YIELD RIGHT OF WAY,200 BLOCK W KIRKWOOD AVE & GENTRY,13893
2012,4,2,Weekday,1600,2-Car,No injury/unknown,UNSAFE BACKING,COLLEGE & KIRKWOOD AVE,13894
2012,8,6,Weekday,1300,2-Car,Non-incapacitating,DISREGARD SIGNAL/REG SIGN,COLLEGE & KIRKWOOD AVE,13895
2012,2,7,Weekend,1700,1-Car,No injury/unknown,RAN OFF ROAD RIGHT,SOUTH MAPLE ST,13896
2012,1,1,Weekend,200,2-Car,No injury/unknown,UNSAFE BACKING,KIRKWOOD AVE,13897
2012,3,5,Weekday,1200,2-Car,No injury/unknown,FOLLOWING TOO CLOSELY,KIRKWOOD AVE & MORTON,13898
2012,8,5,Weekday,1500,2-Car,No injury/unknown,IMPROPER TURNING,KIRKWOOD AVE & WALNUT,13899
2012,4,2,Weekday,1100,1-Car,No injury/unknown,BRAKE FAILURE OR DEFECTIVE,WEST KIRKWOOD AVE,13900
2012,8,3,Weekday,600,2-Car,No injury/unknown,DISREGARD SIGNAL/REG SIGN,KIRKWOOD & LINCOLN ST,13901
2012,1,3,Weekday,1100,2-Car,No injury/unknown,OTHER (DRIVER) - EXPLAIN IN NARRATIVE,NORTH GRANT ST,13902
2012,5,2,Weekday,1700,2-Car,No injury/unknown,UNSAFE BACKING,KINGSTON AVE,13903
2012,2,6,Weekend,2200,2-Car,No injury/unknown,UNSAFE BACKING,DUNN & KIRKWOOD AVE,13904
2012,11,4,Weekday,1300,2-Car,No injury/unknown,OTHER (DRIVER) - EXPLAIN IN NARRATIVE,DUNN & KIRKWOOD AVE,13905
2012,9,5,Weekday,1900,1-Car,No injury/unknown,OTHER (DRIVER) - EXPLAIN IN NARRATIVE,S FRANKLIN RD,13906
2012,2,3,Weekday,100,1-Car,No injury/unknown,RAN OFF ROAD RIGHT,LORI & SR46E,13907
2012,6,1,Weekday,2100,2-Car,No injury/unknown,UNSAFE BACKING,5TH & ROOSEVELT ST,13908
2012,1,5,Weekday,1000,2-Car,No injury/unknown,FAILURE TO YIELD RIGHT OF WAY,E MORNINGSIDE & N SMITH RD,13909
2012,2,7,Weekend,1800,2-Car,No injury/unknown,DRIVER DISTRACTED - EXPLAIN IN NARRATIVE,MORNINGSIDE & SMITH RD,13910
2012,2,3,Weekday,1400,Bus,Incapacitating,FOLLOWING TOO CLOSELY,MORNINGSIDE & SMITH RD,13911
2012,5,2,Weekday,1700,2-Car,No injury/unknown,IMPROPER TURNING,KIRKWOOD & ROGERS ST,13912
2012,2,2,Weekday,1500,2-Car,Non-incapacitating,FOLLOWING TOO CLOSELY,N GATES DR & RUNKLE,13913
2012,12,5,Weekday,1700,2-Car,No injury/unknown,SPEED TOO FAST FOR WEATHER CONDITIONS,SOUTH GATES DR & WEST RUNKLE,13914
2012,12,2,Weekday,1300,2-Car,No injury/unknown,DISREGARD SIGNAL/REG SIGN,GATES & RUNKLE WAY,13915
2012,10,6,Weekday,1600,2-Car,No injury/unknown,FAILURE TO YIELD RIGHT OF WAY,10TH & JORDAN AVE,13916
2012,8,4,Weekday,1800,2-Car,Non-incapacitating,FAILURE TO YIELD RIGHT OF WAY,E 10TH & N SUNRISE AVE,13917
2012,12,7,Weekend,1900,2-Car,No injury/unknown,FOLLOWING TOO CLOSELY,MORNINGSIDE & SMITH RD,13918
2012,3,4,Weekday,0,2-Car,No injury/unknown,UNSAFE BACKING,S ADAMS ST,13919
2012,3,1,Weekend,400,2-Car,No injury/unknown,OTHER (VEHICLE) - EXPLAIN IN NARRATIVE,NORTH ROSE AVE,13920
2012,3,4,Weekday,1100,2-Car,No injury/unknown,OTHER (DRIVER) - EXPLAIN IN NARRATIVE,SOUTH ROSE AVE,13921
2012,8,6,Weekday,1600,2-Car,No injury/unknown,UNSAFE BACKING,N ROSE ST,13922
2012,10,4,Weekday,1800,2-Car,No injury/unknown,UNSAFE BACKING,NORTH ROSE AVE,13923
2012,10,6,Weekday,1100,Moped/Motorcycle,Non-incapacitating,TIRE FAILURE OR DEFECTIVE,ALLEN & PATTERSON DR,13924
2012,8,4,Weekday,1600,Bus,No injury/unknown,OTHER (DRIVER) - EXPLAIN IN NARRATIVE,4TH & N WASHINGTON ST,13925
2012,7,1,Weekend,500,1-Car,No injury/unknown,RAN OFF ROAD RIGHT,3RD & SR 46 RD,13926
2012,7,1,Weekend,500,2-Car,Non-incapacitating,ANIMAL/OBJECT IN ROADWAY,3RD & SR 46 ST,13927
2012,9,3,Weekday,1600,Moped/Motorcycle,Non-incapacitating,FAILURE TO YIELD RIGHT OF WAY,JORDAN AVE & KIRKWOOD,13928
2012,5,6,Weekday,1800,2-Car,No injury/unknown,OTHER (VEHICLE) - EXPLAIN IN NARRATIVE,W SR 48 RD,13929
2012,2,1,Weekday,1900,2-Car,No injury/unknown,UNSAFE BACKING,N GATES DR,13930
2012,5,1,Weekend,1400,2-Car,No injury/unknown,FAILURE TO YIELD RIGHT OF WAY,GATES DR,13931
2012,5,3,Weekday,1400,2-Car,No injury/unknown,UNSAFE BACKING,N GATES DR,13932
2012,5,5,Weekday,1200,2-Car,No injury/unknown,FAILURE TO YIELD RIGHT OF WAY,GATES DR,13933
2012,10,6,Weekday,1800,2-Car,No injury/unknown,OTHER (DRIVER) - EXPLAIN IN NARRATIVE,3RD & NORTH 46 HWY,13934
2012,11,3,Weekday,1100,2-Car,No injury/unknown,FAILURE TO YIELD RIGHT OF WAY,2ND & PATTERSON DR,13935
2012,4,3,Weekday,200,1-Car,Non-incapacitating,OTHER (VEHICLE) - EXPLAIN IN NARRATIVE,3RD & SR46N,13936
2012,2,4,Weekday,700,2-Car,No injury/unknown,OTHER (DRIVER) - EXPLAIN IN NARRATIVE,5TH ST & OVERHILL,13937
2012,12,5,Weekday,1000,2-Car,No injury/unknown,UNSAFE LANE MOVEMENT,4TH & S WALNUT ST,13938
2012,7,6,Weekday,1500,2-Car,No injury/unknown,FOLLOWING TOO CLOSELY,3RD & SR46S,13939
2012,9,3,Weekday,1400,2-Car,No injury/unknown,IMPROPER PASSING,E KIRKWOOD & S WOODLAWN AVE,13940
2012,5,2,Weekday,1800,Cyclist,Non-incapacitating,FAILURE TO YIELD RIGHT OF WAY,4TH ST & WALDRON,13941
2012,7,3,Weekday,1200,2-Car,Non-incapacitating,FOLLOWING TOO CLOSELY,4TH & ROGERS ST,13942
2012,9,4,Weekday,1700,2-Car,No injury/unknown,FAILURE TO YIELD RIGHT OF WAY,4TH & ROGERS ST,13943
2012,4,5,Weekday,1800,3+ Cars,No injury/unknown,UNSAFE BACKING,EAST 4TH ST,13944
2012,5,5,Weekday,1500,2-Car,No injury/unknown,FOLLOWING TOO CLOSELY,4TH ST & MADISON,13945
2012,4,7,Weekend,1500,2-Car,No injury/unknown,UNSAFE BACKING,4TH & SOUTH MADISON ST,13946
2012,5,6,Weekday,1200,2-Car,No injury/unknown,OTHER (DRIVER) - EXPLAIN IN NARRATIVE,4TH ST & COLLEGE,13947
2012,1,6,Weekday,1800,2-Car,No injury/unknown,FOLLOWING TOO CLOSELY,N COLLEGE AVE & W 4TH,13948
2012,2,7,Weekend,0,2-Car,No injury/unknown,DISREGARD SIGNAL/REG SIGN,4TH & COLLEGE AVE,13949
2012,2,7,Weekend,0,2-Car,Non-incapacitating,SPEED TOO FAST FOR WEATHER CONDITIONS,4TH & SOUTH COLLEGE AVENUE AVE,13950
2012,4,1,Weekend,300,3+ Cars,No injury/unknown,RAN OFF ROAD RIGHT,4TH & COLLEGE AVE,13951
2012,10,1,Weekend,1700,2-Car,Non-incapacitating,DISREGARD SIGNAL/REG SIGN,4TH & COLLEGE AVE,13952
2012,8,3,Weekday,1400,1-Car,No injury/unknown,UNSAFE BACKING,COLLEGE & W 4TH ST,13953
2012,4,4,Weekday,800,2-Car,No injury/unknown,FAILURE TO YIELD RIGHT OF WAY,BROADWAY & CURRY PIKE,13954
2012,6,4,Weekday,1700,2-Car,No injury/unknown,UNSAFE BACKING,4TH ST & GRANT,13955
2012,12,1,Weekday,2000,2-Car,No injury/unknown,UNSAFE BACKING,E 4TH ST & GRANT,13956
2012,9,4,Weekday,1700,2-Car,Non-incapacitating,FOLLOWING TOO CLOSELY,E 4TH ST & WALNUT,13957
2012,1,3,Weekday,1500,1-Car,No injury/unknown,OTHER (DRIVER) - EXPLAIN IN NARRATIVE,EAST 4TH ST,13958
2012,1,3,Weekday,1200,2-Car,No injury/unknown,DISREGARD SIGNAL/REG SIGN,4TH ST ST & WALNUT ST,13959
2012,1,4,Weekday,1500,2-Car,No injury/unknown,FAILURE TO YIELD RIGHT OF WAY,4TH & WALNUT ST,13960
2012,2,6,Weekday,1400,2-Car,No injury/unknown,FAILURE TO YIELD RIGHT OF WAY,4TH & WALNUT ST,13961
2012,3,5,Weekday,1200,3+ Cars,Non-incapacitating,FAILURE TO YIELD RIGHT OF WAY,S WALNUT ST & W 4TH,13962
2012,6,4,Weekday,2100,2-Car,No injury/unknown,OTHER (DRIVER) - EXPLAIN IN NARRATIVE,WALNUT ST,13963
2012,5,5,Weekday,1200,2-Car,No injury/unknown,UNSAFE BACKING,NORTH WALNUT ST,13964
2012,10,6,Weekday,800,2-Car,No injury/unknown,FAILURE TO YIELD RIGHT OF WAY,N WALNUT ST,13965
2012,10,6,Weekday,1300,2-Car,No injury/unknown,DISREGARD SIGNAL/REG SIGN,EAST 4TH ST & NORTH WALNUT,13966
2012,12,5,Weekday,1000,2-Car,No injury/unknown,OTHER (DRIVER) - EXPLAIN IN NARRATIVE,S WALNUT ST,13967
2012,4,4,Weekday,1900,Bus,No injury/unknown,IMPROPER TURNING,E 4TH & S WASHINGTON ST,13968
2012,3,3,Weekday,1500,2-Car,No injury/unknown,UNSAFE BACKING,4TH & LINCOLN ST,13969
2012,10,2,Weekday,1500,2-Car,No injury/unknown,OTHER (DRIVER) - EXPLAIN IN NARRATIVE,EAST 4TH ST & SOUTH LINCOLN,13970
2012,12,2,Weekday,1100,2-Car,No injury/unknown,FAILURE TO YIELD RIGHT OF WAY,E 4TH ST & S LINCOLN,13971
2012,9,6,Weekend,2200,2-Car,No injury/unknown,UNSAFE BACKING,E 4TH ST,13972
2012,2,6,Weekday,1800,2-Car,No injury/unknown,OTHER (VEHICLE) - EXPLAIN IN NARRATIVE,EAST 4TH ST & SOUTH DUNN,13973
2012,11,3,Weekday,900,Pedestrian,Non-incapacitating,FAILURE TO YIELD RIGHT OF WAY,E 4TH & S DUNN ST,13974
2012,4,6,Weekend,2100,2-Car,No injury/unknown,IMPROPER TURNING,E 4TH ST & N INDIANA,13975
2012,9,5,Weekday,700,2-Car,No injury/unknown,UNSAFE BACKING,S INDIANA AVE,13976
2012,11,5,Weekday,1200,Bus,No injury/unknown,OVERCORRECTING/OVERSTEERING,4TH ST & INDIANA,13977
2012,4,2,Weekday,1700,2-Car,No injury/unknown,FAILURE TO YIELD RIGHT OF WAY,SOUTH ROGERS ST & WEST 4TH,13978
2012,3,5,Weekday,1200,2-Car,No injury/unknown,FAILURE TO YIELD RIGHT OF WAY,4TH ST & ROGERS,13979
2012,4,5,Weekday,1100,2-Car,No injury/unknown,FAILURE TO YIELD RIGHT OF WAY,GATES & JACOB DR,13980
2012,4,5,Weekday,1200,2-Car,Non-incapacitating,FOLLOWING TOO CLOSELY,GATES & JACOB DR,13981
2012,6,6,Weekday,1400,2-Car,No injury/unknown,FAILURE TO YIELD RIGHT OF WAY,GATES DR & JACOB,13982
2012,5,5,Weekday,1900,2-Car,No injury/unknown,FAILURE TO YIELD RIGHT OF WAY,JACOB & N GATES DR,13983
2012,12,6,Weekend,1900,2-Car,No injury/unknown,FOLLOWING TOO CLOSELY,GATES & JACOB DR,13984
2012,11,7,Weekend,1800,2-Car,No injury/unknown,FAILURE TO YIELD RIGHT OF WAY,GATES DR & JACOB,13985
2012,10,3,Weekday,1800,Cyclist,Non-incapacitating,FAILURE TO YIELD RIGHT OF WAY,4TH ST & MADISON,13986
2012,5,4,Weekday,1200,2-Car,No injury/unknown,FAILURE TO YIELD RIGHT OF WAY,E 4TH ST,13987
2012,9,1,Weekend,1400,2-Car,No injury/unknown,UNSAFE LANE MOVEMENT,4TH ST & COLLEGE,13988
2012,9,6,Weekday,900,2-Car,No injury/unknown,FOLLOWING TOO CLOSELY,4TH & WALNUT ST,13989
2012,8,2,Weekday,1600,Cyclist,Non-incapacitating,FAILURE TO YIELD RIGHT OF WAY,4TH ST & WASHINGTON,13990
2012,9,3,Weekday,1000,2-Car,No injury/unknown,DISREGARD SIGNAL/REG SIGN,4TH & WASHINGTON ST,13991
2012,7,5,Weekday,1000,2-Car,No injury/unknown,FAILURE TO YIELD RIGHT OF WAY,4TH ST & DUNN,13992
2012,11,6,Weekday,900,2-Car,No injury/unknown,FAILURE TO YIELD RIGHT OF WAY,4TH & DUNN ST,13993
2012,10,6,Weekend,2100,2-Car,No injury/unknown,IMPROPER TURNING,4TH & INDIANA AVE,13994
2012,12,6,Weekday,800,2-Car,No injury/unknown,OTHER (DRIVER) - EXPLAIN IN NARRATIVE,SO KINGSTON DR,13995
2012,11,2,Weekday,1700,2-Car,No injury/unknown,OVERCORRECTING/OVERSTEERING,DUNN ST & FOURTH,13996
2012,3,2,Weekday,1700,3+ Cars,No injury/unknown,UNSAFE LANE MOVEMENT,4TH & COLLEGE AVE,13997
2012,4,6,Weekday,1400,2-Car,No injury/unknown,UNSAFE BACKING,SOUTH GRANT ST,13998
2012,4,2,Weekday,1100,2-Car,No injury/unknown,UNSAFE BACKING,EAST FOURTH ST,13999
2012,9,7,Weekend,1600,3+ Cars,No injury/unknown,UNSAFE BACKING,S INDIANA AVE,14000
2012,4,4,Weekday,800,Cyclist,Non-incapacitating,IMPROPER PASSING,JONES AVE & READ,14001
2012,4,4,Weekday,1500,2-Car,No injury/unknown,FAILURE TO YIELD RIGHT OF WAY,S WALNUT ST,14002
2012,10,6,Weekday,1000,2-Car,No injury/unknown,OTHER (DRIVER) - EXPLAIN IN NARRATIVE,SO KINGSTON DR,14003
2012,11,7,Weekend,1600,1-Car,No injury/unknown,RAN OFF ROAD RIGHT,14TH & DUNN ST,14004
2012,10,3,Weekday,1100,2-Car,No injury/unknown,UNSAFE BACKING,JONES AVE & JORDAN,14005
2012,11,3,Weekday,900,2-Car,No injury/unknown,UNSAFE BACKING,JONES AVE & JORDAN,14006
2012,1,7,Weekend,1600,Bus,Non-incapacitating,FAILURE TO YIELD RIGHT OF WAY,JONES & JORDAN AVE,14007
2012,2,1,Weekend,800,2-Car,No injury/unknown,IMPROPER PASSING,JONES & JORDAN AVE,14008
2012,6,3,Weekday,1200,Cyclist,Non-incapacitating,FAILURE TO YIELD RIGHT OF WAY,3RD & PETE ELLIS DR,14009
2012,3,2,Weekday,1300,1-Car,Non-incapacitating,OTHER (DRIVER) - EXPLAIN IN NARRATIVE,E STATE ROAD 46 HWY,14010
2012,9,2,Weekday,1800,1-Car,Incapacitating,SPEED TOO FAST FOR WEATHER CONDITIONS,E TRAILWAY & SR46E,14011
2012,4,5,Weekday,400,1-Car,No injury/unknown,ANIMAL/OBJECT IN ROADWAY,HARTSTRAIT & SR48W,14012
2012,1,5,Weekday,1600,2-Car,No injury/unknown,FAILURE TO YIELD RIGHT OF WAY,CURRY & SR48W,14013
2012,10,3,Weekday,1500,2-Car,No injury/unknown,FAILURE TO YIELD RIGHT OF WAY,W 3RD ST,14014
2012,12,1,Weekend,700,2-Car,No injury/unknown,FAILURE TO YIELD RIGHT OF WAY,3300 W 3RD ST,14015
2012,3,3,Weekday,1400,2-Car,No injury/unknown,OTHER (DRIVER) - EXPLAIN IN NARRATIVE,WEST 3RD ST,14016
2012,12,2,Weekday,1600,3+ Cars,No injury/unknown,OTHER (DRIVER) - EXPLAIN IN NARRATIVE,W 3RD ST,14017
2012,1,6,Weekday,1200,Pedestrian,Incapacitating,OTHER (DRIVER) - EXPLAIN IN NARRATIVE,W 3RD ST,14018
2012,8,4,Weekday,1400,2-Car,No injury/unknown,FAILURE TO YIELD RIGHT OF WAY,3RD ST & SR37N,14019
2012,2,6,Weekday,1500,2-Car,No injury/unknown,FOLLOWING TOO CLOSELY,3RD ST,14020
2012,1,7,Weekend,1200,1-Car,No injury/unknown,OTHER (DRIVER) - EXPLAIN IN NARRATIVE,WEST 3RD ST ST,14021
2012,1,5,Weekday,1100,2-Car,No injury/unknown,FAILURE TO YIELD RIGHT OF WAY,W 3RD ST,14022
2012,6,7,Weekend,1500,Moped/Motorcycle,Non-incapacitating,FAILURE TO YIELD RIGHT OF WAY,W 3RD ST,14023
2012,3,6,Weekday,1300,2-Car,Non-incapacitating,FOLLOWING TOO CLOSELY,SR37S & W 3RD,14024
2012,8,4,Weekday,2000,2-Car,Non-incapacitating,FOLLOWING TOO CLOSELY,3RD ST & SR37,14025
2012,1,4,Weekday,1600,2-Car,No injury/unknown,FAILURE TO YIELD RIGHT OF WAY,E 3RD & PETE ELLIS DR,14026
2012,6,2,Weekday,1400,2-Car,No injury/unknown,FAILURE TO YIELD RIGHT OF WAY,3RD & PETE ELLIS DR,14027
2012,6,6,Weekday,300,1-Car,No injury/unknown,UNSAFE BACKING,46 RD,14028
2012,7,6,Weekday,1500,3+ Cars,Non-incapacitating,FOLLOWING TOO CLOSELY,3RD ST & SR37S,14029
2012,3,4,Weekday,1200,3+ Cars,Non-incapacitating,FOLLOWING TOO CLOSELY,3RD ST & SR37N,14030
2012,2,2,Weekday,900,2-Car,No injury/unknown,DISREGARD SIGNAL/REG SIGN,3RD & SR 37 NORTH RAMP RD,14031
2012,2,6,Weekday,1400,2-Car,No injury/unknown,IMPROPER TURNING,3RD ST & SR37,14032
2012,2,1,Weekend,100,2-Car,No injury/unknown,FOLLOWING TOO CLOSELY,SR37N & W 3RD ST,14033
2012,3,5,Weekday,1600,2-Car,No injury/unknown,FOLLOWING TOO CLOSELY,SR37S & THIRD ST,14034
2012,3,7,Weekend,2000,2-Car,Non-incapacitating,FAILURE TO YIELD RIGHT OF WAY,EAST 3RD ST,14035
2012,4,6,Weekday,600,2-Car,No injury/unknown,DISREGARD SIGNAL/REG SIGN,3000 W 3RD ST & SR37N,14036
2012,7,1,Weekend,1200,2-Car,No injury/unknown,FAILURE TO YIELD RIGHT OF WAY,3RD ST & SR37,14037
2012,8,7,Weekend,900,2-Car,Non-incapacitating,CELL PHONE USAGE,3RD ST & SR37N,14038
2012,8,4,Weekday,1700,2-Car,No injury/unknown,OTHER (DRIVER) - EXPLAIN IN NARRATIVE,SR37S & SR48,14039
2012,9,7,Weekend,2100,2-Car,No injury/unknown,DISREGARD SIGNAL/REG SIGN,3RD ST & SR37,14040
2012,9,6,Weekday,1200,2-Car,Non-incapacitating,DISREGARD SIGNAL/REG SIGN,SR37S & W 3RD ST,14041
2012,10,2,Weekday,600,2-Car,No injury/unknown,FAILURE TO YIELD RIGHT OF WAY,SR37 & W 3RD ST,14042
2012,10,4,Weekday,800,2-Car,Non-incapacitating,FOLLOWING TOO CLOSELY,SR37 & W 3RD,14043
2012,11,5,Weekday,0,2-Car,No injury/unknown,FAILURE TO YIELD RIGHT OF WAY,SR37N & W 3RD,14044
2012,11,7,Weekend,1000,2-Car,Non-incapacitating,FOLLOWING TOO CLOSELY,37 HWY & W 3RD,14045
2012,12,7,Weekend,600,2-Car,No injury/unknown,FAILURE TO YIELD RIGHT OF WAY,SR37 & W 3RD ST,14046
2012,12,3,Weekday,1400,3+ Cars,No injury/unknown,FOLLOWING TOO CLOSELY,SR37 & WEST 3RD ST,14047
2012,1,7,Weekend,2200,2-Car,No injury/unknown,FAILURE TO YIELD RIGHT OF WAY,W 3RD ST,14048
2012,3,7,Weekend,1700,2-Car,No injury/unknown,OTHER (DRIVER) - EXPLAIN IN NARRATIVE,W 3RD ST,14049
2012,6,6,Weekend,2200,2-Car,No injury/unknown,UNSAFE BACKING,W 3RD ST,14050
2012,4,4,Weekday,700,2-Car,No injury/unknown,FOLLOWING TOO CLOSELY,S PARK SQUARE & SR48W,14051
2012,10,2,Weekday,1900,2-Car,Non-incapacitating,DISREGARD SIGNAL/REG SIGN,PARK SQUARE & SR48W,14052
2012,2,3,Weekday,1800,2-Car,Non-incapacitating,OTHER (DRIVER) - EXPLAIN IN NARRATIVE,EAST 3RD ST,14053
2012,10,2,Weekday,1200,2-Car,No injury/unknown,UNSAFE BACKING,EAST THIRD ST,14054
2012,12,7,Weekend,1000,2-Car,No injury/unknown,OTHER (DRIVER) - EXPLAIN IN NARRATIVE,EAST 3RD ST,14055
2012,8,7,Weekend,2300,2-Car,No injury/unknown,FAILURE TO YIELD RIGHT OF WAY,3RD & ROGERS ST,14056
2012,8,6,Weekday,1100,2-Car,No injury/unknown,FOLLOWING TOO CLOSELY,S ROGERS ST & W 3RD,14057
2012,9,7,Weekend,1700,2-Car,No injury/unknown,FAILURE TO YIELD RIGHT OF WAY,ROGERS & WEST 3RD ST,14058
2012,10,1,Weekend,400,2-Car,No injury/unknown,IMPROPER LANE USAGE,S ROGERS ST,14059
2012,1,4,Weekday,1900,2-Car,No injury/unknown,UNSAFE BACKING,3RD ST,14060
2012,6,2,Weekday,1600,2-Car,No injury/unknown,UNSAFE BACKING,E 3RD ST,14061
2012,12,7,Weekend,1200,2-Car,No injury/unknown,UNSAFE BACKING,E 3RD ST,14062
2012,12,4,Weekday,1300,2-Car,No injury/unknown,UNSAFE BACKING,EAST 3RD ST,14063
2012,12,6,Weekend,1900,3+ Cars,No injury/unknown,SPEED TOO FAST FOR WEATHER CONDITIONS,3RD EAST ST,14064
2012,12,7,Weekend,1600,2-Car,No injury/unknown,SPEED TOO FAST FOR WEATHER CONDITIONS,EAST 3RD ST,14065
2012,1,4,Weekday,1600,2-Car,No injury/unknown,DISREGARD SIGNAL/REG SIGN,S MADISON ST & W 3RD,14066
2012,6,6,Weekend,2100,2-Car,Non-incapacitating,DISREGARD SIGNAL/REG SIGN,S MADISON & W 3RD ST,14067
2012,8,6,Weekday,1400,2-Car,No injury/unknown,UNSAFE LANE MOVEMENT,SOUTH WESTERN & WEST 3RD ST,14068
2012,9,5,Weekday,1600,3+ Cars,No injury/unknown,FOLLOWING TOO CLOSELY,SR48E & WESTERN,14069
2012,5,6,Weekend,1900,2-Car,No injury/unknown,UNSAFE BACKING,3RD ST,14070
2012,11,1,Weekend,1200,2-Car,No injury/unknown,IMPROPER LANE USAGE,3RD ST & HICKORY,14071
2012,2,3,Weekday,1900,2-Car,No injury/unknown,FAILURE TO YIELD RIGHT OF WAY,3RD ST & FRANKLIN,14072
2012,12,5,Weekday,1100,3+ Cars,No injury/unknown,BRAKE FAILURE OR DEFECTIVE,FRANKLIN & WEST THIRD ST,14073
2012,12,6,Weekday,1600,2-Car,No injury/unknown,FOLLOWING TOO CLOSELY,FRANKLIN & WEST THIRD ST,14074
2012,10,4,Weekday,100,1-Car,Incapacitating,OBSTRUCTION NOT MARKED,S CURRY & W 3RD ST,14075
2012,4,2,Weekday,1500,2-Car,No injury/unknown,UNSAFE BACKING,NORTH MORTON ST,14076
2012,3,6,Weekday,1800,2-Car,No injury/unknown,IMPROPER TURNING,EAST 3RD ST,14077
2012,10,7,Weekend,1700,2-Car,No injury/unknown,OTHER (DRIVER) - EXPLAIN IN NARRATIVE,EAST 3RD ST,14078
2012,10,6,Weekday,1600,Pedestrian,Incapacitating,FAILURE TO YIELD RIGHT OF WAY,E 3RD ST,14079
2012,11,6,Weekday,0,2-Car,No injury/unknown,FOLLOWING TOO CLOSELY,EAST 3RD ST,14080
2012,6,6,Weekday,900,2-Car,No injury/unknown,OTHER (ENVIRONMENTAL) - EXPLAIN IN NARR,W THIRD ST,14081
2012,10,6,Weekday,1400,2-Car,No injury/unknown,FOLLOWING TOO CLOSELY,3RD ST & CURRY,14082
2012,4,3,Weekday,1000,3+ Cars,No injury/unknown,FOLLOWING TOO CLOSELY,3RD ST & CURRY,14083
2012,1,6,Weekday,1600,2-Car,No injury/unknown,IMPROPER TURNING,3RD ST & CURRY,14084
2012,4,3,Weekday,400,2-Car,No injury/unknown,UNSAFE LANE MOVEMENT,3RD ST & CURRY,14085
2012,6,6,Weekday,1500,2-Car,No injury/unknown,UNSAFE BACKING,SOUTH CURRY PIKE & WEST 3RD,14086
2012,8,2,Weekday,2100,Pedestrian,Non-incapacitating,FAILURE TO YIELD RIGHT OF WAY,3RD ST & CURRY,14087
2012,10,3,Weekday,1400,2-Car,No injury/unknown,FOLLOWING TOO CLOSELY,3RD ST & CURRY,14088
2012,10,2,Weekday,1600,2-Car,No injury/unknown,FAILURE TO YIELD RIGHT OF WAY,CURRY & WEST 3RD ST,14089
2012,10,3,Weekday,0,2-Car,Non-incapacitating,DISREGARD SIGNAL/REG SIGN,3RD ST & CURRY,14090