year,month,day,weekend,hour,collision_type,injury_type,primary_factor,reported_location,unique_id
2012,1,4,Weekday,1700,2-Car,No injury/unknown,FAILURE TO YIELD RIGHT OF WAY,EAST 3RD ST & NORTH JEFFERSON,14309
2012,2,6,Weekday,1600,3+ Cars,No injury/unknown,SPEED TOO FAST FOR WEATHER CONDITIONS,E 3RD ST & JEFFERSON,14310
2012,3,3,Weekday,1700,3+ Cars,No injury/unknown,DRIVER DISTRACTED - EXPLAIN IN NARRATIVE,E 3RD ST & S JEFFERSON,14311
2012,3,6,Weekend,2100,2-Car,No injury/unknown,SPEED TOO FAST FOR WEATHER CONDITIONS,E 3RD ST & S JEFFERSON,14312
2012,4,4,Weekday,1500,2-Car,No injury/unknown,FOLLOWING TOO CLOSELY,E 3RD ST & JEFFERSON,14313
2012,10,5,Weekday,1800,2-Car,No injury/unknown,FOLLOWING TOO CLOSELY,EAST 3RD ST & JEFFERSON,14314
2012,10,3,Weekday,1100,2-Car,No injury/unknown,OTHER (DRIVER) - EXPLAIN IN NARRATIVE,JEFFERSON & THIRD ST,14315
2012,10,7,Weekend,1100,2-Car,No injury/unknown,OTHER (DRIVER) - EXPLAIN IN NARRATIVE,EAST THIRD ST & JEFFERSON,14316
2012,11,3,Weekday,1300,2-Car,No injury/unknown,FOLLOWING TOO CLOSELY,E 3RD ST & S JEFFERSON,14317
2012,9,6,Weekday,1200,Moped/Motorcycle,Incapacitating,SPEED TOO FAST FOR WEATHER CONDITIONS,EAST THIRD ST & ROOSEVELT,14318
2012,10,7,Weekend,500,1-Car,Non-incapacitating,OBSTRUCTION NOT MARKED,E 3RD ST & S ROOSEVELT,14319
2012,11,2,Weekday,1600,2-Car,No injury/unknown,IMPROPER TURNING,ROCKPORT RD & SR37,14320
2012,6,2,Weekday,1600,2-Car,No injury/unknown,FOLLOWING TOO CLOSELY,3RD ST & ROOSEVELT,14321
2012,8,3,Weekday,1400,2-Car,No injury/unknown,OTHER (DRIVER) - EXPLAIN IN NARRATIVE,E 3RD ST,14322
2012,8,5,Weekday,1400,3+ Cars,Non-incapacitating,UNSAFE SPEED,E 3RD ST & S HAWTHORNE,14323
2012,10,6,Weekday,1800,2-Car,No injury/unknown,FAILURE TO YIELD RIGHT OF WAY,3RD ST & FESS,14324
2012,10,4,Weekday,2100,2-Car,Non-incapacitating,DRIVER DISTRACTED - EXPLAIN IN NARRATIVE,3RD ST & FESS,14325
2012,9,2,Weekday,1900,2-Car,No injury/unknown,FOLLOWING TOO CLOSELY,3RD ST & FESS,14326
2012,10,4,Weekday,1500,2-Car,No injury/unknown,FOLLOWING TOO CLOSELY,3RD ST & FESS,14327
2012,8,7,Weekend,1600,Pedestrian,Incapacitating,OTHER (VEHICLE) - EXPLAIN IN NARRATIVE,EAST 3RD ST,14328
2012,9,7,Weekend,900,2-Car,No injury/unknown,UNSAFE BACKING,E 3RD ST,14329
2012,10,3,Weekday,1300,2-Car,No injury/unknown,FOLLOWING TOO CLOSELY,3RD ST & CLIFTON,14330
2012,5,3,Weekday,700,2-Car,No injury/unknown,FOLLOWING TOO CLOSELY,CAVE & SR48W,14331
2012,11,4,Weekday,1800,2-Car,No injury/unknown,FOLLOWING TOO CLOSELY,BALLANTINE & THIRD ST,14332
2012,8,4,Weekday,1300,3+ Cars,Non-incapacitating,FAILURE TO YIELD RIGHT OF WAY,S WASHINGTON ST,14333
2012,1,2,Weekday,1300,2-Car,Non-incapacitating,FOLLOWING TOO CLOSELY,E 3RD & WOODSCREST DR,14334
2012,3,3,Weekday,2000,2-Car,No injury/unknown,OTHER (VEHICLE) - EXPLAIN IN NARRATIVE,E 3RD ST,14335
2012,7,5,Weekday,1400,2-Car,No injury/unknown,FOLLOWING TOO CLOSELY,E 3RD ST & WOODCREST,14336
2012,9,1,Weekend,1600,2-Car,No injury/unknown,FAILURE TO YIELD RIGHT OF WAY,E 3RD ST & S HILLSDALE,14337
2012,10,6,Weekday,1400,2-Car,No injury/unknown,FAILURE TO YIELD RIGHT OF WAY,E 3RD ST,14338
2012,8,2,Weekday,1800,2-Car,No injury/unknown,IMPROPER TURNING,E 3RD ST,14339
2012,3,6,Weekend,1900,Bus,No injury/unknown,IMPROPER PASSING,3RD ST,14340
2012,10,6,Weekday,1200,Pedestrian,Non-incapacitating,FAILURE TO YIELD RIGHT OF WAY,E 3RD ST,14341
2012,4,6,Weekend,2100,2-Car,No injury/unknown,OTHER (DRIVER) - EXPLAIN IN NARRATIVE,3RD ST,14342
2012,8,5,Weekday,1400,2-Car,Non-incapacitating,ANIMAL/OBJECT IN ROADWAY,THIRD ST & WOODLAWN,14343
2012,9,2,Weekday,2100,2-Car,No injury/unknown,FOLLOWING TOO CLOSELY,3RD ST & FACULTY,14344
2012,9,3,Weekday,1600,Bus,No injury/unknown,UNSAFE SPEED,3RD ST & FACULTY,14345
2012,6,4,Weekday,1100,2-Car,No injury/unknown,IMPROPER TURNING,EAST THIRD ST & SOUTH BALLANTINE,14346
2012,9,6,Weekday,1200,2-Car,No injury/unknown,FAILURE TO YIELD RIGHT OF WAY,3RD ST & BALLANTINE,14347
2012,10,4,Weekday,1800,3+ Cars,No injury/unknown,FOLLOWING TOO CLOSELY,E 3RD ST & S BALLANTINE,14348
2012,11,5,Weekday,1800,3+ Cars,Non-incapacitating,DRIVER DISTRACTED - EXPLAIN IN NARRATIVE,3RD ST & HIGHLAND,14349
2012,1,4,Weekday,1600,2-Car,No injury/unknown,FAILURE TO YIELD RIGHT OF WAY,3RD ST & HIGHLAND,14350
2012,2,7,Weekend,1200,2-Car,No injury/unknown,IMPROPER TURNING,3RD ST & HIGHLAND,14351
2012,4,7,Weekend,2100,2-Car,Non-incapacitating,UNSAFE LANE MOVEMENT,3RD ST & HIGHLAND,14352
2012,6,5,Weekday,800,1-Car,No injury/unknown,OVERCORRECTING/OVERSTEERING,E 3RD ST & S HIGHLAND,14353
2012,6,5,Weekday,1600,2-Car,No injury/unknown,IMPROPER TURNING,3RD ST & HIGHLAND,14354
2012,8,4,Weekday,1500,Cyclist,Non-incapacitating,PEDESTRIAN ACTION,3RD ST & HIGHLAND,14355
2012,8,5,Weekday,1900,2-Car,No injury/unknown,IMPROPER TURNING,3RD ST & HIGHLAND,14356
2012,8,6,Weekend,1900,2-Car,No injury/unknown,IMPROPER TURNING,3RD ST & HIGHLAND,14357
2012,8,7,Weekend,1200,2-Car,Non-incapacitating,IMPROPER TURNING,3RD ST & HIGHLAND,14358
2012,9,1,Weekend,1100,2-Car,No injury/unknown,IMPROPER TURNING,E 3RD ST & S HIGHLAND,14359
2012,9,3,Weekday,1600,2-Car,No injury/unknown,IMPROPER TURNING,3RD ST & HIGHLAND,14360
2012,1,4,Weekday,2100,2-Car,Non-incapacitating,FOLLOWING TOO CLOSELY,3RD ST & EASTSIDE,14361
2012,10,7,Weekend,1600,3+ Cars,Non-incapacitating,FOLLOWING TOO CLOSELY,3RD ST & JEFFERSON,14362
2012,2,6,Weekday,1700,2-Car,No injury/unknown,FOLLOWING TOO CLOSELY,3RD ST & ROOSELVELT,14363
2012,1,4,Weekday,1500,3+ Cars,No injury/unknown,FOLLOWING TOO CLOSELY,3RD ST & HILLSDALE,14364
2012,9,7,Weekend,1300,2-Car,No injury/unknown,FAILURE TO YIELD RIGHT OF WAY,E 3RD ST & S WOODSCREST,14365
2012,6,2,Weekday,1600,2-Car,No injury/unknown,FOLLOWING TOO CLOSELY,E 3RD ST & S WOODSCREST,14366
2012,8,4,Weekday,1400,2-Car,Non-incapacitating,FAILURE TO YIELD RIGHT OF WAY,45 46 & E 3RD ST,14367
2012,8,2,Weekday,1900,2-Car,No injury/unknown,UNSAFE LANE MOVEMENT,SWAIN & THIRD ST,14368
2012,2,6,Weekday,1600,1-Car,No injury/unknown,UNSAFE LANE MOVEMENT,S BALLANTINE ST,14369
2012,1,4,Weekday,1600,2-Car,No injury/unknown,FAILURE TO YIELD RIGHT OF WAY,E 3RD ST & S BALLANTINE,14370
2012,11,2,Weekday,1800,2-Car,No injury/unknown,UNSAFE LANE MOVEMENT,HAWTHORNE & THIRD ST,14371
2012,12,4,Weekday,800,2-Car,No injury/unknown,UNSAFE LANE MOVEMENT,THIRD & WOODLAWN AVE,14372
2012,11,1,Weekend,1700,3+ Cars,No injury/unknown,FOLLOWING TOO CLOSELY,FESS & THIRD ST,14373
2012,9,2,Weekday,1500,2-Car,No injury/unknown,UNSAFE LANE MOVEMENT,HIGHLAND AVE & THIRD,14374
2012,11,6,Weekday,1100,2-Car,No injury/unknown,UNSAFE BACKING,E 3RD ST,14375
2012,2,7,Weekend,1400,3+ Cars,No injury/unknown,UNSAFE LANE MOVEMENT,3RD ST & S JORDAN,14376
2012,2,3,Weekday,2000,2-Car,No injury/unknown,FOLLOWING TOO CLOSELY,3RD ST & JORDAN,14377
2012,3,5,Weekday,700,2-Car,Non-incapacitating,DISREGARD SIGNAL/REG SIGN,3RD ST & JORDAN,14378
2012,4,4,Weekday,1700,3+ Cars,No injury/unknown,FOLLOWING TOO CLOSELY,3RD ST & S JORDAN,14379
2012,7,5,Weekday,800,2-Car,No injury/unknown,OTHER (DRIVER) - EXPLAIN IN NARRATIVE,3RD ST & JORDAN,14380
2012,6,3,Weekday,2300,2-Car,No injury/unknown,IMPROPER TURNING,3RD ST & JORDAN,14381
2012,6,4,Weekday,600,2-Car,No injury/unknown,DISREGARD SIGNAL/REG SIGN,JORDAN AVE & THIRD,14382
2012,9,7,Weekend,300,2-Car,No injury/unknown,IMPROPER TURNING,3RD ST & JORDAN,14383
2012,9,4,Weekday,2100,2-Car,Non-incapacitating,DRIVER DISTRACTED - EXPLAIN IN NARRATIVE,3RD & JORDAN AVE,14384
2012,10,3,Weekday,900,Moped/Motorcycle,Non-incapacitating,OTHER (DRIVER) - EXPLAIN IN NARRATIVE,3RD & JORDAN AVE,14385
2012,10,5,Weekday,1900,2-Car,No injury/unknown,IMPROPER TURNING,3RD & JORDAN AVE,14386
2012,8,6,Weekday,1100,Pedestrian,Non-incapacitating,FAILURE TO YIELD RIGHT OF WAY,E THIRD ST,14387
2012,12,6,Weekday,1700,2-Car,No injury/unknown,IMPROPER LANE USAGE,THIRD ST,14388
2012,2,4,Weekday,2100,2-Car,No injury/unknown,SPEED TOO FAST FOR WEATHER CONDITIONS,E 3RD ST & S HAWTHORNE,14389
2012,1,2,Weekday,1300,1-Car,No injury/unknown,OTHER (DRIVER) - EXPLAIN IN NARRATIVE,1001 E 3RD (DOCK) ST & HAWTHORNE,14390
2012,3,6,Weekday,1100,2-Car,No injury/unknown,UNSAFE BACKING,1001 E 3RD (DOCK) ST & HAWTHORNE,14391
2012,11,3,Weekday,1200,3+ Cars,No injury/unknown,FOLLOWING TOO CLOSELY,THIRD ST & WOODLAWN,14392
2012,11,4,Weekday,1100,2-Car,No injury/unknown,IMPROPER LANE USAGE,3RD ST & WOODLAWN,14393
2012,3,2,Weekday,1400,Bus,No injury/unknown,UNSAFE LANE MOVEMENT,E 3RD ST & S HAWTHORNE,14394
2012,3,3,Weekday,1300,2-Car,Non-incapacitating,UNSAFE SPEED,3RD ST & HAWTHORNE,14395
2012,4,6,Weekday,1000,2-Car,Non-incapacitating,UNSAFE SPEED,HAWTHORNE & THIRD ST,14396
2012,1,7,Weekend,100,2-Car,No injury/unknown,FAILURE TO YIELD RIGHT OF WAY,3RD ST & SWAIN,14397
2012,1,4,Weekday,1400,2-Car,Non-incapacitating,UNSAFE LANE MOVEMENT,SWAIN & THIRD ST,14398
2012,2,6,Weekday,1600,2-Car,No injury/unknown,IMPROPER TURNING,3RD ST & SWAIN,14399
2012,3,5,Weekday,1600,2-Car,Non-incapacitating,IMPROPER TURNING,E 3RD ST & S SWAIN,14400
2012,4,6,Weekday,1800,2-Car,Non-incapacitating,IMPROPER TURNING,3RD ST & SWAIN,14401
2012,8,7,Weekend,1300,2-Car,No injury/unknown,IMPROPER TURNING,E 3RD ST & S SWAIN,14402
2012,10,2,Weekday,1400,2-Car,No injury/unknown,IMPROPER TURNING,3RD ST & SWAIN,14403
2012,12,7,Weekend,1700,2-Car,Non-incapacitating,FAILURE TO YIELD RIGHT OF WAY,EAST 3RD ST & SOUTH SWAIN,14404
2012,1,7,Weekend,200,2-Car,No injury/unknown,IMPROPER TURNING,3RD ST & MITCHELL,14405
2012,8,6,Weekend,1900,2-Car,No injury/unknown,FOLLOWING TOO CLOSELY,COLLEGE MALL & E 3RD ST,14406
2012,7,1,Weekend,1400,2-Car,No injury/unknown,FAILURE TO YIELD RIGHT OF WAY,MEADOWBROOK & SR46,14407
2012,8,2,Weekday,1300,2-Car,Non-incapacitating,FAILURE TO YIELD RIGHT OF WAY,COLLEGE MALL & THIRD ST,14408
2012,10,6,Weekend,2100,2-Car,No injury/unknown,FOLLOWING TOO CLOSELY,3RD ST & COLLEGE MALL,14409
2012,11,3,Weekday,1400,3+ Cars,No injury/unknown,FOLLOWING TOO CLOSELY,3RD ST & COLLEGE MALL,14410
2012,11,5,Weekday,2000,2-Car,No injury/unknown,DRIVER DISTRACTED - EXPLAIN IN NARRATIVE,SR46S & THIRD,14411
2012,11,5,Weekday,1800,3+ Cars,Non-incapacitating,FOLLOWING TOO CLOSELY,MORNINGSIDE & THIRD ST,14412
2012,3,5,Weekday,1200,2-Car,No injury/unknown,FOLLOWING TOO CLOSELY,PETE ELLIS & SR46E,14413
2012,3,1,Weekend,1600,2-Car,No injury/unknown,FOLLOWING TOO CLOSELY,PETE ELLIS & SR46E,14414
2012,11,7,Weekend,2000,1-Car,No injury/unknown,ANIMAL/OBJECT IN ROADWAY,3RD ST & HERITAGE,14415
2012,10,1,Weekend,1500,2-Car,No injury/unknown,FAILURE TO YIELD RIGHT OF WAY,E 3RD ST & JORDAN,14416
2012,9,6,Weekday,1200,2-Car,No injury/unknown,FOLLOWING TOO CLOSELY,WEST 3RD ST,14417
2012,2,3,Weekday,2000,2-Car,No injury/unknown,UNSAFE BACKING,E 3RD ST,14418
2012,9,2,Weekday,700,Moped/Motorcycle,Non-incapacitating,WRONG WAY ON ONE WAY,E 3RD ST & MITCHELL,14419
2012,5,4,Weekday,1400,3+ Cars,No injury/unknown,DRIVER DISTRACTED - EXPLAIN IN NARRATIVE,E 3RD ST & S EASTSIDE,14420
2012,1,4,Weekday,700,3+ Cars,Non-incapacitating,FAILURE TO YIELD RIGHT OF WAY,3RD ST & COLLEGE MALL,14421
2012,1,5,Weekday,2100,2-Car,No injury/unknown,FOLLOWING TOO CLOSELY,COLLEGE MALL & THIRD ST,14422
2012,1,1,Weekend,300,2-Car,No injury/unknown,FOLLOWING TOO CLOSELY,S COLLEGE MALL RD,14423
2012,1,4,Weekday,1900,2-Car,Non-incapacitating,FAILURE TO YIELD RIGHT OF WAY,E 3RD ST & S COLLEGE MALL,14424
2012,2,5,Weekday,1700,2-Car,No injury/unknown,FOLLOWING TOO CLOSELY,COLLEGE MALL & THIRD ST,14425
2012,3,2,Weekday,1300,2-Car,No injury/unknown,FAILURE TO YIELD RIGHT OF WAY,COLLEGE MALL & E 3RD ST,14426
2012,3,2,Weekday,1600,3+ Cars,No injury/unknown,FOLLOWING TOO CLOSELY,E 3RD & S COLLEGE MALL RD,14427
2012,4,2,Weekday,1400,3+ Cars,No injury/unknown,FOLLOWING TOO CLOSELY,E 3RD & S COLLEGE MALL RD,14428
2012,6,2,Weekday,1600,2-Car,Non-incapacitating,FAILURE TO YIELD RIGHT OF WAY,COLLEGE MALL RD & EAST 3RD,14429
2012,7,3,Weekday,1500,2-Car,No injury/unknown,FOLLOWING TOO CLOSELY,COLLEGE MALL & E 3RD ST,14430
2012,7,2,Weekday,1400,2-Car,No injury/unknown,FAILURE TO YIELD RIGHT OF WAY,E 3RD ST & S COLLEGE MALL,14431
2012,5,7,Weekend,2100,2-Car,Non-incapacitating,FOLLOWING TOO CLOSELY,3RD & COLLEGE MALL RD,14432
2012,5,1,Weekend,1400,2-Car,No injury/unknown,DRIVER ILLNESS,3RD ST & COLLEGE MALL,14433
2012,5,7,Weekend,1400,3+ Cars,No injury/unknown,FAILURE TO YIELD RIGHT OF WAY,E 3RD ST & S COLLEGE MALL,14434
2012,7,2,Weekday,1600,2-Car,No injury/unknown,IMPROPER TURNING,3RD & COLLEGE MALL RD,14435
2012,8,6,Weekday,800,2-Car,No injury/unknown,FAILURE TO YIELD RIGHT OF WAY,E 3RD ST & S COLLEGE MALL,14436
2012,9,7,Weekend,1800,3+ Cars,No injury/unknown,FOLLOWING TOO CLOSELY,EAST 3RD & SOUTH COLLEGE MALL RD,14437
2012,10,6,Weekday,1600,2-Car,No injury/unknown,FAILURE TO YIELD RIGHT OF WAY,E 3RD ST & S COLLEGE MALL,14438
2012,11,4,Weekday,2000,2-Car,Non-incapacitating,FAILURE TO YIELD RIGHT OF WAY,3RD & S COLLEGE MALL RD,14439
2012,11,5,Weekday,1500,2-Car,No injury/unknown,FAILURE TO YIELD RIGHT OF WAY,COLLEGE MALL & E 3RD ST,14440
2012,12,7,Weekend,1000,2-Car,No injury/unknown,UNSAFE LANE MOVEMENT,COLLEGE MALL & E 3RD ST,14441
2012,1,2,Weekday,1600,1-Car,No injury/unknown,SPEED TOO FAST FOR WEATHER CONDITIONS,PETE ELLIS DR & SR46E,14442
2012,1,6,Weekday,800,2-Car,Non-incapacitating,FAILURE TO YIELD RIGHT OF WAY,E THIRD ST & PETE ELLIS,14443
2012,4,3,Weekday,1600,3+ Cars,Non-incapacitating,FAILURE TO YIELD RIGHT OF WAY,E 3RD ST & S PETE ELLIS,14444
2012,4,4,Weekday,1400,3+ Cars,No injury/unknown,FAILURE TO YIELD RIGHT OF WAY,E 3RD ST & PETE ELLIS,14445
2012,7,6,Weekday,1300,2-Car,Non-incapacitating,FAILURE TO YIELD RIGHT OF WAY,E 3RD ST & PETE ELLIS,14446
2012,12,3,Weekday,1500,2-Car,Non-incapacitating,FOLLOWING TOO CLOSELY,E 3RD ST & PETE ELLIS,14447
2012,6,4,Weekday,600,1-Car,Non-incapacitating,RAN OFF ROAD RIGHT,E 3RD ST,14448
2012,4,6,Weekday,1400,2-Car,No injury/unknown,IMPROPER TURNING,E 3RD ST,14449
2012,7,2,Weekday,1000,2-Car,No injury/unknown,FAILURE TO YIELD RIGHT OF WAY,E 3RD ST,14450
2012,7,5,Weekday,1700,2-Car,No injury/unknown,UNSAFE BACKING,E 3RD ST,14451
2012,6,1,Weekday,2000,Pedestrian,Non-incapacitating,OTHER (DRIVER) - EXPLAIN IN NARRATIVE,E 3RD ST,14452
2012,1,3,Weekday,0,Pedestrian,Non-incapacitating,OTHER (DRIVER) - EXPLAIN IN NARRATIVE,E 3RD ST,14453
2012,6,3,Weekday,1200,2-Car,No injury/unknown,UNSAFE BACKING,E 3RD ST,14454
2012,1,4,Weekday,1100,2-Car,No injury/unknown,DISREGARD SIGNAL/REG SIGN,E 3RD ST & S KINGSTON,14455
2012,1,3,Weekday,800,2-Car,No injury/unknown,FOLLOWING TOO CLOSELY,3RD ST & KINGSTON,14456
2012,1,3,Weekday,1200,2-Car,No injury/unknown,FOLLOWING TOO CLOSELY,3RD ST & KINGSTON,14457
2012,1,4,Weekday,1200,2-Car,No injury/unknown,UNSAFE LANE MOVEMENT,E THIRD ST & KINGSTON,14458
2012,3,7,Weekend,1600,2-Car,No injury/unknown,DISREGARD SIGNAL/REG SIGN,3RD ST & KINGSTON,14459
2012,1,5,Weekday,1600,2-Car,No injury/unknown,FOLLOWING TOO CLOSELY,3RD ST & KINGSTON,14460
2012,2,6,Weekday,1600,2-Car,No injury/unknown,FOLLOWING TOO CLOSELY,E 3RD ST & KINGSTON,14461
2012,2,7,Weekend,1400,2-Car,No injury/unknown,FOLLOWING TOO CLOSELY,E 3RD ST & S KINGSTON,14462
2012,2,7,Weekend,1500,2-Car,No injury/unknown,FAILURE TO YIELD RIGHT OF WAY,3RD & KINGSTON DR,14463
2012,3,6,Weekday,700,2-Car,No injury/unknown,FOLLOWING TOO CLOSELY,3RD ST & KINGSTON,14464
2012,3,7,Weekend,1700,2-Car,No injury/unknown,UNSAFE BACKING,3RD & KINGSTON DR,14465
2012,5,6,Weekend,2000,2-Car,No injury/unknown,FAILURE TO YIELD RIGHT OF WAY,3RD ST & KINGSTON,14466
2012,3,5,Weekday,1300,3+ Cars,Non-incapacitating,FOLLOWING TOO CLOSELY,3RD ST & KINGSTON,14467
2012,4,5,Weekday,700,2-Car,Non-incapacitating,FAILURE TO YIELD RIGHT OF WAY,E 3RD ST & KINGSTON,14468
2012,4,7,Weekend,1000,Moped/Motorcycle,Non-incapacitating,ROADWAY SURFACE CONDITION,E 3RD ST & KINGSTON,14469
2012,4,7,Weekend,1000,2-Car,No injury/unknown,FOLLOWING TOO CLOSELY,E 3RD ST & KINGSTON,14470
2012,4,3,Weekday,1300,2-Car,No injury/unknown,FAILURE TO YIELD RIGHT OF WAY,E 3RD ST & S KINGSTON,14471
2012,4,3,Weekday,1600,3+ Cars,No injury/unknown,FOLLOWING TOO CLOSELY,E 3RD & S KINGSTON DR,14472
2012,4,4,Weekday,1500,2-Car,No injury/unknown,FOLLOWING TOO CLOSELY,3RD ST & KINGSTON,14473
2012,5,7,Weekend,1000,3+ Cars,Non-incapacitating,FOLLOWING TOO CLOSELY,E 3RD ST & KINGSTON,14474
2012,6,3,Weekday,700,2-Car,Non-incapacitating,FOLLOWING TOO CLOSELY,100 S KIGSTON & E 3RD ST,14475
2012,6,4,Weekday,1100,2-Car,Non-incapacitating,FOLLOWING TOO CLOSELY,E 3RD ST & KINGSTON,14476
2012,6,3,Weekday,800,2-Car,No injury/unknown,FAILURE TO YIELD RIGHT OF WAY,E 3RD ST & S KINGSTON,14477
2012,7,3,Weekday,1700,Moped/Motorcycle,Non-incapacitating,FAILURE TO YIELD RIGHT OF WAY,E 3RD ST & S KINGSTON,14478
2012,7,7,Weekend,1600,2-Car,No injury/unknown,UNSAFE BACKING,E 3RD & S KINGSTON DR,14479
2012,7,6,Weekday,1400,2-Car,Non-incapacitating,FOLLOWING TOO CLOSELY,3RD ST & KINGSTON,14480
2012,8,7,Weekend,1000,2-Car,Non-incapacitating,FOLLOWING TOO CLOSELY,E 3RD & KINGSTON DR,14481
2012,8,6,Weekday,1100,2-Car,No injury/unknown,FAILURE TO YIELD RIGHT OF WAY,E 3RD ST & SO KINGSTON,14482
2012,8,3,Weekday,800,2-Car,No injury/unknown,FAILURE TO YIELD RIGHT OF WAY,E 3RD ST & KINGSTON,14483
2012,10,3,Weekday,1400,3+ Cars,Non-incapacitating,DRIVER DISTRACTED - EXPLAIN IN NARRATIVE,E 3RD ST & KINGSTON,14484
2012,10,6,Weekday,1800,2-Car,No injury/unknown,FAILURE TO YIELD RIGHT OF WAY,E THIRD ST & KINGSTON,14485
2012,10,6,Weekday,1200,2-Car,Non-incapacitating,FAILURE TO YIELD RIGHT OF WAY,EAST THIRD ST & KINGSTON,14486
2012,12,7,Weekend,1000,2-Car,Non-incapacitating,FOLLOWING TOO CLOSELY,3000 E 3RD ST & S KINGSTON,14487
2012,11,6,Weekday,1800,2-Car,No injury/unknown,FAILURE TO YIELD RIGHT OF WAY,E 3RD ST & KINGSTON,14488
2012,12,7,Weekend,1800,3+ Cars,No injury/unknown,FOLLOWING TOO CLOSELY,E 3RD ST & S KINGSTON,14489
2012,2,6,Weekday,1700,2-Car,No injury/unknown,FAILURE TO YIELD RIGHT OF WAY,3RD ST,14490
2012,1,5,Weekday,1900,2-Car,No injury/unknown,DRIVER DISTRACTED - EXPLAIN IN NARRATIVE,3RD ST & CLARIZZ,14491
2012,2,5,Weekday,2200,2-Car,No injury/unknown,FOLLOWING TOO CLOSELY,S CLARIZZ & SR46E,14492
2012,7,2,Weekday,2100,1-Car,No injury/unknown,OTHER (DRIVER) - EXPLAIN IN NARRATIVE,WEST 3RD ST,14493
2012,10,1,Weekend,1400,2-Car,No injury/unknown,FOLLOWING TOO CLOSELY,E 3RD ST & S CLARIZZ,14494
2012,10,4,Weekday,800,2-Car,No injury/unknown,FOLLOWING TOO CLOSELY,CLARIZZ & SR 46 HWY,14495
2012,11,4,Weekday,900,2-Car,No injury/unknown,FAILURE TO YIELD RIGHT OF WAY,W 3RD ST,14496
2012,3,2,Weekday,1400,2-Car,No injury/unknown,OTHER (VEHICLE) - EXPLAIN IN NARRATIVE,W 3RD ST,14497
2012,1,1,Weekend,1300,1-Car,No injury/unknown,RAN OFF ROAD RIGHT,E 3RD ST,14498
2012,5,5,Weekday,1600,3+ Cars,Non-incapacitating,FOLLOWING TOO CLOSELY,3RD ST & MEADOWBROOK,14499
2012,10,1,Weekend,1300,3+ Cars,No injury/unknown,FOLLOWING TOO CLOSELY,3RD ST & MEADOWBROOK,14500
2012,11,5,Weekday,1800,3+ Cars,Non-incapacitating,FOLLOWING TOO CLOSELY,EAST 3RD ST & SOUTH MEADOWBROOK,14501
2012,5,2,Weekday,1100,2-Car,No injury/unknown,BRAKE FAILURE OR DEFECTIVE,W 3RD ST,14502
2012,4,6,Weekday,800,1-Car,Non-incapacitating,DRIVER ILLNESS,W 3RD ST,14503
2012,3,6,Weekday,700,2-Car,Non-incapacitating,IMPROPER TURNING,HARTSTRAIT RD & SR46,14504
2012,12,5,Weekday,1200,2-Car,No injury/unknown,UNSAFE BACKING,WEST 3RD ST,14505
2012,3,4,Weekday,1800,2-Car,No injury/unknown,FOLLOWING TOO CLOSELY,EAST 3RD ST & SMITH,14506
2012,5,1,Weekend,800,Cyclist,Non-incapacitating,FAILURE TO YIELD RIGHT OF WAY,3RD ST & SMITH,14507
2012,4,2,Weekday,800,2-Car,Non-incapacitating,FOLLOWING TOO CLOSELY,E 3RD & SMITH RD,14508
2012,4,2,Weekday,2200,Moped/Motorcycle,No injury/unknown,OTHER (DRIVER) - EXPLAIN IN NARRATIVE,3RD ST,14509
2012,4,5,Weekday,2200,2-Car,Non-incapacitating,DISREGARD SIGNAL/REG SIGN,3RD ST & SMITH,14510
2012,6,3,Weekday,1200,2-Car,No injury/unknown,FAILURE TO YIELD RIGHT OF WAY,SMITHVILLE & SR37N,14511
2012,7,4,Weekday,1000,2-Car,No injury/unknown,UNSAFE BACKING,3RD & N SMITH RD,14512
2012,5,5,Weekday,1300,2-Car,No injury/unknown,FAILURE TO YIELD RIGHT OF WAY,3RD & SMITH RD,14513
2012,6,7,Weekend,1200,2-Car,Non-incapacitating,FOLLOWING TOO CLOSELY,E 3RD & SMITH RD,14514
2012,7,5,Weekday,1700,3+ Cars,No injury/unknown,LEFT OF CENTER,E 3RD ST & SMITH,14515
2012,8,3,Weekday,1300,2-Car,Non-incapacitating,FOLLOWING TOO CLOSELY,E 3RD ST & PRIVATE,14516
2012,8,3,Weekday,1700,2-Car,No injury/unknown,UNSAFE BACKING,E 3RD ST,14517
2012,10,3,Weekday,1900,2-Car,No injury/unknown,SPEED TOO FAST FOR WEATHER CONDITIONS,E 3RD ST & SMITH,14518
2012,10,5,Weekday,700,1-Car,No injury/unknown,ANIMAL/OBJECT IN ROADWAY,SMITHVILLE & SR37S,14519
2012,11,6,Weekday,1800,2-Car,No injury/unknown,FOLLOWING TOO CLOSELY,3RD & SMITH RD,14520
2012,12,1,Weekend,900,2-Car,No injury/unknown,SPEED TOO FAST FOR WEATHER CONDITIONS,E 3RD & SMITH RD,14521
2012,12,2,Weekday,1300,2-Car,No injury/unknown,OTHER (DRIVER) - EXPLAIN IN NARRATIVE,E 3RD ST & S SMITH,14522
2012,12,7,Weekend,1400,2-Car,No injury/unknown,FOLLOWING TOO CLOSELY,SMITHVILLE ROAD RD & SR37,14523