year,month,day,weekend,hour,collision_type,injury_type,primary_factor,reported_location,unique_id
2012,7,5,Weekday,900,2-Car,No injury/unknown,UNSAFE BACKING,W 3RD ST,14524
2012,4,6,Weekday,1500,2-Car,No injury/unknown,FAILURE TO YIELD RIGHT OF WAY,3RD ST & PARK RIDGE,14525
2012,4,6,Weekend,1900,2-Car,Non-incapacitating,FAILURE TO YIELD RIGHT OF WAY,E 3RD ST & S PARK RIDGE,14526
2012,5,7,Weekend,1100,2-Car,No injury/unknown,IMPROPER LANE USAGE,E 3RD ST & S PARK RIDGE,14527
2012,6,1,Weekend,1400,2-Car,No injury/unknown,FAILURE TO YIELD RIGHT OF WAY,EAST 3RD ST & SOUTH PARK RIDGE,14528
2012,2,3,Weekday,700,Bus,No injury/unknown,OTHER (DRIVER) - EXPLAIN IN NARRATIVE,E 3RD ST,14529
2012,1,3,Weekday,1200,2-Car,No injury/unknown,IMPROPER LANE USAGE,3RD & SR46E,14530
2012,4,6,Weekday,1300,2-Car,No injury/unknown,IMPROPER PASSING,EAST 3RD & SR46S,14531
2012,5,6,Weekday,1100,2-Car,No injury/unknown,IMPROPER PASSING,3RD & SR46N,14532
2012,6,2,Weekday,2300,2-Car,Non-incapacitating,OTHER (DRIVER) - EXPLAIN IN NARRATIVE,3RD & SR46W,14533
2012,10,3,Weekday,1800,2-Car,No injury/unknown,FAILURE TO YIELD RIGHT OF WAY,3RD & SR46E,14534
2012,10,1,Weekend,0,2-Car,No injury/unknown,FOLLOWING TOO CLOSELY,3RD ST & SR46,14535
2012,1,2,Weekday,1700,2-Car,No injury/unknown,UNSAFE BACKING,E 3RD ST,14536
2012,5,5,Weekday,1800,2-Car,No injury/unknown,UNSAFE BACKING,E 3RD ST,14537
2012,11,7,Weekend,1600,2-Car,No injury/unknown,UNSAFE BACKING,E 3RD ST,14538
2012,3,6,Weekday,1700,2-Car,No injury/unknown,FOLLOWING TOO CLOSELY,3RD ST & PETE ELLIS,14539
2012,10,7,Weekend,1400,2-Car,No injury/unknown,UNSAFE BACKING,E 3RD ST,14540
2012,11,1,Weekend,300,2-Car,No injury/unknown,UNSAFE BACKING,S GRANT ST,14541
2012,7,3,Weekday,1500,2-Car,No injury/unknown,IMPROPER TURNING,E 3RD ST,14542
2012,12,6,Weekday,1200,2-Car,No injury/unknown,OTHER (DRIVER) - EXPLAIN IN NARRATIVE,E 3RD ST,14543
2012,8,2,Weekday,1000,2-Car,No injury/unknown,FAILURE TO YIELD RIGHT OF WAY,E 3RD ST & PETE ELLIS,14544
2012,2,4,Weekday,1400,2-Car,Non-incapacitating,FAILURE TO YIELD RIGHT OF WAY,3RD ST & COLLEGE MALL,14545
2012,2,4,Weekday,1700,2-Car,No injury/unknown,UNSAFE BACKING,N STATE RD 46 RD,14546
2012,4,7,Weekend,1000,2-Car,No injury/unknown,FAILURE TO YIELD RIGHT OF WAY,E 3RD ST,14547
2012,3,1,Weekday,2200,2-Car,No injury/unknown,UNSAFE BACKING,E 3RD ST,14548
2012,7,3,Weekday,1100,2-Car,No injury/unknown,FAILURE TO YIELD RIGHT OF WAY,E 3RD ST,14549
2012,11,7,Weekend,1200,2-Car,No injury/unknown,OTHER (DRIVER) - EXPLAIN IN NARRATIVE,3RD ST,14550
2012,12,6,Weekday,1200,2-Car,No injury/unknown,OTHER (DRIVER) - EXPLAIN IN NARRATIVE,3RD & SR46E,14551
2012,12,5,Weekday,1400,2-Car,No injury/unknown,FOLLOWING TOO CLOSELY,3RD & SR37S,14552
2012,2,6,Weekend,2000,2-Car,Non-incapacitating,FOLLOWING TOO CLOSELY,E 3RD ST & WILLIAMSBURG,14553
2012,2,6,Weekday,900,2-Car,No injury/unknown,FAILURE TO YIELD RIGHT OF WAY,E 3RD ST & WILLIAMSBURG,14554
2012,4,4,Weekday,800,2-Car,No injury/unknown,FAILURE TO YIELD RIGHT OF WAY,E THIRD ST & WILLIAMSBURG,14555
2012,6,6,Weekday,1400,2-Car,No injury/unknown,FAILURE TO YIELD RIGHT OF WAY,E 3RD ST & S WILLIAMSBURG,14556
2012,8,4,Weekday,1800,2-Car,No injury/unknown,FAILURE TO YIELD RIGHT OF WAY,E 3RD ST & S WILLIAMSBURG,14557
2012,9,6,Weekend,2000,2-Car,No injury/unknown,FAILURE TO YIELD RIGHT OF WAY,3RD ST & WILLIAMSBURG,14558
2012,2,7,Weekend,1200,2-Car,No injury/unknown,FOLLOWING TOO CLOSELY,3RD ST & WILLIAMSBURG,14559
2012,8,2,Weekday,2300,2-Car,No injury/unknown,UNSAFE BACKING,3RD ST,14560
2012,6,2,Weekday,1100,2-Car,No injury/unknown,FAILURE TO YIELD RIGHT OF WAY,2813 E 3RD & WILLIAMSBURG DR,14561
2012,7,4,Weekday,1100,1-Car,No injury/unknown,OTHER (DRIVER) - EXPLAIN IN NARRATIVE,E THIRD ST,14562
2012,1,3,Weekday,1400,2-Car,No injury/unknown,FAILURE TO YIELD RIGHT OF WAY,3RD ST & PETE ELLIS,14563
2012,7,1,Weekend,1600,Moped/Motorcycle,Non-incapacitating,FOLLOWING TOO CLOSELY,3RD ST & PETE ELLIS,14564
2012,6,2,Weekday,1600,2-Car,No injury/unknown,FAILURE TO YIELD RIGHT OF WAY,3RD ST & KINGSTON,14565
2012,8,6,Weekday,1600,2-Car,No injury/unknown,DISREGARD SIGNAL/REG SIGN,3RD & KINGSTON DR,14566
2012,11,6,Weekday,1600,2-Car,No injury/unknown,FAILURE TO YIELD RIGHT OF WAY,3RD & KINGSTON DR,14567
2012,10,1,Weekday,2000,2-Car,No injury/unknown,FOLLOWING TOO CLOSELY,E 3RD ST & KINGSTON,14568
2012,6,6,Weekday,0,1-Car,Incapacitating,RAN OFF ROAD RIGHT,3RD ST & REISNER,14569
2012,5,7,Weekend,900,2-Car,No injury/unknown,FAILURE TO YIELD RIGHT OF WAY,REISNER & SR46E,14570
2012,7,2,Weekday,1300,Cyclist,Non-incapacitating,FAILURE TO YIELD RIGHT OF WAY,3RD & SMITH RD,14571
2012,2,7,Weekend,1000,2-Car,No injury/unknown,SPEED TOO FAST FOR WEATHER CONDITIONS,KINGSTON & SR46,14572
2012,3,2,Weekday,1700,2-Car,No injury/unknown,FOLLOWING TOO CLOSELY,2ND & COLLEGE AVE,14573
2012,11,6,Weekend,2300,2-Car,No injury/unknown,DISREGARD SIGNAL/REG SIGN,8 & INDIANA AVE,14574
2012,11,6,Weekday,1300,2-Car,No injury/unknown,FAILURE TO YIELD RIGHT OF WAY,E THIRD ST,14575
2012,10,6,Weekday,1800,1-Car,No injury/unknown,OTHER (DRIVER) - EXPLAIN IN NARRATIVE,3RD & ROGERS ST,14576
2012,8,6,Weekday,1200,2-Car,No injury/unknown,FAILURE TO YIELD RIGHT OF WAY,EAST THIRD ST,14577
2012,11,1,Weekend,1700,2-Car,No injury/unknown,IMPROPER TURNING,THIRD ST,14578
2012,12,6,Weekday,600,1-Car,No injury/unknown,OVERCORRECTING/OVERSTEERING,BLOOMFIELD & SR37N,14579
2012,12,5,Weekday,1200,2-Car,Non-incapacitating,UNSAFE BACKING,3RD & COLLEGE MALL RD,14580
2012,8,2,Weekday,1200,2-Car,No injury/unknown,UNSAFE BACKING,S FESS AVE,14581
2012,12,7,Weekend,1200,2-Car,No injury/unknown,OTHER (DRIVER) - EXPLAIN IN NARRATIVE,EAST THIRD ST,14582
2012,2,5,Weekday,1200,2-Car,No injury/unknown,OTHER (DRIVER) - EXPLAIN IN NARRATIVE,S WALNUT ST,14583
2012,12,4,Weekday,0,2-Car,No injury/unknown,OTHER (ENVIRONMENTAL) - EXPLAIN IN NARR,S COLLEGE MALL RD,14584
2012,2,6,Weekday,300,1-Car,No injury/unknown,ANIMAL/OBJECT IN ROADWAY,CAVE & SR48W,14585
2012,4,2,Weekday,1500,3+ Cars,Non-incapacitating,DRIVER DISTRACTED - EXPLAIN IN NARRATIVE,PROSPECT & ROGERS ST,14586
2012,8,7,Weekend,1400,1-Car,No injury/unknown,RAN OFF ROAD RIGHT,GARRISON CHAPEL & SR48E,14587
2012,8,4,Weekday,2200,2-Car,No injury/unknown,UNSAFE LANE MOVEMENT,10TH & CAMPBELL DR,14588
2012,5,1,Weekend,1200,1-Car,Incapacitating,RAN OFF ROAD RIGHT,SR37S & W 3RD,14589
2012,9,3,Weekday,1600,3+ Cars,Non-incapacitating,FOLLOWING TOO CLOSELY,ATWATER & JORDAN AVE,14590
2012,6,6,Weekend,2200,1-Car,No injury/unknown,ANIMAL/OBJECT IN ROADWAY,GARRISON CHAPPEL & SR48W,14591
2012,2,3,Weekday,100,1-Car,No injury/unknown,ANIMAL/OBJECT IN ROADWAY,GARRISON CHAPLE & SR48W,14592
2012,3,2,Weekday,1000,1-Car,No injury/unknown,CELL PHONE USAGE,GARRISON CHAPEL & SR48W,14593
2012,9,3,Weekday,1200,3+ Cars,No injury/unknown,FOLLOWING TOO CLOSELY,3000 W 3RD ST & RAMP12,14594
2012,4,1,Weekend,1700,Moped/Motorcycle,No injury/unknown,FOLLOWING TOO CLOSELY,BENDER & SR46E,14595
2012,1,6,Weekend,2000,2-Car,No injury/unknown,ROADWAY SURFACE CONDITION,BENDER & SR46E,14596
2012,4,3,Weekday,1800,1-Car,No injury/unknown,RAN OFF ROAD RIGHT,BENDER & SR46E,14597
2012,7,2,Weekday,1300,2-Car,No injury/unknown,UNSAFE BACKING,S SWAIN AVE,14598
2012,4,1,Weekend,900,Pedestrian,Non-incapacitating,OTHER (DRIVER) - EXPLAIN IN NARRATIVE,SARE RD & SOUTHERN OAKS,14599
2012,9,5,Weekday,1600,3+ Cars,No injury/unknown,FAILURE TO YIELD RIGHT OF WAY,7TH & JORDAN AVE,14600
2012,3,2,Weekday,600,Bus,No injury/unknown,UNSAFE BACKING,S VILLAGE CT & W BELLE,14601
2012,1,7,Weekend,1900,2-Car,Incapacitating,ANIMAL/OBJECT IN ROADWAY,CAVE & SR48W,14602
2012,11,6,Weekday,400,1-Car,No injury/unknown,ANIMAL/OBJECT IN ROADWAY,CAVE & SR48W,14603
2012,1,2,Weekday,1300,2-Car,Non-incapacitating,FAILURE TO YIELD RIGHT OF WAY,3RD & PATTERSON ST,14604
2012,3,2,Weekday,2000,2-Car,No injury/unknown,FAILURE TO YIELD RIGHT OF WAY,PATTERSON & W THIRD ST,14605
2012,5,1,Weekend,1000,Moped/Motorcycle,No injury/unknown,UNSAFE LANE MOVEMENT,3RD ST & PATTERSON,14606
2012,4,6,Weekday,800,Pedestrian,Non-incapacitating,FAILURE TO YIELD RIGHT OF WAY,3RD ST & PATTERSON,14607
2012,6,4,Weekday,1300,3+ Cars,No injury/unknown,FOLLOWING TOO CLOSELY,PATTERSON & W THIRD ST,14608
2012,9,3,Weekday,1300,2-Car,Incapacitating,OTHER (DRIVER) - EXPLAIN IN NARRATIVE,S PATTERSON & W 3RD ST,14609
2012,9,2,Weekday,900,Cyclist,No injury/unknown,OTHER (DRIVER) - EXPLAIN IN NARRATIVE,3RD ST & PATTERSON,14610
2012,9,3,Weekday,1500,Moped/Motorcycle,Non-incapacitating,FAILURE TO YIELD RIGHT OF WAY,3RD & PATTERSON DR,14611
2012,9,3,Weekday,1200,2-Car,Non-incapacitating,FOLLOWING TOO CLOSELY,3RD ST & PATTERSON,14612
2012,10,6,Weekday,1700,2-Car,No injury/unknown,UNSAFE LANE MOVEMENT,3RD ST & PATTERSON,14613
2012,11,6,Weekday,1100,2-Car,Non-incapacitating,FOLLOWING TOO CLOSELY,PATTERSON & W 3RD ST,14614
2012,10,4,Weekday,1200,2-Car,No injury/unknown,FOLLOWING TOO CLOSELY,PATTERSON & W 3RD ST,14615
2012,9,7,Weekend,1300,1-Car,No injury/unknown,UNSAFE BACKING,PARKWAY DR,14616
2012,8,2,Weekday,2100,Moped/Motorcycle,Non-incapacitating,RAN OFF ROAD RIGHT,BELL AVE & HICKORY,14617
2012,12,1,Weekend,1000,2-Car,No injury/unknown,IMPROPER TURNING,BELLE & HICKORY DR,14618
2012,8,6,Weekday,1300,2-Car,No injury/unknown,FAILURE TO YIELD RIGHT OF WAY,CLARIZZ BLVD & WILMINGTON,14619
2012,2,3,Weekday,1800,2-Car,Non-incapacitating,FAILURE TO YIELD RIGHT OF WAY,ATWATER AVE & HENDERSON,14620
2012,3,4,Weekday,1400,2-Car,No injury/unknown,UNSAFE LANE MOVEMENT,E ATWATER AVE & S HENDERSON,14621
2012,10,4,Weekday,1500,2-Car,Non-incapacitating,DISREGARD SIGNAL/REG SIGN,E ATWATER AVE & HENDERSON,14622
2012,5,7,Weekend,800,2-Car,No injury/unknown,FAILURE TO YIELD RIGHT OF WAY,ATWATER AVE & FESS,14623
2012,5,4,Weekday,2200,2-Car,No injury/unknown,IMPROPER TURNING,E ATWATER AVE & FESS,14624
2012,2,2,Weekday,1400,2-Car,No injury/unknown,FOLLOWING TOO CLOSELY,E ATWATER AVE & S WOODLAWN,14625
2012,11,5,Weekday,1400,2-Car,No injury/unknown,UNSAFE LANE MOVEMENT,7TH & WALNUT ST,14626
2012,3,3,Weekday,800,1-Car,Non-incapacitating,OTHER (DRIVER) - EXPLAIN IN NARRATIVE,COLLEGE AVE & SMITH,14627
2012,3,7,Weekend,1100,3+ Cars,No injury/unknown,UNSAFE LANE MOVEMENT,ATWATER AVE & BALLANTINE,14628
2012,12,4,Weekday,1400,2-Car,No injury/unknown,FAILURE TO YIELD RIGHT OF WAY,E ATWATER AVE & S BALLANTINE,14629
2012,12,5,Weekday,2100,1-Car,No injury/unknown,ANIMAL/OBJECT IN ROADWAY,CAVE & SR48W,14630
2012,4,1,Weekday,1900,Moped/Motorcycle,No injury/unknown,OTHER (DRIVER) - EXPLAIN IN NARRATIVE,ATWATER AVE & HIGHLAND,14631
2012,10,3,Weekday,1700,2-Car,Non-incapacitating,FAILURE TO YIELD RIGHT OF WAY,E ATWATER AVE & S HIGHLAND,14632
2012,1,6,Weekend,2000,1-Car,Non-incapacitating,OTHER (ENVIRONMENTAL) - EXPLAIN IN NARR,CAVE & SR48W,14633
2012,6,6,Weekend,1900,2-Car,Non-incapacitating,DISREGARD SIGNAL/REG SIGN,E ATWATER AVE & S JORDAN,14634
2012,11,4,Weekday,1900,2-Car,Non-incapacitating,DISREGARD SIGNAL/REG SIGN,EAST ATWATER AVE & JORDAN,14635
2012,3,3,Weekday,1200,2-Car,No injury/unknown,UNSAFE BACKING,E ATWATER AVE,14636
2012,4,4,Weekday,2000,2-Car,No injury/unknown,OTHER (DRIVER) - EXPLAIN IN NARRATIVE,EAST ATWATER AVE,14637
2012,9,5,Weekday,1500,2-Car,No injury/unknown,UNSAFE BACKING,E ATWATER AVE,14638
2012,5,3,Weekday,1400,2-Car,Incapacitating,FOLLOWING TOO CLOSELY,CAVE & SR48W,14639
2012,5,5,Weekday,1400,2-Car,No injury/unknown,FAILURE TO YIELD RIGHT OF WAY,ATWATER AVE & SWAIN,14640
2012,6,4,Weekday,900,1-Car,Non-incapacitating,ROADWAY SURFACE CONDITION,SOUTH CAVE & SR48W,14641
2012,3,6,Weekday,900,3+ Cars,No injury/unknown,OTHER (DRIVER) - EXPLAIN IN NARRATIVE,LANDMARK  AVE AVE,14642
2012,1,6,Weekday,1300,Bus,No injury/unknown,UNSAFE LANE MOVEMENT,ATWATER AVE & MITCHELL,14643
2012,2,7,Weekend,0,1-Car,No injury/unknown,RAN OFF ROAD RIGHT,ATWATER ST & HENDERSON,14644
2012,6,6,Weekday,900,2-Car,Non-incapacitating,OTHER (DRIVER) - EXPLAIN IN NARRATIVE,ATWATER AVE & HENDERSON,14645
2012,7,3,Weekday,900,2-Car,Non-incapacitating,DISREGARD SIGNAL/REG SIGN,ATWATER AVE & HENDERSON,14646
2012,7,5,Weekday,1600,2-Car,No injury/unknown,DISREGARD SIGNAL/REG SIGN,E ATWATER AVE & S HENDERSON,14647
2012,11,7,Weekend,1400,2-Car,Incapacitating,FAILURE TO YIELD RIGHT OF WAY,ATWATER AVE & HENDERSON,14648
2012,7,5,Weekday,300,2-Car,Non-incapacitating,FOLLOWING TOO CLOSELY,E ATWATER & S HENDERSON ST,14649
2012,11,2,Weekday,100,2-Car,No injury/unknown,OTHER (DRIVER) - EXPLAIN IN NARRATIVE,WALKER ST,14650
2012,8,1,Weekend,1000,2-Car,No injury/unknown,DISREGARD SIGNAL/REG SIGN,E ATWATER ST & SO MITCHELL,14651
2012,1,3,Weekday,1100,2-Car,No injury/unknown,UNSAFE BACKING,925 EAST ATWATER (PARK GARAGE) AVE & WOODLAWN,14652
2012,10,6,Weekday,1100,3+ Cars,No injury/unknown,UNSAFE SPEED,ATWATER AVE & FESS,14653
2012,9,7,Weekend,1700,3+ Cars,No injury/unknown,FOLLOWING TOO CLOSELY,ATWATER AVE & FESS,14654
2012,9,7,Weekend,1700,2-Car,No injury/unknown,FOLLOWING TOO CLOSELY,ATWATER AVE & FESS,14655
2012,6,6,Weekday,1400,2-Car,Non-incapacitating,FAILURE TO YIELD RIGHT OF WAY,ATWATER ST & FESS,14656
2012,8,7,Weekend,2300,2-Car,No injury/unknown,FAILURE TO YIELD RIGHT OF WAY,ATWATER & FESS ST,14657
2012,8,3,Weekday,1000,3+ Cars,No injury/unknown,FOLLOWING TOO CLOSELY,ATWATER AVE & WOODLAWN,14658
2012,10,2,Weekday,1800,2-Car,No injury/unknown,FOLLOWING TOO CLOSELY,ATWATER AVE & WOODLAWN,14659
2012,10,1,Weekend,100,2-Car,Non-incapacitating,FAILURE TO YIELD RIGHT OF WAY,ATWATER AVE & WOODLAWN,14660
2012,11,3,Weekday,900,2-Car,No injury/unknown,FOLLOWING TOO CLOSELY,ATWATER AVE & PARK,14661
2012,2,4,Weekday,1600,2-Car,No injury/unknown,SPEED TOO FAST FOR WEATHER CONDITIONS,ATWATER AVE & PARK,14662
2012,11,6,Weekday,1400,3+ Cars,Non-incapacitating,FOLLOWING TOO CLOSELY,ATWATER AVE & FACULTY,14663
2012,2,3,Weekday,1000,Moped/Motorcycle,Incapacitating,IMPROPER TURNING,ATWATER AVE & HAWTHORNE,14664
2012,3,5,Weekday,1200,2-Car,No injury/unknown,FAILURE TO YIELD RIGHT OF WAY,ATWATER AVE & HAWTHORNE,14665
2012,6,1,Weekend,1800,2-Car,No injury/unknown,FAILURE TO YIELD RIGHT OF WAY,ATWATER AVE & HAWTHORNE,14666
2012,10,7,Weekend,1000,2-Car,No injury/unknown,FAILURE TO YIELD RIGHT OF WAY,E ATWATER AVE & S HAWTHORNE,14667
2012,11,4,Weekday,1900,2-Car,No injury/unknown,UNSAFE LANE MOVEMENT,ATWATER AVE & HAWTHORNE,14668
2012,10,3,Weekday,1300,2-Car,Non-incapacitating,FAILURE TO YIELD RIGHT OF WAY,ATWATER AVE & CLIFTON,14669
2012,3,2,Weekday,300,1-Car,No injury/unknown,ANIMAL/OBJECT IN ROADWAY,ATWATER AVE & ROSE,14670
2012,1,1,Weekend,1600,2-Car,No injury/unknown,IMPROPER TURNING,ATWATER AVE & SWAIN,14671
2012,12,5,Weekday,1800,1-Car,No injury/unknown,RAN OFF ROAD RIGHT,ATWATER & SWAIN AVE,14672
2012,1,1,Weekend,1500,2-Car,No injury/unknown,FAILURE TO YIELD RIGHT OF WAY,ATWATER AVE & HIGH,14673
2012,9,5,Weekday,1700,Bus,No injury/unknown,OVERCORRECTING/OVERSTEERING,ATWATER AVE & JORDAN,14674
2012,3,5,Weekday,2200,2-Car,No injury/unknown,IMPROPER TURNING,E ATWATER AVE & S BALLANTINE,14675
2012,1,3,Weekday,1800,2-Car,No injury/unknown,FAILURE TO YIELD RIGHT OF WAY,ATWATER AVE & HIGHLAND,14676
2012,4,4,Weekday,1800,2-Car,No injury/unknown,DISREGARD SIGNAL/REG SIGN,ATWATER AVE & JORDAN AVE,14677
2012,5,3,Weekday,1900,Cyclist,Non-incapacitating,BRAKE FAILURE OR DEFECTIVE,ATWATER AVE & JORDAN,14678
2012,6,5,Weekday,1400,2-Car,No injury/unknown,IMPROPER TURNING,ATWATER AVE & JORDAN,14679
2012,7,5,Weekday,1500,2-Car,Non-incapacitating,DRIVER DISTRACTED - EXPLAIN IN NARRATIVE,ATWATER & S HIGH ST,14680
2012,5,1,Weekend,1400,2-Car,Non-incapacitating,FOLLOWING TOO CLOSELY,COLLEGE MALL RD & DRIVE TO COLLEGE MALL,14681
2012,9,5,Weekday,1600,2-Car,Non-incapacitating,OTHER (DRIVER) - EXPLAIN IN NARRATIVE,ATWATER & JORDAN AVE,14682
2012,11,5,Weekday,600,1-Car,Incapacitating,OVERCORRECTING/OVERSTEERING,GETTEYS & SR46E,14683
2012,11,5,Weekday,1800,1-Car,No injury/unknown,ANIMAL/OBJECT IN ROADWAY,MOUNT GILEAD & SR46,14684
2012,2,7,Weekend,2200,1-Car,Non-incapacitating,RAN OFF ROAD RIGHT,HAGAN & SMITH RD,14685
2012,1,4,Weekday,1100,2-Car,No injury/unknown,IMPROPER TURNING,S COLLEGE AVE & W SMITH,14686
2012,5,1,Weekend,1200,2-Car,No injury/unknown,IMPROPER TURNING,COLLEGE AVE & SMITH,14687
2012,3,4,Weekday,1300,2-Car,No injury/unknown,UNSAFE BACKING,400 S COLLEGE AVE AVE,14688
2012,10,5,Weekday,1200,2-Car,No injury/unknown,IMPROPER TURNING,COLLEGE AVE & SMITH,14689
2012,3,6,Weekday,1700,Cyclist,No injury/unknown,UNSAFE BACKING,SMITH AVE & WALNUT,14690
2012,4,2,Weekday,1600,2-Car,No injury/unknown,FAILURE TO YIELD RIGHT OF WAY,ROGERS ST & SMITH,14691
2012,10,6,Weekend,2100,2-Car,No injury/unknown,UNSAFE BACKING,COLLEGE & SMITH AVE,14692
2012,3,1,Weekend,1600,2-Car,Non-incapacitating,FAILURE TO YIELD RIGHT OF WAY,SMITH AVE & WALNUT,14693
2012,5,3,Weekday,1300,2-Car,No injury/unknown,FAILURE TO YIELD RIGHT OF WAY,E SMITH & WALNUT ST,14694
2012,5,6,Weekday,1600,Cyclist,Non-incapacitating,FAILURE TO YIELD RIGHT OF WAY,SMITH & WASHINGTON ST,14695
2012,1,7,Weekend,2000,2-Car,No injury/unknown,ROADWAY SURFACE CONDITION,DUNN & SMITH AVE,14696
2012,1,1,Weekend,800,2-Car,No injury/unknown,ROADWAY SURFACE CONDITION,DUNN & SMITH AVE,14697
2012,7,2,Weekday,1900,2-Car,Non-incapacitating,DISREGARD SIGNAL/REG SIGN,DUNN ST & SMITH,14698
2012,1,7,Weekend,1400,1-Car,No injury/unknown,SPEED TOO FAST FOR WEATHER CONDITIONS,S HENDERSON ST,14699
2012,10,3,Weekday,1000,2-Car,No injury/unknown,IMPROPER TURNING,S HENDERSON ST & SMITH,14700
2012,10,2,Weekday,2200,2-Car,No injury/unknown,UNSAFE BACKING,JORDAN & LAW AVE,14701
2012,4,2,Weekday,1700,2-Car,No injury/unknown,FAILURE TO YIELD RIGHT OF WAY,LINCOLN ST & SMITH,14702
2012,5,3,Weekday,1100,Cyclist,Non-incapacitating,FAILURE TO YIELD RIGHT OF WAY,E SMITH AVE & SO DUNN,14703
2012,9,2,Weekday,2100,3+ Cars,No injury/unknown,OTHER (VEHICLE) - EXPLAIN IN NARRATIVE,S LINCOLN ST,14704
2012,10,3,Weekday,2200,1-Car,Non-incapacitating,UNSAFE SPEED,PARKRIDGE RD,14705
2012,7,3,Weekday,2200,1-Car,No injury/unknown,ANIMAL/OBJECT IN ROADWAY,N LOWER BIRDLE GALYAN & SR46E,14706
2012,4,3,Weekday,2100,2-Car,Non-incapacitating,FAILURE TO YIELD RIGHT OF WAY,WALNUT ST,14707
2012,7,2,Weekday,2300,1-Car,No injury/unknown,RAN OFF ROAD RIGHT,SOUTH ADAMS ST & SOUTH PATTERSON,14708
2012,1,5,Weekday,1200,2-Car,No injury/unknown,FOLLOWING TOO CLOSELY,S ADAMS & S PATTERSON DR,14709
2012,1,1,Weekend,1200,2-Car,No injury/unknown,IMPROPER LANE USAGE,COLLEGE AVE & SMITH,14710
2012,4,2,Weekday,900,1-Car,Non-incapacitating,RAN OFF ROAD RIGHT,LANDMARD AVE,14711
2012,3,5,Weekday,2100,2-Car,No injury/unknown,IMPROPER PASSING,BIRDIE GALYAN & SR46E,14712
2012,5,7,Weekend,1300,2-Car,No injury/unknown,OTHER (VEHICLE) - EXPLAIN IN NARRATIVE,PARKRIDGE RD,14713
2012,10,3,Weekday,1400,2-Car,No injury/unknown,OTHER (DRIVER) - EXPLAIN IN NARRATIVE,S WOODSCREST DR,14714
2012,1,1,Weekend,0,2-Car,No injury/unknown,ROADWAY SURFACE CONDITION,S GRANT ST,14715
2012,12,1,Weekday,2100,2-Car,No injury/unknown,OTHER (DRIVER) - EXPLAIN IN NARRATIVE,PARK RIDGE RD RD,14716
2012,3,5,Weekday,1400,2-Car,No injury/unknown,FOLLOWING TOO CLOSELY,AMARYLLIS & KINSER PIKE,14717
2012,5,6,Weekday,0,2-Car,No injury/unknown,UNSAFE BACKING,S WASHINGTON ST,14718
2012,5,6,Weekday,1500,2-Car,No injury/unknown,UNSAFE BACKING,S WASHINGTON ST,14719
2012,6,5,Weekday,1500,3+ Cars,No injury/unknown,FOLLOWING TOO CLOSELY,S ROGERS ST & W HOWE,14720
2012,7,2,Weekday,1600,2-Car,No injury/unknown,FOLLOWING TOO CLOSELY,S ROGERS ST & W HOWE,14721
2012,7,6,Weekday,800,2-Car,No injury/unknown,OTHER (DRIVER) - EXPLAIN IN NARRATIVE,S HENDERSON ST,14722
2012,11,3,Weekday,1000,1-Car,No injury/unknown,RAN OFF ROAD RIGHT,S LANDMARK AVE,14723
2012,11,3,Weekday,1600,2-Car,No injury/unknown,UNSAFE LANE MOVEMENT,6TH & COLLEGE AVE,14724
2012,3,4,Weekday,1200,2-Car,No injury/unknown,UNSAFE BACKING,S LANDMARK AVE,14725
2012,4,6,Weekday,1400,2-Car,No injury/unknown,UNSAFE BACKING,S LANDMARK AVE,14726
2012,9,6,Weekend,2000,2-Car,No injury/unknown,FAILURE TO YIELD RIGHT OF WAY,S HENDERSON ST,14727
2012,9,3,Weekday,2000,2-Car,No injury/unknown,IMPROPER TURNING,HENDERSON ST & HUNTER,14728
2012,12,2,Weekday,1000,2-Car,No injury/unknown,FOLLOWING TOO CLOSELY,E MULLER PKWY,14729
2012,5,6,Weekday,1000,2-Car,Non-incapacitating,FAILURE TO YIELD RIGHT OF WAY,HUNTER AVE & PARK,14730
2012,4,2,Weekday,1700,2-Car,Non-incapacitating,FAILURE TO YIELD RIGHT OF WAY,FESS AVE & HUNTER,14731
2012,4,2,Weekday,800,2-Car,No injury/unknown,FAILURE TO YIELD RIGHT OF WAY,HUNTER & WOODLAWN AVE,14732
2012,11,6,Weekday,800,2-Car,No injury/unknown,FAILURE TO YIELD RIGHT OF WAY,HAWTHORNE DR & HUNTER,14733
2012,3,5,Weekday,1500,2-Car,No injury/unknown,FAILURE TO YIELD RIGHT OF WAY,HIGHLAND AVE & HUNTER,14734
2012,4,7,Weekend,1200,2-Car,No injury/unknown,FAILURE TO YIELD RIGHT OF WAY,E HUNTER AVE & SO JORDAN,14735
2012,4,6,Weekday,1800,2-Car,No injury/unknown,FAILURE TO YIELD RIGHT OF WAY,HUNTER AVE & JORDAN,14736
2012,12,5,Weekday,1300,2-Car,No injury/unknown,OTHER (DRIVER) - EXPLAIN IN NARRATIVE,HUNTER & WOODLAWN AVE,14737