year,month,day,weekend,hour,collision_type,injury_type,primary_factor,reported_location,unique_id
2012,11,5,Weekday,1100,2-Car,No injury/unknown,OTHER LIGHTS DEFECTIVE,CURRY & SR46W,14738
2012,2,6,Weekday,1300,2-Car,Non-incapacitating,FAILURE TO YIELD RIGHT OF WAY,HUNTER AVE & PARK,14739
2012,1,6,Weekday,1600,2-Car,No injury/unknown,FAILURE TO YIELD RIGHT OF WAY,HUNTER AVE & PARK,14740
2012,1,1,Weekend,1200,2-Car,No injury/unknown,OTHER (DRIVER) - EXPLAIN IN NARRATIVE,1325 E HUNTER AVE & JORDAN,14741
2012,7,2,Weekday,1200,2-Car,No injury/unknown,FAILURE TO YIELD RIGHT OF WAY,2ND & COLLEGE AVE,14742
2012,8,3,Weekday,1700,Cyclist,Non-incapacitating,FAILURE TO YIELD RIGHT OF WAY,S HIGH ST,14743
2012,10,3,Weekday,2200,2-Car,No injury/unknown,FAILURE TO YIELD RIGHT OF WAY,FESS AVE & HUNTER,14744
2012,12,6,Weekday,200,1-Car,No injury/unknown,RAN OFF ROAD RIGHT,SR37N & W 3RD,14745
2012,7,5,Weekday,1000,1-Car,No injury/unknown,OTHER (DRIVER) - EXPLAIN IN NARRATIVE,2ND & S COLLEGE AVE,14746
2012,10,3,Weekday,1200,2-Car,No injury/unknown,IMPROPER LANE USAGE,2ND & COLLEGE AVE,14747
2012,3,5,Weekday,1400,2-Car,No injury/unknown,OTHER (DRIVER) - EXPLAIN IN NARRATIVE,S COLLEGE MALL RD,14748
2012,3,5,Weekday,1600,Moped/Motorcycle,Incapacitating,RAN OFF ROAD RIGHT,S MULLER PARKWAY DR,14749
2012,9,3,Weekday,800,2-Car,No injury/unknown,LEFT OF CENTER,MULLER PKWY,14750
2012,12,1,Weekend,1500,3+ Cars,No injury/unknown,IMPROPER LANE USAGE,MULLER PKWY,14751
2012,3,5,Weekday,1700,Bus,No injury/unknown,UNSAFE BACKING,S MULLER PKWY,14752
2012,10,4,Weekday,100,2-Car,No injury/unknown,IMPROPER TURNING,SOUTH MULLER PKWY,14753
2012,5,2,Weekday,500,2-Car,No injury/unknown,IMPROPER TURNING,COLLEGE MALL RD,14754
2012,7,3,Weekday,500,3+ Cars,No injury/unknown,OTHER (DRIVER) - EXPLAIN IN NARRATIVE,MULLER PKWY,14755
2012,4,6,Weekday,1700,2-Car,Non-incapacitating,FOLLOWING TOO CLOSELY,S MAPLE & W 2ND ST,14756
2012,8,5,Weekday,1400,2-Car,Non-incapacitating,BRAKE FAILURE OR DEFECTIVE,MAPLE & W 2ND ST,14757
2012,1,2,Weekday,1700,1-Car,No injury/unknown,SPEED TOO FAST FOR WEATHER CONDITIONS,2ND ST & ROGERS,14758
2012,1,2,Weekday,900,2-Car,No injury/unknown,OTHER (DRIVER) - EXPLAIN IN NARRATIVE,W 2ND ST,14759
2012,4,5,Weekday,900,2-Car,No injury/unknown,OTHER (DRIVER) - EXPLAIN IN NARRATIVE,W 2ND ST,14760
2012,4,5,Weekday,1700,2-Car,No injury/unknown,FAILURE TO YIELD RIGHT OF WAY,W 2ND ST,14761
2012,12,3,Weekday,1300,Cyclist,Incapacitating,FAILURE TO YIELD RIGHT OF WAY,ROGERS & W 2ND ST,14762
2012,11,1,Weekday,2000,2-Car,No injury/unknown,UNSAFE BACKING,S PARK RIDGE RD,14763
2012,5,2,Weekday,600,2-Car,No injury/unknown,OTHER (DRIVER) - EXPLAIN IN NARRATIVE,MUELLER PKWY,14764
2012,2,4,Weekday,1500,2-Car,Non-incapacitating,FOLLOWING TOO CLOSELY,2ND ST & ROGERS,14765
2012,4,6,Weekday,1400,2-Car,No injury/unknown,FOLLOWING TOO CLOSELY,ROGERS & SECOND ST,14766
2012,6,3,Weekday,1500,2-Car,No injury/unknown,IMPROPER PASSING,SOUTH ROGERS & WEST 2ND ST,14767
2012,12,4,Weekday,700,1-Car,No injury/unknown,SPEED TOO FAST FOR WEATHER CONDITIONS,2ND ST & ROGERS,14768
2012,1,6,Weekday,1200,2-Car,No injury/unknown,ACCELERATOR FAILURE OR DEFECTIVE,S MORTON & W 2ND ST,14769
2012,1,4,Weekday,1400,2-Car,No injury/unknown,FOLLOWING TOO CLOSELY,2ND ST & COLLEGE,14770
2012,2,5,Weekday,800,2-Car,No injury/unknown,LEFT OF CENTER,2ND ST & FESS,14771
2012,12,5,Weekday,1500,2-Car,No injury/unknown,UNSAFE BACKING,DUNN & SECOND ST,14772
2012,9,7,Weekend,1500,2-Car,No injury/unknown,DISREGARD SIGNAL/REG SIGN,S COLLEGE & W 2ND ST,14773
2012,5,4,Weekday,1400,3+ Cars,No injury/unknown,DRIVER DISTRACTED - EXPLAIN IN NARRATIVE,2ND ST & S WALNUT,14774
2012,2,2,Weekday,1600,2-Car,No injury/unknown,FOLLOWING TOO CLOSELY,2ND ST & WALNUT,14775
2012,1,1,Weekend,800,2-Car,No injury/unknown,DISREGARD SIGNAL/REG SIGN,2ND & S WALNUT ST,14776
2012,1,7,Weekend,2200,3+ Cars,No injury/unknown,SPEED TOO FAST FOR WEATHER CONDITIONS,2ND & SOUTH WALNUT ST,14777
2012,4,6,Weekday,1100,Cyclist,Non-incapacitating,OTHER (DRIVER) - EXPLAIN IN NARRATIVE,520 S WALNUT ST & E 2ND,14778
2012,9,3,Weekday,1200,2-Car,No injury/unknown,FAILURE TO YIELD RIGHT OF WAY,2ND & S WALNUT ST,14779
2012,10,2,Weekday,2100,2-Car,No injury/unknown,UNSAFE BACKING,W 2ND ST,14780
2012,3,6,Weekday,900,2-Car,Non-incapacitating,FAILURE TO YIELD RIGHT OF WAY,2ND ST & LINCOLN,14781
2012,4,5,Weekday,1400,2-Car,No injury/unknown,FAILURE TO YIELD RIGHT OF WAY,LINCOLN & SECOND ST,14782
2012,5,4,Weekday,1900,2-Car,Non-incapacitating,FAILURE TO YIELD RIGHT OF WAY,2ND ST & LINCOLN,14783
2012,5,5,Weekday,1500,2-Car,No injury/unknown,FAILURE TO YIELD RIGHT OF WAY,2ND ST & LINCOLN,14784
2012,9,2,Weekday,1500,2-Car,No injury/unknown,OTHER (DRIVER) - EXPLAIN IN NARRATIVE,EAST 2ND ST & LINCOLN,14785
2012,3,6,Weekday,300,3+ Cars,Non-incapacitating,DRIVER DISTRACTED - EXPLAIN IN NARRATIVE,2ND ST & GRANT,14786
2012,10,7,Weekend,1500,2-Car,No injury/unknown,OTHER (DRIVER) - EXPLAIN IN NARRATIVE,WEST 2ND ST,14787
2012,9,6,Weekday,1600,2-Car,No injury/unknown,OTHER (VEHICLE) - EXPLAIN IN NARRATIVE,SECOND ST,14788
2012,11,4,Weekday,1500,Pedestrian,Non-incapacitating,FAILURE TO YIELD RIGHT OF WAY,W 2ND ST,14789
2012,3,5,Weekday,1600,1-Car,No injury/unknown,OTHER (DRIVER) - EXPLAIN IN NARRATIVE,WEST 2ND ST,14790
2012,8,1,Weekend,1300,2-Car,No injury/unknown,OTHER (DRIVER) - EXPLAIN IN NARRATIVE,E 2ND & S FESS AVE,14791
2012,12,5,Weekday,1000,1-Car,No injury/unknown,RAN OFF ROAD RIGHT,E 2ND ST & PARK,14792
2012,1,5,Weekday,1200,2-Car,No injury/unknown,FOLLOWING TOO CLOSELY,2ND ST & WALKER,14793
2012,1,5,Weekday,1200,2-Car,No injury/unknown,LEFT OF CENTER,2ND ST & WALKER,14794
2012,1,2,Weekday,1600,2-Car,Non-incapacitating,FAILURE TO YIELD RIGHT OF WAY,S WALKER & W 2ND ST,14795
2012,6,2,Weekday,2100,2-Car,No injury/unknown,FAILURE TO YIELD RIGHT OF WAY,2ND ST & WALKER,14796
2012,7,7,Weekend,1100,2-Car,No injury/unknown,DISREGARD SIGNAL/REG SIGN,2ND ST & WALKER,14797
2012,8,3,Weekday,300,1-Car,No injury/unknown,RAN OFF ROAD RIGHT,S WALKER & W 2ND ST,14798
2012,10,5,Weekday,1000,1-Car,Non-incapacitating,RAN OFF ROAD RIGHT,S WALKER & W 2ND ST,14799
2012,4,7,Weekend,2300,2-Car,No injury/unknown,IMPROPER TURNING,MULLER PKWY,14800
2012,9,1,Weekend,1000,2-Car,No injury/unknown,FOLLOWING TOO CLOSELY,2ND ST & MAPLE,14801
2012,11,2,Weekday,1000,2-Car,No injury/unknown,FOLLOWING TOO CLOSELY,2ND ST & MAPLE,14802
2012,1,5,Weekday,1800,3+ Cars,No injury/unknown,FOLLOWING TOO CLOSELY,2ND ST & MAPLE,14803
2012,9,2,Weekday,1100,2-Car,No injury/unknown,FOLLOWING TOO CLOSELY,2ND ST & MAPLE,14804
2012,2,4,Weekday,1600,2-Car,No injury/unknown,IMPROPER PASSING,MADISON & WEST 2ND ST,14805
2012,8,5,Weekday,1100,1-Car,Non-incapacitating,BRAKE FAILURE OR DEFECTIVE,2ND ST & MADISON,14806
2012,4,3,Weekday,1800,2-Car,Non-incapacitating,FOLLOWING TOO CLOSELY,2ND ST & ROGERS,14807
2012,3,1,Weekend,1600,2-Car,Non-incapacitating,OTHER (DRIVER) - EXPLAIN IN NARRATIVE,2ND ST & ROGERS,14808
2012,3,2,Weekday,800,2-Car,Non-incapacitating,FOLLOWING TOO CLOSELY,2ND & S WALNUT ST,14809
2012,4,4,Weekday,1800,1-Car,No injury/unknown,OVERCORRECTING/OVERSTEERING,2ND ST & WALNUT,14810
2012,10,6,Weekend,1900,2-Car,No injury/unknown,FOLLOWING TOO CLOSELY,E 2ND ST & S WALNUT,14811
2012,10,7,Weekend,2100,3+ Cars,Non-incapacitating,CELL PHONE USAGE,2ND & WALNUT ST,14812
2012,3,2,Weekday,1600,3+ Cars,No injury/unknown,FOLLOWING TOO CLOSELY,2ND & COLLEGE AVE,14813
2012,10,3,Weekday,1500,Pedestrian,Non-incapacitating,FAILURE TO YIELD RIGHT OF WAY,2ND ST & COLLEGE,14814
2012,11,4,Weekday,500,2-Car,Non-incapacitating,OTHER (DRIVER) - EXPLAIN IN NARRATIVE,2ND ST & COLLEGE,14815
2012,5,5,Weekday,1700,2-Car,No injury/unknown,FAILURE TO YIELD RIGHT OF WAY,2ND & LINCOLN ST,14816
2012,8,2,Weekday,1400,Bus,No injury/unknown,FAILURE TO YIELD RIGHT OF WAY,2ND ST & LINCOLN,14817
2012,3,2,Weekday,1000,2-Car,No injury/unknown,UNSAFE BACKING,WEST 2ND ST,14818
2012,4,5,Weekday,800,1-Car,No injury/unknown,IMPROPER TURNING,WEST 2 ST ST,14819
2012,4,7,Weekend,800,2-Car,Non-incapacitating,FAILURE TO YIELD RIGHT OF WAY,E 2ND & S HENDERSON ST,14820
2012,10,4,Weekday,1200,2-Car,No injury/unknown,OTHER (DRIVER) - EXPLAIN IN NARRATIVE,2ND ST & HENDERSON,14821
2012,1,4,Weekday,1600,1-Car,No injury/unknown,IMPROPER TURNING,2ND ST & PARK,14822
2012,10,6,Weekday,1100,2-Car,No injury/unknown,UNSAFE LANE MOVEMENT,COLLEGE AVE & KIRKWOOD,14823
2012,2,5,Weekday,800,2-Car,No injury/unknown,IMPROPER PASSING,2ND & WOODLAWN AVE,14824
2012,7,6,Weekday,1400,2-Car,No injury/unknown,OTHER (DRIVER) - EXPLAIN IN NARRATIVE,2ND & S COLLEGE AVE,14825
2012,5,4,Weekday,300,2-Car,No injury/unknown,IMPROPER LANE USAGE,2ND & FESS AVE,14826
2012,5,5,Weekday,1500,Bus,No injury/unknown,OTHER (DRIVER) - EXPLAIN IN NARRATIVE,2ND & MORTON ST,14827
2012,3,7,Weekend,1400,2-Car,No injury/unknown,FAILURE TO YIELD RIGHT OF WAY,2ND & JORDAN AVE,14828
2012,11,5,Weekday,1900,3+ Cars,No injury/unknown,FOLLOWING TOO CLOSELY,2ND & S COLLEGE AVE,14829
2012,7,4,Weekday,1700,Moped/Motorcycle,Non-incapacitating,UNSAFE SPEED,S COLLEGE AVE,14830
2012,9,3,Weekday,1300,2-Car,No injury/unknown,UNSAFE BACKING,S COLLEGE AVE,14831
2012,10,2,Weekday,1200,2-Car,No injury/unknown,FAILURE TO YIELD RIGHT OF WAY,S COLLEGE AVE,14832
2012,2,3,Weekday,1000,2-Car,No injury/unknown,FOLLOWING TOO CLOSELY,E BROWNRIDGE & SO SMITH RD,14833
2012,3,5,Weekday,1100,2-Car,No injury/unknown,UNSAFE SPEED,E BROWNRIDGE & S SMITH RD,14834
2012,2,6,Weekday,900,2-Car,No injury/unknown,UNSAFE BACKING,S WALNUT ST,14835
2012,1,2,Weekday,1600,2-Car,Non-incapacitating,SPEED TOO FAST FOR WEATHER CONDITIONS,2ND ST & MITCHELL,14836
2012,5,5,Weekday,100,Moped/Motorcycle,Non-incapacitating,FAILURE TO YIELD RIGHT OF WAY,GRAHAM & ROCKPORT RD,14837
2012,8,6,Weekday,1400,2-Car,No injury/unknown,UNSAFE BACKING,S MORTON ST,14838
2012,10,3,Weekday,900,2-Car,No injury/unknown,UNSAFE BACKING,S LANDMARK AVE,14839
2012,12,2,Weekday,1100,2-Car,No injury/unknown,UNSAFE BACKING,S LANDMARK AVE,14840
2012,10,7,Weekend,1300,1-Car,No injury/unknown,RAN OFF ROAD RIGHT,E 2ND ST & EASTSIDE,14841
2012,5,2,Weekday,1700,2-Car,No injury/unknown,UNSAFE BACKING,S WALNUT ST,14842
2012,12,2,Weekday,100,2-Car,No injury/unknown,UNSAFE BACKING,E 2ND ST,14843
2012,10,1,Weekend,200,2-Car,No injury/unknown,OTHER (DRIVER) - EXPLAIN IN NARRATIVE,2ND & BALLANTINE RD,14844
2012,11,3,Weekday,1700,2-Car,No injury/unknown,UNSAFE LANE MOVEMENT,COLLEGE MALL & E 2ND ST,14845
2012,10,6,Weekday,1200,2-Car,No injury/unknown,IMPROPER TURNING,2ND ST & COLLEGE MALL,14846
2012,2,6,Weekday,1400,2-Car,No injury/unknown,FAILURE TO YIELD RIGHT OF WAY,2ND & HIGH ST,14847
2012,3,2,Weekday,1700,2-Car,No injury/unknown,FAILURE TO YIELD RIGHT OF WAY,2ND & COLLEGE MALL RD,14848
2012,3,3,Weekday,1400,3+ Cars,Non-incapacitating,FOLLOWING TOO CLOSELY,COLLEGE MALL & COLLEGE MALL RD,14849
2012,3,7,Weekend,1100,2-Car,No injury/unknown,UNSAFE LANE MOVEMENT,2ND & COLLEGE MALL RD RD,14850
2012,4,1,Weekend,1300,2-Car,Non-incapacitating,FAILURE TO YIELD RIGHT OF WAY,E 2ND & S COLLEGE MALL RD,14851
2012,7,1,Weekend,1500,2-Car,Non-incapacitating,LEFT OF CENTER,E 2ND & S COLLEGE MALL RD,14852
2012,5,1,Weekday,2200,2-Car,No injury/unknown,OTHER (DRIVER) - EXPLAIN IN NARRATIVE,2ND ST & COLLEGE MALL,14853
2012,9,5,Weekday,1200,2-Car,No injury/unknown,FAILURE TO YIELD RIGHT OF WAY,2ND ST & COLLEGE MALL,14854
2012,6,4,Weekday,1000,2-Car,No injury/unknown,IMPROPER LANE USAGE,E 2ND & SO COLLEGE MALL RD,14855
2012,12,6,Weekday,1200,2-Car,Non-incapacitating,FOLLOWING TOO CLOSELY,COLLEGE MALL & COLLEGE MALL PARKING LOT DR,14856
2012,4,6,Weekday,1800,2-Car,No injury/unknown,DRIVER DISTRACTED - EXPLAIN IN NARRATIVE,E 2ND ST & S WOODSCREST,14857
2012,7,4,Weekday,2000,2-Car,No injury/unknown,OTHER (DRIVER) - EXPLAIN IN NARRATIVE,E 2ND ST & S WOODSCREST,14858
2012,3,2,Weekday,1100,2-Car,No injury/unknown,SPEED TOO FAST FOR WEATHER CONDITIONS,2ND ST & WOODSCREST,14859
2012,2,6,Weekday,0,2-Car,Non-incapacitating,FOLLOWING TOO CLOSELY,2ND ST & WOODSCREST,14860
2012,2,4,Weekday,800,2-Car,No injury/unknown,FOLLOWING TOO CLOSELY,E 2ND ST & WOODSCREST,14861
2012,4,1,Weekday,2200,2-Car,No injury/unknown,DISREGARD SIGNAL/REG SIGN,2ND ST & WOODSCREST,14862
2012,12,7,Weekend,1200,2-Car,No injury/unknown,FOLLOWING TOO CLOSELY,E 2ND ST & S WOODSCREST,14863
2012,7,2,Weekday,1800,3+ Cars,No injury/unknown,FOLLOWING TOO CLOSELY,1ST & COLLEGE AVE,14864
2012,12,7,Weekend,1400,2-Car,No injury/unknown,UNSAFE LANE MOVEMENT,2ND & WASHINGTON ST,14865
2012,3,4,Weekday,1100,Cyclist,Non-incapacitating,DISREGARD SIGNAL/REG SIGN,2ND ST & PATTERSON,14866
2012,4,1,Weekend,1200,2-Car,No injury/unknown,FOLLOWING TOO CLOSELY,PATTERSON & WEST 2ND ST,14867
2012,5,6,Weekday,500,2-Car,No injury/unknown,FAILURE TO YIELD RIGHT OF WAY,2ND & PATTERSON DR,14868
2012,5,7,Weekend,2000,2-Car,No injury/unknown,UNSAFE BACKING,2ND ST & PATTERSON,14869
2012,7,3,Weekday,1300,2-Car,No injury/unknown,FOLLOWING TOO CLOSELY,2ND ST & PATTERSON,14870
2012,7,5,Weekday,1200,3+ Cars,Non-incapacitating,FOLLOWING TOO CLOSELY,PATTERSON & W 2ND ST,14871
2012,10,2,Weekday,1400,2-Car,No injury/unknown,DISREGARD SIGNAL/REG SIGN,SOUTH PATTERSON DR & WEST 2ND,14872
2012,12,2,Weekday,1600,2-Car,No injury/unknown,OTHER (DRIVER) - EXPLAIN IN NARRATIVE,2ND & PATTERSON DR,14873
2012,6,6,Weekday,1000,1-Car,No injury/unknown,RAN OFF ROAD RIGHT,ADAMS & W 2ND ST,14874
2012,11,2,Weekday,2100,2-Car,No injury/unknown,FOLLOWING TOO CLOSELY,ADAMS & BLOOMFIELD RD,14875
2012,6,2,Weekday,1800,2-Car,No injury/unknown,UNSAFE BACKING,LANDMARK AVE,14876
2012,12,6,Weekday,1400,2-Car,No injury/unknown,UNSAFE BACKING,S LANDMARK AVE,14877
2012,2,1,Weekend,1600,Pedestrian,Non-incapacitating,PEDESTRIAN ACTION,BENNINGTON & PARK RIDGE RD,14878
2012,6,4,Weekday,1700,2-Car,No injury/unknown,UNSAFE BACKING,ROGERS ST,14879
2012,5,7,Weekend,2300,2-Car,No injury/unknown,UNSAFE LANE MOVEMENT,2ND & COLLEGE MALL RD,14880
2012,5,4,Weekday,1500,2-Car,Non-incapacitating,FAILURE TO YIELD RIGHT OF WAY,HENDERSON ST & UNIVERSITY,14881
2012,2,3,Weekday,1500,1-Car,No injury/unknown,OTHER TELEMATICS IN USE,BLOOMFIELD & WEST ADAMS ST,14882
2012,11,3,Weekday,1700,2-Car,No injury/unknown,FAILURE TO YIELD RIGHT OF WAY,ADAMS & BLOOMFIELD RD,14883
2012,5,1,Weekend,800,2-Car,No injury/unknown,UNSAFE SPEED,COBBLESTONE CT,14884
2012,6,2,Weekday,800,Cyclist,Non-incapacitating,UNSAFE LANE MOVEMENT,JORDAN AVE & UNIVERSITY,14885
2012,4,2,Weekday,1100,2-Car,No injury/unknown,FAILURE TO YIELD RIGHT OF WAY,2ND & S ADAMS ST,14886
2012,3,6,Weekday,1200,2-Car,No injury/unknown,OTHER (DRIVER) - EXPLAIN IN NARRATIVE,LANDMARK AVE,14887
2012,5,5,Weekday,1600,2-Car,No injury/unknown,OTHER (VEHICLE) - EXPLAIN IN NARRATIVE,SOUTH LANDMARK AVE,14888
2012,3,3,Weekday,700,2-Car,Non-incapacitating,LEFT OF CENTER,E AUDUBON & N OLD SR 37 HWY,14889
2012,4,3,Weekday,1200,2-Car,No injury/unknown,IMPROPER LANE USAGE,1ST & COLLEGE AVE,14890
2012,2,6,Weekend,2000,2-Car,No injury/unknown,FOLLOWING TOO CLOSELY,BLOOMFIELD RD & LANDMARK,14891
2012,3,5,Weekday,1900,2-Car,Non-incapacitating,FOLLOWING TOO CLOSELY,BLOOMFIELD RD & LANDMARK,14892
2012,5,1,Weekend,1500,2-Car,No injury/unknown,FOLLOWING TOO CLOSELY,BLOOMFIELD RD & LANDMARK,14893
2012,12,2,Weekday,900,2-Car,Non-incapacitating,ROADWAY SURFACE CONDITION,LANDMARK & W BLOOMFIELD RD,14894
2012,5,3,Weekday,2000,1-Car,No injury/unknown,ANIMAL/OBJECT IN ROADWAY,SADDLEBROOD & SMITH RD,14895
2012,2,5,Weekday,1700,2-Car,No injury/unknown,FOLLOWING TOO CLOSELY,SMITH & SOUTH COLLEGE AVE,14896
2012,10,1,Weekend,100,2-Car,No injury/unknown,FOLLOWING TOO CLOSELY,6TH & WALNUT ST,14897
2012,5,1,Weekend,0,Cyclist,Non-incapacitating,FAILURE TO YIELD RIGHT OF WAY,COLLEGE MALL  ENTRANCE & COLLEGE MALL RD,14898
2012,5,2,Weekday,1500,Bus,No injury/unknown,IMPROPER TURNING,S ROGERS ST & WEST 1ST,14899
2012,4,2,Weekday,2100,2-Car,No injury/unknown,FAILURE TO YIELD RIGHT OF WAY,1ST & ROGERS ST,14900
2012,10,3,Weekday,1400,Bus,No injury/unknown,DRIVER DISTRACTED - EXPLAIN IN NARRATIVE,1ST & ROGERS ST,14901
2012,5,3,Weekday,800,3+ Cars,Non-incapacitating,FOLLOWING TOO CLOSELY,1ST & WALNUT ST,14902
2012,2,3,Weekday,1000,1-Car,No injury/unknown,RAN OFF ROAD RIGHT,1 ST ST & MORTON ST,14903
2012,9,7,Weekend,1600,2-Car,No injury/unknown,FAILURE TO YIELD RIGHT OF WAY,MORTON & W 1ST ST,14904
2012,10,6,Weekday,1700,2-Car,No injury/unknown,FAILURE TO YIELD RIGHT OF WAY,1ST ST & WYLIE,14905
2012,4,5,Weekday,2000,2-Car,No injury/unknown,FAILURE TO YIELD RIGHT OF WAY,1ST & COLLEGE AVE,14906
2012,5,7,Weekend,1600,2-Car,Non-incapacitating,IMPROPER TURNING,1ST & COLLEGE AVE,14907
2012,6,2,Weekday,1100,3+ Cars,No injury/unknown,FOLLOWING TOO CLOSELY,1ST & COLLEGE AVE,14908
2012,6,7,Weekend,2300,Moped/Motorcycle,Non-incapacitating,IMPROPER TURNING,1ST & COLLEGE AVE,14909
2012,7,5,Weekday,1100,2-Car,No injury/unknown,OTHER (DRIVER) - EXPLAIN IN NARRATIVE,1ST & COLLEGE AVE,14910
2012,9,5,Weekday,1100,Pedestrian,Non-incapacitating,PEDESTRIAN ACTION,1ST & S COLLEGE AVE,14911
2012,9,5,Weekday,2300,Cyclist,Non-incapacitating,FAILURE TO YIELD RIGHT OF WAY,1ST ST & COLLEGE,14912
2012,10,3,Weekday,500,2-Car,No injury/unknown,DISREGARD SIGNAL/REG SIGN,S COLLEGE AVE & W 1ST,14913
2012,10,2,Weekday,1800,Cyclist,Non-incapacitating,FAILURE TO YIELD RIGHT OF WAY,S COLLEGE & WEST 1ST ST,14914
2012,10,2,Weekday,1700,2-Car,No injury/unknown,FAILURE TO YIELD RIGHT OF WAY,1ST & COLLEGE AVE,14915
2012,11,7,Weekend,800,2-Car,No injury/unknown,DISREGARD SIGNAL/REG SIGN,1ST & COLLEGE AVE,14916
2012,12,2,Weekday,1300,2-Car,Non-incapacitating,LEFT OF CENTER,BUICK CADILLAC BLVD & CLARIZZ,14917
2012,11,2,Weekday,1700,3+ Cars,No injury/unknown,FAILURE TO YIELD RIGHT OF WAY,1ST ST & ROGERS,14918
2012,2,3,Weekday,800,1-Car,No injury/unknown,ANIMAL/OBJECT IN ROADWAY,WEATHERSTONE & WOODLAWN AVE,14919
2012,7,3,Weekday,1600,3+ Cars,No injury/unknown,FOLLOWING TOO CLOSELY,1ST & COLLEGE AVE,14920
2012,10,2,Weekday,1700,2-Car,Non-incapacitating,FOLLOWING TOO CLOSELY,1ST & COLLEGE AVE,14921
2012,11,5,Weekday,700,2-Car,No injury/unknown,OTHER (DRIVER) - EXPLAIN IN NARRATIVE,1ST ST & COLLEGE,14922
2012,7,2,Weekday,900,2-Car,No injury/unknown,FAILURE TO YIELD RIGHT OF WAY,S WALNUT & W 1ST ST,14923
2012,10,3,Weekday,1000,2-Car,Non-incapacitating,DISREGARD SIGNAL/REG SIGN,E 1ST ST & S WALNUT,14924
2012,1,1,Weekend,1000,2-Car,Non-incapacitating,DISREGARD SIGNAL/REG SIGN,E 1ST ST & S WASHINGTON,14925
2012,3,7,Weekend,1900,2-Car,No injury/unknown,FAILURE TO YIELD RIGHT OF WAY,1ST & S WASHINGTON ST,14926
2012,4,3,Weekday,1700,2-Car,No injury/unknown,FAILURE TO YIELD RIGHT OF WAY,1ST & WASHINGTON ST,14927
2012,12,2,Weekday,1100,2-Car,No injury/unknown,FAILURE TO YIELD RIGHT OF WAY,1ST & S WASHINGTON ST,14928
2012,2,4,Weekday,800,2-Car,No injury/unknown,FAILURE TO YIELD RIGHT OF WAY,E 1RST ST & S HIGHLAND,14929
2012,10,3,Weekday,1700,2-Car,No injury/unknown,FAILURE TO YIELD RIGHT OF WAY,1ST ST & HENDERSON,14930
2012,9,4,Weekday,800,2-Car,No injury/unknown,OTHER (DRIVER) - EXPLAIN IN NARRATIVE,1ST ST & HENDERSON,14931
2012,1,3,Weekday,1800,2-Car,Non-incapacitating,FAILURE TO YIELD RIGHT OF WAY,E 1ST ST & S HAWTHORNE,14932
2012,8,6,Weekday,1600,2-Car,Non-incapacitating,DISREGARD SIGNAL/REG SIGN,1ST & WOODLAWN AVE,14933
2012,10,6,Weekday,1000,2-Car,No injury/unknown,FOLLOWING TOO CLOSELY,BLOOMFIELD RD & RANSOM,14934
2012,9,1,Weekend,1300,2-Car,No injury/unknown,OTHER (DRIVER) - EXPLAIN IN NARRATIVE,S COLLEGE MALL RD,14935
2012,1,5,Weekday,1200,2-Car,Non-incapacitating,LEFT OF CENTER,S MULLER PKWY,14936
2012,2,4,Weekday,300,1-Car,No injury/unknown,RAN OFF ROAD RIGHT,BILL MALLORY & SR446S,14937
2012,4,7,Weekend,2100,2-Car,No injury/unknown,FOLLOWING TOO CLOSELY,3RD & JORDAN AVE,14938
2012,5,3,Weekday,1600,2-Car,No injury/unknown,UNSAFE BACKING,SOUTH BASSWOOD DR,14939
2012,4,6,Weekday,1600,2-Car,No injury/unknown,UNSAFE BACKING,S BASSWOOD DR,14940
2012,3,6,Weekday,1700,3+ Cars,Incapacitating,UNSAFE SPEED,BUICK CADILLAC & COLLEGE MALL RD,14941
2012,8,3,Weekday,1300,3+ Cars,No injury/unknown,FOLLOWING TOO CLOSELY,S COLLEGE AVE & W SMITH,14942
2012,3,5,Weekday,1300,2-Car,No injury/unknown,FOLLOWING TOO CLOSELY,BLOOMFIELD RD & RANSOM,14943
2012,2,1,Weekend,1700,2-Car,No injury/unknown,UNSAFE BACKING,FAIRVIEW & WYLIE ST,14944
2012,4,2,Weekday,1300,2-Car,No injury/unknown,UNSAFE BACKING,WASHINGTON & WYLIE ST,14945
2012,7,7,Weekend,900,2-Car,No injury/unknown,SPEED TOO FAST FOR WEATHER CONDITIONS,HIGH ST & HILLSIDE,14946
2012,1,3,Weekday,1900,2-Car,No injury/unknown,OTHER (DRIVER) - EXPLAIN IN NARRATIVE,712 W WYLIE ST & FAIRVIEW,14947
2012,3,6,Weekday,200,2-Car,No injury/unknown,FAILURE TO YIELD RIGHT OF WAY,E WYLIE & S WASHINGTON ST,14948
2012,7,5,Weekday,1700,3+ Cars,Non-incapacitating,FAILURE TO YIELD RIGHT OF WAY,AUTO MALL & EAST BUICK CADILLAC BLVD,14949
2012,7,2,Weekday,1400,2-Car,No injury/unknown,FAILURE TO YIELD RIGHT OF WAY,HENDERSON ST & WYLIE,14950
2012,1,4,Weekday,1100,2-Car,No injury/unknown,FOLLOWING TOO CLOSELY,E BUICK CADILLAC & S COLLEGE MALL RD,14951