year,month,day,weekend,hour,collision_type,injury_type,primary_factor,reported_location,unique_id
2012,10,6,Weekday,1800,3+ Cars,Non-incapacitating,UNSAFE SPEED,HENDERSON & HILLSIDE DR,15162
2012,11,3,Weekday,600,2-Car,Non-incapacitating,OTHER (DRIVER) - EXPLAIN IN NARRATIVE,HENDERSON & HILLSIDE DR,15163
2012,11,3,Weekday,1300,Pedestrian,Non-incapacitating,PEDESTRIAN ACTION,HENDERSON & HILLSIDE DR,15164
2012,4,6,Weekday,1100,2-Car,No injury/unknown,FAILURE TO YIELD RIGHT OF WAY,E HILLSIDE ST,15165
2012,3,2,Weekday,1100,2-Car,No injury/unknown,UNSAFE BACKING,CURRY PIKE,15166
2012,7,6,Weekday,1700,2-Car,No injury/unknown,FOLLOWING TOO CLOSELY,HILLSIDE DR & MAXWELL,15167
2012,8,4,Weekday,1600,2-Car,No injury/unknown,FOLLOWING TOO CLOSELY,EAST HILLSIDE DR & SOUTH MAXWELL,15168
2012,10,2,Weekday,1700,2-Car,No injury/unknown,FOLLOWING TOO CLOSELY,ROGERS ST & WEST HILLSIDE,15169
2012,9,3,Weekday,1200,2-Car,No injury/unknown,FAILURE TO YIELD RIGHT OF WAY,HENDERSON & HILLSIDE DR,15170
2012,9,2,Weekday,1300,3+ Cars,No injury/unknown,FAILURE TO YIELD RIGHT OF WAY,HILLSIDE DR & WASHINGTON,15171
2012,10,6,Weekend,2100,2-Car,No injury/unknown,OTHER (DRIVER) - EXPLAIN IN NARRATIVE,EAST HILLSIDE DR,15172
2012,12,5,Weekday,1300,2-Car,No injury/unknown,FOLLOWING TOO CLOSELY,E HILLSIDE DR & NANCY,15173
2012,9,4,Weekday,1100,2-Car,No injury/unknown,FOLLOWING TOO CLOSELY,E MOORES PIKE & HIGH,15174
2012,4,7,Weekend,2100,2-Car,No injury/unknown,DISREGARD SIGNAL/REG SIGN,HILLSIDE & WALNUT ST,15175
2012,5,7,Weekend,700,2-Car,No injury/unknown,OTHER (DRIVER) - EXPLAIN IN NARRATIVE,HILLSIDE & WALNUT ST,15176
2012,9,3,Weekday,1500,2-Car,Non-incapacitating,FOLLOWING TOO CLOSELY,HILLSIDE & N WALNUT ST,15177
2012,9,7,Weekend,1200,2-Car,Non-incapacitating,FAILURE TO YIELD RIGHT OF WAY,HILLSIDE & S WALNUT ST,15178
2012,11,2,Weekday,1800,2-Car,Non-incapacitating,FAILURE TO YIELD RIGHT OF WAY,HILLSIDE & SOUTH WALNUT ST,15179
2012,12,1,Weekend,1700,2-Car,No injury/unknown,UNSAFE BACKING,E HILLSIDE DR,15180
2012,6,6,Weekday,900,2-Car,No injury/unknown,FAILURE TO YIELD RIGHT OF WAY,HILLSIDE DR & LONGWOOD,15181
2012,5,2,Weekday,1600,2-Car,No injury/unknown,DRIVER DISTRACTED - EXPLAIN IN NARRATIVE,E HILLSIDE DR & S NANCY,15182
2012,4,6,Weekday,1800,3+ Cars,Non-incapacitating,FOLLOWING TOO CLOSELY,CLIFTON & EAST HILLSIDE DR,15183
2012,5,5,Weekday,2100,1-Car,No injury/unknown,ANIMAL/OBJECT IN ROADWAY,CLIFTON & HILLSIDE DR,15184
2012,3,2,Weekday,1900,1-Car,No injury/unknown,ANIMAL/OBJECT IN ROADWAY,HIGH & HILLSIDE DR,15185
2012,4,3,Weekday,1600,2-Car,Incapacitating,FOLLOWING TOO CLOSELY,HIGH & MOORES PIKE,15186
2012,10,3,Weekday,1600,3+ Cars,Non-incapacitating,FOLLOWING TOO CLOSELY,E MOORES PIKE & S HIGH,15187
2012,10,3,Weekday,1800,3+ Cars,No injury/unknown,FOLLOWING TOO CLOSELY,E MOORES PIKE & VALLEY FORGE,15188
2012,7,5,Weekday,1700,2-Car,No injury/unknown,FOLLOWING TOO CLOSELY,HILLSIDE & WOODLAWN AVE,15189
2012,10,7,Weekend,1200,2-Car,No injury/unknown,FAILURE TO YIELD RIGHT OF WAY,HILLSIDE DR & WOODLAWN,15190
2012,11,7,Weekend,1500,2-Car,No injury/unknown,FAILURE TO YIELD RIGHT OF WAY,HILLSIDE & WALNUT ST,15191
2012,1,5,Weekday,2300,2-Car,No injury/unknown,LEFT OF CENTER,HILLSIDE DR & PALMER,15192
2012,8,2,Weekday,1500,3+ Cars,Non-incapacitating,FOLLOWING TOO CLOSELY,HILLSIDE DR & LONGWOOD,15193
2012,8,3,Weekday,1500,2-Car,Non-incapacitating,FOLLOWING TOO CLOSELY,HILLSIDE DR & NANCY,15194
2012,1,4,Weekday,1500,2-Car,No injury/unknown,BRAKE FAILURE OR DEFECTIVE,HILLSIDE DR & NANCY,15195
2012,12,4,Weekday,1300,2-Car,No injury/unknown,FOLLOWING TOO CLOSELY,HILLSIDE DR & NANCY,15196
2012,8,2,Weekday,1700,2-Car,No injury/unknown,CELL PHONE USAGE,CAPE COD & MOORES PIKE,15197
2012,1,5,Weekday,900,2-Car,No injury/unknown,UNSAFE BACKING,EAST HILLSIDE DR,15198
2012,8,2,Weekday,1400,2-Car,No injury/unknown,FOLLOWING TOO CLOSELY,COLLEGE MALL & MOORES PIKE,15199
2012,10,4,Weekday,700,1-Car,No injury/unknown,ANIMAL/OBJECT IN ROADWAY,MOORES PIKE & SARE,15200
2012,5,4,Weekday,1200,2-Car,Non-incapacitating,FOLLOWING TOO CLOSELY,E MOORES PIKE & S SARE,15201
2012,8,3,Weekday,1900,1-Car,No injury/unknown,ANIMAL/OBJECT IN ROADWAY,MOORES PIKE & SARE,15202
2012,7,5,Weekday,1700,2-Car,No injury/unknown,FAILURE TO YIELD RIGHT OF WAY,COLLEGE MALL & E MOORES PIKE,15203
2012,11,6,Weekday,700,2-Car,No injury/unknown,UNSAFE SPEED,COLLEGE MALL & MOORES PIKE,15204
2012,9,5,Weekday,1500,2-Car,No injury/unknown,SPEED TOO FAST FOR WEATHER CONDITIONS,COLLEGE MALL & MOORES PIKE,15205
2012,5,6,Weekend,2100,Bus,No injury/unknown,UNSAFE LANE MOVEMENT,EAST 2ND & SOUTH COLLEGE MALL RD,15206
2012,4,3,Weekday,1600,2-Car,No injury/unknown,FAILURE TO YIELD RIGHT OF WAY,EAST MOORES & SR446S,15207
2012,5,2,Weekday,2000,1-Car,No injury/unknown,UNSAFE SPEED,EAST MOORES & SR446N,15208
2012,5,7,Weekend,1500,2-Car,No injury/unknown,FAILURE TO YIELD RIGHT OF WAY,MOORES & SR446N,15209
2012,6,7,Weekend,1100,2-Car,No injury/unknown,FOLLOWING TOO CLOSELY,E MOORES PIKE & SR446,15210
2012,7,5,Weekday,100,1-Car,No injury/unknown,RAN OFF ROAD RIGHT,EAST MOORES & SR446N,15211
2012,8,2,Weekday,1700,2-Car,Non-incapacitating,FOLLOWING TOO CLOSELY,446 & MOORES PIKE,15212
2012,9,7,Weekend,1900,2-Car,No injury/unknown,FAILURE TO YIELD RIGHT OF WAY,MOORES & SR446S,15213
2012,12,5,Weekday,1800,2-Car,Non-incapacitating,FOLLOWING TOO CLOSELY,MOORES PIKE & SR446S,15214
2012,1,3,Weekday,1800,1-Car,No injury/unknown,ANIMAL/OBJECT IN ROADWAY,CLARIZZ & MOORES PIKE,15215
2012,1,2,Weekday,1700,3+ Cars,No injury/unknown,FAILURE TO YIELD RIGHT OF WAY,CARIZZ & MOORES PIKE,15216
2012,5,6,Weekday,1500,2-Car,No injury/unknown,FOLLOWING TOO CLOSELY,CLARIZZ BLVD & MOORES,15217
2012,3,7,Weekend,1300,1-Car,No injury/unknown,DRIVER DISTRACTED - EXPLAIN IN NARRATIVE,MOORES PIKE & WINGFIELD,15218
2012,4,6,Weekday,1500,Cyclist,No injury/unknown,FOLLOWING TOO CLOSELY,MOORES PIKE & SMITH,15219
2012,8,5,Weekday,1900,2-Car,Non-incapacitating,DISREGARD SIGNAL/REG SIGN,MOORES PIKE & SMITH,15220
2012,9,3,Weekday,700,Moped/Motorcycle,Fatal,FOLLOWING TOO CLOSELY,E MOORES PIKE & S OLCOTT,15221
2012,2,5,Weekday,1900,1-Car,Non-incapacitating,ANIMAL/OBJECT IN ROADWAY,MOORES PIKE & OLCOTT,15222
2012,5,6,Weekday,1600,2-Car,No injury/unknown,FAILURE TO YIELD RIGHT OF WAY,MOORES PIKE & OLCOTT,15223
2012,10,5,Weekday,1700,2-Car,No injury/unknown,FAILURE TO YIELD RIGHT OF WAY,E MOORES PIKE & S OLCOTT,15224
2012,12,6,Weekday,1000,2-Car,No injury/unknown,FOLLOWING TOO CLOSELY,MOORES PIKE & RENWICK,15225
2012,4,3,Weekday,100,1-Car,No injury/unknown,RAN OFF ROAD RIGHT,MOORES & SMITH RD,15226
2012,11,6,Weekday,1500,2-Car,No injury/unknown,FAILURE TO YIELD RIGHT OF WAY,SOUTHERN & WALNUT ST,15227
2012,12,6,Weekday,1400,Pedestrian,Non-incapacitating,PEDESTRIAN ACTION,S WALNUT ST & SOUTHERN,15228
2012,1,3,Weekday,1600,2-Car,No injury/unknown,UNSAFE BACKING,E SOUTHERN DR,15229
2012,2,2,Weekday,1900,2-Car,No injury/unknown,OTHER (DRIVER) - EXPLAIN IN NARRATIVE,EAST SOUTHERN DR,15230
2012,6,4,Weekday,1300,Moped/Motorcycle,Non-incapacitating,OVERCORRECTING/OVERSTEERING,E SUMMIT VIEW & S HENDERSON ST,15231
2012,2,3,Weekday,800,2-Car,No injury/unknown,UNSAFE BACKING,1602 S WALNUT ST ST,15232
2012,3,2,Weekday,400,1-Car,Non-incapacitating,SPEED TOO FAST FOR WEATHER CONDITIONS,BASSWOOD & BLOOMFIELD RD,15233
2012,1,4,Weekday,400,1-Car,No injury/unknown,RAN OFF ROAD RIGHT,BASSWOOD & BLOOMFIELD RD,15234
2012,5,1,Weekday,2100,2-Car,No injury/unknown,FAILURE TO YIELD RIGHT OF WAY,S BASSWOOD & W BLOOMFIELD RD,15235
2012,7,5,Weekday,1500,Moped/Motorcycle,Non-incapacitating,FOLLOWING TOO CLOSELY,BLOOMFIELD RD & OAKDALE,15236
2012,8,3,Weekday,1200,2-Car,No injury/unknown,FAILURE TO YIELD RIGHT OF WAY,S BASSWOOD & W BLOOMFIELD RD,15237
2012,11,1,Weekday,1900,2-Car,No injury/unknown,UNSAFE LANE MOVEMENT,BASSWOOD & BLOOMFIELD RD,15238
2012,12,3,Weekday,1500,2-Car,No injury/unknown,FOLLOWING TOO CLOSELY,BASSWOOD & BLOOMFIELD RD,15239
2012,4,5,Weekday,700,2-Car,No injury/unknown,FAILURE TO YIELD RIGHT OF WAY,SOUTHERN & WALNUT ST,15240
2012,7,4,Weekday,1700,Pedestrian,Non-incapacitating,FAILURE TO YIELD RIGHT OF WAY,SOUTHERN & WALNUT ST,15241
2012,2,7,Weekend,300,1-Car,Non-incapacitating,RAN OFF ROAD RIGHT,S ROGERS ST & W PATTERSON,15242
2012,4,2,Weekday,900,2-Car,No injury/unknown,FAILURE TO YIELD RIGHT OF WAY,PATTERSON & S ROGERS ST,15243
2012,1,5,Weekday,800,2-Car,No injury/unknown,FAILURE TO YIELD RIGHT OF WAY,CONSTITUTION AVENUE & LIBERTY DRIVE RD,15244
2012,7,2,Weekday,1200,2-Car,No injury/unknown,FOLLOWING TOO CLOSELY,CONSTITUTION & S LIBERTY DR,15245
2012,7,3,Weekday,1300,2-Car,No injury/unknown,FAILURE TO YIELD RIGHT OF WAY,CONSTITUTION & LIBERTY DR,15246
2012,8,6,Weekday,1100,2-Car,No injury/unknown,FOLLOWING TOO CLOSELY,CONSTITUTION & S LIBERTY DR,15247
2012,12,2,Weekday,1600,2-Car,Non-incapacitating,FAILURE TO YIELD RIGHT OF WAY,LIBERTY & S LIBERTY DR,15248
2012,12,3,Weekday,1200,2-Car,No injury/unknown,FAILURE TO YIELD RIGHT OF WAY,CONSTITUTION & S LIBERTY DR,15249
2012,12,7,Weekend,800,2-Car,No injury/unknown,UNSAFE BACKING,BLOOMFIELD RD,15250
2012,12,6,Weekday,1200,1-Car,No injury/unknown,RAN OFF ROAD RIGHT,SOUTH PIAZZA DR,15251
2012,6,5,Weekday,2300,2-Car,No injury/unknown,IMPROPER TURNING,HUNTINGTON & THORTON DR,15252
2012,8,6,Weekday,1400,2-Car,No injury/unknown,FOLLOWING TOO CLOSELY,CONSTITUTION & SOUTH LIBERTY DR,15253
2012,8,3,Weekday,1600,2-Car,No injury/unknown,FOLLOWING TOO CLOSELY,CONSTITUTION & LIBERTY DR,15254
2012,8,6,Weekday,900,2-Car,No injury/unknown,OTHER (DRIVER) - EXPLAIN IN NARRATIVE,SOUTH DORCHESTER DR,15255
2012,3,2,Weekday,700,Pedestrian,Non-incapacitating,PEDESTRIAN ACTION,1602 S WALNUT ST & VERMILYA,15256
2012,11,7,Weekend,1900,2-Car,No injury/unknown,IMPROPER TURNING,E VERMILYA AVE & S WALNUT,15257
2012,2,5,Weekday,1900,1-Car,No injury/unknown,TIRE FAILURE OR DEFECTIVE,E CATHCART & S SARE RD,15258
2012,10,3,Weekday,1200,2-Car,No injury/unknown,LEFT OF CENTER,BELLMEADE & LAMPKINS RIDGE RD,15259
2012,7,1,Weekday,2000,Moped/Motorcycle,Non-incapacitating,IMPROPER TURNING,S CURRY PIKE,15260
2012,3,6,Weekday,1700,2-Car,No injury/unknown,UNSAFE BACKING,BLOOMFIELD & OAKDALE DR,15261
2012,2,1,Weekend,1000,2-Car,No injury/unknown,FAILURE TO YIELD RIGHT OF WAY,BLOOMFIELD RD RD & OAKDALE DR,15262
2012,12,7,Weekend,1500,2-Car,No injury/unknown,FAILURE TO YIELD RIGHT OF WAY,BLOOMFIELD RD & OAKDALE,15263
2012,3,1,Weekend,900,2-Car,No injury/unknown,FAILURE TO YIELD RIGHT OF WAY,S SR 446,15264
2012,11,2,Weekday,1700,2-Car,Non-incapacitating,FOLLOWING TOO CLOSELY,SR 45 RD,15265
2012,2,1,Weekend,1300,2-Car,No injury/unknown,IMPROPER LANE USAGE,COLLEGE MALL RD & THIRD,15266
2012,1,7,Weekend,1600,2-Car,No injury/unknown,SPEED TOO FAST FOR WEATHER CONDITIONS,HIGHLAND & THORTON DR,15267
2012,1,3,Weekday,1800,2-Car,No injury/unknown,FAILURE TO YIELD RIGHT OF WAY,BLOOMFIELD RD & SR37,15268
2012,5,3,Weekday,2000,1-Car,No injury/unknown,OTHER (DRIVER) - EXPLAIN IN NARRATIVE,S WILTON DR,15269
2012,8,3,Weekday,1000,2-Car,No injury/unknown,FOLLOWING TOO CLOSELY,CONSTITUTION & S LIBERTY DR,15270
2012,1,5,Weekday,1300,3+ Cars,No injury/unknown,FOLLOWING TOO CLOSELY,BLOOMFIELD RD & SR37N,15271
2012,3,6,Weekday,1100,1-Car,Non-incapacitating,RAN OFF ROAD RIGHT,9449 WEST 46 & SR46W,15272
2012,1,4,Weekday,1700,2-Car,Non-incapacitating,FOLLOWING TOO CLOSELY,BLOOMFIELD & SR37N,15273
2012,2,4,Weekday,1300,2-Car,No injury/unknown,FOLLOWING TOO CLOSELY,BLOOMFIELD & STATE ROAD 37 RAMP,15274
2012,2,6,Weekday,1300,2-Car,No injury/unknown,TIRE FAILURE OR DEFECTIVE,BLOOMFIELD RD & SR37N,15275
2012,4,4,Weekday,1600,2-Car,Non-incapacitating,FOLLOWING TOO CLOSELY,BLOOMFIELD RD & SR37,15276
2012,4,6,Weekday,1100,2-Car,No injury/unknown,OTHER (DRIVER) - EXPLAIN IN NARRATIVE,SR37 & STATE ROAD 45 RD,15277
2012,4,7,Weekend,1400,2-Car,No injury/unknown,DISREGARD SIGNAL/REG SIGN,BLOOMFIELD & SR37S,15278
2012,5,6,Weekday,1500,2-Car,No injury/unknown,FOLLOWING TOO CLOSELY,SR37 & SR45W,15279
2012,7,5,Weekday,1900,2-Car,Non-incapacitating,FAILURE TO YIELD RIGHT OF WAY,SR37 & SR45E,15280
2012,6,6,Weekday,700,2-Car,Non-incapacitating,FOLLOWING TOO CLOSELY,SR37S & SR45W,15281
2012,6,6,Weekday,1200,2-Car,No injury/unknown,FOLLOWING TOO CLOSELY,SR37 & W BLOOMFIELD RD,15282
2012,6,6,Weekday,1800,2-Car,Non-incapacitating,FOLLOWING TOO CLOSELY,SR37 & SR45E,15283
2012,8,7,Weekend,1400,2-Car,No injury/unknown,FAILURE TO YIELD RIGHT OF WAY,BLOOMFIELD RD & SR37N,15284
2012,8,3,Weekday,1800,2-Car,No injury/unknown,FAILURE TO YIELD RIGHT OF WAY,SR37N & W BLOOMFIELD RD,15285
2012,8,3,Weekday,1500,2-Car,No injury/unknown,UNSAFE LANE MOVEMENT,BLOOMFIELD RD & SR37N,15286
2012,9,2,Weekday,1500,2-Car,No injury/unknown,FOLLOWING TOO CLOSELY,BLOOMFIELD RD & SR45,15287
2012,11,4,Weekday,1600,2-Car,Non-incapacitating,DISREGARD SIGNAL/REG SIGN,BLOOMFIELD RD & SR3715,15288
2012,12,7,Weekend,1200,2-Car,No injury/unknown,FOLLOWING TOO CLOSELY,SR37S & SR45W,15289
2012,10,1,Weekday,2100,1-Car,No injury/unknown,OVERCORRECTING/OVERSTEERING,E LAMPKINS RIDGE RD & S BELLEMEADE,15290
2012,11,6,Weekday,1500,2-Car,No injury/unknown,FOLLOWING TOO CLOSELY,HILLSIDE & ROGERS ST,15291
2012,4,6,Weekday,1100,Moped/Motorcycle,No injury/unknown,OTHER (DRIVER) - EXPLAIN IN NARRATIVE,INNOVATION CT & VERNAL,15292
2012,2,4,Weekday,1000,2-Car,Non-incapacitating,LEFT OF CENTER,LEONARD SPRINGS & SR45W,15293
2012,6,3,Weekday,1900,2-Car,Non-incapacitating,FOLLOWING TOO CLOSELY,BLOOMFIELD RD & SR37,15294
2012,6,3,Weekday,1500,2-Car,Non-incapacitating,UNSAFE LANE MOVEMENT,SR37S & W 2ND,15295
2012,6,5,Weekday,1600,2-Car,No injury/unknown,FAILURE TO YIELD RIGHT OF WAY,STATE ROAD 45 WEST BLOOMFIELD RD & WALMART,15296
2012,3,4,Weekday,800,2-Car,No injury/unknown,DRIVER DISTRACTED - EXPLAIN IN NARRATIVE,CLARIZZ BLVD & WILLMINGTON,15297
2012,12,2,Weekday,1300,2-Car,No injury/unknown,OTHER (DRIVER) - EXPLAIN IN NARRATIVE,SR 37 SOUTH RAMP & W BLOOMFIELD,15298
2012,7,2,Weekday,1400,2-Car,No injury/unknown,FOLLOWING TOO CLOSELY,BLOOMFIELD RD & SR37,15299
2012,8,6,Weekend,2200,3+ Cars,No injury/unknown,FOLLOWING TOO CLOSELY,BLOOMFIELD RD & SR 37,15300
2012,11,4,Weekday,1500,2-Car,No injury/unknown,LEFT OF CENTER,LEONARD SPRINGS RD & TAPP,15301
2012,8,5,Weekday,1700,2-Car,Non-incapacitating,FOLLOWING TOO CLOSELY,RAMP 15 & W BLOOMFIELD ST,15302
2012,12,4,Weekday,1400,Cyclist,No injury/unknown,FAILURE TO YIELD RIGHT OF WAY,SOUTH WALNUT ST,15303
2012,4,4,Weekday,900,2-Car,No injury/unknown,UNSAFE BACKING,S BIRCH LN,15304
2012,7,5,Weekday,2300,2-Car,No injury/unknown,IMPROPER PASSING,W ROLL AVE,15305
2012,1,6,Weekday,1700,2-Car,Non-incapacitating,FOLLOWING TOO CLOSELY,CURRY PIKE & ROLL,15306
2012,2,7,Weekend,1400,2-Car,No injury/unknown,FOLLOWING TOO CLOSELY,CURRY PIKE & ROLL,15307
2012,8,4,Weekday,1100,Moped/Motorcycle,Incapacitating,OTHER (DRIVER) - EXPLAIN IN NARRATIVE,CURRY PIKE & ROLL,15308
2012,1,3,Weekday,800,2-Car,No injury/unknown,FAILURE TO YIELD RIGHT OF WAY,E MILLER DR & S HENDERSON,15309
2012,6,5,Weekday,0,2-Car,No injury/unknown,UNSAFE BACKING,E MILLER DR,15310
2012,6,4,Weekday,700,Moped/Motorcycle,Non-incapacitating,VIEW OBSTRUCTED,E MELROSE AVE,15311
2012,3,2,Weekday,2200,1-Car,No injury/unknown,RAN OFF ROAD RIGHT,MILLER DR,15312
2012,3,1,Weekend,1000,Moped/Motorcycle,Non-incapacitating,OTHER (DRIVER) - EXPLAIN IN NARRATIVE,S ROGERS ST,15313
2012,12,7,Weekend,1500,Pedestrian,Non-incapacitating,DISREGARD SIGNAL/REG SIGN,HIGHLAND & MILLER DR,15314
2012,1,4,Weekday,1800,2-Car,No injury/unknown,FOLLOWING TOO CLOSELY,MILLER & WALNUT ST,15315
2012,5,2,Weekday,1600,Bus,No injury/unknown,IMPROPER PASSING,E MILLER & S WALNUT ST,15316
2012,8,7,Weekend,2200,2-Car,No injury/unknown,UNSAFE BACKING,E MILLER DR,15317
2012,9,4,Weekday,800,2-Car,No injury/unknown,FAILURE TO YIELD RIGHT OF WAY,MILLER & S WALNUT ST,15318
2012,10,1,Weekend,1400,2-Car,No injury/unknown,FAILURE TO YIELD RIGHT OF WAY,MILLER & WALNUT ST,15319
2012,9,5,Weekday,800,Pedestrian,Non-incapacitating,PEDESTRIAN ACTION,HENDERSON & MILLER DR,15320
2012,9,4,Weekday,1400,2-Car,Non-incapacitating,FAILURE TO YIELD RIGHT OF WAY,E MILLER & S WALNUT ST,15321
2012,12,3,Weekday,1400,2-Car,No injury/unknown,UNSAFE LANE MOVEMENT,MILLER & WALNUT ST,15322
2012,10,5,Weekday,800,Bus,No injury/unknown,FAILURE TO YIELD RIGHT OF WAY,HUNTINGTON & MILLER DR,15323
2012,2,4,Weekday,1900,2-Car,No injury/unknown,FOLLOWING TOO CLOSELY,MAXWELL & MILLER DR,15324
2012,5,5,Weekday,1500,2-Car,No injury/unknown,UNSAFE LANE MOVEMENT,SR37S & SR45W,15325
2012,12,2,Weekday,1400,Bus,No injury/unknown,FAILURE TO YIELD RIGHT OF WAY,WALNUT ST & WINSLOW,15326
2012,4,2,Weekday,2100,2-Car,No injury/unknown,FOLLOWING TOO CLOSELY,ROCKPORT & ROGERS ST,15327
2012,7,4,Weekday,1700,2-Car,No injury/unknown,FAILURE TO YIELD RIGHT OF WAY,HIGH ST & QUEENS,15328
2012,2,3,Weekday,700,1-Car,No injury/unknown,SPEED TOO FAST FOR WEATHER CONDITIONS,BASSWOOPD DR DR & COPPER BEECH DR,15329
2012,10,6,Weekday,1300,2-Car,No injury/unknown,UNSAFE LANE MOVEMENT,LIBERTY & SR45,15330
2012,5,6,Weekday,1100,2-Car,No injury/unknown,UNSAFE BACKING,SOUTH WALNUT ST,15331
2012,10,4,Weekday,800,1-Car,Incapacitating,RAN OFF ROAD RIGHT,1232 GARRISON CHAPEL RD & GIFFORD,15332
2012,2,7,Weekend,2000,2-Car,No injury/unknown,FOLLOWING TOO CLOSELY,2ND ST & 37,15333
2012,8,2,Weekday,600,Moped/Motorcycle,Non-incapacitating,FAILURE TO YIELD RIGHT OF WAY,CURRY PIKE & WOODLYN,15334
2012,5,4,Weekday,800,2-Car,No injury/unknown,FOLLOWING TOO CLOSELY,S WALNUT ST,15335
2012,7,6,Weekday,1700,2-Car,No injury/unknown,UNSAFE BACKING,SOUTH WALNUT ST,15336
2012,4,6,Weekday,1600,2-Car,No injury/unknown,FOLLOWING TOO CLOSELY,LIBERTY & W SR 45 HWY,15337
2012,3,4,Weekday,2000,2-Car,No injury/unknown,UNSAFE LANE MOVEMENT,LIBERTY & SR45W,15338
2012,7,5,Weekday,1600,3+ Cars,Non-incapacitating,FAILURE TO YIELD RIGHT OF WAY,BLOOMFIELD & S LIBERTY DR,15339
2012,1,2,Weekday,1400,1-Car,No injury/unknown,IMPROPER LANE USAGE,LIBERTY DR,15340
2012,3,7,Weekend,2100,3+ Cars,No injury/unknown,UNSAFE BACKING,S LIBERTY DR,15341
2012,5,3,Weekday,1600,2-Car,No injury/unknown,UNSAFE BACKING,SOUTH LIBERTY DR,15342
2012,5,5,Weekday,1200,2-Car,No injury/unknown,FAILURE TO YIELD RIGHT OF WAY,LIBERTY DR,15343
2012,6,2,Weekday,100,Moped/Motorcycle,Non-incapacitating,UNSAFE SPEED,LIBERTY DR,15344
2012,6,3,Weekday,2200,2-Car,Non-incapacitating,UNSAFE BACKING,S LIBERTY DR,15345
2012,6,1,Weekend,1700,2-Car,No injury/unknown,UNSAFE BACKING,LIBERTY DR,15346
2012,8,7,Weekend,1900,2-Car,No injury/unknown,UNSAFE BACKING,LIBERTY DR,15347
2012,11,6,Weekday,900,2-Car,No injury/unknown,OTHER (DRIVER) - EXPLAIN IN NARRATIVE,SOUTH LIBERTY DR,15348
2012,7,3,Weekday,1700,1-Car,No injury/unknown,OTHER (VEHICLE) - EXPLAIN IN NARRATIVE,45 & LIBERTY DR,15349
2012,7,3,Weekday,700,2-Car,No injury/unknown,FAILURE TO YIELD RIGHT OF WAY,NORTH & S WALNUT ST,15350
2012,1,6,Weekday,1300,2-Car,No injury/unknown,FAILURE TO YIELD RIGHT OF WAY,LIBERTY & SR45W,15351
2012,2,4,Weekday,1600,2-Car,No injury/unknown,UNSAFE LANE MOVEMENT,LIBERTY & STATE ROAD 45 RD,15352
2012,3,7,Weekend,1100,2-Car,Non-incapacitating,FAILURE TO YIELD RIGHT OF WAY,LIBERTY & SR45W,15353
2012,6,5,Weekday,1000,2-Car,No injury/unknown,FAILURE TO YIELD RIGHT OF WAY,S LIBERTY DR & SR45,15354
2012,12,3,Weekday,1300,2-Car,No injury/unknown,SPEED TOO FAST FOR WEATHER CONDITIONS,S LIBERTY DR & SR45W,15355
2012,12,6,Weekday,700,2-Car,No injury/unknown,FAILURE TO YIELD RIGHT OF WAY,LIBERTY & W ST RD 45 HWY,15356
2012,6,2,Weekday,1100,2-Car,No injury/unknown,SPEED TOO FAST FOR WEATHER CONDITIONS,10TH & JORDAN AVE,15357
2012,8,6,Weekday,1600,1-Car,No injury/unknown,IMPROPER LANE USAGE,CARDINAL GLEN & WALNUT STREET PIKE,15358
2012,11,3,Weekday,1000,2-Car,No injury/unknown,FAILURE TO YIELD RIGHT OF WAY,GUY & ROCKPORT RD,15359
2012,10,6,Weekday,1200,2-Car,No injury/unknown,FOLLOWING TOO CLOSELY,S LIBERTY & W 2ND ST,15360
2012,7,2,Weekday,1700,3+ Cars,No injury/unknown,FOLLOWING TOO CLOSELY,LIBERTY & SR45E,15361
2012,7,4,Weekday,1400,2-Car,No injury/unknown,FOLLOWING TOO CLOSELY,LIBERTY & SR45E,15362
2012,8,3,Weekday,1100,2-Car,No injury/unknown,FOLLOWING TOO CLOSELY,LIBERTY & SR45W,15363
2012,3,2,Weekday,1100,2-Car,Non-incapacitating,DRIVER DISTRACTED - EXPLAIN IN NARRATIVE,2ND & PATTERSON ST,15364
2012,5,6,Weekday,1500,2-Car,No injury/unknown,FOLLOWING TOO CLOSELY,EAST NORTH & SOUTH HENDERSON ST,15365
2012,11,5,Weekday,1900,2-Car,Non-incapacitating,FAILURE TO YIELD RIGHT OF WAY,NORTH & S HENDERSON ST,15366
2012,3,2,Weekday,1500,3+ Cars,Non-incapacitating,FOLLOWING TOO CLOSELY,E NORTH & S WALNUT ST,15367
2012,3,2,Weekday,1200,2-Car,No injury/unknown,FAILURE TO YIELD RIGHT OF WAY,NORTH & S WALNUT ST,15368
2012,4,7,Weekend,1400,2-Car,No injury/unknown,SPEED TOO FAST FOR WEATHER CONDITIONS,NORTH & S WALNUT ST,15369
2012,5,5,Weekday,1900,2-Car,No injury/unknown,FAILURE TO YIELD RIGHT OF WAY,NORTH & WALNUT ST,15370
2012,5,2,Weekday,1800,3+ Cars,Non-incapacitating,FOLLOWING TOO CLOSELY,NORTH & S WALNUT ST,15371
2012,11,3,Weekday,1800,1-Car,No injury/unknown,IMPROPER TURNING,NORTH & SOUTH WALNUT ST,15372