year,month,day,weekend,hour,collision_type,injury_type,primary_factor,reported_location,unique_id
2012,1,1,Weekend,900,1-Car,No injury/unknown,ROADWAY SURFACE CONDITION,ROGERS RD & SMITH,15583
2012,1,1,Weekend,900,2-Car,No injury/unknown,LEFT OF CENTER,ROGERS RD & SMITH,15584
2012,5,3,Weekday,1200,2-Car,No injury/unknown,TIRE FAILURE OR DEFECTIVE,ROGERS RD & SNODDY,15585
2012,4,5,Weekday,700,3+ Cars,Non-incapacitating,FAILURE TO YIELD RIGHT OF WAY,SR37S & TAPP,15586
2012,5,7,Weekend,600,1-Car,No injury/unknown,DRIVER ILLNESS,S KNIGHT RIDGE & SR446S,15587
2012,11,2,Weekday,1500,2-Car,Non-incapacitating,FAILURE TO YIELD RIGHT OF WAY,SOUTH WALNUT ST & WINSLOW,15588
2012,5,3,Weekday,1600,2-Car,No injury/unknown,UNSAFE BACKING,SOUTH MCINTYRE DR,15589
2012,6,4,Weekday,700,2-Car,Incapacitating,FAILURE TO YIELD RIGHT OF WAY,DUNCAN & SR45W,15590
2012,3,3,Weekday,800,2-Car,No injury/unknown,FOLLOWING TOO CLOSELY,SR37N & TAPP,15591
2012,3,2,Weekday,800,2-Car,No injury/unknown,UNSAFE BACKING,S WALNUT ST,15592
2012,5,3,Weekday,1700,2-Car,No injury/unknown,FAILURE TO YIELD RIGHT OF WAY,S WALNUT ST,15593
2012,7,4,Weekday,1400,2-Car,No injury/unknown,IMPROPER TURNING,SOUTH WALNUT ST,15594
2012,8,6,Weekday,1200,2-Car,No injury/unknown,FAILURE TO YIELD RIGHT OF WAY,S WALNUT ST,15595
2012,4,1,Weekend,1400,1-Car,No injury/unknown,ANIMAL/OBJECT IN ROADWAY,SR37N & TAPP,15596
2012,2,5,Weekday,1500,2-Car,No injury/unknown,FOLLOWING TOO CLOSELY,SR37S & VERNAL,15597
2012,1,5,Weekday,2300,1-Car,No injury/unknown,ROADWAY SURFACE CONDITION,GARDNER RD & HOFF,15598
2012,12,4,Weekday,1600,2-Car,No injury/unknown,IMPROPER TURNING,HENDERSON ST & WALNUT,15599
2012,4,6,Weekend,2100,2-Car,No injury/unknown,IMPROPER TURNING,ROLLING RIDGE WAY,15600
2012,9,4,Weekday,1500,1-Car,No injury/unknown,RAN OFF ROAD RIGHT,8164 GARDNER RD & HOFF,15601
2012,4,7,Weekend,600,1-Car,No injury/unknown,RAN OFF ROAD RIGHT,WESTMINSTER WAY,15602
2012,5,7,Weekend,1500,2-Car,No injury/unknown,UNSAFE BACKING,YONKERS ST,15603
2012,12,5,Weekday,2100,1-Car,No injury/unknown,ANIMAL/OBJECT IN ROADWAY,S KNIGHTRIDGE & SR446S,15604
2012,9,4,Weekday,2200,2-Car,No injury/unknown,OTHER (DRIVER) - EXPLAIN IN NARRATIVE,SOUTH LEONARD SPRINGS RD,15605
2012,6,5,Weekday,800,2-Car,No injury/unknown,TIRE FAILURE OR DEFECTIVE,FULLERTON & SR37S,15606
2012,10,6,Weekday,700,2-Car,No injury/unknown,UNSAFE SPEED,SR37 & W TAPP,15607
2012,2,6,Weekend,1900,2-Car,Non-incapacitating,FOLLOWING TOO CLOSELY,MEADOW CREEK & SARE RD,15608
2012,10,6,Weekday,1700,2-Car,Non-incapacitating,LEFT OF CENTER,MEADOW CREEK & S SARE RD,15609
2012,5,1,Weekend,200,2-Car,No injury/unknown,UNSAFE BACKING,W HOOSIER COURT AVE,15610
2012,1,7,Weekend,0,1-Car,No injury/unknown,ROADWAY SURFACE CONDITION,COUNTRY CLUB & ROGERS ST,15611
2012,8,5,Weekday,1700,2-Car,Non-incapacitating,FAILURE TO YIELD RIGHT OF WAY,8700 BLK GARDNER RD & HOFF,15612
2012,7,4,Weekday,1300,Moped/Motorcycle,Non-incapacitating,FAILURE TO YIELD RIGHT OF WAY,LEONARD SPRINGS RD & MAYBURY,15613
2012,8,2,Weekday,2000,1-Car,No injury/unknown,IMPROPER LANE USAGE,W PINEWOOD DR,15614
2012,4,7,Weekend,2100,1-Car,No injury/unknown,OTHER (ENVIRONMENTAL) - EXPLAIN IN NARR,SOUTH SNODDY RD,15615
2012,6,1,Weekend,1400,2-Car,No injury/unknown,DISREGARD SIGNAL/REG SIGN,GREEN RD & TULIP,15616
2012,8,6,Weekday,1500,1-Car,No injury/unknown,ROADWAY SURFACE CONDITION,MERRITT & SR446S,15617
2012,3,3,Weekday,1400,2-Car,No injury/unknown,IMPROPER LANE USAGE,E ALLENDALE DR & S WESTMINSTER,15618
2012,6,7,Weekend,1300,Bus,No injury/unknown,OVERCORRECTING/OVERSTEERING,FISHERS & JORDAN AVE,15619
2012,12,3,Weekday,1800,2-Car,Non-incapacitating,FAILURE TO YIELD RIGHT OF WAY,SOUTH & WALNUT ST,15620
2012,5,7,Weekend,200,3+ Cars,No injury/unknown,OTHER (DRIVER) - EXPLAIN IN NARRATIVE,FESTIVE & TYLER LN,15621
2012,8,3,Weekday,1200,2-Car,No injury/unknown,UNSAFE BACKING,CEDARWOOD DR & CLAYBRIDGE,15622
2012,3,7,Weekend,1700,2-Car,No injury/unknown,FAILURE TO YIELD RIGHT OF WAY,BUNGER & SR45W,15623
2012,8,2,Weekday,1000,2-Car,No injury/unknown,FOLLOWING TOO CLOSELY,BUNGER & SR45W,15624
2012,12,5,Weekday,1600,2-Car,No injury/unknown,FOLLOWING TOO CLOSELY,BUNGER & SR45W,15625
2012,8,5,Weekday,1900,2-Car,No injury/unknown,FOLLOWING TOO CLOSELY,BUNGER & SR45W,15626
2012,11,6,Weekday,1600,2-Car,Non-incapacitating,DRIVER DISTRACTED - EXPLAIN IN NARRATIVE,BUNGER & SR45W,15627
2012,1,6,Weekday,1000,2-Car,No injury/unknown,OTHER (DRIVER) - EXPLAIN IN NARRATIVE,CHEEKWOOD & CREEKS EDGE DR,15628
2012,10,7,Weekend,200,1-Car,No injury/unknown,RAN OFF ROAD RIGHT,2ND & PATTERSON ST,15629
2012,6,7,Weekend,1300,2-Car,No injury/unknown,UNSAFE BACKING,S WALNUT ST,15630
2012,9,6,Weekday,600,2-Car,No injury/unknown,UNSAFE BACKING,CREEKS EDGE DR,15631
2012,9,7,Weekend,100,1-Car,Incapacitating,SPEED TOO FAST FOR WEATHER CONDITIONS,SOUTH CHAPLE HILL ROAD & SR446S,15632
2012,2,4,Weekday,700,2-Car,No injury/unknown,IMPROPER TURNING,S WALNUT ST,15633
2012,7,3,Weekday,1200,2-Car,No injury/unknown,OTHER (DRIVER) - EXPLAIN IN NARRATIVE,FORRESTER ST & WINSTON,15634
2012,10,7,Weekend,300,2-Car,No injury/unknown,OTHER (DRIVER) - EXPLAIN IN NARRATIVE,SOUTH WALNUT ST,15635
2012,6,6,Weekday,1600,2-Car,No injury/unknown,FOLLOWING TOO CLOSELY,ISON & SR45W,15636
2012,1,5,Weekday,1100,2-Car,No injury/unknown,ACCELERATOR FAILURE OR DEFECTIVE,CREEKS EDGE DR,15637
2012,7,6,Weekday,1700,3+ Cars,Non-incapacitating,FOLLOWING TOO CLOSELY,EASTGATE & SR46S,15638
2012,4,5,Weekday,900,2-Car,No injury/unknown,UNSAFE BACKING,PEONY LN,15639
2012,2,6,Weekday,1700,Pedestrian,Non-incapacitating,FAILURE TO YIELD RIGHT OF WAY,MCDOUGAL & SOUTH ROCKPORT RD,15640
2012,10,5,Weekday,500,2-Car,No injury/unknown,FAILURE TO YIELD RIGHT OF WAY,WOODHAVEN DR & WOODMERE,15641
2012,12,3,Weekday,1900,1-Car,No injury/unknown,ANIMAL/OBJECT IN ROADWAY,BUNGER RD & STATE ROAD 45,15642
2012,3,5,Weekday,2100,1-Car,No injury/unknown,RAN OFF ROAD RIGHT,S WICKENS ST & W HENNESSEY,15643
2012,7,6,Weekday,1100,2-Car,No injury/unknown,FAILURE TO YIELD RIGHT OF WAY,S WALNUT STREET PIKE,15644
2012,2,7,Weekend,900,Pedestrian,No injury/unknown,IMPROPER PASSING,SOUTH LEONARD SPRINGS RD & WEST LEONARD SPRINGS,15645
2012,9,6,Weekday,1300,2-Car,No injury/unknown,FAILURE TO YIELD RIGHT OF WAY,LEONARD SPRINGS RD,15646
2012,1,6,Weekday,1800,2-Car,No injury/unknown,FOLLOWING TOO CLOSELY,BURKS & WALNUT ST,15647
2012,9,3,Weekday,2100,2-Car,Non-incapacitating,FOLLOWING TOO CLOSELY,BURKS & WALNUT ST,15648
2012,6,5,Weekday,1000,2-Car,No injury/unknown,BRAKE FAILURE OR DEFECTIVE,WEST HEATHERWOOD LN,15649
2012,6,1,Weekend,0,2-Car,No injury/unknown,OTHER (DRIVER) - EXPLAIN IN NARRATIVE,GLASGOW CIR,15650
2012,12,5,Weekday,1300,2-Car,No injury/unknown,DRIVER DISTRACTED - EXPLAIN IN NARRATIVE,AIRPORT & GARRISON CHAPEL RD,15651
2012,5,7,Weekend,1400,2-Car,No injury/unknown,IMPROPER TURNING,S WALNUT ST,15652
2012,5,7,Weekend,1400,2-Car,No injury/unknown,UNSAFE SPEED,S WALNUT ST PIKE,15653
2012,8,6,Weekday,1200,2-Car,No injury/unknown,UNSAFE BACKING,S WALNUT ST PIKE,15654
2012,12,7,Weekend,1500,2-Car,No injury/unknown,LEFT OF CENTER,EASTMONT AVE & VALMORE,15655
2012,5,7,Weekend,2100,2-Car,No injury/unknown,FAILURE TO YIELD RIGHT OF WAY,BURKS DR & WALNUT ST,15656
2012,2,5,Weekday,1400,1-Car,No injury/unknown,IMPROPER LANE USAGE,WEST STATE ROAD 45,15657
2012,5,1,Weekend,200,2-Car,No injury/unknown,UNSAFE BACKING,45 HWY,15658
2012,1,3,Weekday,1500,2-Car,No injury/unknown,DRIVER DISTRACTED - EXPLAIN IN NARRATIVE,WEST STATE RD 45 RD,15659
2012,1,7,Weekend,2000,2-Car,No injury/unknown,UNSAFE BACKING,WEST STATE ROAD 45 RD,15660
2012,1,5,Weekday,1400,2-Car,No injury/unknown,OTHER (DRIVER) - EXPLAIN IN NARRATIVE,WEST 45 HWY,15661
2012,1,5,Weekday,1100,2-Car,No injury/unknown,FAILURE TO YIELD RIGHT OF WAY,WEST 45 HWY,15662
2012,2,4,Weekday,1000,2-Car,No injury/unknown,FAILURE TO YIELD RIGHT OF WAY,SR45W,15663
2012,2,7,Weekend,1200,3+ Cars,No injury/unknown,IMPROPER TURNING,W STATE ROAD 45 RD,15664
2012,2,7,Weekend,0,2-Car,No injury/unknown,ROADWAY SURFACE CONDITION,W SR45 HWY,15665
2012,3,5,Weekday,1200,2-Car,No injury/unknown,UNSAFE BACKING,SR45W,15666
2012,3,7,Weekend,1700,2-Car,No injury/unknown,OTHER (DRIVER) - EXPLAIN IN NARRATIVE,W SR 45 RD,15667
2012,3,7,Weekend,2000,2-Car,No injury/unknown,OTHER (DRIVER) - EXPLAIN IN NARRATIVE,WEST ST RD 45 HWY,15668
2012,7,5,Weekday,1500,2-Car,No injury/unknown,FAILURE TO YIELD RIGHT OF WAY,WEST STATE ROAD 45 HWY,15669
2012,5,7,Weekend,1400,2-Car,No injury/unknown,OTHER (DRIVER) - EXPLAIN IN NARRATIVE,WEST 45 HWY,15670
2012,6,2,Weekday,1800,2-Car,No injury/unknown,UNSAFE BACKING,W STATE ROAD 45 RD,15671
2012,6,1,Weekend,1100,2-Car,No injury/unknown,OTHER (DRIVER) - EXPLAIN IN NARRATIVE,WEST 45 HWY,15672
2012,7,1,Weekday,2200,2-Car,No injury/unknown,FAILURE TO YIELD RIGHT OF WAY,SR45W,15673
2012,7,5,Weekday,1800,1-Car,No injury/unknown,RAN OFF ROAD RIGHT,W STATE ROAD 45 RD,15674
2012,7,4,Weekday,1300,2-Car,No injury/unknown,LEFT OF CENTER,SR45W,15675
2012,7,1,Weekend,1100,2-Car,No injury/unknown,IMPROPER LANE USAGE,WEST 45 HWY,15676
2012,8,1,Weekend,900,1-Car,No injury/unknown,UNSAFE BACKING,WEST STATE ROAD 45 HWY,15677
2012,8,1,Weekend,1500,2-Car,No injury/unknown,UNSAFE LANE MOVEMENT,STATE ROAD 45 RD,15678
2012,9,1,Weekend,1600,2-Car,No injury/unknown,OTHER (DRIVER) - EXPLAIN IN NARRATIVE,SR45W,15679
2012,9,5,Weekday,1300,Pedestrian,Non-incapacitating,ANIMAL/OBJECT IN ROADWAY,SR45W,15680
2012,11,7,Weekend,1700,2-Car,No injury/unknown,FAILURE TO YIELD RIGHT OF WAY,SR45W,15681
2012,12,4,Weekday,1500,2-Car,No injury/unknown,FAILURE TO YIELD RIGHT OF WAY,W STATE ROAD 45 RD,15682
2012,4,5,Weekday,1500,2-Car,No injury/unknown,FAILURE TO YIELD RIGHT OF WAY,GILLHAM & SR45W,15683
2012,1,6,Weekend,2000,2-Car,No injury/unknown,ROADWAY SURFACE CONDITION,HAYS & S ROGERS ST,15684
2012,2,3,Weekday,600,1-Car,No injury/unknown,ANIMAL/OBJECT IN ROADWAY,FULLERTON & SR37S,15685
2012,4,5,Weekday,700,3+ Cars,No injury/unknown,FOLLOWING TOO CLOSELY,SOUTH & WALNUT ST,15686
2012,11,1,Weekend,1800,1-Car,No injury/unknown,ANIMAL/OBJECT IN ROADWAY,SR37S & W FULLERTON,15687
2012,4,3,Weekday,1900,Moped/Motorcycle,Non-incapacitating,RAN OFF ROAD RIGHT,CRAMER CIR,15688
2012,5,3,Weekday,2200,Moped/Motorcycle,No injury/unknown,ANIMAL/OBJECT IN ROADWAY,FULLERTON & ROCKPORT RD,15689
2012,1,2,Weekday,1600,2-Car,No injury/unknown,FAILURE TO YIELD RIGHT OF WAY,BARGE & LEONARD SPRINGS RD,15690
2012,2,7,Weekend,700,1-Car,Non-incapacitating,RAN OFF ROAD RIGHT,ROCKPORT & SR37S,15691
2012,11,4,Weekday,800,2-Car,No injury/unknown,SPEED TOO FAST FOR WEATHER CONDITIONS,HEATHER & WALNUT STREET PIKE PIKE,15692
2012,1,1,Weekend,1000,2-Car,No injury/unknown,FOLLOWING TOO CLOSELY,MILL STONE & SARE RD,15693
2012,1,5,Weekday,2300,1-Car,Non-incapacitating,RAN OFF ROAD RIGHT,CAROWIND & S FAIRFAX RD,15694
2012,1,2,Weekday,1700,2-Car,No injury/unknown,UNSAFE SPEED,EASTMONT AVE & VALMORE,15695
2012,1,6,Weekend,2100,1-Car,No injury/unknown,ANIMAL/OBJECT IN ROADWAY,ELLER & SR45W,15696
2012,10,4,Weekday,1200,2-Car,No injury/unknown,FAILURE TO YIELD RIGHT OF WAY,1100 N JORDAN AVE & 17TH,15697
2012,8,5,Weekday,1800,1-Car,No injury/unknown,OTHER (ENVIRONMENTAL) - EXPLAIN IN NARR,14TH & WALNUT ST,15698
2012,9,4,Weekday,2300,Moped/Motorcycle,Non-incapacitating,RAN OFF ROAD RIGHT,FULLERTON PIKE & SHARON,15699
2012,3,6,Weekday,1800,2-Car,No injury/unknown,OTHER (DRIVER) - EXPLAIN IN NARRATIVE,KENNEDY DR,15700
2012,6,2,Weekday,1700,2-Car,No injury/unknown,UNSAFE BACKING,BUSHMILL & BUSHMILL DR,15701
2012,4,5,Weekday,1800,2-Car,Non-incapacitating,LEFT OF CENTER,S GARRISON CHAPEL RD & W ELLER,15702
2012,4,7,Weekend,1700,1-Car,No injury/unknown,RAN OFF ROAD RIGHT,ELLER & S GARRISON CHAPEL RD,15703
2012,6,4,Weekday,1700,1-Car,No injury/unknown,RAN OFF ROAD RIGHT,S GARRISON CHAPEL RD & W ELLER,15704
2012,6,6,Weekday,700,2-Car,No injury/unknown,FAILURE TO YIELD RIGHT OF WAY,SR45N & W LEONARD SPRINGS,15705
2012,5,5,Weekday,1700,2-Car,No injury/unknown,SPEED TOO FAST FOR WEATHER CONDITIONS,ELLER & SR45S,15706
2012,2,4,Weekday,1000,3+ Cars,Non-incapacitating,FOLLOWING TOO CLOSELY,FULLERTON & SR37S,15707
2012,3,5,Weekday,1100,2-Car,Non-incapacitating,DISREGARD SIGNAL/REG SIGN,FULLERTON & SR37S,15708
2012,3,2,Weekday,1200,2-Car,No injury/unknown,DISREGARD SIGNAL/REG SIGN,FULLERTON & SR37S,15709
2012,5,1,Weekend,1800,2-Car,No injury/unknown,FAILURE TO YIELD RIGHT OF WAY,FULLERTON & SR37S,15710
2012,5,2,Weekday,1600,3+ Cars,Non-incapacitating,UNSAFE SPEED,FULLERTON & SR37,15711
2012,6,5,Weekday,1800,3+ Cars,No injury/unknown,FOLLOWING TOO CLOSELY,FULLERTON & SR37N,15712
2012,7,6,Weekday,1600,3+ Cars,Incapacitating,FOLLOWING TOO CLOSELY,FULLERTON & SR37N,15713
2012,12,2,Weekday,900,2-Car,No injury/unknown,FAILURE TO YIELD RIGHT OF WAY,FULLERTON & SR37N,15714
2012,6,1,Weekend,1600,2-Car,No injury/unknown,UNSAFE BACKING,CRAMER & WICKENS DR,15715
2012,6,6,Weekday,1600,Moped/Motorcycle,Non-incapacitating,FAILURE TO YIELD RIGHT OF WAY,3RD & LIBERTY DR,15716
2012,7,2,Weekday,800,2-Car,No injury/unknown,DISREGARD SIGNAL/REG SIGN,SOUTH ISON & WEST LEONARD SPRINGS RD,15717
2012,10,2,Weekday,1200,1-Car,No injury/unknown,IMPROPER LANE USAGE,LEONARD SPRINGS RD,15718
2012,4,6,Weekend,1900,2-Car,Non-incapacitating,FAILURE TO YIELD RIGHT OF WAY,ELLER & SR45W,15719
2012,6,7,Weekend,1200,1-Car,No injury/unknown,ANIMAL/OBJECT IN ROADWAY,ELLER & SR45W,15720
2012,11,7,Weekend,1700,2-Car,Incapacitating,FAILURE TO YIELD RIGHT OF WAY,FULLERTON & SR37N,15721
2012,5,7,Weekend,1700,2-Car,No injury/unknown,DISREGARD SIGNAL/REG SIGN,FULLERTON & SR37S,15722
2012,12,2,Weekday,2000,3+ Cars,Non-incapacitating,FAILURE TO YIELD RIGHT OF WAY,FULLERTON & SR37,15723
2012,10,5,Weekday,1700,2-Car,Non-incapacitating,FAILURE TO YIELD RIGHT OF WAY,FULLERTON & SR37S,15724
2012,10,4,Weekday,1800,2-Car,No injury/unknown,FAILURE TO YIELD RIGHT OF WAY,FULLERTON PIKE & ROCKPORT,15725
2012,12,7,Weekend,1300,2-Car,No injury/unknown,FAILURE TO YIELD RIGHT OF WAY,FULLERTON & ROCKPORT RD,15726
2012,2,2,Weekday,1500,1-Car,No injury/unknown,RAN OFF ROAD RIGHT,FULLERTON PIKE,15727
2012,5,6,Weekday,900,2-Car,No injury/unknown,FOLLOWING TOO CLOSELY,FULLERTON PIKE,15728
2012,5,3,Weekday,700,1-Car,Non-incapacitating,RAN OFF ROAD RIGHT,HARRELL & RHORER RD,15729
2012,9,7,Weekend,1200,2-Car,No injury/unknown,UNSAFE BACKING,LEONARD SPRINGS RD,15730
2012,6,4,Weekday,1700,1-Car,No injury/unknown,BRAKE FAILURE OR DEFECTIVE,SOUTH WALNUT ST,15731
2012,5,3,Weekday,1300,2-Car,No injury/unknown,FOLLOWING TOO CLOSELY,3320 RHORER RD & HARRELL,15732
2012,3,4,Weekday,300,Moped/Motorcycle,No injury/unknown,OTHER (DRIVER) - EXPLAIN IN NARRATIVE,SOUTH ROGERS & WEST GORDON PIKE,15733
2012,12,6,Weekday,1700,1-Car,No injury/unknown,ROADWAY SURFACE CONDITION,300 W GORDON PIKE & ROGERS,15734
2012,12,6,Weekend,2200,1-Car,No injury/unknown,RAN OFF ROAD RIGHT,ROGERS & W GORDON PIKE,15735
2012,12,6,Weekday,800,2-Car,Non-incapacitating,LEFT OF CENTER,GORDON PIKE & ROGERS,15736
2012,3,2,Weekday,1600,2-Car,No injury/unknown,OTHER (DRIVER) - EXPLAIN IN NARRATIVE,ROGERS & WEST GORDON PIKE,15737
2012,6,5,Weekday,500,2-Car,No injury/unknown,OTHER (DRIVER) - EXPLAIN IN NARRATIVE,W GORDON PIKE,15738
2012,1,5,Weekday,1600,2-Car,No injury/unknown,FOLLOWING TOO CLOSELY,JAMIE & RHORER RD,15739
2012,2,5,Weekday,900,2-Car,No injury/unknown,FOLLOWING TOO CLOSELY,JAMIE & RHORER RD,15740
2012,8,6,Weekend,2100,2-Car,No injury/unknown,FAILURE TO YIELD RIGHT OF WAY,JAMIE & RHORER RD,15741
2012,9,2,Weekday,1700,Moped/Motorcycle,Incapacitating,UNSAFE LANE MOVEMENT,GORDON PIKE & S ROGERS,15742
2012,9,6,Weekday,1700,2-Car,Non-incapacitating,UNSAFE LANE MOVEMENT,GORDON PIKE & W GORDON,15743
2012,12,7,Weekend,1600,2-Car,No injury/unknown,UNSAFE BACKING,W GORDON PIKE & WALNUT,15744
2012,12,2,Weekday,1700,2-Car,No injury/unknown,UNSAFE BACKING,W GORDON PIKE & WALNUT,15745
2012,12,6,Weekday,1200,2-Car,No injury/unknown,FOLLOWING TOO CLOSELY,RHORER RD & S WALNUT,15746
2012,12,5,Weekday,700,Pedestrian,Fatal,PEDESTRIAN ACTION,NIMIT & RHORER RD,15747
2012,2,5,Weekday,1600,2-Car,No injury/unknown,FOLLOWING TOO CLOSELY,RHORER RD & S WALNUT ST,15748
2012,9,2,Weekday,700,2-Car,Non-incapacitating,UNSAFE SPEED,JAMIE & RHORER RD,15749
2012,12,3,Weekday,1700,2-Car,No injury/unknown,VIEW OBSTRUCTED,E RHORER RD & S TWO CREEKS,15750
2012,6,4,Weekday,700,2-Car,No injury/unknown,FAILURE TO YIELD RIGHT OF WAY,RHORER RD & SARE,15751
2012,6,3,Weekday,800,2-Car,Incapacitating,FAILURE TO YIELD RIGHT OF WAY,RHORER RD & SARE,15752
2012,2,4,Weekday,1300,2-Car,No injury/unknown,FAILURE TO YIELD RIGHT OF WAY,RHORER & WALNUT STREET PIKE,15753
2012,2,6,Weekday,1600,2-Car,No injury/unknown,FOLLOWING TOO CLOSELY,RHORER & WALNUT ST,15754
2012,4,2,Weekday,2100,2-Car,Non-incapacitating,DISREGARD SIGNAL/REG SIGN,RHORER & S WALNUT ST,15755
2012,4,3,Weekday,800,3+ Cars,Non-incapacitating,FAILURE TO YIELD RIGHT OF WAY,RHORER & S WALNUT ST,15756
2012,6,5,Weekday,400,2-Car,No injury/unknown,FAILURE TO YIELD RIGHT OF WAY,RHORER RD & WALNUT STREET,15757
2012,6,4,Weekday,700,3+ Cars,No injury/unknown,FOLLOWING TOO CLOSELY,RHORER RD & WALNUT STREET,15758
2012,8,3,Weekday,1800,2-Car,No injury/unknown,FOLLOWING TOO CLOSELY,RHORER RD & WALNUT STREET,15759
2012,10,3,Weekday,1200,2-Car,Incapacitating,FAILURE TO YIELD RIGHT OF WAY,RHORER & S WALNUT ST,15760
2012,11,7,Weekend,1300,2-Car,No injury/unknown,ROADWAY SURFACE CONDITION,RHORER RD & WALNUT,15761
2012,11,1,Weekend,1100,2-Car,No injury/unknown,FAILURE TO YIELD RIGHT OF WAY,RHORER RD & WALNUT STREET,15762
2012,12,2,Weekday,1900,2-Car,No injury/unknown,FAILURE TO YIELD RIGHT OF WAY,RHORER RD & WALNUT STREET,15763
2012,12,3,Weekday,1200,2-Car,No injury/unknown,OTHER (DRIVER) - EXPLAIN IN NARRATIVE,ROARER RD & WALNUT STREET,15764
2012,1,3,Weekday,1900,2-Car,Non-incapacitating,FAILURE TO YIELD RIGHT OF WAY,S OLD STATE RD 37 & W GORDON PIKE,15765
2012,8,4,Weekday,1900,2-Car,Non-incapacitating,FOLLOWING TOO CLOSELY,RHORER & WALNUT ST,15766
2012,8,5,Weekday,1300,2-Car,No injury/unknown,DISREGARD SIGNAL/REG SIGN,RHORER & WALNUT ST,15767
2012,9,2,Weekday,1800,3+ Cars,No injury/unknown,FOLLOWING TOO CLOSELY,GORDON PIKE & WALNUT,15768
2012,7,2,Weekday,1800,1-Car,Non-incapacitating,RAN OFF ROAD RIGHT,E RHORER RD,15769
2012,11,6,Weekday,0,2-Car,No injury/unknown,SPEED TOO FAST FOR WEATHER CONDITIONS,RHORER & SNODDY RD,15770
2012,12,7,Weekend,1100,1-Car,No injury/unknown,SPEED TOO FAST FOR WEATHER CONDITIONS,MOORES CREEK RD & STERLING,15771
2012,4,1,Weekend,1400,2-Car,No injury/unknown,UNSAFE BACKING,SOUTH WALNUT ST,15772
2012,5,3,Weekday,1700,2-Car,No injury/unknown,OTHER (DRIVER) - EXPLAIN IN NARRATIVE,SOUTH WALNUT ST,15773
2012,8,7,Weekend,1600,2-Car,No injury/unknown,OTHER (DRIVER) - EXPLAIN IN NARRATIVE,OLD 37 SOUTH RD,15774
2012,4,6,Weekend,2100,Moped/Motorcycle,Incapacitating,UNSAFE SPEED,LEONARD SPRINGS & LEONARD SPRINGS RD,15775
2012,2,2,Weekday,1700,1-Car,No injury/unknown,ANIMAL/OBJECT IN ROADWAY,DUNLAP & SR45W,15776
2012,11,1,Weekend,1200,2-Car,No injury/unknown,FOLLOWING TOO CLOSELY,DUNLAP & SR45W,15777
2012,11,2,Weekday,700,2-Car,No injury/unknown,SPEED TOO FAST FOR WEATHER CONDITIONS,DUNLAP & SR45W,15778
2012,8,5,Weekday,1700,2-Car,Non-incapacitating,UNSAFE LANE MOVEMENT,S ORCHARD & SR37S,15779
2012,7,5,Weekday,1700,2-Car,No injury/unknown,FOLLOWING TOO CLOSELY,DUNLAP & SR45W,15780
2012,12,1,Weekend,1800,2-Car,Non-incapacitating,LEFT OF CENTER,BOLIN & ROCKPORT RD,15781
2012,8,5,Weekday,1400,2-Car,Non-incapacitating,FOLLOWING TOO CLOSELY,HILLSIDE & ROGERS ST,15782
2012,7,2,Weekday,1700,1-Car,No injury/unknown,ANIMAL/OBJECT IN ROADWAY,SR37 & VICTOR,15783
2012,11,7,Weekend,2000,1-Car,No injury/unknown,ANIMAL/OBJECT IN ROADWAY,DUNLAP & SR45,15784
2012,5,6,Weekday,1600,2-Car,No injury/unknown,DRIVER DISTRACTED - EXPLAIN IN NARRATIVE,DUNLAP & SR45,15785
2012,5,5,Weekday,500,2-Car,Non-incapacitating,LEFT OF CENTER,S DUNLAP & SR45W,15786
2012,1,6,Weekday,1600,3+ Cars,Non-incapacitating,UNSAFE SPEED,DUNLAP & SR45W,15787
2012,3,2,Weekday,600,1-Car,No injury/unknown,ANIMAL/OBJECT IN ROADWAY,ROCKPORT & SR37N,15788
2012,8,3,Weekday,1700,2-Car,No injury/unknown,IMPROPER LANE USAGE,ROCKPORT & SR37S,15789
2012,11,3,Weekday,600,1-Car,No injury/unknown,ANIMAL/OBJECT IN ROADWAY,ROCKPORT & SR37,15790
2012,12,6,Weekday,1800,Pedestrian,Non-incapacitating,LEFT OF CENTER,HOLLAND & S WALNUT STREET PIKE,15791
2012,7,1,Weekend,1700,Moped/Motorcycle,Non-incapacitating,OVERCORRECTING/OVERSTEERING,AIRY HILLS & HARRODSBURG,15792
2012,11,3,Weekday,2100,1-Car,No injury/unknown,OTHER (VEHICLE) - EXPLAIN IN NARRATIVE,ORCHARD & S COLLEGE DR,15793
2012,12,5,Weekday,0,1-Car,Non-incapacitating,RAN OFF ROAD RIGHT,PINE GROVE & SR446S,15794
2012,6,6,Weekday,1100,Moped/Motorcycle,No injury/unknown,RAN OFF ROAD RIGHT,45 & GARRISON CHAPEL RD,15795
2012,9,4,Weekday,800,2-Car,Non-incapacitating,FAILURE TO YIELD RIGHT OF WAY,OLD STATE ROAD 37 HWY & ORCHARD,15796
2012,10,3,Weekday,1000,1-Car,No injury/unknown,UNSAFE SPEED,SR37 & THAT RD,15797