year,month,day,weekend,hour,collision_type,injury_type,primary_factor,reported_location,unique_id
2012,5,1,Weekday,2000,1-Car,No injury/unknown,ANIMAL/OBJECT IN ROADWAY,SR37S & ZIKES,16009
2012,6,1,Weekend,700,1-Car,No injury/unknown,RAN OFF ROAD RIGHT,SOUTH STRAIN RIDGE RD,16010
2012,3,5,Weekday,1600,1-Car,Non-incapacitating,RAN OFF ROAD RIGHT,ANNE & STRAIN RIDGE RD,16011
2012,12,6,Weekday,100,1-Car,No injury/unknown,RAN OFF ROAD RIGHT,ANNE & STRAIN RIDGE RDS,16012
2012,4,1,Weekday,1900,Moped/Motorcycle,Non-incapacitating,RAN OFF ROAD RIGHT,HAYS & SR446S,16013
2012,6,6,Weekend,2300,1-Car,Non-incapacitating,RAN OFF ROAD RIGHT,HAYS & SR446S,16014
2012,11,7,Weekend,800,1-Car,Non-incapacitating,RAN OFF ROAD RIGHT,ANNE & STRAINRIDGE RD,16015
2012,4,1,Weekday,2300,1-Car,No injury/unknown,OVERCORRECTING/OVERSTEERING,S OLD ST RD 37 & SR37S,16016
2012,8,2,Weekday,2200,1-Car,Non-incapacitating,ANIMAL/OBJECT IN ROADWAY,SR37S & ZIKES,16017
2012,4,1,Weekend,400,1-Car,No injury/unknown,RAN OFF ROAD RIGHT,HARDING PLACE DR & OLD STATE ROAD 37 SOUTH,16018
2012,8,2,Weekday,1100,1-Car,No injury/unknown,SPEED TOO FAST FOR WEATHER CONDITIONS,PAYNETOWN & SR446S,16019
2012,3,5,Weekday,0,2-Car,Incapacitating,UNSAFE SPEED,SR37S & ZIKES,16020
2012,9,1,Weekend,100,2-Car,No injury/unknown,OTHER (DRIVER) - EXPLAIN IN NARRATIVE,E POINTE RD,16021
2012,9,7,Weekend,0,2-Car,No injury/unknown,OTHER (DRIVER) - EXPLAIN IN NARRATIVE,POINTE RD,16022
2012,10,4,Weekday,1300,2-Car,No injury/unknown,DRIVER DISTRACTED - EXPLAIN IN NARRATIVE,FAIRFAX RD,16023
2012,6,1,Weekday,2000,Moped/Motorcycle,Incapacitating,RAN OFF ROAD RIGHT,E SALT CREEK & SR446S,16024
2012,10,3,Weekday,1700,1-Car,No injury/unknown,RAN OFF ROAD RIGHT,POINTE & STRAIN RIDGE RD,16025
2012,7,1,Weekend,100,2-Car,No injury/unknown,UNSAFE BACKING,E POINTE RD,16026
2012,10,6,Weekday,1600,3+ Cars,Non-incapacitating,SPEED TOO FAST FOR WEATHER CONDITIONS,CURRY PIKE & VERNAL,16027
2012,11,6,Weekend,2200,1-Car,Non-incapacitating,RAN OFF ROAD RIGHT,S KETCHAM RD,16028
2012,5,6,Weekend,2100,2-Car,No injury/unknown,IMPROPER TURNING,2388 S WINSLOW CT & GRAHAM,16029
2012,5,7,Weekend,2000,2-Car,No injury/unknown,UNSAFE SPEED,FAIRFAX RD & MT EABL,16030
2012,11,7,Weekend,900,1-Car,No injury/unknown,RAN OFF ROAD RIGHT,POINT RIDGE LN,16031
2012,2,7,Weekend,1800,1-Car,No injury/unknown,OVERCORRECTING/OVERSTEERING,FAIR FAX & POINTE RD,16032
2012,8,3,Weekday,700,3+ Cars,Non-incapacitating,FOLLOWING TOO CLOSELY,S WALNUT ST & WINSLOW,16033
2012,9,3,Weekday,1300,1-Car,No injury/unknown,ANIMAL/OBJECT IN ROADWAY,ALLENS CREEK & SR446S,16034
2012,7,7,Weekend,700,2-Car,No injury/unknown,UNSAFE BACKING,LAKE RIDGE DR,16035
2012,9,7,Weekend,1100,1-Car,No injury/unknown,ROADWAY SURFACE CONDITION,ALLENS CREEK & SR446S,16036
2012,9,1,Weekend,1400,2-Car,No injury/unknown,OTHER (DRIVER) - EXPLAIN IN NARRATIVE,OLD STATE ROAD 37 SOUTH HWY & SOUTH ROGERS,16037
2012,4,5,Weekday,2000,Moped/Motorcycle,Non-incapacitating,RAN OFF ROAD RIGHT,CHAPEL HILL & SR446S,16038
2012,12,1,Weekend,1400,2-Car,Fatal,LEFT OF CENTER,CHAPEL HILL & SR446S,16039
2012,6,4,Weekday,2200,1-Car,No injury/unknown,ANIMAL/OBJECT IN ROADWAY,CHAPEL HILL & SR446S,16040
2012,9,2,Weekday,1400,1-Car,No injury/unknown,SPEED TOO FAST FOR WEATHER CONDITIONS,ANDERSON & BEANBLOSSOM RD,16041
2012,3,6,Weekend,2200,1-Car,No injury/unknown,ANIMAL/OBJECT IN ROADWAY,MONROE DAM RD & SR37S,16042
2012,6,4,Weekday,1200,3+ Cars,No injury/unknown,UNSAFE LANE MOVEMENT,SR37S,16043
2012,7,3,Weekday,2100,1-Car,Non-incapacitating,RAN OFF ROAD RIGHT,MONROE DAM & STRAIN RIDGE RD,16044
2012,4,5,Weekday,300,1-Car,No injury/unknown,ANIMAL/OBJECT IN ROADWAY,MONROE DAM RD & OLD STATE ROAD 37 SOUTH,16045
2012,1,6,Weekday,900,1-Car,Non-incapacitating,RAN OFF ROAD RIGHT,MONROE DAM RD & STRAIN RIDGE RD,16046
2012,11,4,Weekday,1200,1-Car,No injury/unknown,RAN OFF ROAD RIGHT,CHESTNUT & STRAINRIDGE RD,16047
2012,11,6,Weekday,700,2-Car,No injury/unknown,FOLLOWING TOO CLOSELY,SR37S,16048
2012,4,2,Weekday,2300,1-Car,No injury/unknown,ANIMAL/OBJECT IN ROADWAY,SR37 & ZIKES,16049
2012,9,4,Weekday,1500,1-Car,Non-incapacitating,RAN OFF ROAD RIGHT,E TOWER RIDGE RD & LAST HORSE,16050
2012,12,2,Weekday,1300,2-Car,No injury/unknown,LEFT OF CENTER,SR446S & TOWER RIDGE,16051
2012,1,3,Weekday,600,1-Car,No injury/unknown,RAN OFF ROAD RIGHT,HOBART RD & S OLD ST RD 37,16052
2012,5,4,Weekday,1100,1-Car,Non-incapacitating,RAN OFF ROAD RIGHT,FAIRFAX RD & MCCORMICK,16053
2012,5,7,Weekend,100,Moped/Motorcycle,Non-incapacitating,FAILURE TO YIELD RIGHT OF WAY,HARRODSBURG & POPCORN RD,16054
2012,1,7,Weekend,0,1-Car,No injury/unknown,RAN OFF ROAD RIGHT,MONROE DAM & SR37S,16055
2012,4,1,Weekend,100,1-Car,Fatal,RAN OFF ROAD RIGHT,KETCHAM & POPCORN RD,16056
2012,9,7,Weekend,600,1-Car,No injury/unknown,BRAKE FAILURE OR DEFECTIVE,MONROE DAM & VALLEY MISSION RD,16057
2012,6,6,Weekend,2300,1-Car,No injury/unknown,RAN OFF ROAD RIGHT,KETCHAM & POPCORN RD,16058
2012,9,4,Weekday,2200,1-Car,No injury/unknown,RAN OFF ROAD RIGHT,MONROE DAM CT,16059
2012,1,6,Weekday,1800,2-Car,No injury/unknown,DRIVER DISTRACTED - EXPLAIN IN NARRATIVE,12OO S LIBERTY DR & W 3RD,16060
2012,11,2,Weekday,2200,1-Car,No injury/unknown,ANIMAL/OBJECT IN ROADWAY,DUTCH RIDGE & SR446S,16061
2012,4,3,Weekday,1400,1-Car,Non-incapacitating,RAN OFF ROAD RIGHT,PEDIGO BAY & VALLEY MISSION RD,16062
2012,2,7,Weekend,900,1-Car,No injury/unknown,RAN OFF ROAD RIGHT,POPCORN RD & ROCKPORT,16063
2012,8,6,Weekday,1400,2-Car,No injury/unknown,LEFT OF CENTER,E GUTHRIE RD & SAMANTHA,16064
2012,2,5,Weekday,300,1-Car,Non-incapacitating,RAN OFF ROAD RIGHT,INGRAM & SR37N,16065
2012,7,1,Weekday,2000,1-Car,No injury/unknown,OVERCORRECTING/OVERSTEERING,GORE & SOUTH OLD STATE ROAD 37 HWY,16066
2012,11,6,Weekend,2000,1-Car,Incapacitating,RAN OFF ROAD RIGHT,GORE & OLD STATE ROAD 37 RD,16067
2012,6,2,Weekday,700,2-Car,No injury/unknown,FAILURE TO YIELD RIGHT OF WAY,RAMP CREEK & SHIELDS RIDGE RD,16068
2012,12,4,Weekday,2200,1-Car,Non-incapacitating,RAN OFF ROAD RIGHT,BREEDEN RD & TOM PHILLIPS,16069
2012,3,2,Weekday,1400,1-Car,No injury/unknown,RAN OFF ROAD RIGHT,SMITHVILLE RD & ZIKES,16070
2012,11,5,Weekday,500,1-Car,No injury/unknown,ANIMAL/OBJECT IN ROADWAY,SR37S & ZIKES,16071
2012,9,3,Weekday,1000,1-Car,Non-incapacitating,RAN OFF ROAD RIGHT,SHUFFLE CREEK RD & SOUTHSHORE,16072
2012,12,5,Weekday,2000,1-Car,No injury/unknown,ANIMAL/OBJECT IN ROADWAY,HINDS & KIRKSVILLE RD,16073
2012,10,4,Weekday,1300,1-Car,Non-incapacitating,LEFT OF CENTER,FAIRFAX RD & POINT,16074
2012,12,1,Weekend,1200,1-Car,Non-incapacitating,RAN OFF ROAD RIGHT,FLUCK MILL & KETCHUM RD,16075
2012,8,1,Weekend,600,1-Car,No injury/unknown,RAN OFF ROAD RIGHT,9900 SOUTH OLD STATE ROAD 37 RD & HARRODSBURG,16076
2012,8,3,Weekday,1400,2-Car,No injury/unknown,UNSAFE SPEED,N OLD STATE RD 37 RD & WISHNAND,16077
2012,7,3,Weekday,2200,1-Car,No injury/unknown,ANIMAL/OBJECT IN ROADWAY,ACUFF & SR37N,16078
2012,4,3,Weekday,1700,2-Car,Non-incapacitating,FAILURE TO YIELD RIGHT OF WAY,BALFOUR & SR45-46E,16079
2012,1,4,Weekday,500,1-Car,Incapacitating,DRIVER ILLNESS,EXIT 10 & SR37S,16080
2012,3,3,Weekday,1100,Moped/Motorcycle,Incapacitating,ROADWAY SURFACE CONDITION,E MOORES PKWY & S PICKWICK,16081
2012,5,6,Weekend,2000,1-Car,Non-incapacitating,RAN OFF ROAD RIGHT,SR446 & TEXAS RIDGE RD,16082
2012,7,2,Weekday,1900,2-Car,Non-incapacitating,DRIVER DISTRACTED - EXPLAIN IN NARRATIVE,RAILROAD TRACKS & SR45E,16083
2012,8,5,Weekday,2100,1-Car,Non-incapacitating,RAN OFF ROAD RIGHT,CURRY & GATES DR,16084
2012,8,1,Weekend,0,1-Car,Non-incapacitating,RAN OFF ROAD RIGHT,SISCOE & SR46W,16085
2012,1,6,Weekday,1400,2-Car,No injury/unknown,FOLLOWING TOO CLOSELY,3RD & SR37S,16086
2012,1,7,Weekend,1000,1-Car,No injury/unknown,RAN OFF ROAD RIGHT,S HARRODSBURG RD & SOUTH OLD SR37,16087
2012,1,3,Weekday,600,1-Car,No injury/unknown,ANIMAL/OBJECT IN ROADWAY,MOORMAN & SR37S,16088
2012,1,6,Weekday,500,2-Car,No injury/unknown,SPEED TOO FAST FOR WEATHER CONDITIONS,E COVENANTER DR & E STRATUM,16089
2012,1,5,Weekday,600,1-Car,No injury/unknown,OVERCORRECTING/OVERSTEERING,SR45E & TUNELL ROAD,16090
2012,1,7,Weekend,1500,2-Car,No injury/unknown,IMPROPER PASSING,11TH & FEE LN,16091
2012,1,1,Weekend,1700,Pedestrian,No injury/unknown,FAILURE TO YIELD RIGHT OF WAY,COLLEGE MALL RD & PRIVATE DRIVE TO MALL,16092
2012,1,3,Weekday,700,1-Car,No injury/unknown,SPEED TOO FAST FOR WEATHER CONDITIONS,MONROE LAKE & SR37,16093
2012,1,3,Weekday,1000,2-Car,No injury/unknown,FOLLOWING TOO CLOSELY,SR45S,16094
2012,1,4,Weekday,900,2-Car,No injury/unknown,UNSAFE LANE MOVEMENT,2600 BLOCK OF EAST TENTH ST & 4546 BYPASS,16095
2012,1,6,Weekend,2000,Bus,No injury/unknown,ROADWAY SURFACE CONDITION,CAMPBELL & HARTSTRAT RD,16096
2012,1,1,Weekend,1100,1-Car,No injury/unknown,ROADWAY SURFACE CONDITION,MOORES & STIPP RD,16097
2012,3,5,Weekday,1500,2-Car,No injury/unknown,FOLLOWING TOO CLOSELY,BUSINESS 37 RD & STATE ROAD 37,16098
2012,3,6,Weekday,1100,2-Car,No injury/unknown,FAILURE TO YIELD RIGHT OF WAY,HARTSTRAIGHT & TEMPERANCE ST,16099
2012,3,7,Weekend,1700,2-Car,No injury/unknown,VIEW OBSTRUCTED,FAIR FAX & SR37S,16100
2012,3,2,Weekday,2100,2-Car,No injury/unknown,OTHER (DRIVER) - EXPLAIN IN NARRATIVE,E STRATUM WAY DR,16101
2012,1,3,Weekday,0,1-Car,No injury/unknown,ANIMAL/OBJECT IN ROADWAY,STONY BROOK DR DR & W BROOKFIELD CT,16102
2012,1,7,Weekend,1800,1-Car,No injury/unknown,ANIMAL/OBJECT IN ROADWAY,SR446N & UNKNOWN,16103
2012,1,5,Weekday,1800,1-Car,No injury/unknown,UNSAFE BACKING,ASSEMBLY HALL NORTH DR & FEE,16104
2012,1,5,Weekday,1600,2-Car,No injury/unknown,FOLLOWING TOO CLOSELY,CURRY PIKE & YOST,16105
2012,2,5,Weekday,1400,Cyclist,No injury/unknown,FAILURE TO YIELD RIGHT OF WAY,E 11TH & N FEE LN,16106
2012,2,7,Weekend,2200,2-Car,No injury/unknown,DISREGARD SIGNAL/REG SIGN,SB RAMP N ST RD 37 & SR46E,16107
2012,2,1,Weekend,700,1-Car,No injury/unknown,OVERCORRECTING/OVERSTEERING,N BUSINESS 37 HWY & STATE ROAD 37 NORTH,16108
2012,2,7,Weekend,100,2-Car,No injury/unknown,SPEED TOO FAST FOR WEATHER CONDITIONS,COVENANTER DR & STRATUM,16109
2012,2,6,Weekday,1200,2-Car,No injury/unknown,FAILURE TO YIELD RIGHT OF WAY,2709 E TENTH ST & EAST UNINVERSITY,16110
2012,2,1,Weekend,1300,2-Car,No injury/unknown,FOLLOWING TOO CLOSELY,SR37S,16111
2012,2,4,Weekday,1000,2-Car,No injury/unknown,FAILURE TO YIELD RIGHT OF WAY,JOHNSON AVE AVE & VALHALLA DRIVE,16112
2012,2,4,Weekday,1000,2-Car,No injury/unknown,UNSAFE LANE MOVEMENT,PACKINGHOUSE & VERNAL PIKE,16113
2012,2,3,Weekday,0,1-Car,No injury/unknown,SPEED TOO FAST FOR WEATHER CONDITIONS,RATTS & SR46W,16114
2012,2,5,Weekday,1300,1-Car,No injury/unknown,OTHER (DRIVER) - EXPLAIN IN NARRATIVE,100 S HAWTHORNE DR & EAST THIRD,16115
2012,2,2,Weekday,1600,2-Car,No injury/unknown,FOLLOWING TOO CLOSELY,46 BYP & EAST GATE,16116
2012,2,7,Weekend,2000,2-Car,No injury/unknown,DRIVER DISTRACTED - EXPLAIN IN NARRATIVE,CURRY PIKE & GIRRORD,16117
2012,2,4,Weekday,1000,2-Car,No injury/unknown,FOLLOWING TOO CLOSELY,SR37N,16118
2012,2,4,Weekday,1900,2-Car,No injury/unknown,DRIVER DISTRACTED - EXPLAIN IN NARRATIVE,46 BYP & FEE,16119
2012,2,5,Weekday,1300,1-Car,No injury/unknown,UNSAFE SPEED,SR37S,16120
2012,3,2,Weekday,900,1-Car,No injury/unknown,SPEED TOO FAST FOR WEATHER CONDITIONS,11TH & 11TH AND FEE GARAGE 5TH FLOOR DR,16121
2012,3,2,Weekday,1800,2-Car,No injury/unknown,FAILURE TO YIELD RIGHT OF WAY,HARTSTRAIT RD & SR46W,16122
2012,3,2,Weekday,1700,1-Car,No injury/unknown,OVERCORRECTING/OVERSTEERING,SR37S & TURKEY TRACK,16123
2012,3,7,Weekend,1900,2-Car,No injury/unknown,HEADLIGHT DEFECTIVE OR NOT ON,BROOKWOOD & SR46,16124
2012,3,4,Weekday,1200,2-Car,No injury/unknown,FAILURE TO YIELD RIGHT OF WAY,EAST FORTH & INDIANA AVE,16125
2012,3,6,Weekday,800,2-Car,No injury/unknown,UNSAFE SPEED,1400 & W ELWREN RD,16126
2012,3,6,Weekday,1200,2-Car,No injury/unknown,OTHER (DRIVER) - EXPLAIN IN NARRATIVE,EAST THIRD & HAWTHORNE ST,16127
2012,4,2,Weekday,1700,2-Car,No injury/unknown,UNSAFE BACKING,COPPER BEACH WAY,16128
2012,4,2,Weekday,1900,1-Car,No injury/unknown,SPEED TOO FAST FOR WEATHER CONDITIONS,SR37S & WHITEHALL CROSSING EXIT,16129
2012,4,2,Weekday,1300,2-Car,No injury/unknown,UNSAFE LANE MOVEMENT,HIGHLAND & THIRD ST,16130
2012,5,4,Weekday,2100,2-Car,No injury/unknown,FAILURE TO YIELD RIGHT OF WAY,CURRY PIKE & WHITEHALL,16131
2012,3,4,Weekday,1200,2-Car,No injury/unknown,UNSAFE BACKING,IU WELLS LIBRARY DR & JORDAN,16132
2012,3,3,Weekday,300,1-Car,No injury/unknown,ANIMAL/OBJECT IN ROADWAY,HARSTRAIGHT RD & W WOODYARD,16133
2012,3,6,Weekend,2000,1-Car,No injury/unknown,RAN OFF ROAD RIGHT,BROWN CO LINE RD & SR37E,16134
2012,3,2,Weekday,1800,2-Car,No injury/unknown,FOLLOWING TOO CLOSELY,E PRESIDENTS & S JORDAN AVE,16135
2012,3,4,Weekday,1200,2-Car,No injury/unknown,UNSAFE BACKING,JORDAN & KIRKWOOD AVE,16136
2012,3,6,Weekday,1400,2-Car,No injury/unknown,FOLLOWING TOO CLOSELY,COLLEGE MALL RDS & THIRD,16137
2012,4,1,Weekend,1200,3+ Cars,No injury/unknown,FOLLOWING TOO CLOSELY,S LEONARD SPRINGS RD & W BLOOMFIELD,16138
2012,4,6,Weekday,1100,2-Car,No injury/unknown,UNSAFE BACKING,601 WEST 2 ST ST,16139
2012,4,6,Weekend,2300,2-Car,No injury/unknown,RAN OFF ROAD RIGHT,JOSHUA DR & MCMILLAN,16140
2012,4,4,Weekday,1000,2-Car,No injury/unknown,FAILURE TO YIELD RIGHT OF WAY,BLOOMFIELD RD & HICKORY LEAF,16141
2012,4,5,Weekday,1000,2-Car,No injury/unknown,UNSAFE LANE MOVEMENT,500BLK W TEMPERANCE ST ST & 5TH,16142
2012,4,6,Weekend,2200,2-Car,No injury/unknown,IMPROPER LANE USAGE,DUNN & E 1ST ST,16143
2012,4,1,Weekend,600,1-Car,No injury/unknown,RAN OFF ROAD RIGHT,EAST TOWER RIDGE RD & SR446,16144
2012,4,3,Weekday,600,1-Car,No injury/unknown,RAN OFF ROAD RIGHT,45 46 BYP & EASTGATE,16145
2012,4,4,Weekday,800,1-Car,No injury/unknown,RAN OFF ROAD RIGHT,NORTH ACCESS DRIVE TO BHSN & PROW RD,16146
2012,4,6,Weekday,1800,Bus,No injury/unknown,FAILURE TO YIELD RIGHT OF WAY,10TH ST & TULIP TREE ENTRANCE,16147
2012,4,7,Weekend,1000,2-Car,No injury/unknown,FAILURE TO YIELD RIGHT OF WAY,EAST AND WEST ALY & NORTH AND SOUTH,16148
2012,4,7,Weekend,1000,2-Car,No injury/unknown,FAILURE TO YIELD RIGHT OF WAY,SMITH PIKE & SR46W,16149
2012,4,3,Weekday,400,2-Car,No injury/unknown,OTHER (DRIVER) - EXPLAIN IN NARRATIVE,HARTSTRAIT & SR46W,16150
2012,4,5,Weekday,1300,2-Car,No injury/unknown,FAILURE TO YIELD RIGHT OF WAY,11TH & FEE LN,16151
2012,5,4,Weekday,1100,2-Car,No injury/unknown,OTHER (DRIVER) - EXPLAIN IN NARRATIVE,PARKING LOT ST,16152
2012,5,5,Weekday,700,2-Car,No injury/unknown,OTHER (DRIVER) - EXPLAIN IN NARRATIVE,PHYLLIS & WEST 46 HWY,16153
2012,5,5,Weekday,1300,2-Car,No injury/unknown,OTHER (ENVIRONMENTAL) - EXPLAIN IN NARR,EW NS ALLEY S WASHINGTON ST,16154
2012,5,6,Weekday,1300,2-Car,No injury/unknown,IMPROPER TURNING,CAMPUS CORNER DR & CLARIZZ,16155
2012,6,2,Weekday,2000,1-Car,No injury/unknown,RAN OFF ROAD RIGHT,SR37S,16156
2012,6,5,Weekday,1100,2-Car,No injury/unknown,FAILURE TO YIELD RIGHT OF WAY,PRIVATE DRIVE & SO LIBERTY DR,16157
2012,7,1,Weekend,800,Pedestrian,No injury/unknown,FAILURE TO YIELD RIGHT OF WAY,OUTBACK RD & SR46W,16158
2012,7,5,Weekday,1300,1-Car,No injury/unknown,RAN OFF ROAD RIGHT,MT GILEAD & SR45E,16159
2012,7,6,Weekday,800,2-Car,No injury/unknown,OVERCORRECTING/OVERSTEERING,1200 E TENTH & 600 N FEE LN,16160
2012,7,7,Weekend,2300,2-Car,No injury/unknown,SPEED TOO FAST FOR WEATHER CONDITIONS,E POINT & S STRAINRIDGE RD,16161
2012,7,7,Weekend,1100,2-Car,No injury/unknown,FAILURE TO YIELD RIGHT OF WAY,ALEXANDER & JACOBS DR,16162
2012,5,2,Weekday,1600,2-Car,No injury/unknown,FAILURE TO YIELD RIGHT OF WAY,BLOOMFIELD & LIBERTY DR,16163
2012,4,5,Weekday,800,2-Car,No injury/unknown,FAILURE TO YIELD RIGHT OF WAY,1400 BLK W 14 ST & N ILLINOIS,16164
2012,5,5,Weekday,1400,2-Car,No injury/unknown,UNSAFE LANE MOVEMENT,N MILO B SAMPSON & SR4546E,16165
2012,5,6,Weekday,1300,2-Car,No injury/unknown,DRIVER DISTRACTED - EXPLAIN IN NARRATIVE,2700 E TENTH & 4546 BYPASS HWY,16166
2012,5,2,Weekday,1500,2-Car,No injury/unknown,FOLLOWING TOO CLOSELY,BLOOMFIELD RD & LIBERTY,16167
2012,5,3,Weekday,2300,1-Car,No injury/unknown,TIRE FAILURE OR DEFECTIVE,1185 W 2ND ST & PATTERSON,16168
2012,5,4,Weekday,1200,2-Car,No injury/unknown,UNSAFE BACKING,EAST TEENTH ST & UNION,16169
2012,5,6,Weekend,2100,1-Car,No injury/unknown,ANIMAL/OBJECT IN ROADWAY,HARTSTRAIT & SR46W,16170
2012,5,7,Weekend,0,1-Car,No injury/unknown,RAN OFF ROAD RIGHT,SR37S,16171
2012,5,5,Weekday,700,1-Car,No injury/unknown,ANIMAL/OBJECT IN ROADWAY,ANDERSON RD & TUNNEL,16172
2012,6,2,Weekday,1000,2-Car,No injury/unknown,FOLLOWING TOO CLOSELY,SR37S & W THIRD,16173
2012,6,1,Weekend,1800,2-Car,No injury/unknown,OTHER (DRIVER) - EXPLAIN IN NARRATIVE,PAYNETOWN PARKING LOT,16174
2012,6,3,Weekday,100,2-Car,No injury/unknown,FAILURE TO YIELD RIGHT OF WAY,OAKDALE & SR45E,16175
2012,6,2,Weekday,0,2-Car,No injury/unknown,FAILURE TO YIELD RIGHT OF WAY,ENT TO EASTLAND PLAZA & S COLLEGE MALL RD,16176
2012,6,4,Weekday,1600,2-Car,No injury/unknown,UNSAFE BACKING,SHERWOOD DR & WEST THIRD,16177
2012,6,2,Weekday,1700,1-Car,No injury/unknown,DRIVER ASLEEP OR FATIGUED,45 46 & SR37N,16178
2012,6,7,Weekend,1500,3+ Cars,No injury/unknown,FAILURE TO YIELD RIGHT OF WAY,PRIVATE DRIVE EASTLAND PLAZA & S COLLEGE MALL RD,16179
2012,6,2,Weekday,1000,1-Car,No injury/unknown,UNSAFE BACKING,EW ALLEY IN 500 BLOCK S FESS ALY & FESS,16180
2012,6,1,Weekend,900,Moped/Motorcycle,No injury/unknown,UNSAFE BACKING,W TIMBERS TRL,16181
2012,6,1,Weekend,1800,2-Car,No injury/unknown,FAILURE TO YIELD RIGHT OF WAY,E 3RD ST & PRIVATE,16182
2012,6,1,Weekday,2200,2-Car,No injury/unknown,UNSAFE LANE MOVEMENT,BALFOUR & SR4546S,16183
2012,7,3,Weekday,1400,2-Car,No injury/unknown,OTHER (DRIVER) - EXPLAIN IN NARRATIVE,SISCOE & SR46W,16184
2012,7,5,Weekday,700,2-Car,No injury/unknown,IMPROPER TURNING,AUTO MALL RD & CURRY COLLISION CENTER,16185
2012,7,2,Weekday,1500,Bus,No injury/unknown,UNSAFE LANE MOVEMENT,SR37S,16186
2012,7,1,Weekday,2200,2-Car,No injury/unknown,UNSAFE BACKING,S STATE 45 RD,16187
2012,6,3,Weekday,800,3+ Cars,No injury/unknown,FAILURE TO YIELD RIGHT OF WAY,300 E 2ND ST & 500 S LINCOLN,16188
2012,7,5,Weekday,1100,1-Car,No injury/unknown,IMPROPER TURNING,11TH & 709 N FEE (PARKING GARAGE) LN,16189
2012,7,5,Weekday,1900,2-Car,No injury/unknown,FAILURE TO YIELD RIGHT OF WAY,OLD SR37S HWY & STATE ROAD 37,16190
2012,7,7,Weekend,1000,2-Car,No injury/unknown,OTHER (DRIVER) - EXPLAIN IN NARRATIVE,1100 E 3RD ST & 300 S HAWTHORNE,16191
2012,7,6,Weekday,1600,2-Car,No injury/unknown,SPEED TOO FAST FOR WEATHER CONDITIONS,HARVEST & N UNION VALLEY RD,16192
2012,7,6,Weekday,1800,1-Car,No injury/unknown,DRIVER DISTRACTED - EXPLAIN IN NARRATIVE,S CURRY PIKE,16193
2012,7,2,Weekday,1100,2-Car,No injury/unknown,FAILURE TO YIELD RIGHT OF WAY,S EUCLID & W HOWE ST,16194
2012,7,3,Weekday,1500,1-Car,No injury/unknown,RAN OFF ROAD RIGHT,SR37S,16195
2012,8,4,Weekday,1300,2-Car,No injury/unknown,UNSAFE BACKING,EAST TENTH ST,16196
2012,8,4,Weekday,700,2-Car,No injury/unknown,DISREGARD SIGNAL/REG SIGN,FRANKLIN & W 3RD ST,16197
2012,8,4,Weekday,1200,2-Car,No injury/unknown,UNSAFE BACKING,E BUICK CADILLAC BLVD,16198
2012,7,4,Weekday,1600,1-Car,No injury/unknown,RAN OFF ROAD RIGHT,SOUTH GARRISON CHAPEL RD,16199
2012,7,3,Weekday,2100,2-Car,No injury/unknown,IMPROPER LANE USAGE,CURRY & W THIRD ST,16200
2012,8,5,Weekday,400,1-Car,No injury/unknown,ANIMAL/OBJECT IN ROADWAY,8460 GARDNER RD & GARRISON CHAPPEL,16201
2012,8,5,Weekday,1200,2-Car,No injury/unknown,UNSAFE BACKING,EAST THIRD ST,16202
2012,8,5,Weekday,1600,2-Car,No injury/unknown,UNSAFE BACKING,NORTH FEE LN,16203
2012,8,4,Weekday,1500,2-Car,No injury/unknown,FOLLOWING TOO CLOSELY,CUTRIGHT & SR446S,16204
2012,8,6,Weekday,1400,2-Car,No injury/unknown,FAILURE TO YIELD RIGHT OF WAY,COLLEGEMALL & E 3RD ST,16205
2012,8,6,Weekday,1700,2-Car,No injury/unknown,FOLLOWING TOO CLOSELY,CHAFIN CHAPEL & SR46W,16206
2012,8,7,Weekend,1300,1-Car,No injury/unknown,OTHER (DRIVER) - EXPLAIN IN NARRATIVE,EAST SEVENTEENTH ST,16207
2012,8,1,Weekend,1100,2-Car,No injury/unknown,OTHER (DRIVER) - EXPLAIN IN NARRATIVE,E ALPINE TRL,16208
2012,7,5,Weekday,2100,2-Car,No injury/unknown,UNSAFE BACKING,CAMPGROUND ROAD & PAYNETOWN SRA BEACH PARKING LOOP,16209
2012,8,4,Weekday,2200,1-Car,No injury/unknown,ANIMAL/OBJECT IN ROADWAY,INGRAM & SR37S,16210
2012,8,1,Weekend,1100,2-Car,No injury/unknown,UNSAFE BACKING,3100 BLK COVENANTER DRS & AUTO MALL,16211
2012,8,1,Weekend,1800,2-Car,No injury/unknown,OTHER (DRIVER) - EXPLAIN IN NARRATIVE,PRIVATE & S COLLEGE MALL RD,16212
2012,8,4,Weekday,1000,2-Car,No injury/unknown,UNSAFE LANE MOVEMENT,1300 E 3RD ST & 300 S HIGHLAND,16213
2012,8,4,Weekday,1900,1-Car,No injury/unknown,UNSAFE SPEED,MTGILEAD RD,16214
2012,8,5,Weekday,1800,2-Car,No injury/unknown,SPEED TOO FAST FOR WEATHER CONDITIONS,RAMP 15 & SR 37 SOUTHBOUND RD,16215
2012,8,4,Weekday,1600,2-Car,No injury/unknown,FAILURE TO YIELD RIGHT OF WAY,E UNIVERSITY & SR4546S,16216
2012,6,7,Weekend,2200,2-Car,No injury/unknown,UNSAFE BACKING,13TH ST & WOODBURN,16217