year,month,day,weekend,hour,collision_type,injury_type,primary_factor,reported_location,unique_id
2011,10,6,Weekday,1300,2-Car,Non-incapacitating,DISREGARD SIGNAL/REG SIGN,OUTBACK & SR46W,16641
2011,11,4,Weekday,1600,2-Car,No injury/unknown,FOLLOWING TOO CLOSELY,N UNION VALLEY & SR46W,16642
2011,5,5,Weekday,1700,Moped/Motorcycle,Non-incapacitating,LEFT OF CENTER,E BETHEL LN,16643
2011,1,1,Weekday,2100,2-Car,No injury/unknown,UNSAFE LANE MOVEMENT,UNION VALLEY & W 46 EASTBOUND HWY,16644
2011,1,6,Weekday,1700,3+ Cars,No injury/unknown,DRIVER DISTRACTED - EXPLAIN IN NARRATIVE,SR46W & UNION VALLEY,16645
2011,3,3,Weekday,1500,2-Car,No injury/unknown,FOLLOWING TOO CLOSELY,N UNION VALLEY & SR46W,16646
2011,4,2,Weekday,1800,3+ Cars,Non-incapacitating,FAILURE TO YIELD RIGHT OF WAY,SR46W & UNION VALLEY,16647
2011,7,2,Weekday,1600,2-Car,Non-incapacitating,FAILURE TO YIELD RIGHT OF WAY,N UNION VALLEY RD & SR46W,16648
2011,8,4,Weekday,500,1-Car,No injury/unknown,UNSAFE LANE MOVEMENT,N UNION VALLEY & SR46W,16649
2011,9,3,Weekday,1200,3+ Cars,Non-incapacitating,DISREGARD SIGNAL/REG SIGN,SR46W & UNION VALLEY ROAD,16650
2011,11,2,Weekday,700,2-Car,No injury/unknown,FOLLOWING TOO CLOSELY,SR46W & UNION VALLEY,16651
2011,10,2,Weekday,1700,Moped/Motorcycle,Non-incapacitating,FAILURE TO YIELD RIGHT OF WAY,SR46W & UNIONVALLEY,16652
2011,8,3,Weekday,300,1-Car,No injury/unknown,RAN OFF ROAD RIGHT,EAST BETHEL LN & INNISBROOKE,16653
2011,10,3,Weekday,2000,2-Car,No injury/unknown,DRIVER DISTRACTED - EXPLAIN IN NARRATIVE,NORTH UNION VALLEY ROAD & SR46W,16654
2011,1,6,Weekday,1700,1-Car,No injury/unknown,RAN OFF ROAD RIGHT,E BETHEL LN & STIDD,16655
2011,1,6,Weekend,2200,1-Car,No injury/unknown,ROADWAY SURFACE CONDITION,HARTSTRAIT RD & RATLIFF,16656
2011,5,3,Weekday,1900,Moped/Motorcycle,Incapacitating,FAILURE TO YIELD RIGHT OF WAY,SR46W & UNION VALLEY,16657
2011,7,6,Weekday,400,1-Car,No injury/unknown,ANIMAL/OBJECT IN ROADWAY,SR46W & UNION VALLEY,16658
2011,1,6,Weekday,1600,1-Car,No injury/unknown,RAN OFF ROAD RIGHT,E  BETHEL LN,16659
2011,11,5,Weekday,1300,1-Car,Non-incapacitating,RAN OFF ROAD RIGHT,BETHEL LN & BOLTINGHOUSE,16660
2011,9,4,Weekday,200,1-Car,No injury/unknown,OTHER (DRIVER) - EXPLAIN IN NARRATIVE,TULIP STREET RD,16661
2011,1,6,Weekday,1500,1-Car,No injury/unknown,SPEED TOO FAST FOR WEATHER CONDITIONS,E BETHEL LN & N BAUGH,16662
2011,7,4,Weekday,2300,1-Car,Non-incapacitating,UNSAFE SPEED,BAUGH & BETHEL LN,16663
2011,9,5,Weekday,1700,2-Car,No injury/unknown,LEFT OF CENTER,E BETHEL & N HINKLE RD,16664
2011,7,6,Weekday,1100,2-Car,No injury/unknown,FAILURE TO YIELD RIGHT OF WAY,FORREST PARK & SR46E,16665
2011,5,3,Weekday,700,3+ Cars,Non-incapacitating,FAILURE TO YIELD RIGHT OF WAY,FORREST PARK & SR46W,16666
2011,1,1,Weekend,1600,2-Car,No injury/unknown,FAILURE TO YIELD RIGHT OF WAY,CRIDER & RIDGEWOOD DR,16667
2011,5,3,Weekday,1400,2-Car,No injury/unknown,FOLLOWING TOO CLOSELY,BETHEL LN & WESLEY,16668
2011,2,2,Weekday,1700,2-Car,No injury/unknown,UNSAFE BACKING,S LIBERTY RD,16669
2011,5,4,Weekday,1100,2-Car,No injury/unknown,OTHER (DRIVER) - EXPLAIN IN NARRATIVE,S WALKER ST,16670
2011,7,6,Weekday,1100,2-Car,Non-incapacitating,UNSAFE BACKING,S WALKER ST,16671
2011,6,7,Weekend,400,1-Car,No injury/unknown,ANIMAL/OBJECT IN ROADWAY,OLD MEYERS & OLD STATE ROAD 37 RD,16672
2011,10,2,Weekday,1800,Pedestrian,Incapacitating,PEDESTRIAN ACTION,GRAMERCY PARK DR & N CLAYBROOKE,16673
2011,3,3,Weekday,1200,Moped/Motorcycle,Incapacitating,OTHER (DRIVER) - EXPLAIN IN NARRATIVE,BRIGHTON & SMITH RD,16674
2011,6,2,Weekday,1500,2-Car,Non-incapacitating,FAILURE TO YIELD RIGHT OF WAY,N SMITH & SR46W,16675
2011,10,7,Weekend,1500,2-Car,Non-incapacitating,DISREGARD SIGNAL/REG SIGN,SMITH & SR46W,16676
2011,10,3,Weekday,500,2-Car,No injury/unknown,DRIVER DISTRACTED - EXPLAIN IN NARRATIVE,NORTH SMITH PIKE & SR46,16677
2011,11,4,Weekday,2000,2-Car,No injury/unknown,OTHER (DRIVER) - EXPLAIN IN NARRATIVE,SMITH PIKE & SR46,16678
2011,6,7,Weekend,1300,1-Car,No injury/unknown,ANIMAL/OBJECT IN ROADWAY,ACUFF & SR37N,16679
2011,7,5,Weekday,1900,2-Car,No injury/unknown,DRIVER DISTRACTED - EXPLAIN IN NARRATIVE,SMITH & SR46W,16680
2011,6,4,Weekday,1300,2-Car,Incapacitating,DRIVER ILLNESS,CENTENIAL & SR46W,16681
2011,6,6,Weekday,200,2-Car,No injury/unknown,IMPROPER TURNING,SMITH PIKE & SR46,16682
2011,1,5,Weekday,1400,2-Car,No injury/unknown,FOLLOWING TOO CLOSELY,ARLINGTON ROAD RD & SR46,16683
2011,6,7,Weekend,900,2-Car,Non-incapacitating,FAILURE TO YIELD RIGHT OF WAY,ARLINGTON & SR46W,16684
2011,11,6,Weekday,1800,1-Car,No injury/unknown,ANIMAL/OBJECT IN ROADWAY,ACUFF & SR37N,16685
2011,12,1,Weekday,1900,1-Car,No injury/unknown,ANIMAL/OBJECT IN ROADWAY,ACUFF & SR37N,16686
2011,6,2,Weekday,1600,2-Car,No injury/unknown,FAILURE TO YIELD RIGHT OF WAY,SMITH PIKE & SR46,16687
2011,7,4,Weekday,1700,2-Car,No injury/unknown,FOLLOWING TOO CLOSELY,HARTSTRAIT & RATLIFF RD,16688
2011,7,4,Weekday,1600,1-Car,No injury/unknown,RAN OFF ROAD RIGHT,W BEXLEY & W MAPLE GROVE RD,16689
2011,4,7,Weekend,1700,1-Car,No injury/unknown,RAN OFF ROAD RIGHT,ACUFF RD & SR37,16690
2011,5,2,Weekday,100,1-Car,No injury/unknown,UNSAFE SPEED,ACUFF RD & SR37N,16691
2011,2,7,Weekend,1200,2-Car,No injury/unknown,LEFT OF CENTER,ACUFF RD & SR37N,16692
2011,2,2,Weekday,1400,2-Car,Incapacitating,FAILURE TO YIELD RIGHT OF WAY,ACUFF & SR37N,16693
2011,3,4,Weekday,1800,2-Car,Incapacitating,FAILURE TO YIELD RIGHT OF WAY,ACUFF & SR37,16694
2011,4,7,Weekend,900,2-Car,Incapacitating,FAILURE TO YIELD RIGHT OF WAY,ACUFF ROAD & SR37N,16695
2011,5,4,Weekday,700,2-Car,Non-incapacitating,FAILURE TO YIELD RIGHT OF WAY,ACUFF & SR37N,16696
2011,6,7,Weekend,1300,2-Car,No injury/unknown,OTHER (DRIVER) - EXPLAIN IN NARRATIVE,ACUFF ROAD & SR37,16697
2011,10,4,Weekday,1500,2-Car,No injury/unknown,ROADWAY SURFACE CONDITION,ACUFF RD & SR37,16698
2011,10,3,Weekday,1800,2-Car,No injury/unknown,FAILURE TO YIELD RIGHT OF WAY,ACUFF & SR37N,16699
2011,11,7,Weekend,1300,1-Car,No injury/unknown,RAN OFF ROAD RIGHT,FORREST PARK & SMITH PIKE,16700
2011,6,6,Weekday,1500,2-Car,No injury/unknown,FOLLOWING TOO CLOSELY,FORREST PARK & N SMITH PIKE,16701
2011,11,5,Weekday,1400,2-Car,No injury/unknown,LEFT OF CENTER,FORREST PARK & SMITH PIKE,16702
2011,4,4,Weekday,1200,2-Car,No injury/unknown,UNSAFE BACKING,FORESTVIEW DRIVE & FORESTVIEW DRIVE DR,16703
2011,12,3,Weekday,900,1-Car,No injury/unknown,RAN OFF ROAD RIGHT,FORREST PARK DR & SMITH,16704
2011,1,6,Weekday,1700,2-Car,Non-incapacitating,LEFT OF CENTER,DUNN & OLD STATE ROAD 37 RD,16705
2011,6,1,Weekend,900,1-Car,No injury/unknown,SPEED TOO FAST FOR WEATHER CONDITIONS,N DUNN & N OLD STATE ROAD 37 RD,16706
2011,8,3,Weekday,200,Moped/Motorcycle,Fatal,UNSAFE SPEED,DUNN & OLD SR 37 RD,16707
2011,10,1,Weekend,1100,1-Car,No injury/unknown,RAN OFF ROAD RIGHT,N DUNN ST & N OLD SR 37,16708
2011,12,2,Weekday,2200,1-Car,No injury/unknown,SPEED TOO FAST FOR WEATHER CONDITIONS,NORTH DUNN & NORTH OLD SR 37 RD,16709
2011,1,3,Weekday,1700,2-Car,Non-incapacitating,SPEED TOO FAST FOR WEATHER CONDITIONS,DUNN & OLD SR 37 RD,16710
2011,4,2,Weekday,1600,2-Car,Non-incapacitating,LEFT OF CENTER,DUNN & OLD SR 37 RD,16711
2011,10,6,Weekday,700,1-Car,No injury/unknown,ANIMAL/OBJECT IN ROADWAY,ACUFF & SR37S,16712
2011,9,2,Weekday,1500,1-Car,No injury/unknown,RAN OFF ROAD RIGHT,ARLINGTON RD & SHELBOURNE,16713
2011,7,6,Weekday,600,1-Car,Non-incapacitating,DRIVER ASLEEP OR FATIGUED,SR46 & SR46W,16714
2011,8,3,Weekday,1000,2-Car,Non-incapacitating,FAILURE TO YIELD RIGHT OF WAY,SR46 & SR46W,16715
2011,2,3,Weekday,1400,2-Car,No injury/unknown,IMPROPER PASSING,ARLINGTON RD & SHELBURNE,16716
2011,2,6,Weekday,800,1-Car,No injury/unknown,SPEED TOO FAST FOR WEATHER CONDITIONS,4500 ARLINGTON RD & SHELBURNE,16717
2011,9,2,Weekday,800,2-Car,No injury/unknown,FAILURE TO YIELD RIGHT OF WAY,45 46 & N WALNUT ST,16718
2011,10,1,Weekend,1500,2-Car,No injury/unknown,UNSAFE SPEED,ACUFF & SR37N,16719
2011,10,1,Weekend,300,1-Car,No injury/unknown,TIRE FAILURE OR DEFECTIVE,N BUSINESS RD 37 RD & STATE ROAD 37,16720
2011,1,7,Weekend,1700,1-Car,No injury/unknown,RAN OFF ROAD RIGHT,N WALNUT & OLD STATE RD 37 RD,16721
2011,4,3,Weekday,900,2-Car,No injury/unknown,OTHER (VEHICLE) - EXPLAIN IN NARRATIVE,OLD SR 37 NORTH & WALNUT ST ST,16722
2011,6,3,Weekday,900,3+ Cars,No injury/unknown,FAILURE TO YIELD RIGHT OF WAY,N WALNUT ST & OLD SR 37 N,16723
2011,8,5,Weekday,1300,2-Car,Non-incapacitating,FAILURE TO YIELD RIGHT OF WAY,OLD  STATE RD 37 & WALNUT ST,16724
2011,10,7,Weekend,900,2-Car,No injury/unknown,DRIVER DISTRACTED - EXPLAIN IN NARRATIVE,NORTH WALNUT ST & OLD STATE ROAD 37,16725
2011,10,6,Weekday,1700,2-Car,No injury/unknown,UNSAFE LANE MOVEMENT,1800 N WALNUT ST & N OLD STATE RD 37,16726
2011,1,6,Weekend,2200,1-Car,No injury/unknown,RAN OFF ROAD RIGHT,ACUFF ROAD RD & SR37,16727
2011,3,5,Weekday,1700,2-Car,No injury/unknown,UNSAFE BACKING,W STATE ROAD 46 RD,16728
2011,9,7,Weekend,2100,1-Car,Non-incapacitating,RAN OFF ROAD RIGHT,ACUFF RD & N MAPLE GROVE,16729
2011,6,5,Weekday,1400,2-Car,No injury/unknown,UNSAFE BACKING,4546 BYP,16730
2011,6,5,Weekday,1300,2-Car,No injury/unknown,OTHER (DRIVER) - EXPLAIN IN NARRATIVE,SR46S,16731
2011,9,1,Weekend,1100,1-Car,No injury/unknown,OTHER (DRIVER) - EXPLAIN IN NARRATIVE,SR46E,16732
2011,3,7,Weekend,900,1-Car,No injury/unknown,RAN OFF ROAD RIGHT,RATLIFF & SR45E,16733
2011,5,1,Weekend,200,1-Car,No injury/unknown,SPEED TOO FAST FOR WEATHER CONDITIONS,RATLIFF & SR45E,16734
2011,11,1,Weekend,1400,2-Car,No injury/unknown,SPEED TOO FAST FOR WEATHER CONDITIONS,MARTIN & SR45E,16735
2011,12,2,Weekday,600,Bus,No injury/unknown,FOLLOWING TOO CLOSELY,E MARTIN DRIVE & SR45E,16736
2011,1,5,Weekday,1800,1-Car,No injury/unknown,ROADWAY SURFACE CONDITION,N KINSER PK PIKE,16737
2011,2,6,Weekday,900,1-Car,No injury/unknown,SPEED TOO FAST FOR WEATHER CONDITIONS,GARRISON CHAPEL RD & RICE,16738
2011,12,4,Weekday,600,1-Car,No injury/unknown,ROADWAY SURFACE CONDITION,CARMOLA & N SMITH PIKE,16739
2011,2,3,Weekday,1000,2-Car,No injury/unknown,IMPROPER PASSING,10TH & 2451 EAST 10TH (WEST DRIVE) ST,16740
2011,8,4,Weekday,1300,1-Car,No injury/unknown,OTHER (DRIVER) - EXPLAIN IN NARRATIVE,10TH & 2815 EAST 10TH (NORTH DRIVE) ST,16741
2011,12,3,Weekday,1100,2-Car,No injury/unknown,UNSAFE SPEED,10TH & SR46E,16742
2011,3,3,Weekday,700,1-Car,No injury/unknown,OTHER (DRIVER) - EXPLAIN IN NARRATIVE,N KINSER PIKE,16743
2011,9,5,Weekday,1800,2-Car,No injury/unknown,UNSAFE BACKING,N KINSER PIKE,16744
2011,10,1,Weekday,2300,2-Car,Non-incapacitating,FAILURE TO YIELD RIGHT OF WAY,NORTH DUNN ST & STATE ROAD 45,16745
2011,9,7,Weekend,500,1-Car,No injury/unknown,UNSAFE SPEED,3000 N DUNN ST & LAKEWOOD,16746
2011,10,1,Weekend,300,1-Car,No injury/unknown,RAN OFF ROAD RIGHT,3000 N DUNN AVE & 510 E LAKEWOOD,16747
2011,3,3,Weekday,1500,2-Car,No injury/unknown,OTHER (DRIVER) - EXPLAIN IN NARRATIVE,NORTH KINSER PIKE,16748
2011,8,6,Weekend,1900,1-Car,Non-incapacitating,IMPROPER TURNING,N KINSER PIKE,16749
2011,10,5,Weekday,1500,Pedestrian,Non-incapacitating,PEDESTRIAN ACTION,NORTH KINSER PIKE,16750
2011,1,6,Weekday,1400,2-Car,No injury/unknown,FOLLOWING TOO CLOSELY,3551 N KINSER PIKE & W CLUB HOUSE,16751
2011,6,4,Weekday,800,1-Car,No injury/unknown,SPEED TOO FAST FOR WEATHER CONDITIONS,SR37N & SR46,16752
2011,9,5,Weekday,1100,1-Car,No injury/unknown,OTHER (DRIVER) - EXPLAIN IN NARRATIVE,N HINKLE RD,16753
2011,1,1,Weekend,1500,2-Car,No injury/unknown,FOLLOWING TOO CLOSELY,17TH & ARLINGTON RD,16754
2011,1,3,Weekday,1100,3+ Cars,Non-incapacitating,IMPROPER PASSING,EAST SEVENTH & NORTH UNION ST,16755
2011,1,6,Weekday,1200,1-Car,No injury/unknown,ROADWAY SURFACE CONDITION,ARLINGTON RD & MAPLE GROVE,16756
2011,9,4,Weekday,2000,1-Car,No injury/unknown,OTHER (VEHICLE) - EXPLAIN IN NARRATIVE,N MAPLE GROVE & W ARLINGTON RD,16757
2011,9,4,Weekday,200,1-Car,Incapacitating,RAN OFF ROAD RIGHT,KENWOOD & N DUNN ST,16758
2011,11,1,Weekend,1100,1-Car,Non-incapacitating,DRIVER ASLEEP OR FATIGUED,E KENWOOD & N DUNN ST,16759
2011,10,4,Weekday,1700,1-Car,Incapacitating,DRIVER ILLNESS,KINSER & WINDING WAY,16760
2011,2,7,Weekend,1100,3+ Cars,No injury/unknown,FAILURE TO YIELD RIGHT OF WAY,ARLINGTON RD & NORWEST WOODS,16761
2011,4,2,Weekday,1500,2-Car,Non-incapacitating,OTHER (DRIVER) - EXPLAIN IN NARRATIVE,SR37S & SR46,16762
2011,2,5,Weekday,800,2-Car,No injury/unknown,LEFT OF CENTER,BLUE RIDGE & WALNUT ST,16763
2011,5,6,Weekday,1100,2-Car,No injury/unknown,FAILURE TO YIELD RIGHT OF WAY,BLUE RIDGE & NORTH WALNUT ST,16764
2011,10,5,Weekday,1700,3+ Cars,No injury/unknown,FOLLOWING TOO CLOSELY,2800 N WALNUT ST & BLUE RIDGE,16765
2011,10,2,Weekday,1900,2-Car,Non-incapacitating,IMPROPER TURNING,DANIELS WAY & STATE ROAD 48,16766
2011,11,7,Weekend,2300,1-Car,Non-incapacitating,UNSAFE SPEED,W WOODYEARD RD,16767
2011,8,3,Weekday,800,1-Car,No injury/unknown,OVERCORRECTING/OVERSTEERING,HAWTHORNE ST & THIRD,16768
2011,1,4,Weekday,700,1-Car,Non-incapacitating,ROADWAY SURFACE CONDITION,1230 GARRISON CHAPEL RD & GIFFORD,16769
2011,8,3,Weekday,1300,2-Car,No injury/unknown,FAILURE TO YIELD RIGHT OF WAY,BLUE RIDGE & WALNUT ST,16770
2011,4,4,Weekday,1300,2-Car,No injury/unknown,UNSAFE LANE MOVEMENT,ARLINGTON & SR37N,16771
2011,10,7,Weekend,200,1-Car,No injury/unknown,ANIMAL/OBJECT IN ROADWAY,46 & SR37N,16772
2011,6,5,Weekday,1500,1-Car,No injury/unknown,ANIMAL/OBJECT IN ROADWAY,ARLINGTON & SR37S,16773
2011,11,1,Weekend,1500,2-Car,No injury/unknown,OTHER (DRIVER) - EXPLAIN IN NARRATIVE,WEST BRIARCLIFF DR,16774
2011,9,2,Weekday,500,2-Car,No injury/unknown,UNSAFE LANE MOVEMENT,BRIARCLIFF DR & KINGSLEY,16775
2011,1,3,Weekday,900,2-Car,No injury/unknown,SPEED TOO FAST FOR WEATHER CONDITIONS,SR37N & SR46W,16776
2011,2,4,Weekday,1700,2-Car,Non-incapacitating,BRAKE FAILURE OR DEFECTIVE,SR37 & SR46W,16777
2011,3,7,Weekend,1300,2-Car,No injury/unknown,FOLLOWING TOO CLOSELY,37 & SR46W,16778
2011,7,7,Weekend,1600,Moped/Motorcycle,Non-incapacitating,OTHER (DRIVER) - EXPLAIN IN NARRATIVE,SR37 & SR46,16779
2011,8,3,Weekday,1000,2-Car,No injury/unknown,FOLLOWING TOO CLOSELY,SR37 & SR46,16780
2011,11,7,Weekend,2100,1-Car,No injury/unknown,ANIMAL/OBJECT IN ROADWAY,37 & SR46W,16781
2011,1,7,Weekend,1700,1-Car,No injury/unknown,SPEED TOO FAST FOR WEATHER CONDITIONS,LOESCH RD & WOODYARD,16782
2011,5,5,Weekday,1700,2-Car,No injury/unknown,OTHER (DRIVER) - EXPLAIN IN NARRATIVE,CURRY & SR46W,16783
2011,10,1,Weekday,2000,1-Car,No injury/unknown,ANIMAL/OBJECT IN ROADWAY,N CURRY & SR46W,16784
2011,6,6,Weekday,700,3+ Cars,Non-incapacitating,DRIVER DISTRACTED - EXPLAIN IN NARRATIVE,CURRY & SR46W,16785
2011,9,4,Weekday,400,1-Car,No injury/unknown,RAN OFF ROAD RIGHT,GETTYS CREEK & MT GILEAD RD,16786
2011,4,2,Weekday,2200,1-Car,Non-incapacitating,UNSAFE SPEED,HUDOFF RD & PADDOCK RIDGE,16787
2011,9,1,Weekend,1500,2-Car,No injury/unknown,LEFT OF CENTER,SALT CREEK & SR446S,16788
2011,1,4,Weekday,1500,2-Car,No injury/unknown,FAILURE TO YIELD RIGHT OF WAY,N COLLEGE AVE & W 10TH,16789
2011,1,7,Weekend,800,1-Car,No injury/unknown,SPEED TOO FAST FOR WEATHER CONDITIONS,JUNIPER & TAMARACK TRL,16790
2011,11,3,Weekday,1400,2-Car,No injury/unknown,FAILURE TO YIELD RIGHT OF WAY,ARLINGTON RD & PROW,16791
2011,12,3,Weekday,1600,3+ Cars,No injury/unknown,FOLLOWING TOO CLOSELY,SR37S & VERNAL,16792
2011,12,6,Weekend,2000,1-Car,No injury/unknown,ANIMAL/OBJECT IN ROADWAY,CROSSOVER & SR37N,16793
2011,8,5,Weekday,800,1-Car,No injury/unknown,RAN OFF ROAD RIGHT,BARBARA & GLENDORA DR,16794
2011,8,5,Weekday,1700,2-Car,Non-incapacitating,FAILURE TO YIELD RIGHT OF WAY,FRITZ & WALNUT ST,16795
2011,2,5,Weekday,1900,2-Car,No injury/unknown,OTHER (DRIVER) - EXPLAIN IN NARRATIVE,CURRY PIKE & WOODYARD,16796
2011,3,2,Weekday,1600,1-Car,No injury/unknown,FAILURE TO YIELD RIGHT OF WAY,N CURRY PIKE & WOODYARD,16797
2011,3,5,Weekday,1300,Moped/Motorcycle,Incapacitating,FAILURE TO YIELD RIGHT OF WAY,CURRY PIKE & WOODYARD,16798
2011,9,5,Weekday,1200,2-Car,No injury/unknown,FAILURE TO YIELD RIGHT OF WAY,CURRY & WOODYARD RD,16799
2011,10,3,Weekday,2200,2-Car,Non-incapacitating,FAILURE TO YIELD RIGHT OF WAY,CURRY PIKE & WOODYARD,16800
2011,3,5,Weekday,1500,2-Car,No injury/unknown,FAILURE TO YIELD RIGHT OF WAY,N SMITH PIKE & W WOODYARD,16801
2011,8,4,Weekday,1500,2-Car,No injury/unknown,FOLLOWING TOO CLOSELY,N SMITH & W WOODYARD RD,16802
2011,1,1,Weekend,0,2-Car,No injury/unknown,SPEED TOO FAST FOR WEATHER CONDITIONS,CURRY PIKE & WOODYARD,16803
2011,1,4,Weekday,200,1-Car,No injury/unknown,ANIMAL/OBJECT IN ROADWAY,CURRY & WOODYARD RD,16804
2011,8,4,Weekday,100,1-Car,Non-incapacitating,RAN OFF ROAD RIGHT,PONEER & WOODYARD RD,16805
2011,10,2,Weekday,800,2-Car,Non-incapacitating,FAILURE TO YIELD RIGHT OF WAY,7TH & JEFFERSON ST,16806
2011,1,1,Weekend,0,1-Car,No injury/unknown,RAN OFF ROAD RIGHT,S LIBERTY DR,16807
2011,6,7,Weekend,300,2-Car,No injury/unknown,UNSAFE BACKING,NORTH WALNUT ST,16808
2011,7,3,Weekday,1900,1-Car,No injury/unknown,OVERCORRECTING/OVERSTEERING,HOWARD & N STARNES RD,16809
2011,8,3,Weekday,1200,2-Car,No injury/unknown,UNSAFE BACKING,SOUTH LIBERTY DR,16810
2011,8,3,Weekday,1100,2-Car,No injury/unknown,IMPROPER TURNING,GILBERT ST & WALNUT ST ST,16811
2011,8,5,Weekday,1500,2-Car,No injury/unknown,DRIVER DISTRACTED - EXPLAIN IN NARRATIVE,2300 N WALNUT ST & GILBERT,16812
2011,9,6,Weekday,1700,Pedestrian,Non-incapacitating,FAILURE TO YIELD RIGHT OF WAY,SOUTH WALNUT ST,16813
2011,9,6,Weekday,1200,3+ Cars,No injury/unknown,OTHER (VEHICLE) - EXPLAIN IN NARRATIVE,S LIBERTY DR,16814
2011,7,6,Weekday,1200,1-Car,No injury/unknown,RAN OFF ROAD RIGHT,HARVEST & UNIONVALLEY RD,16815
2011,12,6,Weekday,500,1-Car,No injury/unknown,DISREGARD SIGNAL/REG SIGN,THOMAS RD & VERNAL,16816
2011,11,5,Weekday,100,1-Car,No injury/unknown,UNSAFE SPEED,CURRY PIKE & WOODYARD,16817
2011,1,4,Weekday,700,1-Car,No injury/unknown,RAN OFF ROAD RIGHT,VERNAL PIKE,16818
2011,9,3,Weekday,500,2-Car,No injury/unknown,UNSAFE BACKING,HEADLY & MAPLECREST DR,16819
2011,8,2,Weekday,1000,2-Car,No injury/unknown,UNSAFE BACKING,MCINTYRE DR,16820
2011,10,5,Weekday,700,2-Car,No injury/unknown,OTHER (ENVIRONMENTAL) - EXPLAIN IN NARR,1800 N KINSER PIKE & PARRISH,16821
2011,9,3,Weekday,1500,2-Car,No injury/unknown,FAILURE TO YIELD RIGHT OF WAY,MAXINE & WEST PARRISH RD,16822
2011,12,7,Weekend,1200,2-Car,No injury/unknown,UNSAFE BACKING,N MAXINE RD & W PARRISH,16823
2011,10,4,Weekday,1000,2-Car,No injury/unknown,FAILURE TO YIELD RIGHT OF WAY,SR4546 & WALNUT ST,16824
2011,2,2,Weekday,1600,3+ Cars,Non-incapacitating,FOLLOWING TOO CLOSELY,37 & SR45W,16825
2011,6,6,Weekday,1700,2-Car,Non-incapacitating,FAILURE TO YIELD RIGHT OF WAY,SR37S & WEST STATE RD 45 RD,16826
2011,9,2,Weekday,1600,2-Car,No injury/unknown,DRIVER DISTRACTED - EXPLAIN IN NARRATIVE,SR37 & SR45W,16827
2011,3,4,Weekday,1100,2-Car,Non-incapacitating,SPEED TOO FAST FOR WEATHER CONDITIONS,SR 46 & SR45E,16828
2011,9,5,Weekday,2000,1-Car,Non-incapacitating,RAN OFF ROAD RIGHT,37 & 45 HWY,16829
2011,1,6,Weekday,1800,3+ Cars,No injury/unknown,FAILURE TO YIELD RIGHT OF WAY,ARLINGTON & SR46W,16830
2011,6,3,Weekday,1700,2-Car,No injury/unknown,OTHER (DRIVER) - EXPLAIN IN NARRATIVE,N KINSER PIKE,16831
2011,7,6,Weekday,1100,2-Car,No injury/unknown,DRIVER DISTRACTED - EXPLAIN IN NARRATIVE,ARLINGTON & SR46E,16832
2011,2,4,Weekday,800,1-Car,Non-incapacitating,OTHER (DRIVER) - EXPLAIN IN NARRATIVE,SR46W & STATE ROAD 37,16833
2011,9,6,Weekday,1100,2-Car,No injury/unknown,FAILURE TO YIELD RIGHT OF WAY,ARLINGTON & SR46W,16834
2011,7,4,Weekday,1900,2-Car,Non-incapacitating,FAILURE TO YIELD RIGHT OF WAY,SR37S & SR45W,16835
2011,7,3,Weekday,1600,2-Car,Non-incapacitating,FAILURE TO YIELD RIGHT OF WAY,SR37S & SR45W,16836
2011,2,6,Weekday,600,1-Car,No injury/unknown,OTHER (DRIVER) - EXPLAIN IN NARRATIVE,MONROE & SR46E,16837
2011,1,7,Weekend,1600,2-Car,No injury/unknown,FOLLOWING TOO CLOSELY,N MONROE & SR46E,16838
2011,2,6,Weekday,1500,2-Car,No injury/unknown,FOLLOWING TOO CLOSELY,MONROE & SR 45 46 BYP,16839
2011,3,6,Weekday,800,2-Car,No injury/unknown,DRIVER DISTRACTED - EXPLAIN IN NARRATIVE,N MONROE & W STATE ROAD 45 46 BYP,16840
2011,4,7,Weekend,1800,2-Car,Non-incapacitating,FAILURE TO YIELD RIGHT OF WAY,N MONROE & SR4546E,16841
2011,5,6,Weekday,1500,2-Car,Non-incapacitating,FAILURE TO YIELD RIGHT OF WAY,MONROE & SR46W,16842
2011,6,6,Weekday,800,3+ Cars,Non-incapacitating,FOLLOWING TOO CLOSELY,N MONROE & W STATE ROAD 45 46 BYP,16843
2011,8,7,Weekend,1300,2-Car,Non-incapacitating,FAILURE TO YIELD RIGHT OF WAY,MONROE & SR4546E,16844
2011,10,2,Weekday,1900,2-Car,No injury/unknown,FAILURE TO YIELD RIGHT OF WAY,NORTH KINSER PIKE,16845
2011,5,6,Weekday,1300,1-Car,No injury/unknown,RAN OFF ROAD RIGHT,MONROE & SR46W,16846
2011,12,1,Weekend,1100,1-Car,No injury/unknown,ANIMAL/OBJECT IN ROADWAY,N STONELAKE & SR46W,16847
2011,2,7,Weekend,1700,2-Car,No injury/unknown,FOLLOWING TOO CLOSELY,N MONROE & SR46E,16848
2011,10,1,Weekend,1400,1-Car,No injury/unknown,ANIMAL/OBJECT IN ROADWAY,HARTSTRAIT RD & VERNAL,16849