year,month,day,weekend,hour,collision_type,injury_type,primary_factor,reported_location,unique_id
2011,8,5,Weekday,1800,2-Car,No injury/unknown,FOLLOWING TOO CLOSELY,17TH ST & MONROE,17070
2011,8,4,Weekday,1700,2-Car,No injury/unknown,FAILURE TO YIELD RIGHT OF WAY,N CURRY PIKE & W VERNAL,17071
2011,9,6,Weekday,1400,2-Car,No injury/unknown,FAILURE TO YIELD RIGHT OF WAY,17TH ST & MONROE,17072
2011,10,5,Weekday,1600,2-Car,Non-incapacitating,BRAKE FAILURE OR DEFECTIVE,ARLINGTON & MONROE ST,17073
2011,10,5,Weekday,900,1-Car,No injury/unknown,OVERCORRECTING/OVERSTEERING,17 TH ST ST & CRESCENT DR,17074
2011,11,4,Weekday,800,2-Car,Non-incapacitating,FOLLOWING TOO CLOSELY,17TH ST & MONROE,17075
2011,11,1,Weekend,900,1-Car,No injury/unknown,SPEED TOO FAST FOR WEATHER CONDITIONS,17TH & CRESCENT RD,17076
2011,10,5,Weekday,1400,1-Car,No injury/unknown,SPEED TOO FAST FOR WEATHER CONDITIONS,17TH ST & MONORE,17077
2011,1,5,Weekday,1000,1-Car,No injury/unknown,SPEED TOO FAST FOR WEATHER CONDITIONS,BLOOMFIELD & SR37N,17078
2011,4,4,Weekday,1500,Bus,No injury/unknown,FAILURE TO YIELD RIGHT OF WAY,CURRY & VERNAL PIKE,17079
2011,7,1,Weekend,400,1-Car,No injury/unknown,RAN OFF ROAD RIGHT,N KINSER PIKE,17080
2011,9,2,Weekday,700,1-Car,No injury/unknown,ANIMAL/OBJECT IN ROADWAY,17TH & SR46E,17081
2011,1,5,Weekday,2300,2-Car,No injury/unknown,UNSAFE BACKING,N JORDAN AVE,17082
2011,1,7,Weekend,1800,2-Car,No injury/unknown,UNSAFE BACKING,N WILLIS DR & W 17TH,17083
2011,4,3,Weekday,1200,2-Car,No injury/unknown,FAILURE TO YIELD RIGHT OF WAY,N WILLIS & W 17TH ST,17084
2011,12,5,Weekday,2000,2-Car,Non-incapacitating,FAILURE TO YIELD RIGHT OF WAY,N WILLIS & W 17TH ST,17085
2011,1,6,Weekend,2100,2-Car,Non-incapacitating,ROADWAY SURFACE CONDITION,LINBERGH DR & WEST 17TH ST,17086
2011,4,3,Weekday,200,2-Car,No injury/unknown,UNSAFE BACKING,N JORDAN AVE,17087
2011,4,7,Weekend,1600,2-Car,No injury/unknown,UNSAFE BACKING,N JORDAN AVE,17088
2011,6,5,Weekday,1200,2-Car,No injury/unknown,UNSAFE BACKING,N LINDBURG & W 17TH ST,17089
2011,6,1,Weekend,1300,2-Car,No injury/unknown,DRIVER DISTRACTED - EXPLAIN IN NARRATIVE,EAST 17TH ST,17090
2011,1,7,Weekend,2200,2-Car,Non-incapacitating,LEFT OF CENTER,EAST 17TH ST & NORTH LINCOLN,17091
2011,1,7,Weekend,1600,2-Car,No injury/unknown,FAILURE TO YIELD RIGHT OF WAY,17TH & DUNN ST,17092
2011,2,5,Weekday,1700,2-Car,Non-incapacitating,FAILURE TO YIELD RIGHT OF WAY,17TH ST & LINCOLN,17093
2011,2,3,Weekday,1900,2-Car,No injury/unknown,UNSAFE BACKING,N DUNN ST,17094
2011,2,4,Weekday,2300,2-Car,No injury/unknown,FAILURE TO YIELD RIGHT OF WAY,N LINCOLN & W 17TH ST,17095
2011,3,6,Weekday,1300,2-Car,Non-incapacitating,FOLLOWING TOO CLOSELY,17TH ST & WASHINGTON,17096
2011,3,2,Weekday,2000,2-Car,No injury/unknown,UNSAFE BACKING,17TH & DUNN ST,17097
2011,3,4,Weekday,2100,1-Car,No injury/unknown,ANIMAL/OBJECT IN ROADWAY,17TH & N DUNN ST,17098
2011,3,6,Weekday,1400,3+ Cars,No injury/unknown,FOLLOWING TOO CLOSELY,17TH ST & NORTH WASHINGTON,17099
2011,3,5,Weekday,1700,2-Car,No injury/unknown,FAILURE TO YIELD RIGHT OF WAY,E 17TH ST & N LINCOLN,17100
2011,4,6,Weekday,1300,2-Car,Non-incapacitating,FAILURE TO YIELD RIGHT OF WAY,E 17 TH ST & LINCOLN,17101
2011,4,5,Weekday,1500,3+ Cars,No injury/unknown,FOLLOWING TOO CLOSELY,E 17TH ST & N WASHINGTON,17102
2011,5,6,Weekday,1600,Pedestrian,Non-incapacitating,PEDESTRIAN ACTION,17TH & DUNN ST,17103
2011,5,3,Weekday,1000,2-Car,No injury/unknown,FAILURE TO YIELD RIGHT OF WAY,DUNN & SEVENTEENTH ST,17104
2011,6,4,Weekday,1900,2-Car,No injury/unknown,FAILURE TO YIELD RIGHT OF WAY,17TH & DUNN ST,17105
2011,8,3,Weekday,1700,3+ Cars,Non-incapacitating,OTHER (DRIVER) - EXPLAIN IN NARRATIVE,17TH ST & WASHINGTON,17106
2011,8,3,Weekday,2000,2-Car,No injury/unknown,UNSAFE BACKING,N DUNN ST,17107
2011,10,4,Weekday,700,Bus,No injury/unknown,FAILURE TO YIELD RIGHT OF WAY,17TH ST & DUNN,17108
2011,10,5,Weekday,1200,2-Car,No injury/unknown,FOLLOWING TOO CLOSELY,17TH ST & LINCOLN,17109
2011,10,7,Weekend,1100,2-Car,No injury/unknown,UNSAFE BACKING,17TH & LINCOLN ST,17110
2011,11,2,Weekday,1800,2-Car,Non-incapacitating,FOLLOWING TOO CLOSELY,17 ST & MAPLE,17111
2011,11,4,Weekday,200,1-Car,No injury/unknown,RAN OFF ROAD RIGHT,E 17TH & N DUNN ST,17112
2011,11,1,Weekday,2100,2-Car,No injury/unknown,FOLLOWING TOO CLOSELY,17TH ST & LINCOLN,17113
2011,12,6,Weekday,1500,2-Car,No injury/unknown,FAILURE TO YIELD RIGHT OF WAY,17TH & DUNN ST,17114
2011,12,7,Weekend,1700,1-Car,No injury/unknown,OTHER (DRIVER) - EXPLAIN IN NARRATIVE,17TH & DUNN ST,17115
2011,12,2,Weekday,2000,3+ Cars,Non-incapacitating,FOLLOWING TOO CLOSELY,17TH ST & WOODLAWN,17116
2011,3,3,Weekday,1600,2-Car,No injury/unknown,UNSAFE BACKING,E 17TH ST,17117
2011,7,4,Weekday,1000,1-Car,No injury/unknown,OTHER (DRIVER) - EXPLAIN IN NARRATIVE,E 17TH ST,17118
2011,2,1,Weekend,400,1-Car,No injury/unknown,FOLLOWING TOO CLOSELY,E 17TH ST & N INDIANA,17119
2011,2,4,Weekday,2300,2-Car,No injury/unknown,FOLLOWING TOO CLOSELY,E 17TH ST,17120
2011,11,4,Weekday,2100,2-Car,No injury/unknown,OTHER (DRIVER) - EXPLAIN IN NARRATIVE,W 17TH ST,17121
2011,2,6,Weekday,500,3+ Cars,No injury/unknown,RAN OFF ROAD RIGHT,17TH & INDIANA AVE,17122
2011,4,6,Weekday,1500,2-Car,No injury/unknown,FOLLOWING TOO CLOSELY,JACKSON & WEST 17TH ST,17123
2011,8,2,Weekday,1500,2-Car,No injury/unknown,FOLLOWING TOO CLOSELY,17TH ST & INDIANA,17124
2011,10,6,Weekday,1400,2-Car,Non-incapacitating,FOLLOWING TOO CLOSELY,17TH ST & JACKSON,17125
2011,11,3,Weekday,1100,2-Car,Non-incapacitating,FAILURE TO YIELD RIGHT OF WAY,17TH ST & INDIANA,17126
2011,11,1,Weekend,1800,Pedestrian,Non-incapacitating,OTHER (DRIVER) - EXPLAIN IN NARRATIVE,17TH ST & INDIANA,17127
2011,4,5,Weekday,1200,2-Car,No injury/unknown,UNSAFE BACKING,NORTH DUNN ST,17128
2011,4,3,Weekday,1400,2-Car,No injury/unknown,UNSAFE BACKING,701 E 17TH   (WHITE LOT) ST & DUNN,17129
2011,8,4,Weekday,1300,2-Car,No injury/unknown,FAILURE TO YIELD RIGHT OF WAY,701 EAST 17TH (WHITE LOT) ST & DUNN,17130
2011,1,4,Weekday,1700,2-Car,No injury/unknown,FOLLOWING TOO CLOSELY,E 17TH ST & N INDIANA,17131
2011,1,5,Weekday,1500,2-Car,No injury/unknown,SPEED TOO FAST FOR WEATHER CONDITIONS,E 17TH ST & N WALNUT GROVE,17132
2011,9,6,Weekend,2100,2-Car,No injury/unknown,FAILURE TO YIELD RIGHT OF WAY,17TH ST & INDIANA,17133
2011,11,7,Weekend,2100,3+ Cars,Non-incapacitating,FOLLOWING TOO CLOSELY,17TH ST & FORREST,17134
2011,6,1,Weekend,200,1-Car,No injury/unknown,DISREGARD SIGNAL/REG SIGN,EAST SEVENTEENTH & INDIANA AVE,17135
2011,10,6,Weekday,1400,2-Car,No injury/unknown,FOLLOWING TOO CLOSELY,17TH ST & LINCOLN,17136
2011,6,2,Weekday,2100,2-Car,No injury/unknown,UNSAFE BACKING,W 17TH ST,17137
2011,1,2,Weekday,700,2-Car,No injury/unknown,UNSAFE BACKING,E 17TH ST,17138
2011,5,2,Weekday,1200,2-Car,No injury/unknown,UNSAFE BACKING,E 17TH ST,17139
2011,7,5,Weekday,1600,2-Car,No injury/unknown,UNSAFE BACKING,EAST 17TH ST,17140
2011,7,3,Weekday,1200,3+ Cars,No injury/unknown,DRIVER DISTRACTED - EXPLAIN IN NARRATIVE,FESS & SEVENTEENTH ST,17141
2011,8,3,Weekday,2200,2-Car,No injury/unknown,UNSAFE BACKING,EAST 17TH ST,17142
2011,10,1,Weekend,900,2-Car,No injury/unknown,UNSAFE SPEED,17TH ST & FESS,17143
2011,11,4,Weekday,1800,3+ Cars,No injury/unknown,FOLLOWING TOO CLOSELY,17TH ST & FESS,17144
2011,11,2,Weekday,2300,1-Car,No injury/unknown,OTHER (DRIVER) - EXPLAIN IN NARRATIVE,E 17TH ST,17145
2011,7,3,Weekday,1600,2-Car,Non-incapacitating,OTHER (DRIVER) - EXPLAIN IN NARRATIVE,BALFOUR & SR46E,17146
2011,10,7,Weekend,1100,2-Car,No injury/unknown,FOLLOWING TOO CLOSELY,17TH ST & KINSER,17147
2011,3,7,Weekend,1400,2-Car,No injury/unknown,FAILURE TO YIELD RIGHT OF WAY,N MADISON & W 17TH ST,17148
2011,4,5,Weekday,2000,2-Car,No injury/unknown,DISREGARD SIGNAL/REG SIGN,N MADISON & W 17TH ST,17149
2011,5,5,Weekday,1400,2-Car,Non-incapacitating,FOLLOWING TOO CLOSELY,17TH ST & MADISON,17150
2011,5,1,Weekend,1700,2-Car,No injury/unknown,FOLLOWING TOO CLOSELY,17TH ST & WOODLAWN,17151
2011,6,7,Weekend,1600,2-Car,No injury/unknown,FOLLOWING TOO CLOSELY,17TH ST & WOODLAWN,17152
2011,6,5,Weekday,1200,2-Car,No injury/unknown,FAILURE TO YIELD RIGHT OF WAY,1200 N MADISON ST & 500 W 17TH,17153
2011,7,7,Weekend,100,Moped/Motorcycle,Non-incapacitating,FAILURE TO YIELD RIGHT OF WAY,17TH ST & KINSER,17154
2011,8,1,Weekday,2300,2-Car,No injury/unknown,DISREGARD SIGNAL/REG SIGN,N MADISON & W 17TH ST,17155
2011,9,1,Weekday,1900,2-Car,No injury/unknown,UNSAFE BACKING,W 17TH ST,17156
2011,10,5,Weekday,1500,2-Car,Non-incapacitating,DRIVER DISTRACTED - EXPLAIN IN NARRATIVE,17TH & KINSER PIKE,17157
2011,10,4,Weekday,1800,3+ Cars,No injury/unknown,FOLLOWING TOO CLOSELY,17TH ST & KINSER,17158
2011,10,6,Weekday,800,2-Car,No injury/unknown,DISREGARD SIGNAL/REG SIGN,MADISON & W 17TH ST,17159
2011,10,7,Weekend,1700,2-Car,No injury/unknown,FOLLOWING TOO CLOSELY,17TH ST & KINSER,17160
2011,11,4,Weekday,1700,2-Car,No injury/unknown,FAILURE TO YIELD RIGHT OF WAY,17TH ST & MADISON,17161
2011,11,1,Weekday,1900,2-Car,No injury/unknown,IMPROPER TURNING,17TH ST & WOODLAWN,17162
2011,7,7,Weekend,500,Pedestrian,Non-incapacitating,OTHER (DRIVER) - EXPLAIN IN NARRATIVE,17TH ST & MADISON,17163
2011,2,3,Weekday,1700,3+ Cars,No injury/unknown,FOLLOWING TOO CLOSELY,17TH ST & WOODBURN,17164
2011,1,3,Weekday,1800,2-Car,No injury/unknown,SPEED TOO FAST FOR WEATHER CONDITIONS,N WOODBURN & W 17TH ST,17165
2011,2,5,Weekday,900,2-Car,No injury/unknown,FAILURE TO YIELD RIGHT OF WAY,17TH ST & WOODBURN,17166
2011,10,6,Weekend,2000,2-Car,No injury/unknown,UNSAFE BACKING,W 17TH ST,17167
2011,11,5,Weekday,1600,2-Car,No injury/unknown,FOLLOWING TOO CLOSELY,17TH ST & WALNUT,17168
2011,11,7,Weekend,0,1-Car,No injury/unknown,OTHER (DRIVER) - EXPLAIN IN NARRATIVE,N JORDAN AVE,17169
2011,4,6,Weekday,1600,3+ Cars,Non-incapacitating,FOLLOWING TOO CLOSELY,17TH ST & WALNUT GROVE,17170
2011,4,6,Weekday,900,1-Car,No injury/unknown,UNSAFE BACKING,E 17TH ST,17171
2011,4,7,Weekend,1200,2-Car,No injury/unknown,IMPROPER TURNING,N COLLEGE AVE & W 17TH,17172
2011,4,4,Weekday,2200,2-Car,No injury/unknown,UNSAFE BACKING,W 17TH ST,17173
2011,5,2,Weekday,2100,2-Car,No injury/unknown,DISREGARD SIGNAL/REG SIGN,N COLLEGE & W 17TH ST,17174
2011,8,7,Weekend,1200,2-Car,No injury/unknown,FOLLOWING TOO CLOSELY,SEVENTEENTH ST & WALNUT GROVE,17175
2011,9,6,Weekday,1000,2-Car,No injury/unknown,UNSAFE SPEED,E 17TH ST,17176
2011,9,6,Weekend,1900,2-Car,No injury/unknown,FAILURE TO YIELD RIGHT OF WAY,COLLEGE & W 17TH ST,17177
2011,10,5,Weekday,900,2-Car,Non-incapacitating,FAILURE TO YIELD RIGHT OF WAY,N COLLEGE & W 17TH ST,17178
2011,10,6,Weekday,1200,2-Car,No injury/unknown,IMPROPER PASSING,N COLLEGE & W 17TH ST,17179
2011,10,4,Weekday,2100,2-Car,No injury/unknown,UNSAFE SPEED,17TH ST & COLLEGE,17180
2011,10,6,Weekday,1500,2-Car,No injury/unknown,FAILURE TO YIELD RIGHT OF WAY,17TH ST & COLLEGE,17181
2011,11,2,Weekday,1600,2-Car,No injury/unknown,FAILURE TO YIELD RIGHT OF WAY,17TH ST & WALNUT,17182
2011,11,7,Weekend,800,2-Car,No injury/unknown,IMPROPER LANE USAGE,E 17TH ST,17183
2011,12,1,Weekend,1700,2-Car,No injury/unknown,OTHER (DRIVER) - EXPLAIN IN NARRATIVE,W 17TH ST,17184
2011,12,1,Weekend,0,2-Car,No injury/unknown,FAILURE TO YIELD RIGHT OF WAY,17TH ST & COLLEGE,17185
2011,5,4,Weekday,1400,2-Car,No injury/unknown,FOLLOWING TOO CLOSELY,17TH ST & WALNUT,17186
2011,7,4,Weekday,1500,2-Car,Non-incapacitating,FOLLOWING TOO CLOSELY,17TH ST & WALNUT,17187
2011,12,7,Weekend,1200,Moped/Motorcycle,No injury/unknown,OTHER (DRIVER) - EXPLAIN IN NARRATIVE,E 17TH ST,17188
2011,8,2,Weekday,1100,2-Car,No injury/unknown,OTHER (VEHICLE) - EXPLAIN IN NARRATIVE,WEST  17TH ST,17189
2011,3,3,Weekday,1500,3+ Cars,Non-incapacitating,DISREGARD SIGNAL/REG SIGN,17TH ST & WALNUT,17190
2011,3,4,Weekday,1600,3+ Cars,No injury/unknown,UNSAFE LANE MOVEMENT,E 17TH & N WALNUT ST,17191
2011,6,2,Weekday,800,2-Car,Non-incapacitating,SPEED TOO FAST FOR WEATHER CONDITIONS,E 17TH ST & N WALNUT,17192
2011,8,2,Weekday,1500,2-Car,No injury/unknown,FOLLOWING TOO CLOSELY,17TH ST & WALNUT,17193
2011,8,6,Weekday,1600,3+ Cars,No injury/unknown,FOLLOWING TOO CLOSELY,E 17TH ST & N GRANT,17194
2011,12,2,Weekday,2000,2-Car,No injury/unknown,FAILURE TO YIELD RIGHT OF WAY,E 17TH ST & FEE,17195
2011,8,4,Weekday,400,2-Car,No injury/unknown,OTHER (DRIVER) - EXPLAIN IN NARRATIVE,JOHNATHAN & N CURRY PIKE,17196
2011,4,6,Weekday,1400,2-Car,No injury/unknown,DISREGARD SIGNAL/REG SIGN,17TH ST & FEE,17197
2011,4,3,Weekday,1700,Bus,No injury/unknown,UNSAFE BACKING,17TH & FEE LN,17198
2011,4,6,Weekday,1600,2-Car,No injury/unknown,IMPROPER LANE USAGE,17TH ST & FEE,17199
2011,8,2,Weekday,1600,2-Car,No injury/unknown,IMPROPER PASSING,17TH ST & FEE,17200
2011,11,4,Weekday,1800,2-Car,No injury/unknown,UNSAFE BACKING,17TH & INDIANA AVE,17201
2011,1,3,Weekday,1500,Bus,No injury/unknown,FOLLOWING TOO CLOSELY,EAST 17TH & NORTH JORDAN AVE,17202
2011,4,1,Weekend,1800,2-Car,No injury/unknown,FAILURE TO YIELD RIGHT OF WAY,17TH ST & JORDAN,17203
2011,2,7,Weekend,1800,2-Car,No injury/unknown,UNSAFE BACKING,17TH ST & JORDAN,17204
2011,3,6,Weekday,1600,2-Car,No injury/unknown,FOLLOWING TOO CLOSELY,17TH & JORDAN AVE,17205
2011,3,6,Weekday,1100,2-Car,No injury/unknown,IMPROPER TURNING,600 N JORDAN (PARKING) AVE & JORDAN,17206
2011,3,6,Weekday,1400,2-Car,No injury/unknown,FOLLOWING TOO CLOSELY,EAST 17TH & NORTH JORDAN AVE,17207
2011,4,3,Weekday,1700,2-Car,No injury/unknown,FAILURE TO YIELD RIGHT OF WAY,E 17TH & NORTH JORDAN AVE,17208
2011,4,7,Weekend,1100,1-Car,No injury/unknown,OTHER (DRIVER) - EXPLAIN IN NARRATIVE,101 N JORDAN AVE & JORDAN,17209
2011,4,2,Weekday,1200,2-Car,No injury/unknown,FOLLOWING TOO CLOSELY,E 17TH ST & JORDAN,17210
2011,4,6,Weekday,1600,2-Car,No injury/unknown,FOLLOWING TOO CLOSELY,17TH ST & JORDAN,17211
2011,4,4,Weekday,1900,Pedestrian,Non-incapacitating,PEDESTRIAN ACTION,17TH & NORTH JORDAN AVE,17212
2011,5,5,Weekday,2300,2-Car,No injury/unknown,UNSAFE BACKING,E 17TH ST,17213
2011,5,7,Weekend,1300,3+ Cars,No injury/unknown,FOLLOWING TOO CLOSELY,17TH ST & JORDAN,17214
2011,6,5,Weekday,1300,1-Car,No injury/unknown,OTHER (VEHICLE) - EXPLAIN IN NARRATIVE,N RANGE RD,17215
2011,8,3,Weekday,1500,Moped/Motorcycle,Non-incapacitating,VIEW OBSTRUCTED,EAST 17TH ST,17216
2011,8,7,Weekend,700,1-Car,No injury/unknown,ANIMAL/OBJECT IN ROADWAY,17TH ST & N JORDAN,17217
2011,9,5,Weekday,1600,2-Car,No injury/unknown,FOLLOWING TOO CLOSELY,17TH & N JORDAN AVE,17218
2011,11,6,Weekend,1900,1-Car,No injury/unknown,IMPROPER LANE USAGE,E 17TH ST,17219
2011,11,2,Weekday,1300,2-Car,No injury/unknown,UNSAFE BACKING,600 N JORDAN (NORTH DRIVE) AVE & NORTH JORDAN,17220
2011,12,6,Weekday,0,2-Car,No injury/unknown,FAILURE TO YIELD RIGHT OF WAY,17TH ST & JORDAN,17221
2011,12,4,Weekday,1900,2-Car,No injury/unknown,FAILURE TO YIELD RIGHT OF WAY,17TH ST & N JORDAN,17222
2011,12,3,Weekday,1100,2-Car,No injury/unknown,OTHER (ENVIRONMENTAL) - EXPLAIN IN NARR,EAST SEVENTEENTH ST & JORDAN,17223
2011,2,6,Weekday,200,1-Car,No injury/unknown,RAN OFF ROAD RIGHT,17TH & DUNN ST,17224
2011,9,7,Weekend,2100,3+ Cars,No injury/unknown,OTHER (DRIVER) - EXPLAIN IN NARRATIVE,17TH & LINCOLN ST,17225
2011,5,7,Weekend,900,3+ Cars,Incapacitating,FAILURE TO YIELD RIGHT OF WAY,CURRY PIKE & VERNAL,17226
2011,9,6,Weekday,1700,3+ Cars,Non-incapacitating,FOLLOWING TOO CLOSELY,CHEROKEE & ROGERS ST,17227
2011,7,6,Weekday,1600,2-Car,No injury/unknown,LEFT OF CENTER,17TH & SR46E,17228
2011,6,4,Weekday,0,1-Car,No injury/unknown,ANIMAL/OBJECT IN ROADWAY,OOLEY & SR45S,17229
2011,12,1,Weekend,1100,2-Car,No injury/unknown,OTHER (DRIVER) - EXPLAIN IN NARRATIVE,NORTH FEE LN,17230
2011,6,7,Weekend,2000,2-Car,No injury/unknown,TIRE FAILURE OR DEFECTIVE,716 S WOODLAWN AVE & E 1ST,17231
2011,10,5,Weekday,900,2-Car,No injury/unknown,FOLLOWING TOO CLOSELY,16TH & WALNUT ST,17232
2011,10,2,Weekday,1700,3+ Cars,Non-incapacitating,FOLLOWING TOO CLOSELY,16TH & WALNUT ST,17233
2011,10,7,Weekend,2000,2-Car,No injury/unknown,IMPROPER LANE USAGE,16TH ST & WASHINGTON,17234
2011,2,7,Weekend,1200,2-Car,No injury/unknown,UNSAFE BACKING,N LINCOLN ST,17235
2011,1,2,Weekday,1600,2-Car,No injury/unknown,UNSAFE LANE MOVEMENT,16TH ST & WASHINGTON,17236
2011,10,2,Weekday,1500,2-Car,No injury/unknown,FAILURE TO YIELD RIGHT OF WAY,1ST & SOUTH WASHINGTON ST,17237
2011,1,6,Weekend,1900,2-Car,No injury/unknown,UNSAFE BACKING,E 16TH & N LINCOLN ST,17238
2011,2,4,Weekday,2100,2-Car,No injury/unknown,UNSAFE BACKING,E 1ST & S LINCOLN ST,17239
2011,12,7,Weekend,1700,2-Car,No injury/unknown,FAILURE TO YIELD RIGHT OF WAY,16TH ST & LINCOLN,17240
2011,3,3,Weekday,1700,2-Car,No injury/unknown,FAILURE TO YIELD RIGHT OF WAY,16TH ST & GRANT,17241
2011,10,1,Weekend,300,2-Car,No injury/unknown,OTHER (DRIVER) - EXPLAIN IN NARRATIVE,E 16TH ST,17242
2011,5,4,Weekday,1900,Pedestrian,Non-incapacitating,FAILURE TO YIELD RIGHT OF WAY,16TH & NORTH MADISON ST,17243
2011,5,2,Weekday,1800,2-Car,No injury/unknown,FAILURE TO YIELD RIGHT OF WAY,N WOODBURN & W 16TH ST,17244
2011,8,2,Weekday,1700,2-Car,No injury/unknown,FOLLOWING TOO CLOSELY,16TH & NORTH MADISON ST,17245
2011,9,7,Weekend,2000,2-Car,No injury/unknown,UNSAFE LANE MOVEMENT,16TH & WOODBURN AVE,17246
2011,10,7,Weekend,1500,2-Car,No injury/unknown,UNSAFE BACKING,412 EAST 16TH ALY & DUNN,17247
2011,10,6,Weekend,1900,2-Car,No injury/unknown,IMPROPER PASSING,NORTH CURRY PIKE,17248
2011,10,5,Weekday,2000,2-Car,No injury/unknown,UNSAFE SPEED,E 16TH & N DUNN ST,17249
2011,9,6,Weekday,0,2-Car,No injury/unknown,FOLLOWING TOO CLOSELY,OAKDALE DR & PECAN,17250
2011,5,1,Weekday,2100,1-Car,No injury/unknown,ANIMAL/OBJECT IN ROADWAY,SR37S & VERNAL,17251
2011,7,3,Weekday,1400,2-Car,Non-incapacitating,DRIVER DISTRACTED - EXPLAIN IN NARRATIVE,SR37S & VERNAL,17252
2011,4,7,Weekend,1000,2-Car,No injury/unknown,SPEED TOO FAST FOR WEATHER CONDITIONS,W 15TH ST,17253
2011,1,3,Weekday,1100,1-Car,No injury/unknown,SPEED TOO FAST FOR WEATHER CONDITIONS,INDUSTRIAL & VERNAL PIKE,17254
2011,3,4,Weekday,1300,2-Car,No injury/unknown,SPEED TOO FAST FOR WEATHER CONDITIONS,SR37S & VERNAL,17255
2011,8,5,Weekday,1500,2-Car,No injury/unknown,IMPROPER PASSING,SR37N & VERNAL,17256
2011,6,5,Weekday,2300,1-Car,Non-incapacitating,ANIMAL/OBJECT IN ROADWAY,10TH & SR45N,17257
2011,11,1,Weekend,1100,2-Car,Non-incapacitating,UNSAFE SPEED,10TH & SR45E,17258
2011,9,7,Weekend,1300,2-Car,No injury/unknown,FOLLOWING TOO CLOSELY,10TH & SR45N,17259
2011,11,2,Weekday,900,1-Car,No injury/unknown,RAN OFF ROAD RIGHT,LEMON & VERNAL PIKE,17260
2011,1,4,Weekday,1000,2-Car,No injury/unknown,IMPROPER PASSING,15TH & COLLEGE AVE,17261
2011,8,2,Weekday,1400,2-Car,No injury/unknown,UNSAFE BACKING,W 1ST ST,17262
2011,12,3,Weekday,1300,1-Car,No injury/unknown,IMPROPER TURNING,LEMON LN & VERNAL,17263
2011,10,7,Weekend,1100,2-Car,No injury/unknown,UNSAFE BACKING,15TH ST & INDIANA,17264
2011,1,6,Weekday,1700,2-Car,No injury/unknown,OTHER (DRIVER) - EXPLAIN IN NARRATIVE,N COLLEGE AVE & W 10TH,17265
2011,2,7,Weekend,300,2-Car,No injury/unknown,FAILURE TO YIELD RIGHT OF WAY,15TH & DUNN ST,17266
2011,3,4,Weekday,1700,2-Car,No injury/unknown,FAILURE TO YIELD RIGHT OF WAY,E 15TH & N DUNN ST,17267
2011,4,3,Weekday,1900,Moped/Motorcycle,Non-incapacitating,FAILURE TO YIELD RIGHT OF WAY,E 15TH & N DUNN ST,17268
2011,3,4,Weekday,2200,2-Car,Non-incapacitating,FOLLOWING TOO CLOSELY,15TH & JACKSON ST,17269
2011,12,7,Weekend,1500,2-Car,No injury/unknown,OTHER (DRIVER) - EXPLAIN IN NARRATIVE,15TH & LINCOLN ST,17270
2011,9,5,Weekday,1000,2-Car,No injury/unknown,UNSAFE BACKING,N MAPLE ST,17271
2011,1,6,Weekday,1300,2-Car,No injury/unknown,UNSAFE BACKING,15TH ST,17272
2011,2,7,Weekend,1000,1-Car,No injury/unknown,RAN OFF ROAD RIGHT,E 15TH ST & N WALNUT,17273
2011,3,3,Weekday,1500,2-Car,No injury/unknown,FOLLOWING TOO CLOSELY,10TH & SR4546E,17274
2011,4,2,Weekday,1600,2-Car,No injury/unknown,UNSAFE LANE MOVEMENT,E 15TH & N WALNUT ST,17275
2011,4,5,Weekday,1700,2-Car,No injury/unknown,FAILURE TO YIELD RIGHT OF WAY,10TH & STATE RD 45 46 BYP,17276
2011,4,2,Weekday,1700,2-Car,No injury/unknown,FOLLOWING TOO CLOSELY,E 10TH ST & SR4546,17277
2011,5,2,Weekday,1600,2-Car,No injury/unknown,FOLLOWING TOO CLOSELY,10TH & SR4546N,17278
2011,6,7,Weekend,2300,3+ Cars,No injury/unknown,DRIVER DISTRACTED - EXPLAIN IN NARRATIVE,E 10TH & SR4546N,17279
2011,8,3,Weekday,2100,2-Car,No injury/unknown,DRIVER DISTRACTED - EXPLAIN IN NARRATIVE,E 10TH & SR45E,17280
2011,9,5,Weekday,1600,2-Car,No injury/unknown,DISREGARD SIGNAL/REG SIGN,10TH & SR4546S,17281
2011,11,6,Weekday,100,2-Car,No injury/unknown,DISREGARD SIGNAL/REG SIGN,10TH & SR45E,17282
2011,11,2,Weekday,1800,2-Car,No injury/unknown,FAILURE TO YIELD RIGHT OF WAY,10TH & SR4546E,17283
2011,12,1,Weekend,1800,2-Car,Non-incapacitating,FOLLOWING TOO CLOSELY,10TH & SR45E,17284
2011,9,5,Weekday,1100,2-Car,Non-incapacitating,DRIVER DISTRACTED - EXPLAIN IN NARRATIVE,SR37S & VERNAL PK,17285
2011,10,1,Weekend,1200,Moped/Motorcycle,Non-incapacitating,IMPROPER PASSING,MOORES & S 446 RD,17286