year,month,day,weekend,hour,collision_type,injury_type,primary_factor,reported_location,unique_id
2011,5,2,Weekday,1300,2-Car,No injury/unknown,UNSAFE LANE MOVEMENT,NORTH MAPLE ST,17287
2011,6,4,Weekday,1000,2-Car,Non-incapacitating,DRIVER DISTRACTED - EXPLAIN IN NARRATIVE,SR37S & VERNAL,17288
2011,11,6,Weekend,1900,Bus,No injury/unknown,FOLLOWING TOO CLOSELY,10TH ST & SR4546,17289
2011,9,6,Weekday,900,2-Car,No injury/unknown,FOLLOWING TOO CLOSELY,SR37N & VERNAL,17290
2011,4,3,Weekday,1700,Cyclist,Non-incapacitating,FAILURE TO YIELD RIGHT OF WAY,15TH ST & JACKSON,17291
2011,9,2,Weekday,900,2-Car,No injury/unknown,DISREGARD SIGNAL/REG SIGN,1ST & ROGERS ST,17292
2011,1,7,Weekend,1900,2-Car,No injury/unknown,OTHER (DRIVER) - EXPLAIN IN NARRATIVE,SR37N & VERNAL,17293
2011,3,6,Weekday,1600,3+ Cars,No injury/unknown,UNSAFE LANE MOVEMENT,SR37N & WEST VERNAL,17294
2011,8,7,Weekend,1400,2-Car,Non-incapacitating,FOLLOWING TOO CLOSELY,SR37N & VERNAL,17295
2011,9,5,Weekday,1400,3+ Cars,No injury/unknown,UNSAFE LANE MOVEMENT,SR37N & VERNAL,17296
2011,9,7,Weekend,1400,3+ Cars,Non-incapacitating,FOLLOWING TOO CLOSELY,SR37S & VERNAL,17297
2011,11,3,Weekday,1100,2-Car,No injury/unknown,FOLLOWING TOO CLOSELY,SR37N & VERNAL,17298
2011,11,4,Weekday,1800,2-Car,Non-incapacitating,FOLLOWING TOO CLOSELY,SR37S & VERNAL,17299
2011,12,4,Weekday,1700,3+ Cars,No injury/unknown,FOLLOWING TOO CLOSELY,SR37S & VERNAL,17300
2011,9,2,Weekday,2000,Bus,No injury/unknown,OTHER (DRIVER) - EXPLAIN IN NARRATIVE,LINGLEBACH LN & UNION,17301
2011,10,4,Weekday,1600,Bus,No injury/unknown,IMPROPER LANE USAGE,LINGLEBACH LN & UNION,17302
2011,10,5,Weekday,1800,2-Car,No injury/unknown,UNSAFE BACKING,LINGELBACH LN & UNION,17303
2011,10,1,Weekend,1200,2-Car,No injury/unknown,OTHER (VEHICLE) - EXPLAIN IN NARRATIVE,LINGELBACH LN & NORTH UNION,17304
2011,4,6,Weekday,1800,2-Car,No injury/unknown,UNSAFE BACKING,NORTH FEE LN,17305
2011,8,5,Weekday,1600,3+ Cars,No injury/unknown,FOLLOWING TOO CLOSELY,STATE ROAD 37 SOUTHBOUND RD & VERNAL,17306
2011,1,5,Weekday,1300,1-Car,No injury/unknown,ROADWAY SURFACE CONDITION,SMITHVILLE & SR37S,17307
2011,5,3,Weekday,600,1-Car,No injury/unknown,ANIMAL/OBJECT IN ROADWAY,SR37N & VERNAL,17308
2011,6,1,Weekend,1200,2-Car,No injury/unknown,SPEED TOO FAST FOR WEATHER CONDITIONS,SR37N & W VERNAL,17309
2011,4,5,Weekday,2000,2-Car,No injury/unknown,UNSAFE BACKING,14TH & INDIANA AVE,17310
2011,11,7,Weekend,1000,3+ Cars,No injury/unknown,OTHER (DRIVER) - EXPLAIN IN NARRATIVE,SR37S & VERNAL,17311
2011,11,3,Weekday,1200,2-Car,No injury/unknown,UNSAFE BACKING,RANGE RD,17312
2011,12,2,Weekday,1600,3+ Cars,No injury/unknown,FAILURE TO YIELD RIGHT OF WAY,14TH & INDIANA AVE,17313
2011,4,2,Weekday,1700,2-Car,No injury/unknown,FAILURE TO YIELD RIGHT OF WAY,E 14TH ST & S DUNN,17314
2011,3,2,Weekday,1100,2-Car,No injury/unknown,FAILURE TO YIELD RIGHT OF WAY,14TH & WOODLAWN AVE,17315
2011,3,2,Weekday,0,2-Car,No injury/unknown,UNSAFE BACKING,N FEE LN,17316
2011,3,4,Weekday,1600,2-Car,No injury/unknown,IMPROPER TURNING,14TH ST & INDIANA,17317
2011,10,3,Weekday,1500,1-Car,No injury/unknown,RAN OFF ROAD RIGHT,14TH ST & FORREST,17318
2011,4,7,Weekend,2100,2-Car,No injury/unknown,FAILURE TO YIELD RIGHT OF WAY,E 14TH ST & N LINCOLN,17319
2011,2,6,Weekday,700,2-Car,No injury/unknown,OTHER (DRIVER) - EXPLAIN IN NARRATIVE,14TH ST & COLLEGE,17320
2011,9,3,Weekday,1900,2-Car,No injury/unknown,OTHER (DRIVER) - EXPLAIN IN NARRATIVE,14TH & NORTH COLLEGE AVE,17321
2011,11,3,Weekday,300,1-Car,No injury/unknown,OTHER (DRIVER) - EXPLAIN IN NARRATIVE,N COLLEGE AVE,17322
2011,12,6,Weekday,700,Bus,No injury/unknown,DISREGARD SIGNAL/REG SIGN,14TH & COLLEGE AVE,17323
2011,9,1,Weekday,2100,2-Car,No injury/unknown,FOLLOWING TOO CLOSELY,JONES & JORDAN AVE,17324
2011,2,7,Weekend,1000,2-Car,No injury/unknown,SPEED TOO FAST FOR WEATHER CONDITIONS,E 14TH & N WALNUT ST,17325
2011,8,4,Weekday,0,2-Car,No injury/unknown,IMPROPER LANE USAGE,14TH & WALNUT ST,17326
2011,9,4,Weekday,1800,2-Car,Non-incapacitating,FAILURE TO YIELD RIGHT OF WAY,14TH & NORTH WALNUT ST,17327
2011,9,6,Weekday,1500,2-Car,No injury/unknown,IMPROPER LANE USAGE,14TH & N WALNUT ST,17328
2011,11,2,Weekday,1100,2-Car,Non-incapacitating,FAILURE TO YIELD RIGHT OF WAY,E 14TH & N WALNUT ST,17329
2011,4,1,Weekend,300,2-Car,Non-incapacitating,UNSAFE SPEED,EAST 14TH & NORTH WALNUT ST,17330
2011,11,4,Weekday,2100,1-Car,No injury/unknown,ANIMAL/OBJECT IN ROADWAY,KNIGHTRIDGE & SR446S,17331
2011,2,4,Weekday,1400,2-Car,No injury/unknown,FOLLOWING TOO CLOSELY,SR37N & VERNAL,17332
2011,9,2,Weekday,1200,2-Car,No injury/unknown,IMPROPER TURNING,E BROWNSTONE RD RD,17333
2011,1,4,Weekday,1600,2-Car,No injury/unknown,OTHER (DRIVER) - EXPLAIN IN NARRATIVE,N UNION CT,17334
2011,5,2,Weekday,0,1-Car,No injury/unknown,UNSAFE SPEED,13TH & DUNN ST,17335
2011,7,6,Weekday,1600,1-Car,No injury/unknown,UNSAFE SPEED,13TH ST & INDIANA,17336
2011,7,4,Weekday,1800,2-Car,No injury/unknown,FAILURE TO YIELD RIGHT OF WAY,1020 S WOODLAWN DR,17337
2011,1,4,Weekday,1100,2-Car,No injury/unknown,FAILURE TO YIELD RIGHT OF WAY,E 13TH ST & N INDIANA,17338
2011,2,2,Weekday,1300,2-Car,No injury/unknown,FAILURE TO YIELD RIGHT OF WAY,E 13TH & N INDIANA AVE,17339
2011,3,7,Weekend,1300,3+ Cars,No injury/unknown,FAILURE TO YIELD RIGHT OF WAY,E 13TH & N INDIANA AVE,17340
2011,4,6,Weekday,1300,2-Car,No injury/unknown,FAILURE TO YIELD RIGHT OF WAY,13TH & INDIANA AVE,17341
2011,4,5,Weekday,1400,3+ Cars,No injury/unknown,FAILURE TO YIELD RIGHT OF WAY,13TH & INDIANA AVE,17342
2011,5,7,Weekend,700,1-Car,Non-incapacitating,OTHER (DRIVER) - EXPLAIN IN NARRATIVE,E 13TH & N INDIANA AVE,17343
2011,11,6,Weekday,1600,2-Car,No injury/unknown,FAILURE TO YIELD RIGHT OF WAY,13TH & INDIANA AVE,17344
2011,11,1,Weekend,1600,2-Car,Non-incapacitating,FAILURE TO YIELD RIGHT OF WAY,E 13TH & N INDIANA AVE,17345
2011,11,4,Weekday,1700,Cyclist,Non-incapacitating,FAILURE TO YIELD RIGHT OF WAY,13TH ST & INDIANA,17346
2011,11,3,Weekday,1500,2-Car,No injury/unknown,FAILURE TO YIELD RIGHT OF WAY,13TH & INDIANA AVE,17347
2011,1,7,Weekend,2200,2-Car,Non-incapacitating,FAILURE TO YIELD RIGHT OF WAY,E 13TH ST & N FESS,17348
2011,2,7,Weekend,2100,2-Car,No injury/unknown,DISREGARD SIGNAL/REG SIGN,13TH ST & FESS,17349
2011,2,4,Weekday,2300,2-Car,No injury/unknown,FAILURE TO YIELD RIGHT OF WAY,E 13TH ST & N FESS,17350
2011,2,7,Weekend,200,3+ Cars,No injury/unknown,RAN OFF ROAD RIGHT,N RANGE RD,17351
2011,5,6,Weekend,2300,2-Car,No injury/unknown,OTHER (DRIVER) - EXPLAIN IN NARRATIVE,RANGE RD,17352
2011,6,6,Weekday,0,2-Car,No injury/unknown,UNSAFE SPEED,S ROGERS ST,17353
2011,11,4,Weekday,1500,2-Car,Non-incapacitating,UNSAFE BACKING,NORTH FEE LN,17354
2011,1,6,Weekday,1500,3+ Cars,No injury/unknown,FAILURE TO YIELD RIGHT OF WAY,E 13TH ST & N WALNUT GROVE,17355
2011,9,1,Weekday,1900,2-Car,No injury/unknown,FAILURE TO YIELD RIGHT OF WAY,13 ST & WALNUT,17356
2011,10,7,Weekend,0,2-Car,No injury/unknown,OTHER (DRIVER) - EXPLAIN IN NARRATIVE,E 13TH ST,17357
2011,1,5,Weekday,900,2-Car,No injury/unknown,SPEED TOO FAST FOR WEATHER CONDITIONS,N FEE LN,17358
2011,3,1,Weekend,1700,1-Car,No injury/unknown,OVERCORRECTING/OVERSTEERING,13TH ST & FEE,17359
2011,9,5,Weekday,0,2-Car,No injury/unknown,UNSAFE BACKING,N SUMMIT ST & W 13TH,17360
2011,10,1,Weekend,1700,Pedestrian,Incapacitating,UNSAFE BACKING,W 13TH ST,17361
2011,10,4,Weekday,2200,3+ Cars,No injury/unknown,OVERCORRECTING/OVERSTEERING,E 13TH ST & N FEE,17362
2011,11,6,Weekday,1600,2-Car,No injury/unknown,UNSAFE BACKING,10TH ST & ROGERS,17363
2011,3,7,Weekend,400,1-Car,No injury/unknown,BRAKE FAILURE OR DEFECTIVE,RUSSELL & SR45E,17364
2011,5,6,Weekday,1200,2-Car,No injury/unknown,OTHER (VEHICLE) - EXPLAIN IN NARRATIVE,RUSSELL & SR45W,17365
2011,1,5,Weekday,1600,2-Car,No injury/unknown,SPEED TOO FAST FOR WEATHER CONDITIONS,N FEE LN,17366
2011,4,7,Weekend,1400,2-Car,No injury/unknown,IMPROPER TURNING,14TH & COLLEGE AVE,17367
2011,8,3,Weekday,1100,2-Car,No injury/unknown,UNSAFE BACKING,4300 E KINSER DR & DECKARD,17368
2011,9,6,Weekday,100,2-Car,No injury/unknown,IMPROPER LANE USAGE,12TH ST & GRANT,17369
2011,3,2,Weekday,1900,2-Car,No injury/unknown,LEFT OF CENTER,12TH ST & LINCOLN,17370
2011,12,7,Weekend,2200,3+ Cars,No injury/unknown,OTHER (DRIVER) - EXPLAIN IN NARRATIVE,12 TH ST & LINCOLN,17371
2011,9,1,Weekday,2300,2-Car,No injury/unknown,IMPROPER TURNING,7TH & MORTON ST,17372
2011,10,4,Weekday,1800,Bus,No injury/unknown,OVERCORRECTING/OVERSTEERING,12TH ST & INDIANA,17373
2011,11,2,Weekday,1800,Cyclist,Non-incapacitating,OTHER (DRIVER) - EXPLAIN IN NARRATIVE,12TH & INDIANA AVE,17374
2011,8,2,Weekday,2100,2-Car,Non-incapacitating,DISREGARD SIGNAL/REG SIGN,12 & INDIANA AVE,17375
2011,10,6,Weekday,900,2-Car,No injury/unknown,OTHER (DRIVER) - EXPLAIN IN NARRATIVE,12TH ST & ILLINOIS,17376
2011,5,6,Weekday,1600,2-Car,Non-incapacitating,BRAKE FAILURE OR DEFECTIVE,N MONROE ST & W 12TH,17377
2011,8,5,Weekday,1900,Pedestrian,Non-incapacitating,PEDESTRIAN ACTION,12TH ST & NORTH SUMMIT,17378
2011,9,6,Weekend,2000,2-Car,No injury/unknown,SPEED TOO FAST FOR WEATHER CONDITIONS,12TH ST & WALNUT,17379
2011,3,7,Weekend,800,2-Car,No injury/unknown,DISREGARD SIGNAL/REG SIGN,12TH & INDIANA AVE,17380
2011,11,3,Weekday,1300,2-Car,No injury/unknown,FAILURE TO YIELD RIGHT OF WAY,INDIANA AVE & TWELFTH,17381
2011,10,7,Weekend,1800,2-Car,No injury/unknown,FAILURE TO YIELD RIGHT OF WAY,12TH ST & FESS,17382
2011,1,5,Weekday,1200,1-Car,No injury/unknown,SPEED TOO FAST FOR WEATHER CONDITIONS,700 BLK E12TH ST & FESS,17383
2011,4,4,Weekday,1300,2-Car,No injury/unknown,UNSAFE LANE MOVEMENT,11TH & COLLEGE AVE,17384
2011,12,3,Weekday,800,1-Car,Non-incapacitating,RAN OFF ROAD RIGHT,E RHORER & S SARE RD,17385
2011,1,7,Weekend,1200,2-Car,No injury/unknown,LEFT OF CENTER,N WOODBRIDGE DR,17386
2011,5,7,Weekend,1600,Moped/Motorcycle,Non-incapacitating,UNSAFE SPEED,NORTH WOODBRIDGE DR,17387
2011,1,4,Weekday,1500,2-Car,No injury/unknown,SPEED TOO FAST FOR WEATHER CONDITIONS,N WOODBRIDGE DR,17388
2011,12,1,Weekend,1100,2-Car,No injury/unknown,OTHER (DRIVER) - EXPLAIN IN NARRATIVE,11TH & 800 BLK N COLLEGE AVE,17389
2011,4,4,Weekday,1400,Bus,No injury/unknown,FAILURE TO YIELD RIGHT OF WAY,FEE LN & LAW,17390
2011,11,3,Weekday,1900,Cyclist,Non-incapacitating,FAILURE TO YIELD RIGHT OF WAY,FEE LN & LAW,17391
2011,11,3,Weekday,1900,Pedestrian,Non-incapacitating,FAILURE TO YIELD RIGHT OF WAY,FEE & LAW LN,17392
2011,11,4,Weekday,2300,3+ Cars,No injury/unknown,FAILURE TO YIELD RIGHT OF WAY,13 & INDIANA AVE,17393
2011,5,4,Weekday,1100,2-Car,No injury/unknown,UNSAFE BACKING,JORDAN & LAW LN,17394
2011,2,7,Weekend,300,3+ Cars,No injury/unknown,OTHER (DRIVER) - EXPLAIN IN NARRATIVE,LAW & NORTH JORDAN AVE,17395
2011,4,2,Weekday,1300,2-Car,No injury/unknown,IMPROPER TURNING,JORDAN AVE & LAW,17396
2011,10,6,Weekday,1700,2-Car,No injury/unknown,FOLLOWING TOO CLOSELY,JORDAN AVE & LAW,17397
2011,11,2,Weekday,1400,2-Car,No injury/unknown,FAILURE TO YIELD RIGHT OF WAY,JORDAN & LAW LN,17398
2011,11,1,Weekend,1800,3+ Cars,No injury/unknown,CELL PHONE USAGE,JORDAN AVE & LAW,17399
2011,5,1,Weekday,2000,1-Car,No injury/unknown,CELL PHONE USAGE,11TH & VERNAL PIKE,17400
2011,9,2,Weekday,1100,Cyclist,Non-incapacitating,FAILURE TO YIELD RIGHT OF WAY,EAST ELEVENTH & NORTH FEE LN,17401
2011,2,3,Weekday,400,2-Car,No injury/unknown,RAN OFF ROAD RIGHT,11TH & INDIANA AVE,17402
2011,3,6,Weekday,1500,2-Car,No injury/unknown,FAILURE TO YIELD RIGHT OF WAY,11TH & WOODLAWN AVE,17403
2011,4,2,Weekday,2300,2-Car,No injury/unknown,FAILURE TO YIELD RIGHT OF WAY,EAST 11TH & WOODLAWN AVE,17404
2011,5,4,Weekday,1500,2-Car,No injury/unknown,UNSAFE BACKING,EAST 11TH ST,17405
2011,6,3,Weekday,2300,2-Car,No injury/unknown,IMPROPER LANE USAGE,11TH & N LINCOLN ST,17406
2011,10,5,Weekday,2100,2-Car,No injury/unknown,FAILURE TO YIELD RIGHT OF WAY,E 11TH & N WOODLAWN AVE,17407
2011,10,6,Weekday,1200,2-Car,No injury/unknown,FAILURE TO YIELD RIGHT OF WAY,E 11TH ST & N WOODLAWN,17408
2011,10,2,Weekday,900,2-Car,No injury/unknown,FAILURE TO YIELD RIGHT OF WAY,11TH ST & WOODLAWN,17409
2011,11,5,Weekday,1100,2-Car,No injury/unknown,FAILURE TO YIELD RIGHT OF WAY,900 E 11TH ST & WOODLAWN,17410
2011,12,1,Weekday,1900,2-Car,No injury/unknown,SPEED TOO FAST FOR WEATHER CONDITIONS,11TH ST & WALNUT GROVE,17411
2011,4,4,Weekday,1100,2-Car,No injury/unknown,UNSAFE BACKING,EAST 11TH ST,17412
2011,9,6,Weekday,1500,Bus,No injury/unknown,IMPROPER TURNING,11TH & WOODLAWN AVE,17413
2011,6,1,Weekend,1800,2-Car,No injury/unknown,RAN OFF ROAD RIGHT,11TH ST & ORRIS,17414
2011,1,1,Weekend,900,2-Car,No injury/unknown,OTHER (DRIVER) - EXPLAIN IN NARRATIVE,W 11TH ST,17415
2011,2,4,Weekday,1500,2-Car,No injury/unknown,FAILURE TO YIELD RIGHT OF WAY,W 11TH & W VERNAL PIKE,17416
2011,5,3,Weekday,1700,2-Car,No injury/unknown,UNSAFE BACKING,WEST 11TH ST,17417
2011,9,4,Weekday,1100,3+ Cars,No injury/unknown,UNSAFE BACKING,W 11TH ST,17418
2011,9,6,Weekday,1400,2-Car,Non-incapacitating,UNSAFE SPEED,ILLINOIS & ILLINOIS CT,17419
2011,12,6,Weekday,300,1-Car,No injury/unknown,UNSAFE SPEED,11TH ST,17420
2011,10,3,Weekday,1900,2-Car,No injury/unknown,SPEED TOO FAST FOR WEATHER CONDITIONS,11TH & NORTH COLLEGE AVE,17421
2011,10,3,Weekday,1600,2-Car,No injury/unknown,FAILURE TO YIELD RIGHT OF WAY,11TH ST & COLLEGE,17422
2011,2,4,Weekday,1400,2-Car,No injury/unknown,UNSAFE BACKING,WEST 11TH ST,17423
2011,4,7,Weekend,1500,2-Car,Non-incapacitating,IMPROPER TURNING,11TH & N WALNUT ST,17424
2011,8,4,Weekday,1900,2-Car,No injury/unknown,FAILURE TO YIELD RIGHT OF WAY,11TH & WALNUT ST,17425
2011,8,6,Weekend,1900,2-Car,No injury/unknown,FAILURE TO YIELD RIGHT OF WAY,E 11TH & N WALNUT ST,17426
2011,3,5,Weekday,1300,2-Car,No injury/unknown,FOLLOWING TOO CLOSELY,11TH & COLLEGE AVE,17427
2011,4,5,Weekday,1600,2-Car,No injury/unknown,FOLLOWING TOO CLOSELY,N COLLEGE AVE & W 11TH,17428
2011,7,2,Weekday,1100,3+ Cars,No injury/unknown,FOLLOWING TOO CLOSELY,N COLLEGE AVE & W 11TH,17429
2011,7,5,Weekday,300,2-Car,No injury/unknown,UNSAFE LANE MOVEMENT,11TH & COLLEGE AVE,17430
2011,8,6,Weekday,1700,Pedestrian,Non-incapacitating,RAN OFF ROAD RIGHT,11TH & 700 BLOCK OF NORTH COLLEGE AVE,17431
2011,11,1,Weekday,2100,2-Car,No injury/unknown,SPEED TOO FAST FOR WEATHER CONDITIONS,N COLLEGE AVE & W 11TH,17432
2011,1,4,Weekday,2000,3+ Cars,No injury/unknown,OTHER (VEHICLE) - EXPLAIN IN NARRATIVE,NORTH MORTON & WEST 11 TH ST,17433
2011,1,4,Weekday,1100,Bus,No injury/unknown,FAILURE TO YIELD RIGHT OF WAY,300 W 11TH ST & 600 N MORTON,17434
2011,3,2,Weekday,1400,2-Car,No injury/unknown,FAILURE TO YIELD RIGHT OF WAY,11TH ST & MORTON,17435
2011,9,6,Weekend,1900,2-Car,No injury/unknown,IMPROPER TURNING,W 11TH ST,17436
2011,3,5,Weekday,1200,Moped/Motorcycle,Incapacitating,DISREGARD SIGNAL/REG SIGN,500 W 11TH ST & 600 N ROGERS,17437
2011,8,4,Weekday,800,2-Car,No injury/unknown,DISREGARD SIGNAL/REG SIGN,N ROGERS ST & W 11TH,17438
2011,8,6,Weekend,2100,2-Car,No injury/unknown,FAILURE TO YIELD RIGHT OF WAY,11TH ST & ROGERS,17439
2011,7,7,Weekend,400,1-Car,No injury/unknown,RAN OFF ROAD RIGHT,11TH ST & FAIRVIEW,17440
2011,12,4,Weekday,900,2-Car,No injury/unknown,FOLLOWING TOO CLOSELY,W GRAY ST & W VERNAL,17441
2011,7,5,Weekday,800,2-Car,No injury/unknown,UNSAFE LANE MOVEMENT,SR37S & VERNAL,17442
2011,1,5,Weekday,2000,1-Car,No injury/unknown,OTHER (DRIVER) - EXPLAIN IN NARRATIVE,EAST LAW LN,17443
2011,2,7,Weekend,1900,2-Car,No injury/unknown,IMPROPER TURNING,E LAW LN,17444
2011,5,4,Weekday,1200,2-Car,No injury/unknown,UNSAFE BACKING,LAW LN,17445
2011,9,3,Weekday,2100,1-Car,No injury/unknown,RAN OFF ROAD RIGHT,E LAW LN,17446
2011,11,3,Weekday,1000,2-Car,No injury/unknown,OVERCORRECTING/OVERSTEERING,11TH & COLLEGE AVE,17447
2011,12,1,Weekend,900,1-Car,No injury/unknown,RAN OFF ROAD RIGHT,SR37 & VERNAL,17448
2011,4,6,Weekend,1900,2-Car,No injury/unknown,UNSAFE LANE MOVEMENT,JONES & JORDAN AVE,17449
2011,3,6,Weekday,1500,1-Car,No injury/unknown,SPEED TOO FAST FOR WEATHER CONDITIONS,10TH & N SMITH RD,17450
2011,6,5,Weekday,1600,2-Car,No injury/unknown,FAILURE TO YIELD RIGHT OF WAY,10TH ST & SMITH,17451
2011,6,2,Weekday,900,2-Car,No injury/unknown,FOLLOWING TOO CLOSELY,E 10TH ST & N SMITH,17452
2011,6,4,Weekday,200,1-Car,No injury/unknown,DRIVER DISTRACTED - EXPLAIN IN NARRATIVE,10TH ST & SMITH,17453
2011,7,6,Weekday,1600,2-Car,No injury/unknown,FOLLOWING TOO CLOSELY,10TH & SMITH RD,17454
2011,8,3,Weekday,1200,Moped/Motorcycle,Non-incapacitating,DRIVER DISTRACTED - EXPLAIN IN NARRATIVE,E 10TH ST & N SMITH,17455
2011,2,4,Weekday,2200,2-Car,No injury/unknown,FAILURE TO YIELD RIGHT OF WAY,COTTAGE GROVE & INDIANA AVE,17456
2011,5,2,Weekday,700,2-Car,No injury/unknown,UNSAFE BACKING,COTTAGE GROVE & DUNN ST,17457
2011,8,5,Weekday,0,Moped/Motorcycle,Incapacitating,SPEED TOO FAST FOR WEATHER CONDITIONS,COTTAGE GROVE ST & GRANT,17458
2011,10,6,Weekday,1600,2-Car,No injury/unknown,FAILURE TO YIELD RIGHT OF WAY,COTTAGE GRV & PARK,17459
2011,11,4,Weekday,1600,2-Car,No injury/unknown,FAILURE TO YIELD RIGHT OF WAY,COTTAGE GROVE & INDIANA AVE,17460
2011,10,2,Weekday,1100,Moped/Motorcycle,No injury/unknown,FAILURE TO YIELD RIGHT OF WAY,COTTAGE & WOODLAWN AVE,17461
2011,2,2,Weekday,1200,2-Car,No injury/unknown,FAILURE TO YIELD RIGHT OF WAY,FEE LN,17462
2011,12,2,Weekday,2000,2-Car,No injury/unknown,FAILURE TO YIELD RIGHT OF WAY,COTTAGE GROVE AVE & FORREST,17463
2011,12,7,Weekend,1200,3+ Cars,No injury/unknown,FAILURE TO YIELD RIGHT OF WAY,COTTEGE & LINCOLN ST,17464
2011,8,7,Weekend,1300,2-Car,No injury/unknown,FAILURE TO YIELD RIGHT OF WAY,COTTAGE & WASHINGTON ST,17465
2011,6,2,Weekday,700,Pedestrian,Non-incapacitating,DRIVER DISTRACTED - EXPLAIN IN NARRATIVE,COTTAGE GRV & WALNUT,17466
2011,3,5,Weekday,1800,1-Car,No injury/unknown,OTHER (DRIVER) - EXPLAIN IN NARRATIVE,NORTH UNION ST,17467
2011,3,3,Weekday,300,1-Car,No injury/unknown,RAN OFF ROAD RIGHT,LAW & UNION ST,17468
2011,4,4,Weekday,2000,2-Car,No injury/unknown,UNSAFE BACKING,LAW LN & UNION,17469
2011,8,6,Weekday,1100,2-Car,No injury/unknown,OTHER (VEHICLE) - EXPLAIN IN NARRATIVE,LAW & UNION ST,17470
2011,10,3,Weekday,1700,2-Car,No injury/unknown,FOLLOWING TOO CLOSELY,LAW LN & UNION,17471
2011,4,6,Weekday,500,1-Car,No injury/unknown,ANIMAL/OBJECT IN ROADWAY,E 10TH & RANGE RD,17472
2011,7,1,Weekend,1300,2-Car,No injury/unknown,UNSAFE BACKING,BARRRINGTON DR,17473
2011,10,3,Weekday,700,2-Car,No injury/unknown,OTHER (DRIVER) - EXPLAIN IN NARRATIVE,10TH & SMITH RD,17474
2011,11,1,Weekend,1700,2-Car,No injury/unknown,FAILURE TO YIELD RIGHT OF WAY,10TH & COLLEGE AVE,17475
2011,12,6,Weekday,1400,3+ Cars,Non-incapacitating,FOLLOWING TOO CLOSELY,10TH & SR46S,17476
2011,6,1,Weekend,1600,3+ Cars,No injury/unknown,OTHER (DRIVER) - EXPLAIN IN NARRATIVE,N UNION ST,17477
2011,6,6,Weekday,1000,2-Car,No injury/unknown,UNSAFE BACKING,NORTH UNION ST,17478
2011,10,6,Weekend,1900,2-Car,No injury/unknown,IMPROPER TURNING,NORTH UNION ST,17479
2011,12,4,Weekday,1500,2-Car,No injury/unknown,FAILURE TO YIELD RIGHT OF WAY,N UNION ST,17480
2011,10,2,Weekday,700,2-Car,No injury/unknown,UNSAFE BACKING,SMITH RD,17481
2011,12,6,Weekend,1900,1-Car,No injury/unknown,ANIMAL/OBJECT IN ROADWAY,10TH & N SMITH RD,17482
2011,10,5,Weekday,1300,2-Car,No injury/unknown,FOLLOWING TOO CLOSELY,1400 BLOCK OF NORTH KINSER PIKE & W NORTHLANE,17483
2011,1,4,Weekday,1100,2-Car,No injury/unknown,UNSAFE BACKING,N CURRY PIKE,17484
2011,3,2,Weekday,1300,2-Car,Non-incapacitating,UNSAFE SPEED,10TH & SR46S,17485
2011,10,4,Weekday,1400,1-Car,No injury/unknown,IMPROPER TURNING,NORTH RANGE RD,17486
2011,8,2,Weekday,1200,2-Car,No injury/unknown,IMPROPER PASSING,SECOND & SOUTH ROGERS ST,17487
2011,10,4,Weekday,1700,2-Car,Non-incapacitating,SPEED TOO FAST FOR WEATHER CONDITIONS,CURRY PIKE & PROFILE,17488
2011,1,4,Weekday,1700,2-Car,No injury/unknown,FAILURE TO YIELD RIGHT OF WAY,10TH & WOODLAWN AVE,17489
2011,12,1,Weekend,500,1-Car,No injury/unknown,RAN OFF ROAD RIGHT,GETTYS & KERR CRK,17490
2011,4,3,Weekday,800,2-Car,No injury/unknown,OTHER (DRIVER) - EXPLAIN IN NARRATIVE,W WHITEHALL CROSSING XING,17491
2011,8,1,Weekend,1500,2-Car,No injury/unknown,UNSAFE BACKING,W WHITEHALL CROSSING,17492
2011,1,6,Weekday,1500,2-Car,No injury/unknown,VIEW OBSTRUCTED,N CURRY PIKE,17493
2011,8,2,Weekday,1600,2-Car,Incapacitating,DISREGARD SIGNAL/REG SIGN,JACOB DR & WHITEHALL  CROSSING,17494
2011,3,6,Weekday,1600,2-Car,No injury/unknown,FAILURE TO YIELD RIGHT OF WAY,DANIELS WAY,17495
2011,8,3,Weekday,1600,2-Car,Non-incapacitating,FOLLOWING TOO CLOSELY,DANIELS WAY RD,17496
2011,9,2,Weekday,1700,2-Car,No injury/unknown,FAILURE TO YIELD RIGHT OF WAY,N DANIELS WAY,17497
2011,7,4,Weekday,1600,1-Car,No injury/unknown,OTHER (VEHICLE) - EXPLAIN IN NARRATIVE,E 10TH ST,17498
2011,4,7,Weekend,100,1-Car,No injury/unknown,IMPROPER TURNING,NORTH MORTON ST,17499
2011,1,2,Weekday,1400,2-Car,No injury/unknown,IMPROPER TURNING,10TH & WALNUT ST,17500
2011,1,3,Weekday,800,2-Car,No injury/unknown,SPEED TOO FAST FOR WEATHER CONDITIONS,10TH & COLLEGE AVE,17501
2011,1,5,Weekday,2100,2-Car,Non-incapacitating,IMPROPER LANE USAGE,N COLLEGE AVE & W 10TH,17502