year,month,day,weekend,hour,collision_type,injury_type,primary_factor,reported_location,unique_id
2011,2,3,Weekday,300,1-Car,No injury/unknown,RAN OFF ROAD RIGHT,E 10TH ST & N WALNUT,17503
2011,2,5,Weekday,1400,2-Car,No injury/unknown,DISREGARD SIGNAL/REG SIGN,10TH & N COLLEGE AVE,17504
2011,4,6,Weekday,1500,2-Car,No injury/unknown,IMPROPER TURNING,10TH & N COLLEGE AVE,17505
2011,4,7,Weekend,300,1-Car,Non-incapacitating,UNSAFE BACKING,10TH & WALNUT ST,17506
2011,4,7,Weekend,400,2-Car,No injury/unknown,OTHER (DRIVER) - EXPLAIN IN NARRATIVE,10TH & COLLEGE AVE,17507
2011,5,5,Weekday,1600,2-Car,Non-incapacitating,FOLLOWING TOO CLOSELY,COLLEGE & E 10TH ST,17508
2011,5,1,Weekend,1100,2-Car,No injury/unknown,SPEED TOO FAST FOR WEATHER CONDITIONS,10TH & COLLEGE AVE,17509
2011,5,5,Weekday,1100,1-Car,No injury/unknown,OVERSIZE/OVERWEIGHT LOAD,N COLLEGE AVE,17510
2011,5,3,Weekday,900,2-Car,No injury/unknown,DISREGARD SIGNAL/REG SIGN,E 10TH & N WALNUT ST,17511
2011,6,5,Weekday,1800,2-Car,No injury/unknown,DISREGARD SIGNAL/REG SIGN,10TH & WALNUT ST,17512
2011,8,4,Weekday,1500,Moped/Motorcycle,Non-incapacitating,UNSAFE LANE MOVEMENT,10TH & COLLEGE AVE,17513
2011,8,7,Weekend,1400,2-Car,No injury/unknown,FOLLOWING TOO CLOSELY,E 10TH & N WALNUT ST,17514
2011,8,7,Weekend,1500,2-Car,No injury/unknown,FOLLOWING TOO CLOSELY,10TH & N COLLEGE AVE,17515
2011,8,2,Weekday,1700,2-Car,No injury/unknown,IMPROPER TURNING,10TH & COLLEGE AVE,17516
2011,9,7,Weekend,1800,2-Car,Non-incapacitating,DISREGARD SIGNAL/REG SIGN,10TH ST & COLLEGE,17517
2011,10,3,Weekday,1000,2-Car,No injury/unknown,IMPROPER TURNING,10TH & COLLEGE AVE,17518
2011,10,5,Weekday,1800,2-Car,No injury/unknown,UNSAFE LANE MOVEMENT,N COLLEGE AVE & W 10TH,17519
2011,10,5,Weekday,1900,2-Car,No injury/unknown,DISREGARD SIGNAL/REG SIGN,10TH ST & WALNUT,17520
2011,10,1,Weekend,100,2-Car,No injury/unknown,UNSAFE LANE MOVEMENT,10TH & N WALNUT ST,17521
2011,11,6,Weekday,1200,2-Car,No injury/unknown,FAILURE TO YIELD RIGHT OF WAY,N COLLEGE AVE & W 10TH,17522
2011,12,7,Weekend,1900,2-Car,No injury/unknown,UNSAFE LANE MOVEMENT,N COLLEGE AVE & W 10TH,17523
2011,4,5,Weekday,1500,2-Car,No injury/unknown,FAILURE TO YIELD RIGHT OF WAY,E 10TH ST & N WASHINGTON,17524
2011,10,4,Weekday,2000,3+ Cars,Non-incapacitating,UNSAFE SPEED,E 10TH ST & N WASHINGTON,17525
2011,5,6,Weekday,1400,2-Car,No injury/unknown,UNSAFE BACKING,E 10TH & N LINCOLN ST,17526
2011,5,6,Weekday,1700,2-Car,No injury/unknown,FAILURE TO YIELD RIGHT OF WAY,EAST 10TH ST & NORTH LINCOLN,17527
2011,9,2,Weekday,1800,2-Car,No injury/unknown,FAILURE TO YIELD RIGHT OF WAY,10TH ST & LINCOLN,17528
2011,10,7,Weekend,1500,2-Car,No injury/unknown,FAILURE TO YIELD RIGHT OF WAY,E 10TH ST & N LINCOLN,17529
2011,5,4,Weekday,200,2-Car,No injury/unknown,FAILURE TO YIELD RIGHT OF WAY,10TH ST & GRANT,17530
2011,8,2,Weekday,1700,Moped/Motorcycle,Non-incapacitating,FAILURE TO YIELD RIGHT OF WAY,E10TH ST & N GRANT,17531
2011,10,1,Weekday,2100,2-Car,No injury/unknown,FAILURE TO YIELD RIGHT OF WAY,10TH ST & GRANT,17532
2011,10,6,Weekend,1900,2-Car,No injury/unknown,FAILURE TO YIELD RIGHT OF WAY,10TH ST & GRANT,17533
2011,8,4,Weekday,200,1-Car,No injury/unknown,RAN OFF ROAD RIGHT,E 10TH ST,17534
2011,1,3,Weekday,900,2-Car,No injury/unknown,SPEED TOO FAST FOR WEATHER CONDITIONS,10TH ST & INDIANA,17535
2011,2,2,Weekday,200,2-Car,No injury/unknown,FAILURE TO YIELD RIGHT OF WAY,10TH & INDIANA AVE,17536
2011,4,7,Weekend,1000,2-Car,No injury/unknown,FOLLOWING TOO CLOSELY,10TH ST & INDIANA,17537
2011,4,7,Weekend,1600,2-Car,No injury/unknown,FOLLOWING TOO CLOSELY,INDIANA & TENTH ST,17538
2011,4,4,Weekday,1400,Moped/Motorcycle,No injury/unknown,FAILURE TO YIELD RIGHT OF WAY,E 10TH ST & N INDIANA,17539
2011,8,3,Weekday,1800,2-Car,No injury/unknown,FAILURE TO YIELD RIGHT OF WAY,DUNN & TENTH ST,17540
2011,9,1,Weekend,700,Cyclist,Non-incapacitating,DISREGARD SIGNAL/REG SIGN,600 EAST TENTH ST & 600 NORTH INDIANA,17541
2011,10,2,Weekday,2200,2-Car,Non-incapacitating,FAILURE TO YIELD RIGHT OF WAY,E 10TH ST & N DUNN,17542
2011,10,2,Weekday,1000,2-Car,No injury/unknown,CELL PHONE USAGE,E 10TH ST & N DUNN,17543
2011,12,1,Weekend,1700,2-Car,No injury/unknown,FOLLOWING TOO CLOSELY,10TH ST & BARRINGTON,17544
2011,9,7,Weekend,2000,2-Car,No injury/unknown,FOLLOWING TOO CLOSELY,10TH ST & FESS,17545
2011,5,2,Weekday,1700,1-Car,No injury/unknown,OTHER (ENVIRONMENTAL) - EXPLAIN IN NARR,TENTH & WALNUT ST,17546
2011,8,6,Weekend,2200,2-Car,No injury/unknown,IMPROPER TURNING,N WALNUT ST & W 10,17547
2011,6,5,Weekday,1300,3+ Cars,Non-incapacitating,FOLLOWING TOO CLOSELY,10TH ST & PETE ELLIS,17548
2011,1,5,Weekday,1100,2-Car,No injury/unknown,UNSAFE SPEED,10TH ST & JEFFERSON,17549
2011,5,1,Weekend,1500,1-Car,No injury/unknown,UNSAFE SPEED,10TH ST & JEFFERSON,17550
2011,11,1,Weekend,1800,2-Car,No injury/unknown,FOLLOWING TOO CLOSELY,10TH ST & JEFFERSON,17551
2011,1,2,Weekday,1000,2-Car,No injury/unknown,OVERSIZE/OVERWEIGHT LOAD,E 10TH ST,17552
2011,1,7,Weekend,1400,2-Car,No injury/unknown,OTHER (DRIVER) - EXPLAIN IN NARRATIVE,E 10TH & STATE ROAD 45 46 BYP,17553
2011,1,7,Weekend,1800,2-Car,Non-incapacitating,FOLLOWING TOO CLOSELY,EAST 10TH ST & SR46E,17554
2011,2,3,Weekday,700,2-Car,No injury/unknown,OTHER (DRIVER) - EXPLAIN IN NARRATIVE,E 10TH ST,17555
2011,3,6,Weekday,1200,2-Car,No injury/unknown,UNSAFE BACKING,E 10TH ST,17556
2011,4,6,Weekday,1600,2-Car,No injury/unknown,FAILURE TO YIELD RIGHT OF WAY,10TH ST & JEFFERSON,17557
2011,4,7,Weekend,1600,2-Car,No injury/unknown,FAILURE TO YIELD RIGHT OF WAY,10TH ST & PARK,17558
2011,4,5,Weekday,700,2-Car,No injury/unknown,FOLLOWING TOO CLOSELY,E 10TH ST & PARK,17559
2011,4,5,Weekday,800,2-Car,No injury/unknown,FOLLOWING TOO CLOSELY,E 10TH ST & PARK,17560
2011,5,1,Weekend,1500,1-Car,No injury/unknown,RAN OFF ROAD RIGHT,E 10TH ST & N JEFFERSON,17561
2011,7,3,Weekday,900,2-Car,No injury/unknown,DRIVER DISTRACTED - EXPLAIN IN NARRATIVE,JEFFERSON & TENTH ST,17562
2011,7,5,Weekday,1100,1-Car,No injury/unknown,IMPROPER TURNING,E 10TH ST,17563
2011,8,6,Weekday,1600,2-Car,No injury/unknown,UNSAFE BACKING,E 10TH ST,17564
2011,8,6,Weekday,1700,2-Car,No injury/unknown,IMPROPER TURNING,E 10TH ST,17565
2011,8,4,Weekday,1500,2-Car,No injury/unknown,FAILURE TO YIELD RIGHT OF WAY,10TH ST & PARK,17566
2011,8,6,Weekend,2100,2-Car,No injury/unknown,DRIVER DISTRACTED - EXPLAIN IN NARRATIVE,10TH & SR46E,17567
2011,8,3,Weekday,1200,2-Car,No injury/unknown,UNSAFE BACKING,E 10TH ST,17568
2011,9,2,Weekday,800,2-Car,No injury/unknown,FAILURE TO YIELD RIGHT OF WAY,10TH ST & JEFFERSON,17569
2011,9,7,Weekend,1100,1-Car,No injury/unknown,OVERSIZE/OVERWEIGHT LOAD,10TH ST & JEFFERSON,17570
2011,10,4,Weekday,2000,2-Car,No injury/unknown,SPEED TOO FAST FOR WEATHER CONDITIONS,E 10TH & SR46E,17571
2011,10,6,Weekend,2200,2-Car,No injury/unknown,UNSAFE BACKING,10TH ST,17572
2011,11,1,Weekend,200,2-Car,No injury/unknown,UNSAFE BACKING,E 10TH ST,17573
2011,11,6,Weekday,1800,2-Car,No injury/unknown,FOLLOWING TOO CLOSELY,10TH ST & PARK,17574
2011,12,7,Weekend,400,1-Car,No injury/unknown,OVERCORRECTING/OVERSTEERING,10TH ST & JEFFERSON,17575
2011,12,4,Weekday,2200,2-Car,No injury/unknown,LEFT OF CENTER,10TH & JEFFERSON AVE,17576
2011,12,5,Weekday,1900,2-Car,No injury/unknown,FOLLOWING TOO CLOSELY,10TH & SR46E,17577
2011,11,2,Weekday,1400,2-Car,Non-incapacitating,FOLLOWING TOO CLOSELY,10TH ST & PARK,17578
2011,8,6,Weekend,1900,1-Car,Non-incapacitating,RAN OFF ROAD RIGHT,SR37 & W WHITEHALL XING,17579
2011,3,3,Weekday,1500,2-Car,No injury/unknown,FOLLOWING TOO CLOSELY,EAST 10TH ST & NORTH WODDLAWN,17580
2011,9,6,Weekday,1500,3+ Cars,No injury/unknown,FOLLOWING TOO CLOSELY,10TH ST & WOODLAWN,17581
2011,10,2,Weekday,1900,2-Car,Non-incapacitating,FOLLOWING TOO CLOSELY,10TH ST & WOODLAWN,17582
2011,4,2,Weekday,800,2-Car,No injury/unknown,FAILURE TO YIELD RIGHT OF WAY,SR45E & SR46E,17583
2011,4,2,Weekday,1800,2-Car,No injury/unknown,FOLLOWING TOO CLOSELY,10TH ST & SR46E,17584
2011,3,5,Weekday,1600,2-Car,No injury/unknown,FOLLOWING TOO CLOSELY,10TH ST & WOODLAWN,17585
2011,4,1,Weekend,1800,2-Car,No injury/unknown,OTHER (DRIVER) - EXPLAIN IN NARRATIVE,E 10TH ST & N WOODLAWN,17586
2011,4,7,Weekend,1300,2-Car,No injury/unknown,FAILURE TO YIELD RIGHT OF WAY,10TH ST & WOODLAWN,17587
2011,4,4,Weekday,1900,2-Car,No injury/unknown,UNSAFE BACKING,10TH ST & WOODLAWN,17588
2011,5,4,Weekday,700,Bus,No injury/unknown,FAILURE TO YIELD RIGHT OF WAY,E 10TH ST & WOODLAWN,17589
2011,8,3,Weekday,1700,3+ Cars,Non-incapacitating,DRIVER ILLNESS,10TH ST & WOODLAWN,17590
2011,11,3,Weekday,1800,2-Car,No injury/unknown,SPEED TOO FAST FOR WEATHER CONDITIONS,10TH ST & FORREST,17591
2011,4,5,Weekday,1800,2-Car,Non-incapacitating,FOLLOWING TOO CLOSELY,E 10TH ST & N FORREST,17592
2011,9,4,Weekday,1900,2-Car,No injury/unknown,DRIVER DISTRACTED - EXPLAIN IN NARRATIVE,10TH ST & FORREST,17593
2011,9,2,Weekday,1900,2-Car,No injury/unknown,SPEED TOO FAST FOR WEATHER CONDITIONS,E 10TH ST & N FORREST,17594
2011,10,4,Weekday,1900,3+ Cars,Non-incapacitating,FOLLOWING TOO CLOSELY,10TH ST & FORREST,17595
2011,10,6,Weekday,1500,2-Car,No injury/unknown,FOLLOWING TOO CLOSELY,10TH ST & FORREST,17596
2011,10,1,Weekday,2000,2-Car,Non-incapacitating,FAILURE TO YIELD RIGHT OF WAY,10TH ST & FEE,17597
2011,11,5,Weekday,1500,3+ Cars,No injury/unknown,FOLLOWING TOO CLOSELY,10TH ST & WALNUT GROVE,17598
2011,3,5,Weekday,1500,2-Car,No injury/unknown,FAILURE TO YIELD RIGHT OF WAY,E 10TH ST,17599
2011,8,3,Weekday,1400,3+ Cars,No injury/unknown,FOLLOWING TOO CLOSELY,E 10TH ST & N WALNUT GROVE,17600
2011,9,4,Weekday,2000,2-Car,No injury/unknown,FOLLOWING TOO CLOSELY,10TH ST & WALNUT GROVE,17601
2011,11,2,Weekday,1400,Pedestrian,Non-incapacitating,FAILURE TO YIELD RIGHT OF WAY,10TH ST & WALNUT,17602
2011,1,4,Weekday,1100,2-Car,No injury/unknown,DRIVER DISTRACTED - EXPLAIN IN NARRATIVE,FEE & TENTH ST,17603
2011,1,5,Weekday,1400,2-Car,No injury/unknown,FOLLOWING TOO CLOSELY,EAST 10TH ST & NORTH FEE,17604
2011,2,4,Weekday,1900,2-Car,No injury/unknown,FOLLOWING TOO CLOSELY,E 10TH ST & N FEE,17605
2011,2,6,Weekend,2200,Bus,No injury/unknown,IMPROPER LANE USAGE,10TH ST & FEE,17606
2011,3,5,Weekday,1000,1-Car,No injury/unknown,UNSAFE BACKING,11TH ST & FEE,17607
2011,3,1,Weekend,100,2-Car,Non-incapacitating,FAILURE TO YIELD RIGHT OF WAY,10TH ST & FEE,17608
2011,3,3,Weekday,1800,Pedestrian,Non-incapacitating,DISREGARD SIGNAL/REG SIGN,E 10TH ST & N FEE,17609
2011,4,2,Weekday,2200,2-Car,No injury/unknown,FOLLOWING TOO CLOSELY,E 10TH ST & N FEE,17610
2011,6,6,Weekday,700,1-Car,No injury/unknown,UNSAFE BACKING,1101 N FEE (NORTH EAST CORNER) LN & FEE,17611
2011,9,6,Weekday,1100,2-Car,No injury/unknown,UNSAFE BACKING,11TH ST & FEE,17612
2011,9,2,Weekday,1900,Cyclist,Non-incapacitating,FAILURE TO YIELD RIGHT OF WAY,11TH ST & FEE,17613
2011,9,1,Weekend,1800,3+ Cars,No injury/unknown,SPEED TOO FAST FOR WEATHER CONDITIONS,E 10TH ST & N FEE,17614
2011,10,1,Weekday,1900,2-Car,No injury/unknown,FOLLOWING TOO CLOSELY,10TH & N FEE LN,17615
2011,11,3,Weekday,2200,1-Car,No injury/unknown,RAN OFF ROAD RIGHT,E 11TH ST & N FEE,17616
2011,5,6,Weekday,1300,2-Car,No injury/unknown,UNSAFE LANE MOVEMENT,10TH ST & SUNRISE,17617
2011,6,2,Weekday,1700,2-Car,No injury/unknown,FOLLOWING TOO CLOSELY,10TH ST & SUNRISE,17618
2011,7,4,Weekday,2100,Moped/Motorcycle,Non-incapacitating,IMPROPER PASSING,E 10TH ST & N SUNRISE,17619
2011,8,1,Weekend,1200,2-Car,No injury/unknown,DRIVER DISTRACTED - EXPLAIN IN NARRATIVE,EAST TENTH ST & SUNRISE,17620
2011,9,7,Weekend,2000,3+ Cars,No injury/unknown,CELL PHONE USAGE,10TH ST & SUNRISE,17621
2011,9,6,Weekday,1600,2-Car,No injury/unknown,FOLLOWING TOO CLOSELY,10TH ST & SUNRISE,17622
2011,12,6,Weekday,800,1-Car,No injury/unknown,OVERSIZE/OVERWEIGHT LOAD,10TH ST & SUNRISE,17623
2011,12,1,Weekend,1400,2-Car,No injury/unknown,FOLLOWING TOO CLOSELY,10TH ST & SUNRISE,17624
2011,12,5,Weekday,1800,2-Car,No injury/unknown,UNSAFE BACKING,10TH ST & SUNRISE,17625
2011,2,4,Weekday,1400,2-Car,No injury/unknown,UNSAFE BACKING,E 10TH ST,17626
2011,3,1,Weekend,1300,2-Car,No injury/unknown,UNSAFE BACKING,E 10TH ST,17627
2011,8,2,Weekday,1800,2-Car,No injury/unknown,UNSAFE BACKING,EAST 10TH ST,17628
2011,10,2,Weekday,2300,1-Car,No injury/unknown,ACCELERATOR FAILURE OR DEFECTIVE,EAST 10TH ST,17629
2011,10,4,Weekday,0,2-Car,No injury/unknown,OTHER (DRIVER) - EXPLAIN IN NARRATIVE,EAST 10 TH STREET ST,17630
2011,2,5,Weekday,2300,Pedestrian,Non-incapacitating,FAILURE TO YIELD RIGHT OF WAY,EAST 10 ST,17631
2011,2,6,Weekend,1900,2-Car,No injury/unknown,UNSAFE BACKING,E 10TH ST,17632
2011,2,6,Weekday,1200,2-Car,No injury/unknown,OTHER (DRIVER) - EXPLAIN IN NARRATIVE,10TH & SR46S,17633
2011,2,1,Weekend,1400,2-Car,No injury/unknown,FOLLOWING TOO CLOSELY,10TH ST & UNION,17634
2011,3,6,Weekend,2100,2-Car,Non-incapacitating,DISREGARD SIGNAL/REG SIGN,10TH & SR45E,17635
2011,12,7,Weekend,1900,2-Car,No injury/unknown,FOLLOWING TOO CLOSELY,10TH ST & JORDAN,17636
2011,1,3,Weekday,1800,2-Car,No injury/unknown,FAILURE TO YIELD RIGHT OF WAY,10TH ST & NORTH JORDAN,17637
2011,2,2,Weekday,1700,2-Car,Non-incapacitating,FOLLOWING TOO CLOSELY,10TH & JORDAN AVE,17638
2011,4,7,Weekend,1000,2-Car,Non-incapacitating,DISREGARD SIGNAL/REG SIGN,10TH & JORDAN AVE,17639
2011,4,6,Weekday,1300,2-Car,No injury/unknown,FOLLOWING TOO CLOSELY,EAST TENTH ST & JORDAN,17640
2011,4,5,Weekday,1200,2-Car,No injury/unknown,UNSAFE SPEED,10TH ST & JORDAN,17641
2011,8,2,Weekday,1600,Pedestrian,Non-incapacitating,OTHER (DRIVER) - EXPLAIN IN NARRATIVE,10TH ST & JORDAN,17642
2011,8,2,Weekday,1700,2-Car,No injury/unknown,IMPROPER PASSING,10TH ST & JORDAN,17643
2011,2,6,Weekday,1500,Pedestrian,Non-incapacitating,PEDESTRIAN ACTION,10TH ST & SUNRISE,17644
2011,5,2,Weekday,1600,2-Car,No injury/unknown,IMPROPER TURNING,EAST TENTH ST,17645
2011,11,5,Weekday,2100,2-Car,No injury/unknown,UNSAFE BACKING,10TH ST,17646
2011,12,6,Weekday,1400,2-Car,No injury/unknown,UNSAFE SPEED,10TH ST & JORDAN,17647
2011,11,5,Weekday,1400,2-Car,No injury/unknown,FOLLOWING TOO CLOSELY,E 10TH ST & PETE ELLIS,17648
2011,3,3,Weekday,2200,1-Car,No injury/unknown,ANIMAL/OBJECT IN ROADWAY,EAST 10TH ST,17649
2011,5,4,Weekday,1400,2-Car,No injury/unknown,UNSAFE BACKING,10TH ST & PETE ELLIS,17650
2011,8,3,Weekday,1400,2-Car,No injury/unknown,FOLLOWING TOO CLOSELY,10TH & 45 46 BYP,17651
2011,9,1,Weekend,1700,2-Car,No injury/unknown,FOLLOWING TOO CLOSELY,45 46 & EAST 10TH ST,17652
2011,2,3,Weekday,1700,2-Car,Non-incapacitating,IMPROPER LANE USAGE,N RANGE & SR45E,17653
2011,3,4,Weekday,1200,2-Car,No injury/unknown,UNSAFE LANE MOVEMENT,E 10TH ST & N PETE ELLIS,17654
2011,5,7,Weekend,2300,2-Car,No injury/unknown,FAILURE TO YIELD RIGHT OF WAY,10TH & RANGE RD,17655
2011,5,7,Weekend,1500,2-Car,No injury/unknown,BRAKE FAILURE OR DEFECTIVE,10TH ST & PETE ELLIS,17656
2011,5,6,Weekday,500,1-Car,Non-incapacitating,UNSAFE SPEED,E 10TH ST & N PETE ELLIS,17657
2011,7,6,Weekday,1700,1-Car,No injury/unknown,RAN OFF ROAD RIGHT,RANGE & TENTH ST,17658
2011,8,4,Weekday,1300,2-Car,No injury/unknown,OTHER (DRIVER) - EXPLAIN IN NARRATIVE,E 10TH ST,17659
2011,9,5,Weekday,2200,2-Car,No injury/unknown,FOLLOWING TOO CLOSELY,10TH ST & RANGE,17660
2011,11,1,Weekend,1500,2-Car,Non-incapacitating,SPEED TOO FAST FOR WEATHER CONDITIONS,10TH ST & RANGE,17661
2011,9,4,Weekday,1200,1-Car,Non-incapacitating,OTHER (DRIVER) - EXPLAIN IN NARRATIVE,E 10TH ST,17662
2011,1,7,Weekend,1000,1-Car,No injury/unknown,SPEED TOO FAST FOR WEATHER CONDITIONS,10TH ST & PETE ELLIS,17663
2011,6,4,Weekday,1200,2-Car,No injury/unknown,UNSAFE BACKING,EAST 10TH ST,17664
2011,2,6,Weekday,1600,2-Car,No injury/unknown,UNSAFE BACKING,E 10TH ST,17665
2011,9,4,Weekday,1300,2-Car,No injury/unknown,UNSAFE BACKING,E 10TH ST,17666
2011,8,6,Weekend,2000,Cyclist,Non-incapacitating,FAILURE TO YIELD RIGHT OF WAY,10TH ST & UNION,17667
2011,3,6,Weekday,1200,2-Car,No injury/unknown,FAILURE TO YIELD RIGHT OF WAY,10TH ST & UNION,17668
2011,4,6,Weekend,1900,2-Car,No injury/unknown,FOLLOWING TOO CLOSELY,10TH ST & UNION,17669
2011,12,7,Weekend,1500,3+ Cars,No injury/unknown,FOLLOWING TOO CLOSELY,10TH ST & UNION,17670
2011,8,2,Weekday,2200,2-Car,No injury/unknown,FAILURE TO YIELD RIGHT OF WAY,10TH ST & UNION,17671
2011,1,4,Weekday,1700,2-Car,Non-incapacitating,FAILURE TO YIELD RIGHT OF WAY,10TH & UNION ST,17672
2011,4,2,Weekday,1200,2-Car,No injury/unknown,IMPROPER TURNING,10TH & UNION ST,17673
2011,8,7,Weekend,0,2-Car,No injury/unknown,FAILURE TO YIELD RIGHT OF WAY,10TH ST & UNION,17674
2011,9,5,Weekday,1500,2-Car,No injury/unknown,OTHER (DRIVER) - EXPLAIN IN NARRATIVE,EAST 10TH ST,17675
2011,9,6,Weekend,2100,2-Car,No injury/unknown,UNSAFE BACKING,EAST 10TH ST,17676
2011,9,5,Weekday,0,2-Car,No injury/unknown,FOLLOWING TOO CLOSELY,E 10TH ST & N UNION,17677
2011,10,4,Weekday,2000,2-Car,No injury/unknown,UNSAFE BACKING,EAST 10TH ST,17678
2011,1,6,Weekday,800,3+ Cars,No injury/unknown,OTHER (DRIVER) - EXPLAIN IN NARRATIVE,10TH ST & PETE ELLIS,17679
2011,8,4,Weekday,1900,2-Car,No injury/unknown,FOLLOWING TOO CLOSELY,10TH & WALNUT ST,17680
2011,1,5,Weekday,1500,1-Car,No injury/unknown,SPEED TOO FAST FOR WEATHER CONDITIONS,10TH ST & JEFFERSON,17681
2011,8,4,Weekday,1100,2-Car,No injury/unknown,FAILURE TO YIELD RIGHT OF WAY,10TH & JORDAN AVE,17682
2011,12,5,Weekday,1800,1-Car,No injury/unknown,OTHER (VEHICLE) - EXPLAIN IN NARRATIVE,N SMITH RD,17683
2011,8,1,Weekday,1900,2-Car,No injury/unknown,FAILURE TO YIELD RIGHT OF WAY,10TH & UNION ST,17684
2011,10,4,Weekday,1200,2-Car,No injury/unknown,UNSAFE BACKING,S WALNUT ST,17685
2011,5,3,Weekday,700,1-Car,Incapacitating,UNSAFE SPEED,SR48W & STATE ROAD 43,17686
2011,12,4,Weekday,2100,1-Car,No injury/unknown,UNSAFE SPEED,SR37S & WHITEHALL CROSSING,17687
2011,8,4,Weekday,900,1-Car,No injury/unknown,OTHER (DRIVER) - EXPLAIN IN NARRATIVE,N MORTON ST,17688
2011,10,6,Weekday,800,Pedestrian,Non-incapacitating,OTHER (ENVIRONMENTAL) - EXPLAIN IN NARR,BASSWOOD DR & BLOOMFIELD,17689
2011,10,6,Weekday,800,Pedestrian,No injury/unknown,OTHER (ENVIRONMENTAL) - EXPLAIN IN NARR,BASSWOOD DR & BLOOMFIELD,17690
2011,10,6,Weekday,800,2-Car,No injury/unknown,OTHER (ENVIRONMENTAL) - EXPLAIN IN NARR,BASSWOOD DR & BLOOMFIELD,17691
2011,8,2,Weekday,2200,2-Car,Non-incapacitating,OTHER (DRIVER) - EXPLAIN IN NARRATIVE,SR37N & WHITEHALL CROSSING,17692
2011,1,4,Weekday,2200,2-Car,No injury/unknown,IMPROPER TURNING,N COLLEGE AVE,17693
2011,7,2,Weekday,2000,2-Car,No injury/unknown,UNSAFE BACKING,N COLLEGE AVE,17694
2011,8,2,Weekday,1200,2-Car,No injury/unknown,UNSAFE BACKING,S COLLEGE AVE,17695
2011,1,3,Weekday,1700,1-Car,No injury/unknown,SPEED TOO FAST FOR WEATHER CONDITIONS,BELL TRACE & JOHN HINKLE PL,17696
2011,5,5,Weekday,1400,Cyclist,Non-incapacitating,FAILURE TO YIELD RIGHT OF WAY,10TH & JORDAN AVE,17697
2011,11,3,Weekday,1600,2-Car,No injury/unknown,FAILURE TO YIELD RIGHT OF WAY,S WALNUT ST,17698
2011,3,7,Weekend,1100,2-Car,No injury/unknown,FOLLOWING TOO CLOSELY,JOHN HINKLE & PETE ELLIS DR,17699
2011,11,2,Weekday,1400,2-Car,No injury/unknown,FOLLOWING TOO CLOSELY,JOHN HINKLE & PETE ELLIS DR,17700
2011,9,4,Weekday,1500,2-Car,No injury/unknown,UNSAFE LANE MOVEMENT,9TH & WOODLAWN AVE,17701
2011,8,6,Weekday,1500,1-Car,No injury/unknown,IMPROPER TURNING,NORTH WOODLAWN AVE,17702
2011,1,5,Weekday,900,2-Car,No injury/unknown,OTHER (DRIVER) - EXPLAIN IN NARRATIVE,10TH & UNION ST,17703
2011,11,1,Weekday,1900,Pedestrian,Non-incapacitating,FAILURE TO YIELD RIGHT OF WAY,NORTH SUNRISE AVE,17704
2011,9,7,Weekend,1100,2-Car,No injury/unknown,UNSAFE LANE MOVEMENT,9TH ST & FESS,17705
2011,1,3,Weekday,500,2-Car,No injury/unknown,SPEED TOO FAST FOR WEATHER CONDITIONS,9TH & COLLEGE AVE,17706
2011,2,3,Weekday,2100,2-Car,No injury/unknown,FAILURE TO YIELD RIGHT OF WAY,9TH ST & INDIANA,17707
2011,4,1,Weekend,0,2-Car,No injury/unknown,FAILURE TO YIELD RIGHT OF WAY,9TH & DUNN AVE,17708
2011,4,6,Weekday,1000,2-Car,No injury/unknown,FAILURE TO YIELD RIGHT OF WAY,N COLLEGE AVE & W 9TH,17709
2011,5,2,Weekday,1900,2-Car,No injury/unknown,FAILURE TO YIELD RIGHT OF WAY,9TH & N WALNUT ST,17710
2011,8,4,Weekday,1700,1-Car,No injury/unknown,IMPROPER TURNING,E 9TH & N PARK AVE,17711
2011,8,1,Weekend,100,2-Car,No injury/unknown,IMPROPER TURNING,9TH & WALNUT ST,17712
2011,9,1,Weekend,300,2-Car,No injury/unknown,OTHER (DRIVER) - EXPLAIN IN NARRATIVE,9TH ST & DUNN,17713
2011,9,5,Weekday,1300,Moped/Motorcycle,Non-incapacitating,FAILURE TO YIELD RIGHT OF WAY,9TH & MORTON ST,17714
2011,9,1,Weekend,100,2-Car,No injury/unknown,UNSAFE BACKING,9TH ST & COLLEGE,17715
2011,9,6,Weekday,1700,Cyclist,Non-incapacitating,WRONG WAY ON ONE WAY,9TH ST & LINCOLN,17716
2011,11,1,Weekend,200,2-Car,No injury/unknown,FAILURE TO YIELD RIGHT OF WAY,9TH ST & GRANT,17717
2011,9,5,Weekday,2000,2-Car,No injury/unknown,UNSAFE LANE MOVEMENT,9TH & COLLEGE AVE,17718
2011,10,1,Weekend,1700,2-Car,No injury/unknown,FAILURE TO YIELD RIGHT OF WAY,GRANT ST & NINTH,17719
2011,3,4,Weekday,1800,2-Car,No injury/unknown,UNSAFE BACKING,EAST 9TH ST,17720