year,month,day,weekend,hour,collision_type,injury_type,primary_factor,reported_location,unique_id
2011,8,4,Weekday,900,2-Car,No injury/unknown,FOLLOWING TOO CLOSELY,3RD & LANDMARK AVE,18372
2011,9,5,Weekday,1400,2-Car,Non-incapacitating,FOLLOWING TOO CLOSELY,S LANDMARK & W 3RD ST,18373
2011,11,4,Weekday,1600,2-Car,No injury/unknown,UNSAFE BACKING,3RD ST & LANDMARK,18374
2011,4,5,Weekday,1900,2-Car,No injury/unknown,VIEW OBSTRUCTED,SOUTH LINCOLN ST,18375
2011,11,4,Weekday,1900,2-Car,No injury/unknown,FOLLOWING TOO CLOSELY,3RD ST & WOODLAWN,18376
2011,2,6,Weekday,1300,Bus,No injury/unknown,LEFT OF CENTER,3RD ST & HIGH,18377
2011,2,6,Weekday,1000,2-Car,No injury/unknown,UNSAFE LANE MOVEMENT,THIRD ST & WOODLAWN,18378
2011,4,6,Weekday,1200,2-Car,No injury/unknown,FOLLOWING TOO CLOSELY,E 3RD ST & WOODLAWN,18379
2011,4,6,Weekday,1100,2-Car,No injury/unknown,UNSAFE SPEED,3RD ST & UNION,18380
2011,4,2,Weekday,1100,2-Car,No injury/unknown,FAILURE TO YIELD RIGHT OF WAY,ROSE & THIRD ST,18381
2011,6,2,Weekday,1700,3+ Cars,No injury/unknown,FOLLOWING TOO CLOSELY,E 3RD ST & S WOODLAWN,18382
2011,7,5,Weekday,900,2-Car,No injury/unknown,FOLLOWING TOO CLOSELY,EAST THIRD ST & WOODLAWN,18383
2011,7,6,Weekday,1400,2-Car,No injury/unknown,DRIVER DISTRACTED - EXPLAIN IN NARRATIVE,EAST 3RD ST & UNION,18384
2011,10,5,Weekday,1200,2-Car,No injury/unknown,FOLLOWING TOO CLOSELY,E 3RD ST & S WOODLAWN,18385
2011,10,4,Weekday,100,2-Car,Non-incapacitating,FOLLOWING TOO CLOSELY,3RD ST & WOODLAWN,18386
2011,10,1,Weekend,1200,2-Car,Non-incapacitating,UNSAFE SPEED,E 3RD ST & S WOODLAWN,18387
2011,11,3,Weekday,1400,1-Car,No injury/unknown,DRIVER ILLNESS,E 3RD ST,18388
2011,11,4,Weekday,1000,2-Car,No injury/unknown,IMPROPER PASSING,EAST THIRD ST & WOODLAWN,18389
2011,11,1,Weekend,1300,2-Car,No injury/unknown,SPEED TOO FAST FOR WEATHER CONDITIONS,EAST THIRD ST & WOODLAWN,18390
2011,11,3,Weekday,600,2-Car,No injury/unknown,OTHER (DRIVER) - EXPLAIN IN NARRATIVE,THIRD ST & WOODLAWN,18391
2011,11,2,Weekday,1900,2-Car,No injury/unknown,FAILURE TO YIELD RIGHT OF WAY,3RD ST & HIGH,18392
2011,1,4,Weekday,1500,2-Car,No injury/unknown,WRONG WAY ON ONE WAY,3RD ST & INDIANA,18393
2011,7,6,Weekend,1900,Moped/Motorcycle,No injury/unknown,OTHER (DRIVER) - EXPLAIN IN NARRATIVE,BURMA & SR37,18394
2011,10,3,Weekday,1600,2-Car,No injury/unknown,FOLLOWING TOO CLOSELY,BRYAN & E 3RD ST,18395
2011,12,3,Weekday,1700,2-Car,No injury/unknown,FOLLOWING TOO CLOSELY,3RD ST & INDIANA,18396
2011,4,7,Weekend,1100,3+ Cars,No injury/unknown,FOLLOWING TOO CLOSELY,E 3RD ST & S JEFFERSON,18397
2011,4,3,Weekday,800,2-Car,No injury/unknown,DRIVER DISTRACTED - EXPLAIN IN NARRATIVE,JEFFERSON & THIRD ST,18398
2011,4,4,Weekday,1100,2-Car,No injury/unknown,IMPROPER LANE USAGE,3RD ST,18399
2011,6,3,Weekday,1400,2-Car,No injury/unknown,FAILURE TO YIELD RIGHT OF WAY,3RD ST & ROOSEVELT,18400
2011,6,5,Weekday,2000,2-Car,Non-incapacitating,FOLLOWING TOO CLOSELY,E 3RD ST & JEFFERSON,18401
2011,8,4,Weekday,1700,3+ Cars,No injury/unknown,DRIVER DISTRACTED - EXPLAIN IN NARRATIVE,EAST 3RD ST & JEFFERSON,18402
2011,9,5,Weekday,1300,2-Car,Non-incapacitating,FAILURE TO YIELD RIGHT OF WAY,3RD ST & ROOSEVELT,18403
2011,9,2,Weekday,1400,2-Car,Non-incapacitating,FOLLOWING TOO CLOSELY,3RD ST & ROOSEVELT,18404
2011,10,6,Weekday,1800,2-Car,No injury/unknown,IMPROPER PASSING,JEFFERSON & THIRD ST,18405
2011,10,6,Weekday,1600,2-Car,No injury/unknown,FAILURE TO YIELD RIGHT OF WAY,E THIRD ST & JEFFERSON,18406
2011,10,1,Weekend,1100,3+ Cars,No injury/unknown,IMPROPER LANE USAGE,E 3RD ST & JEFFERSON,18407
2011,11,6,Weekday,1800,2-Car,No injury/unknown,FOLLOWING TOO CLOSELY,3RD ST & JEFFERSON,18408
2011,10,6,Weekday,1000,2-Car,No injury/unknown,FOLLOWING TOO CLOSELY,3RD ST & ROOSEVELT,18409
2011,9,3,Weekday,1000,2-Car,No injury/unknown,UNSAFE BACKING,E 3RD ST,18410
2011,9,5,Weekday,1900,2-Car,No injury/unknown,FOLLOWING TOO CLOSELY,3RD ST & FESS,18411
2011,9,6,Weekday,0,2-Car,No injury/unknown,DISREGARD SIGNAL/REG SIGN,FESS & THIRD ST,18412
2011,11,5,Weekday,1800,2-Car,Non-incapacitating,FOLLOWING TOO CLOSELY,3RD ST & FESS,18413
2011,1,6,Weekday,1800,2-Car,Non-incapacitating,FOLLOWING TOO CLOSELY,E 3RD ST & S CLARK,18414
2011,5,3,Weekday,1600,2-Car,Non-incapacitating,UNSAFE LANE MOVEMENT,E 3RD ST & S CLARK,18415
2011,6,7,Weekend,1800,1-Car,No injury/unknown,UNSAFE BACKING,3RD ST,18416
2011,4,7,Weekend,2300,Pedestrian,Incapacitating,PEDESTRIAN ACTION,SR46,18417
2011,7,4,Weekday,1000,2-Car,No injury/unknown,DRIVER DISTRACTED - EXPLAIN IN NARRATIVE,3RD ST & CLIFTON,18418
2011,10,7,Weekend,1500,2-Car,No injury/unknown,FOLLOWING TOO CLOSELY,E 3RD ST & S CLIFTON,18419
2011,12,7,Weekend,2000,2-Car,No injury/unknown,IMPROPER TURNING,E THIRD ST,18420
2011,1,7,Weekend,1400,3+ Cars,No injury/unknown,FOLLOWING TOO CLOSELY,EAST 3RD ST & SOUTH HILLSDALE,18421
2011,1,7,Weekend,1600,2-Car,No injury/unknown,FAILURE TO YIELD RIGHT OF WAY,E 3RD ST & S OVERHILL,18422
2011,3,6,Weekday,1200,2-Car,No injury/unknown,IMPROPER LANE USAGE,E 3RD ST & S OVERHILL,18423
2011,3,6,Weekday,1300,3+ Cars,No injury/unknown,FOLLOWING TOO CLOSELY,EAST THIRD ST & HILLSDALE,18424
2011,4,5,Weekday,1900,2-Car,Non-incapacitating,DRIVER DISTRACTED - EXPLAIN IN NARRATIVE,3RD ST & OVERHILL,18425
2011,9,6,Weekend,1900,2-Car,No injury/unknown,FAILURE TO YIELD RIGHT OF WAY,E 3RD ST & S OVERHILL,18426
2011,9,6,Weekday,1400,Moped/Motorcycle,No injury/unknown,HOLES/RUTS IN SURFACE,EAST 3RD ST & OVERHILL,18427
2011,10,1,Weekend,1200,2-Car,No injury/unknown,UNSAFE BACKING,3RD & HILLSDALE DR,18428
2011,11,7,Weekend,1300,2-Car,No injury/unknown,UNSAFE BACKING,E 3RD ST,18429
2011,12,4,Weekday,1000,2-Car,No injury/unknown,FOLLOWING TOO CLOSELY,E 3RD ST & S OVERHILL,18430
2011,12,7,Weekend,1600,2-Car,No injury/unknown,UNSAFE LANE MOVEMENT,3RD ST & BALLANTINE,18431
2011,12,6,Weekday,1700,3+ Cars,No injury/unknown,FOLLOWING TOO CLOSELY,3RD ST & EASTSIDE,18432
2011,12,6,Weekday,1100,2-Car,No injury/unknown,IMPROPER TURNING,3RD ST & HIGHLAND,18433
2011,4,6,Weekday,1200,2-Car,No injury/unknown,FOLLOWING TOO CLOSELY,E 3RD ST & S WOODSCREST,18434
2011,5,3,Weekday,1500,2-Car,No injury/unknown,UNSAFE BACKING,EAST 3RD ST,18435
2011,5,2,Weekday,1000,3+ Cars,No injury/unknown,FAILURE TO YIELD RIGHT OF WAY,THIRD ST & WOODSCREST,18436
2011,6,2,Weekday,900,2-Car,No injury/unknown,FAILURE TO YIELD RIGHT OF WAY,BALLANTINE & THIRD ST,18437
2011,9,4,Weekday,1700,2-Car,No injury/unknown,IMPROPER TURNING,3RD & BALLANTINE RD,18438
2011,9,6,Weekday,1400,3+ Cars,Non-incapacitating,FOLLOWING TOO CLOSELY,3RD ST & HILLSDALE,18439
2011,10,1,Weekend,1700,2-Car,No injury/unknown,FOLLOWING TOO CLOSELY,3RD ST & ROOSEVELT,18440
2011,10,5,Weekday,1200,2-Car,No injury/unknown,SPEED TOO FAST FOR WEATHER CONDITIONS,E 3RD ST & S BALLANTINE,18441
2011,11,4,Weekday,1700,2-Car,No injury/unknown,IMPROPER TURNING,3RD ST & BALLANTINE,18442
2011,11,5,Weekday,1500,2-Car,No injury/unknown,FOLLOWING TOO CLOSELY,E 3RD ST & JEFFERSON,18443
2011,11,5,Weekday,1800,2-Car,No injury/unknown,FOLLOWING TOO CLOSELY,3RD ST & FACULTY,18444
2011,11,1,Weekend,1300,2-Car,No injury/unknown,IMPROPER TURNING,BALLANTINE & THIRD ST,18445
2011,6,1,Weekday,1900,2-Car,No injury/unknown,IMPROPER TURNING,E 3RD ST & S JORDAN,18446
2011,12,3,Weekday,2000,2-Car,No injury/unknown,FAILURE TO YIELD RIGHT OF WAY,E 3RD ST,18447
2011,1,5,Weekday,1200,2-Car,No injury/unknown,OTHER (DRIVER) - EXPLAIN IN NARRATIVE,E 3RD ST,18448
2011,1,2,Weekday,1000,Bus,No injury/unknown,OTHER (DRIVER) - EXPLAIN IN NARRATIVE,EAST THIRD ST & JORDAN,18449
2011,3,3,Weekday,1800,2-Car,No injury/unknown,IMPROPER PASSING,EAST 3RD ST & S JORDAN,18450
2011,3,6,Weekday,1600,2-Car,Non-incapacitating,FOLLOWING TOO CLOSELY,EAST 3RD ST & SOUTH JORDAN,18451
2011,4,5,Weekday,1900,Bus,No injury/unknown,UNSAFE LANE MOVEMENT,S JORDAN AVE & THIRD,18452
2011,4,1,Weekday,2000,2-Car,No injury/unknown,FOLLOWING TOO CLOSELY,E 3RD ST & S JORDAN,18453
2011,6,5,Weekday,1200,2-Car,No injury/unknown,IMPROPER LANE USAGE,EAST THIRD ST & JORDAN,18454
2011,7,2,Weekday,700,2-Car,No injury/unknown,IMPROPER TURNING,EAST THIRD ST & JORDAN,18455
2011,8,6,Weekend,2100,2-Car,No injury/unknown,UNSAFE LANE MOVEMENT,3RD ST & JORDAN,18456
2011,8,1,Weekend,1600,2-Car,No injury/unknown,IMPROPER TURNING,3RD ST & JORDAN,18457
2011,8,3,Weekday,2100,3+ Cars,Non-incapacitating,IMPROPER TURNING,E 3RD ST & S JORDAN,18458
2011,9,2,Weekday,1600,2-Car,No injury/unknown,FOLLOWING TOO CLOSELY,3RD ST & JORDAN,18459
2011,9,2,Weekday,1500,2-Car,Non-incapacitating,FOLLOWING TOO CLOSELY,EAST THIRD & JORDAN AVE,18460
2011,9,4,Weekday,1500,2-Car,No injury/unknown,FOLLOWING TOO CLOSELY,3RD & JORDAN AVE,18461
2011,9,2,Weekday,1200,2-Car,Non-incapacitating,FOLLOWING TOO CLOSELY,3RD & JORDAN AVE,18462
2011,10,3,Weekday,1600,2-Car,No injury/unknown,FOLLOWING TOO CLOSELY,3RD ST & JORDAN,18463
2011,10,2,Weekday,1700,Pedestrian,Non-incapacitating,FAILURE TO YIELD RIGHT OF WAY,3RD ST & JORDAN,18464
2011,10,3,Weekday,1500,2-Car,No injury/unknown,UNSAFE BACKING,E 3RD ST,18465
2011,7,6,Weekday,1200,2-Car,No injury/unknown,FAILURE TO YIELD RIGHT OF WAY,3RD ST & COLLEGE MALL,18466
2011,8,2,Weekday,1200,Moped/Motorcycle,No injury/unknown,FAILURE TO YIELD RIGHT OF WAY,3RD ST & COLLEGE MALL,18467
2011,11,3,Weekday,700,2-Car,No injury/unknown,IMPROPER TURNING,SWAIN & THIRD ST,18468
2011,12,6,Weekday,1800,2-Car,No injury/unknown,FAILURE TO YIELD RIGHT OF WAY,3RD ST & HAWTHORN,18469
2011,12,2,Weekday,1600,2-Car,No injury/unknown,IMPROPER LANE USAGE,EAST 3RD ST & SWAIN,18470
2011,1,2,Weekday,1700,2-Car,No injury/unknown,IMPROPER TURNING,3RD ST & SWAIN,18471
2011,2,5,Weekday,2200,Pedestrian,Incapacitating,PEDESTRIAN ACTION,E 3RD & S JORDAN AVE,18472
2011,3,6,Weekday,1600,2-Car,Non-incapacitating,FAILURE TO YIELD RIGHT OF WAY,KINGSTON & SR46E,18473
2011,5,1,Weekend,1100,2-Car,No injury/unknown,UNSAFE LANE MOVEMENT,1400 E THIRD ST & 300 S JORDAN,18474
2011,6,2,Weekday,1300,2-Car,No injury/unknown,UNSAFE BACKING,1428 E 3RD ST & SWAIN,18475
2011,9,7,Weekend,1000,2-Car,No injury/unknown,UNSAFE LANE MOVEMENT,1100 EAST THIRD ST & 300 SOUTH  HAWTHORNE,18476
2011,9,2,Weekday,900,2-Car,No injury/unknown,FOLLOWING TOO CLOSELY,2700 E THIRD ST & COLLEGE MALL,18477
2011,4,2,Weekday,1500,Bus,No injury/unknown,UNSAFE LANE MOVEMENT,3RD ST & HAWTHORNE,18478
2011,4,2,Weekday,1600,Bus,Non-incapacitating,FAILURE TO YIELD RIGHT OF WAY,MITCHELL & THIRD ST,18479
2011,5,1,Weekend,100,2-Car,Non-incapacitating,LEFT OF CENTER,3RD ST & MITCHELL,18480
2011,5,6,Weekday,1300,2-Car,No injury/unknown,UNSAFE LANE MOVEMENT,3RD ST & SWAIN,18481
2011,5,6,Weekday,800,2-Car,Non-incapacitating,FOLLOWING TOO CLOSELY,3RD ST & MITCHELL,18482
2011,7,4,Weekday,1500,2-Car,No injury/unknown,IMPROPER TURNING,E 3RD ST & S SWAIN,18483
2011,9,1,Weekend,1300,2-Car,No injury/unknown,IMPROPER TURNING,SWAIN & THIRD ST,18484
2011,9,3,Weekday,1900,2-Car,No injury/unknown,UNSAFE BACKING,E 3RD & S HAWTHORNE DR,18485
2011,9,5,Weekday,1600,2-Car,No injury/unknown,UNSAFE BACKING,E THIRD ST,18486
2011,10,4,Weekday,1300,2-Car,No injury/unknown,IMPROPER TURNING,E THIRD ST,18487
2011,11,4,Weekday,0,2-Car,No injury/unknown,IMPROPER TURNING,3RD ST & SWAIN,18488
2011,1,2,Weekday,1300,Bus,No injury/unknown,OTHER (DRIVER) - EXPLAIN IN NARRATIVE,3RD ST & COLLEGE MALL,18489
2011,2,4,Weekday,1500,2-Car,No injury/unknown,IMPROPER TURNING,EAST 3RD ST,18490
2011,2,4,Weekday,1300,2-Car,No injury/unknown,UNSAFE LANE MOVEMENT,HIGHLAND & THIRD ST,18491
2011,2,2,Weekday,1100,2-Car,No injury/unknown,FOLLOWING TOO CLOSELY,EAST THIRD ST & WODLAWN,18492
2011,2,6,Weekend,2100,3+ Cars,No injury/unknown,FOLLOWING TOO CLOSELY,3RD ST & WOODLAWN,18493
2011,3,7,Weekend,1100,2-Car,No injury/unknown,UNSAFE LANE MOVEMENT,1300 EAST THIRD ST & 300 SOUTH HIGHLAND,18494
2011,4,2,Weekday,1000,2-Car,No injury/unknown,UNSAFE LANE MOVEMENT,HIGHLAND & THIRD ST,18495
2011,7,4,Weekday,1400,2-Car,No injury/unknown,UNSAFE LANE MOVEMENT,1300 E 3RD ST & 300 S HIGHLAND,18496
2011,8,5,Weekday,1300,1-Car,Non-incapacitating,OVERCORRECTING/OVERSTEERING,HIGHLAND & THIRD ST,18497
2011,8,3,Weekday,2200,2-Car,No injury/unknown,FAILURE TO YIELD RIGHT OF WAY,E 3RD ST & HIGHLAND,18498
2011,9,6,Weekday,1700,2-Car,Non-incapacitating,OTHER (DRIVER) - EXPLAIN IN NARRATIVE,3RD ST & HIGHLAND,18499
2011,10,2,Weekday,1300,2-Car,No injury/unknown,IMPROPER TURNING,3RD ST & HIGHLAND,18500
2011,5,1,Weekend,1600,Moped/Motorcycle,Non-incapacitating,FOLLOWING TOO CLOSELY,3RD ST & PLEASANT RIDGE,18501
2011,9,6,Weekday,1100,2-Car,No injury/unknown,SPEED TOO FAST FOR WEATHER CONDITIONS,PLEASANT RIDGE & SR46E,18502
2011,7,2,Weekday,2200,Pedestrian,Non-incapacitating,PEDESTRIAN ACTION,3RD ST & KINGSTON,18503
2011,1,5,Weekday,1600,2-Car,No injury/unknown,FOLLOWING TOO CLOSELY,E 3RD ST & S MEADOWBROOK,18504
2011,1,7,Weekend,1600,2-Car,No injury/unknown,FOLLOWING TOO CLOSELY,EAST 3RD ST & PETE ELLIS,18505
2011,1,6,Weekday,900,2-Car,No injury/unknown,FOLLOWING TOO CLOSELY,CLARIZZ & EAST THIRD ST,18506
2011,1,6,Weekday,500,2-Car,Non-incapacitating,SPEED TOO FAST FOR WEATHER CONDITIONS,3RD ST & CLARIZZ,18507
2011,2,5,Weekday,1500,1-Car,No injury/unknown,IMPROPER TURNING,COLLEGE MALL & THIRD ST,18508
2011,2,6,Weekday,1100,2-Car,No injury/unknown,OTHER (DRIVER) - EXPLAIN IN NARRATIVE,E 3RD ST & KINGSTON,18509
2011,2,4,Weekday,1100,2-Car,Incapacitating,FAILURE TO YIELD RIGHT OF WAY,SMITHVILLE & SR37N,18510
2011,2,6,Weekday,1600,2-Car,No injury/unknown,FOLLOWING TOO CLOSELY,E 3RD & S COLLEGE MALL RD,18511
2011,2,3,Weekday,1000,2-Car,No injury/unknown,UNSAFE BACKING,E 3RD ST,18512
2011,2,6,Weekday,1700,2-Car,No injury/unknown,FAILURE TO YIELD RIGHT OF WAY,W 3RD ST,18513
2011,2,2,Weekday,800,2-Car,No injury/unknown,OTHER (DRIVER) - EXPLAIN IN NARRATIVE,3RD ST & PETE ELLIS,18514
2011,2,2,Weekday,1700,2-Car,No injury/unknown,UNSAFE BACKING,E 3RD ST,18515
2011,3,3,Weekday,1300,2-Car,No injury/unknown,FOLLOWING TOO CLOSELY,E 3RD ST & PETE ELLIS,18516
2011,3,1,Weekday,2300,2-Car,No injury/unknown,FAILURE TO YIELD RIGHT OF WAY,3RD ST & PETE ELLIS,18517
2011,4,7,Weekend,1000,2-Car,No injury/unknown,FAILURE TO YIELD RIGHT OF WAY,COLLEGE MALL & E 3RD ST,18518
2011,4,1,Weekend,1300,2-Car,No injury/unknown,FOLLOWING TOO CLOSELY,E 3RD ST & SR46,18519
2011,3,3,Weekday,1500,2-Car,No injury/unknown,FAILURE TO YIELD RIGHT OF WAY,E 3RD ST,18520
2011,4,3,Weekday,900,2-Car,No injury/unknown,FAILURE TO YIELD RIGHT OF WAY,KINGSTON & SR46E,18521
2011,4,5,Weekday,1000,2-Car,No injury/unknown,FOLLOWING TOO CLOSELY,3RD ST & COLLEGE MALL,18522
2011,4,3,Weekday,1900,2-Car,No injury/unknown,FOLLOWING TOO CLOSELY,3RD & SMITH RD,18523
2011,4,6,Weekday,1500,2-Car,Non-incapacitating,DISREGARD SIGNAL/REG SIGN,3RD ST & SMITH,18524
2011,4,5,Weekday,1100,2-Car,No injury/unknown,DRIVER ILLNESS,E 3RD ST & SMITH,18525
2011,4,6,Weekday,1400,2-Car,No injury/unknown,OTHER (DRIVER) - EXPLAIN IN NARRATIVE,SOUTH COLLEGE MALL RD,18526
2011,5,4,Weekday,1200,Pedestrian,Non-incapacitating,UNSAFE BACKING,E 3RD ST,18527
2011,5,5,Weekday,900,1-Car,No injury/unknown,ANIMAL/OBJECT IN ROADWAY,MEADOWBROOK & THIRD ST,18528
2011,5,5,Weekday,1500,2-Car,Non-incapacitating,FAILURE TO YIELD RIGHT OF WAY,3RD ST & COLLEGE MALL,18529
2011,5,1,Weekend,1500,2-Car,No injury/unknown,IMPROPER LANE USAGE,COLLEGE MALL & EAST 3RD ST,18530
2011,5,4,Weekday,700,2-Car,No injury/unknown,FOLLOWING TOO CLOSELY,E 3RD ST & SO COLLEGE MALL,18531
2011,5,3,Weekday,1600,2-Car,Non-incapacitating,FAILURE TO YIELD RIGHT OF WAY,3RD ST & SMITH,18532
2011,5,6,Weekday,700,1-Car,No injury/unknown,RAN OFF ROAD RIGHT,E 3RD & SR46E,18533
2011,5,2,Weekday,1800,2-Car,No injury/unknown,IMPROPER TURNING,E 3RD ST,18534
2011,6,3,Weekday,1400,2-Car,Non-incapacitating,DRIVER DISTRACTED - EXPLAIN IN NARRATIVE,3RD & SMITH RD,18535
2011,6,4,Weekday,1400,2-Car,No injury/unknown,FAILURE TO YIELD RIGHT OF WAY,E 3RD ST & S COLLEGE MALL,18536
2011,6,7,Weekend,200,1-Car,No injury/unknown,OVERCORRECTING/OVERSTEERING,3RD & SR46N,18537
2011,6,7,Weekend,1000,Moped/Motorcycle,No injury/unknown,FAILURE TO YIELD RIGHT OF WAY,E 3RD & S COLLEGE MALL RD,18538
2011,6,2,Weekday,1600,2-Car,Non-incapacitating,FAILURE TO YIELD RIGHT OF WAY,SMITHVILLE & SR37S,18539
2011,6,3,Weekday,1800,2-Car,No injury/unknown,FOLLOWING TOO CLOSELY,COLLEGE MALL RD & EAST 3RD,18540
2011,6,6,Weekday,1000,Cyclist,Non-incapacitating,FAILURE TO YIELD RIGHT OF WAY,E 3RD ST & S CLARIZZ,18541
2011,6,3,Weekday,900,3+ Cars,No injury/unknown,OTHER (DRIVER) - EXPLAIN IN NARRATIVE,W 3RD ST,18542
2011,7,3,Weekday,1400,2-Car,No injury/unknown,FAILURE TO YIELD RIGHT OF WAY,WEST 3RD ST,18543
2011,7,4,Weekday,2100,2-Car,No injury/unknown,FAILURE TO YIELD RIGHT OF WAY,COLLEGE MALL & W 3RD ST,18544
2011,7,7,Weekend,2000,2-Car,No injury/unknown,FAILURE TO YIELD RIGHT OF WAY,2366 E 3RD ST & S KINGSTON,18545
2011,7,3,Weekday,1500,2-Car,Non-incapacitating,FAILURE TO YIELD RIGHT OF WAY,EAST 3RD ST & SMITH,18546
2011,7,5,Weekday,1700,2-Car,No injury/unknown,UNSAFE BACKING,E 3RD ST,18547
2011,7,5,Weekday,2000,2-Car,Non-incapacitating,FAILURE TO YIELD RIGHT OF WAY,E 3RD & S COLLEGE MALL RD,18548
2011,8,4,Weekday,1500,2-Car,Non-incapacitating,FOLLOWING TOO CLOSELY,E THIRD ST & KINGSTON,18549
2011,8,5,Weekday,0,2-Car,No injury/unknown,FOLLOWING TOO CLOSELY,E 3RD ST & PETE ELLIS,18550
2011,8,7,Weekend,1700,2-Car,No injury/unknown,FOLLOWING TOO CLOSELY,COLLEGE MALL & SR46N,18551
2011,8,7,Weekend,1200,2-Car,No injury/unknown,UNSAFE BACKING,E 3RD ST,18552
2011,8,5,Weekday,1900,2-Car,No injury/unknown,FOLLOWING TOO CLOSELY,E 3RD ST & S SMITH,18553
2011,8,2,Weekday,1200,2-Car,No injury/unknown,OTHER (DRIVER) - EXPLAIN IN NARRATIVE,E 3RD ST,18554
2011,8,2,Weekday,1400,2-Car,No injury/unknown,FOLLOWING TOO CLOSELY,PARK RIDGE & THIRD ST,18555
2011,8,7,Weekend,1400,3+ Cars,No injury/unknown,FOLLOWING TOO CLOSELY,E 3RD ST & S KINGSTON,18556
2011,8,2,Weekday,1400,2-Car,No injury/unknown,UNSAFE BACKING,E 3RD ST,18557
2011,9,1,Weekend,1400,2-Car,No injury/unknown,UNSAFE BACKING,E 3RD ST,18558
2011,9,2,Weekday,1600,2-Car,No injury/unknown,FAILURE TO YIELD RIGHT OF WAY,E 3RD & SR46E,18559
2011,9,7,Weekend,2000,2-Car,No injury/unknown,UNSAFE LANE MOVEMENT,E 3RD ST,18560
2011,9,3,Weekday,1300,2-Car,No injury/unknown,IMPROPER TURNING,3RD ST & CLARIZZ,18561
2011,9,6,Weekday,1500,2-Car,No injury/unknown,FOLLOWING TOO CLOSELY,E 3RD ST,18562
2011,9,7,Weekend,1500,2-Car,No injury/unknown,IMPROPER LANE USAGE,COLLEGE MALL & E 3RD ST,18563
2011,9,1,Weekday,1900,2-Car,No injury/unknown,FAILURE TO YIELD RIGHT OF WAY,COLLEGE MALL & SR4546E,18564
2011,9,2,Weekday,1700,2-Car,No injury/unknown,FOLLOWING TOO CLOSELY,E 3RD ST & KINGSTON,18565
2011,10,7,Weekend,900,2-Car,Non-incapacitating,FAILURE TO YIELD RIGHT OF WAY,E 3RD ST & PARK RIDGE,18566
2011,10,7,Weekend,1700,3+ Cars,Non-incapacitating,FOLLOWING TOO CLOSELY,EAST 3RD ST & SOUTH PETE ELLIS,18567
2011,10,1,Weekend,100,2-Car,No injury/unknown,DISREGARD SIGNAL/REG SIGN,3RD ST & COLLEGE MALL,18568
2011,10,4,Weekday,1900,3+ Cars,No injury/unknown,FAILURE TO YIELD RIGHT OF WAY,E 3RD ST & S PARK RIDGE,18569
2011,10,5,Weekday,800,2-Car,No injury/unknown,FAILURE TO YIELD RIGHT OF WAY,E 3RD ST & PARK RIDGE,18570
2011,10,4,Weekday,1700,3+ Cars,Incapacitating,FOLLOWING TOO CLOSELY,E 3RD ST & S PETE ELLIS,18571
2011,10,1,Weekend,1100,1-Car,Non-incapacitating,DRIVER DISTRACTED - EXPLAIN IN NARRATIVE,E 3RD ST & SMITH,18572
2011,10,4,Weekday,1400,2-Car,Non-incapacitating,FAILURE TO YIELD RIGHT OF WAY,CLARIZZ & E 3RD ST,18573
2011,10,5,Weekday,1300,2-Car,No injury/unknown,FOLLOWING TOO CLOSELY,3RD ST & MORNINGSIDE,18574
2011,10,5,Weekday,1400,2-Car,No injury/unknown,FAILURE TO YIELD RIGHT OF WAY,COLLEGE MALL & E 3RD ST,18575
2011,10,5,Weekday,1800,2-Car,No injury/unknown,FAILURE TO YIELD RIGHT OF WAY,COLLEGE MALL & E THIRD ST,18576
2011,10,7,Weekend,1600,2-Car,No injury/unknown,FAILURE TO YIELD RIGHT OF WAY,3RD & SOUTH COLLEGE MALL RD,18577
2011,10,6,Weekday,1600,2-Car,No injury/unknown,OTHER (DRIVER) - EXPLAIN IN NARRATIVE,EAST 3RD ST,18578
2011,10,2,Weekday,1500,2-Car,Non-incapacitating,FAILURE TO YIELD RIGHT OF WAY,3RD ST & COLLEGE MALL,18579
2011,10,4,Weekday,1700,2-Car,No injury/unknown,FOLLOWING TOO CLOSELY,COLLEGE MALL & E 3RD ST,18580
2011,10,5,Weekday,700,2-Car,No injury/unknown,SPEED TOO FAST FOR WEATHER CONDITIONS,E 3RD ST & SMITH,18581
2011,10,6,Weekday,1400,2-Car,No injury/unknown,FAILURE TO YIELD RIGHT OF WAY,W 3RD ST,18582
2011,10,6,Weekday,1800,3+ Cars,Non-incapacitating,FAILURE TO YIELD RIGHT OF WAY,E 3RD ST & S PARK RIDGE,18583
2011,11,2,Weekday,1900,2-Car,No injury/unknown,FAILURE TO YIELD RIGHT OF WAY,3RD ST & KINGSTON,18584
2011,11,6,Weekday,1800,3+ Cars,No injury/unknown,FAILURE TO YIELD RIGHT OF WAY,COLLEGE MALL & SR4546N,18585
2011,11,7,Weekend,1600,2-Car,No injury/unknown,IMPROPER PASSING,E 3RD ST,18586
2011,11,2,Weekday,1700,2-Car,No injury/unknown,FAILURE TO YIELD RIGHT OF WAY,COLLEGE MALL & THIRD ST,18587
2011,11,4,Weekday,900,2-Car,No injury/unknown,FAILURE TO YIELD RIGHT OF WAY,COLLEGE MALL & E 3RD ST,18588