year,month,day,weekend,hour,collision_type,injury_type,primary_factor,reported_location,unique_id
2011,11,5,Weekday,1300,2-Car,No injury/unknown,DISREGARD SIGNAL/REG SIGN,3RD ST & PETE ELLIS,18589
2011,11,5,Weekday,1600,2-Car,No injury/unknown,FAILURE TO YIELD RIGHT OF WAY,WEST 3RD ST,18590
2011,11,5,Weekday,2200,2-Car,No injury/unknown,UNSAFE BACKING,E SMITH RD,18591
2011,11,6,Weekday,900,2-Car,No injury/unknown,UNSAFE BACKING,E 3RD & JORDAN AVE,18592
2011,11,1,Weekend,1200,2-Car,No injury/unknown,UNSAFE LANE MOVEMENT,E 3RD ST & S SMITH,18593
2011,11,2,Weekday,1300,2-Car,No injury/unknown,FAILURE TO YIELD RIGHT OF WAY,3RD ST & PARK RIDGE,18594
2011,11,2,Weekday,2000,2-Car,No injury/unknown,UNSAFE BACKING,EAST 3RD ST,18595
2011,11,1,Weekend,300,1-Car,No injury/unknown,IMPROPER TURNING,E 3RD & PETE ELLIS DR,18596
2011,11,3,Weekday,1300,2-Car,No injury/unknown,FAILURE TO YIELD RIGHT OF WAY,E 3RD ST & PARK RIDGE,18597
2011,12,1,Weekend,1500,2-Car,No injury/unknown,DRIVER DISTRACTED - EXPLAIN IN NARRATIVE,E 3RD & S COLLEGE MALL RD,18598
2011,12,2,Weekday,700,2-Car,No injury/unknown,FOLLOWING TOO CLOSELY,E 3RD ST & SO COLLEGE MALL,18599
2011,12,7,Weekend,2200,2-Car,No injury/unknown,UNSAFE BACKING,E 3RD ST,18600
2011,12,7,Weekend,800,2-Car,No injury/unknown,OTHER (DRIVER) - EXPLAIN IN NARRATIVE,W 3RD ST,18601
2011,8,2,Weekday,1600,2-Car,No injury/unknown,IMPROPER TURNING,E 3RD ST,18602
2011,6,6,Weekday,1200,2-Car,No injury/unknown,FOLLOWING TOO CLOSELY,E 3RD ST,18603
2011,12,7,Weekend,1300,2-Car,No injury/unknown,UNSAFE BACKING,E 3RD ST,18604
2011,9,5,Weekday,1300,2-Car,No injury/unknown,IMPROPER TURNING,E THIRD ST,18605
2011,11,3,Weekday,2000,2-Car,No injury/unknown,FAILURE TO YIELD RIGHT OF WAY,3RD ST & KINGSTON,18606
2011,11,2,Weekday,900,1-Car,No injury/unknown,ANIMAL/OBJECT IN ROADWAY,GARRISON CHAPEL & SR48W,18607
2011,4,3,Weekday,1900,2-Car,No injury/unknown,UNSAFE BACKING,E THIRD ST,18608
2011,10,4,Weekday,1700,1-Car,No injury/unknown,IMPROPER TURNING,SMITH & SR46E,18609
2011,7,7,Weekend,1000,3+ Cars,No injury/unknown,OTHER (VEHICLE) - EXPLAIN IN NARRATIVE,E 3RD ST,18610
2011,5,1,Weekend,1800,2-Car,No injury/unknown,UNSAFE BACKING,E 3RD ST,18611
2011,6,2,Weekday,1200,2-Car,No injury/unknown,FAILURE TO YIELD RIGHT OF WAY,E 3RD ST,18612
2011,10,2,Weekday,1700,1-Car,No injury/unknown,DRIVER DISTRACTED - EXPLAIN IN NARRATIVE,E 3RD ST,18613
2011,5,1,Weekend,1500,2-Car,No injury/unknown,UNSAFE BACKING,EB 3RD ST,18614
2011,1,6,Weekday,500,1-Car,No injury/unknown,OTHER (DRIVER) - EXPLAIN IN NARRATIVE,3RD & PARKRIDGE DR,18615
2011,10,5,Weekday,1300,2-Car,No injury/unknown,FAILURE TO YIELD RIGHT OF WAY,E 3RD ST & PARKRIDGE,18616
2011,6,2,Weekday,1500,2-Car,No injury/unknown,UNSAFE BACKING,E THIRD ST,18617
2011,3,7,Weekend,1700,2-Car,No injury/unknown,DRIVER DISTRACTED - EXPLAIN IN NARRATIVE,E THIRD ST,18618
2011,11,4,Weekday,1000,2-Car,No injury/unknown,UNSAFE BACKING,EAST THIRD ST,18619
2011,2,7,Weekend,2100,2-Car,No injury/unknown,FOLLOWING TOO CLOSELY,EAST 3RD ST,18620
2011,4,4,Weekday,1800,2-Car,No injury/unknown,UNSAFE LANE MOVEMENT,EAST THIRD ST,18621
2011,5,3,Weekday,2200,2-Car,No injury/unknown,UNSAFE BACKING,3 ST,18622
2011,7,6,Weekday,1700,2-Car,No injury/unknown,FAILURE TO YIELD RIGHT OF WAY,EAST THIRD ST,18623
2011,7,1,Weekend,100,2-Car,Non-incapacitating,UNSAFE BACKING,THIRD ST,18624
2011,8,5,Weekday,1900,2-Car,No injury/unknown,UNSAFE BACKING,EAST 3RD STREET ST,18625
2011,9,5,Weekday,1800,3+ Cars,No injury/unknown,FOLLOWING TOO CLOSELY,PETE ELLIS & THIRD ST,18626
2011,12,6,Weekday,1400,2-Car,Non-incapacitating,FOLLOWING TOO CLOSELY,EAST 3RD ST & KINSTON,18627
2011,12,6,Weekday,1600,2-Car,No injury/unknown,FAILURE TO YIELD RIGHT OF WAY,PETE ELLIS DR & THIRD,18628
2011,4,3,Weekday,100,1-Car,Non-incapacitating,ANIMAL/OBJECT IN ROADWAY,SR46E & TRAILWAY,18629
2011,10,7,Weekend,1700,2-Car,No injury/unknown,UNSAFE BACKING,S SWAIN AVE,18630
2011,12,7,Weekend,1300,2-Car,No injury/unknown,FAILURE TO YIELD RIGHT OF WAY,3RD & COLLEGE MALL RD,18631
2011,1,3,Weekday,1700,1-Car,No injury/unknown,SPEED TOO FAST FOR WEATHER CONDITIONS,AMY & PETE ELLIS DR,18632
2011,11,2,Weekday,1100,2-Car,Non-incapacitating,LEFT OF CENTER,AMY & PETE ELLIS DR,18633
2011,7,1,Weekend,1200,2-Car,No injury/unknown,OTHER (DRIVER) - EXPLAIN IN NARRATIVE,S COLLEGE MALL RD,18634
2011,10,4,Weekday,2200,1-Car,No injury/unknown,ANIMAL/OBJECT IN ROADWAY,CAVE & SR48W,18635
2011,7,6,Weekday,300,2-Car,No injury/unknown,OTHER (DRIVER) - EXPLAIN IN NARRATIVE,3RD & MADISON ST,18636
2011,9,6,Weekday,1600,2-Car,Non-incapacitating,FAILURE TO YIELD RIGHT OF WAY,3RD & WASHINGTON ST,18637
2011,12,5,Weekday,1400,1-Car,No injury/unknown,RAN OFF ROAD RIGHT,GARRISON CHAPEL & SR48W,18638
2011,7,6,Weekend,2100,2-Car,No injury/unknown,OTHER (DRIVER) - EXPLAIN IN NARRATIVE,PROSPECT & ROGERS ST,18639
2011,11,7,Weekend,0,2-Car,No injury/unknown,OTHER (DRIVER) - EXPLAIN IN NARRATIVE,PROSPECT & ROGERS ST,18640
2011,10,4,Weekday,2300,2-Car,No injury/unknown,UNSAFE BACKING,S LINCOLN ST,18641
2011,8,3,Weekday,800,3+ Cars,Non-incapacitating,UNSAFE SPEED,HOOSIER & WALNUT ST,18642
2011,7,7,Weekend,0,1-Car,No injury/unknown,LEFT OF CENTER,CAVE RD & SR48W,18643
2011,3,5,Weekday,1700,2-Car,Non-incapacitating,OTHER (DRIVER) - EXPLAIN IN NARRATIVE,BENDER & SR46E,18644
2011,7,6,Weekday,1100,1-Car,Non-incapacitating,FOLLOWING TOO CLOSELY,CAVE & SR48W,18645
2011,9,2,Weekday,1000,1-Car,No injury/unknown,RAN OFF ROAD RIGHT,DUBLIN & SR46E,18646
2011,12,4,Weekday,2000,1-Car,No injury/unknown,ANIMAL/OBJECT IN ROADWAY,GARRISON CHAPPEL & SR48W,18647
2011,10,2,Weekday,700,3+ Cars,Non-incapacitating,SPEED TOO FAST FOR WEATHER CONDITIONS,2700 S WALNUT ST & RIDGEVIEW,18648
2011,4,7,Weekend,500,1-Car,No injury/unknown,ANIMAL/OBJECT IN ROADWAY,GARRISON CHAPEL ROAD & SR48E,18649
2011,7,7,Weekend,1600,1-Car,No injury/unknown,RAN OFF ROAD RIGHT,GARRISON CHAPEL & SR48W,18650
2011,11,7,Weekend,100,1-Car,No injury/unknown,ANIMAL/OBJECT IN ROADWAY,DUBLIN & SR46E,18651
2011,1,4,Weekday,1300,2-Car,Non-incapacitating,BRAKE FAILURE OR DEFECTIVE,SR46E & TRAILWAY,18652
2011,6,7,Weekend,200,1-Car,No injury/unknown,OTHER (DRIVER) - EXPLAIN IN NARRATIVE,SR46E & TRAILWAYS,18653
2011,4,6,Weekday,1700,2-Car,No injury/unknown,UNSAFE LANE MOVEMENT,S CURRY PIKE & W BELLE,18654
2011,10,5,Weekday,1300,2-Car,No injury/unknown,LEFT OF CENTER,BELLE & S CURRY PIKE,18655
2011,10,7,Weekend,1200,3+ Cars,Non-incapacitating,FOLLOWING TOO CLOSELY,BELLE & S CURRY PK PIKE,18656
2011,10,1,Weekend,0,1-Car,Non-incapacitating,RAN OFF ROAD RIGHT,SR48W,18657
2011,1,7,Weekend,2000,1-Car,Non-incapacitating,OTHER (DRIVER) - EXPLAIN IN NARRATIVE,S PATTERSON & W 3RD ST,18658
2011,2,1,Weekend,1800,2-Car,Non-incapacitating,FOLLOWING TOO CLOSELY,S PATTERSON & W 3RD ST,18659
2011,3,7,Weekend,200,1-Car,No injury/unknown,RAN OFF ROAD RIGHT,S PATTERSON & W 3RD ST,18660
2011,6,4,Weekday,1200,3+ Cars,Incapacitating,DRIVER ILLNESS,3RD ST & PATTERSON,18661
2011,8,7,Weekend,1200,3+ Cars,Non-incapacitating,OTHER (DRIVER) - EXPLAIN IN NARRATIVE,3RD ST & PATTERSON,18662
2011,11,3,Weekday,1800,2-Car,No injury/unknown,SPEED TOO FAST FOR WEATHER CONDITIONS,3RD ST & PATTERSON,18663
2011,11,1,Weekend,300,3+ Cars,No injury/unknown,LEFT OF CENTER,3RD ST & PATTERSON,18664
2011,1,5,Weekday,1400,2-Car,No injury/unknown,UNSAFE BACKING,S HARVEY DR,18665
2011,8,1,Weekday,2100,1-Car,Non-incapacitating,UNSAFE SPEED,S HARVEY DR,18666
2011,1,7,Weekend,1300,2-Car,No injury/unknown,FAILURE TO YIELD RIGHT OF WAY,ATWATER AVE & HENDERSON,18667
2011,4,5,Weekday,1100,2-Car,No injury/unknown,FAILURE TO YIELD RIGHT OF WAY,ATWATER AVE & HENDERSON,18668
2011,5,5,Weekday,1500,2-Car,No injury/unknown,FAILURE TO YIELD RIGHT OF WAY,ATWATER AVE & HENDERSON,18669
2011,7,5,Weekday,0,2-Car,Non-incapacitating,DISREGARD SIGNAL/REG SIGN,ATWATER AVE & HENDERSON,18670
2011,3,5,Weekday,1500,2-Car,No injury/unknown,FAILURE TO YIELD RIGHT OF WAY,ATWATER AVE & FESS,18671
2011,6,6,Weekday,1500,2-Car,No injury/unknown,FAILURE TO YIELD RIGHT OF WAY,ATWATER AVE & FESS,18672
2011,8,7,Weekend,1400,2-Car,Non-incapacitating,FAILURE TO YIELD RIGHT OF WAY,BELLE AVE & VILLAGE,18673
2011,11,3,Weekday,1900,2-Car,No injury/unknown,FOLLOWING TOO CLOSELY,BELLE AVE & CURRY,18674
2011,11,2,Weekday,1200,2-Car,No injury/unknown,FAILURE TO YIELD RIGHT OF WAY,ATWATER & S WOODLAWN AVE,18675
2011,1,2,Weekday,1600,2-Car,No injury/unknown,UNSAFE BACKING,HARVEY DR,18676
2011,7,3,Weekday,1600,2-Car,No injury/unknown,FAILURE TO YIELD RIGHT OF WAY,ATWATER AVE & HAWTHORNE,18677
2011,7,7,Weekend,1000,2-Car,Non-incapacitating,FOLLOWING TOO CLOSELY,PINEWOOD & S WALNUT ST,18678
2011,2,2,Weekday,1200,1-Car,No injury/unknown,RAN OFF ROAD RIGHT,E ATWATER AVE & S JORDAN,18679
2011,11,2,Weekday,1800,2-Car,No injury/unknown,FAILURE TO YIELD RIGHT OF WAY,ATWATER AVE & JORDAN,18680
2011,11,4,Weekday,1600,2-Car,Non-incapacitating,LEFT OF CENTER,ATWATER & JORDAN AVE,18681
2011,2,5,Weekday,1700,2-Car,No injury/unknown,FOLLOWING TOO CLOSELY,ATWATER AVE & JORDAN,18682
2011,1,5,Weekday,1200,2-Car,No injury/unknown,FAILURE TO YIELD RIGHT OF WAY,E ATWATER AVE & S SWAIN,18683
2011,4,3,Weekday,2000,2-Car,No injury/unknown,UNSAFE LANE MOVEMENT,ATWATER AVE & SWAIN,18684
2011,9,6,Weekday,1100,2-Car,No injury/unknown,IMPROPER TURNING,ATWATER AVE & SWAIN,18685
2011,2,6,Weekday,1500,2-Car,No injury/unknown,FAILURE TO YIELD RIGHT OF WAY,E ATWATER AVE & S HENDERSON,18686
2011,6,5,Weekday,1700,2-Car,Non-incapacitating,FAILURE TO YIELD RIGHT OF WAY,E ATWATER AVE & S HENDERSON,18687
2011,9,2,Weekday,2100,2-Car,Non-incapacitating,FAILURE TO YIELD RIGHT OF WAY,ATWATER & HENDERSON ST,18688
2011,1,5,Weekday,1300,2-Car,No injury/unknown,FAILURE TO YIELD RIGHT OF WAY,S WALKER ST,18689
2011,1,6,Weekday,1300,2-Car,No injury/unknown,FOLLOWING TOO CLOSELY,ATWATER AVE & MITCHELL,18690
2011,5,6,Weekday,1400,2-Car,No injury/unknown,IMPROPER LANE USAGE,1500 EAST ATWATER AVE & SOUTH MITCHELL,18691
2011,8,5,Weekday,1600,2-Car,No injury/unknown,OTHER (DRIVER) - EXPLAIN IN NARRATIVE,SOUTH WALKER ST,18692
2011,4,3,Weekday,2000,Pedestrian,Non-incapacitating,FAILURE TO YIELD RIGHT OF WAY,E ATWATER DR & S HAWTHORNE,18693
2011,2,2,Weekday,1500,2-Car,Non-incapacitating,FAILURE TO YIELD RIGHT OF WAY,ATWATER AVE & FESS,18694
2011,2,6,Weekday,1500,2-Car,No injury/unknown,FAILURE TO YIELD RIGHT OF WAY,ATWATER & HENDERSON ST,18695
2011,2,2,Weekday,500,2-Car,Non-incapacitating,DISREGARD SIGNAL/REG SIGN,ATWATER AVE & HENDERSON,18696
2011,3,5,Weekday,1100,2-Car,No injury/unknown,FAILURE TO YIELD RIGHT OF WAY,ATWATER AVE & HENDERSON,18697
2011,11,2,Weekday,800,2-Car,No injury/unknown,IMPROPER PASSING,EAST ATWATER AVE & WOODLAWN,18698
2011,5,1,Weekend,500,2-Car,No injury/unknown,IMPROPER TURNING,ATWATER AVE & FESS,18699
2011,5,5,Weekday,1300,2-Car,No injury/unknown,UNSAFE BACKING,E ATWATER AVE,18700
2011,7,3,Weekday,1700,2-Car,No injury/unknown,FAILURE TO YIELD RIGHT OF WAY,ATWATER AVE & FESS,18701
2011,8,5,Weekday,1500,2-Car,No injury/unknown,FAILURE TO YIELD RIGHT OF WAY,E ATWATER AVE & S EASTSIDE,18702
2011,8,6,Weekday,1300,2-Car,No injury/unknown,UNSAFE BACKING,ATWATER & FESS AVE,18703
2011,10,3,Weekday,2100,2-Car,No injury/unknown,FAILURE TO YIELD RIGHT OF WAY,E ATWATER AVE & S FESS,18704
2011,11,5,Weekday,1500,2-Car,No injury/unknown,FOLLOWING TOO CLOSELY,E ATWATER AVE & S WOODLAWN,18705
2011,2,6,Weekday,1300,2-Car,No injury/unknown,OTHER (DRIVER) - EXPLAIN IN NARRATIVE,E ATWATER AVE,18706
2011,1,5,Weekday,1700,2-Car,No injury/unknown,FAILURE TO YIELD RIGHT OF WAY,ATWATER ST & HAWTHORNE,18707
2011,4,5,Weekday,1400,2-Car,No injury/unknown,FAILURE TO YIELD RIGHT OF WAY,E ATWATER AVE & S CLIFTON,18708
2011,8,6,Weekday,700,2-Car,Non-incapacitating,FAILURE TO YIELD RIGHT OF WAY,ATWATER AVE & HAWTHORNE,18709
2011,11,2,Weekday,2200,1-Car,No injury/unknown,RAN OFF ROAD RIGHT,ATWATER & SWAIN AVE,18710
2011,4,5,Weekday,1200,2-Car,No injury/unknown,FAILURE TO YIELD RIGHT OF WAY,ATWATER AVE & HIGH,18711
2011,6,7,Weekend,1700,2-Car,No injury/unknown,IMPROPER TURNING,E ATWATER ST & S SWAIN,18712
2011,6,2,Weekday,1500,2-Car,No injury/unknown,FOLLOWING TOO CLOSELY,ATWATER AVE & HIGH,18713
2011,8,6,Weekday,1600,2-Car,No injury/unknown,FOLLOWING TOO CLOSELY,E ATWATER & S MITCHELL AVE,18714
2011,11,5,Weekday,1400,2-Car,No injury/unknown,FAILURE TO YIELD RIGHT OF WAY,ATWATER AVE & EASTSIDE,18715
2011,3,5,Weekday,1400,2-Car,No injury/unknown,DISREGARD SIGNAL/REG SIGN,ATWATER AVE & JORDAN,18716
2011,5,4,Weekday,1500,2-Car,Non-incapacitating,FAILURE TO YIELD RIGHT OF WAY,ATWATER AVE & JORDAN,18717
2011,8,4,Weekday,1400,2-Car,No injury/unknown,FOLLOWING TOO CLOSELY,ATWATER AVE & JORDAN,18718
2011,9,6,Weekend,1900,2-Car,No injury/unknown,FOLLOWING TOO CLOSELY,ATWATER ST & SOUTH JORDAN,18719
2011,11,3,Weekday,2100,Bus,No injury/unknown,LEFT OF CENTER,ATWATER AVE & JORDAN,18720
2011,2,6,Weekday,1400,2-Car,No injury/unknown,FOLLOWING TOO CLOSELY,CLIFTON & EAST ATWATER AVE,18721
2011,8,4,Weekday,1100,2-Car,No injury/unknown,FOLLOWING TOO CLOSELY,ATWATER AVE & HIGHLAND,18722
2011,8,6,Weekday,1500,2-Car,No injury/unknown,FAILURE TO YIELD RIGHT OF WAY,E ATWATER AVE & S HIGHLAND,18723
2011,10,5,Weekday,1400,2-Car,No injury/unknown,FAILURE TO YIELD RIGHT OF WAY,ATWATER AVE & HIGHLAND,18724
2011,10,4,Weekday,1700,2-Car,Non-incapacitating,FAILURE TO YIELD RIGHT OF WAY,ATWATER AVE & HIGHLAND,18725
2011,4,1,Weekend,1200,2-Car,No injury/unknown,UNSAFE BACKING,S HIGH ST,18726
2011,4,2,Weekday,1500,2-Car,No injury/unknown,OTHER (DRIVER) - EXPLAIN IN NARRATIVE,E ATWATER AVE & S HIGH,18727
2011,5,6,Weekend,2300,1-Car,No injury/unknown,ANIMAL/OBJECT IN ROADWAY,SMITHVILLE & SOUTH FAIRFAX RD,18728
2011,10,2,Weekday,1600,2-Car,No injury/unknown,FAILURE TO YIELD RIGHT OF WAY,ATWATER & HIGH ST,18729
2011,9,7,Weekend,1900,2-Car,Non-incapacitating,FAILURE TO YIELD RIGHT OF WAY,ENTRANCE TO SIMON MALL & S COLLEGE MALL RD,18730
2011,10,1,Weekend,1400,2-Car,Non-incapacitating,FAILURE TO YIELD RIGHT OF WAY,PRIVATE & S COLLEGE MALL RD,18731
2011,5,3,Weekday,1400,2-Car,No injury/unknown,UNSAFE BACKING,S PARKRIDGE RD,18732
2011,5,2,Weekday,400,1-Car,Non-incapacitating,ANIMAL/OBJECT IN ROADWAY,HAGAN ST & SMITH,18733
2011,9,7,Weekend,1900,2-Car,No injury/unknown,UNSAFE LANE MOVEMENT,S COLLEGE MALL RD,18734
2011,3,6,Weekday,0,2-Car,No injury/unknown,UNSAFE BACKING,S PARK RIDGE RD,18735
2011,11,5,Weekday,1900,Moped/Motorcycle,Incapacitating,FOLLOWING TOO CLOSELY,SOUTH ROGERS ST & WEST SMITH,18736
2011,2,4,Weekday,2200,1-Car,No injury/unknown,RAN OFF ROAD RIGHT,ROGERS ST & SMITH,18737
2011,5,5,Weekday,1300,2-Car,Non-incapacitating,FOLLOWING TOO CLOSELY,COLLEGE AVE & SMITH,18738
2011,9,7,Weekend,1900,2-Car,No injury/unknown,OTHER (VEHICLE) - EXPLAIN IN NARRATIVE,SMITH & SOUTH DUNN ST,18739
2011,9,3,Weekday,1600,2-Car,No injury/unknown,FOLLOWING TOO CLOSELY,COLLEGE AVE & SMITH,18740
2011,1,7,Weekend,1500,2-Car,No injury/unknown,IMPROPER LANE USAGE,LINCOLN & SMITH AVE,18741
2011,5,4,Weekday,1100,1-Car,No injury/unknown,RAN OFF ROAD RIGHT,GARRISON CHAPEL RD & SR48,18742
2011,1,5,Weekday,2000,2-Car,No injury/unknown,OTHER (DRIVER) - EXPLAIN IN NARRATIVE,E CEDARWOOD & S CEDARWOOD DR,18743
2011,6,2,Weekday,1600,1-Car,No injury/unknown,DRIVER ASLEEP OR FATIGUED,BIRDIE GALYAN & SR46W,18744
2011,10,7,Weekend,0,1-Car,No injury/unknown,ANIMAL/OBJECT IN ROADWAY,LOWER BIRDIE GALYON & SR46E,18745
2011,2,7,Weekend,600,2-Car,Non-incapacitating,SPEED TOO FAST FOR WEATHER CONDITIONS,SR37S & W 3RD,18746
2011,2,4,Weekday,1000,2-Car,No injury/unknown,UNSAFE BACKING,S PARK RIDGE RD,18747
2011,5,3,Weekday,2200,2-Car,No injury/unknown,UNSAFE BACKING,S WALNUT ST,18748
2011,1,7,Weekend,1800,2-Car,No injury/unknown,UNSAFE BACKING,S WALNUT ST,18749
2011,3,7,Weekend,1700,1-Car,No injury/unknown,OTHER (VEHICLE) - EXPLAIN IN NARRATIVE,SOUTH HENDERSON ST,18750
2011,10,2,Weekday,1500,2-Car,No injury/unknown,OTHER (DRIVER) - EXPLAIN IN NARRATIVE,LANDMARK AVE,18751
2011,11,7,Weekend,1200,2-Car,No injury/unknown,FAILURE TO YIELD RIGHT OF WAY,HOWE & ROGERS ST,18752
2011,8,5,Weekday,1200,1-Car,No injury/unknown,OTHER (DRIVER) - EXPLAIN IN NARRATIVE,HENDERSON ST,18753
2011,3,5,Weekday,1800,2-Car,No injury/unknown,DISREGARD SIGNAL/REG SIGN,E HUNTER AVE & PARK,18754
2011,4,3,Weekday,1100,2-Car,Non-incapacitating,FAILURE TO YIELD RIGHT OF WAY,HAWTHORNE AVE & HUNTER,18755
2011,6,2,Weekday,1000,2-Car,No injury/unknown,OTHER (DRIVER) - EXPLAIN IN NARRATIVE,E HUNTER AVE & S WOODLAWN,18756
2011,6,2,Weekday,1300,2-Car,No injury/unknown,DISREGARD SIGNAL/REG SIGN,E HUNTER & S WOODLAWN AVE,18757
2011,9,4,Weekday,100,2-Car,No injury/unknown,IMPROPER LANE USAGE,E HUNTER AVE & S WOODLAWN,18758
2011,9,3,Weekday,1400,2-Car,No injury/unknown,FAILURE TO YIELD RIGHT OF WAY,FESS & HUNTER ST,18759
2011,9,4,Weekday,1700,2-Car,No injury/unknown,DISREGARD SIGNAL/REG SIGN,HUNTER AVE & PARK,18760
2011,11,5,Weekday,1500,2-Car,No injury/unknown,FAILURE TO YIELD RIGHT OF WAY,HUNTER AVE & SWAIN,18761
2011,12,6,Weekday,1700,2-Car,No injury/unknown,FAILURE TO YIELD RIGHT OF WAY,HIGHLAND AVE & HUNTER,18762
2011,8,4,Weekday,0,2-Car,No injury/unknown,OTHER (DRIVER) - EXPLAIN IN NARRATIVE,E HUNTER AVE & S PARK,18763
2011,5,3,Weekday,1100,2-Car,Non-incapacitating,FAILURE TO YIELD RIGHT OF WAY,LANDMARK AVE & SECOND,18764
2011,12,7,Weekend,1400,2-Car,No injury/unknown,UNSAFE BACKING,S LANDMARK AVE,18765
2011,7,4,Weekday,1200,2-Car,Non-incapacitating,FAILURE TO YIELD RIGHT OF WAY,OMALIAS E DRIVE & S COLLEGE MALL RD,18766
2011,9,7,Weekend,1500,Moped/Motorcycle,No injury/unknown,FAILURE TO YIELD RIGHT OF WAY,KNIGHTRIDGE RD & SR446S,18767
2011,9,2,Weekday,1500,Moped/Motorcycle,Non-incapacitating,FAILURE TO YIELD RIGHT OF WAY,3RD & CURRY PIKE,18768
2011,12,3,Weekday,1200,1-Car,No injury/unknown,ROADWAY SURFACE CONDITION,SOUTH KIRBY RD,18769
2011,8,2,Weekday,1300,2-Car,No injury/unknown,UNSAFE BACKING,S MULLER PKWY,18770
2011,9,2,Weekday,800,2-Car,No injury/unknown,UNSAFE BACKING,S MULLER PKWY,18771
2011,4,6,Weekday,1400,2-Car,No injury/unknown,OTHER (DRIVER) - EXPLAIN IN NARRATIVE,S MULLER PKWY,18772
2011,12,6,Weekday,1600,2-Car,No injury/unknown,UNSAFE BACKING,S LIBERTY DR,18773
2011,1,6,Weekend,2200,3+ Cars,No injury/unknown,SPEED TOO FAST FOR WEATHER CONDITIONS,S MULLER PKWY,18774
2011,7,2,Weekday,1700,2-Car,No injury/unknown,FOLLOWING TOO CLOSELY,S WALKER & W 2ND ST,18775
2011,2,2,Weekday,1200,2-Car,No injury/unknown,OTHER (DRIVER) - EXPLAIN IN NARRATIVE,800 W 2ND ST ST & S MAPLE,18776
2011,9,4,Weekday,1400,2-Car,No injury/unknown,UNSAFE BACKING,W 2ND ST,18777
2011,9,6,Weekday,1300,2-Car,No injury/unknown,UNSAFE BACKING,W 2ND ST,18778
2011,10,3,Weekday,1200,2-Car,No injury/unknown,FOLLOWING TOO CLOSELY,S ROGERS ST & WEST 2 ST ST,18779
2011,11,7,Weekend,1700,2-Car,No injury/unknown,LEFT OF CENTER,S MULLER PKWY,18780
2011,9,4,Weekday,1700,2-Car,Non-incapacitating,FOLLOWING TOO CLOSELY,2ND ST & MADISON,18781
2011,1,7,Weekend,200,1-Car,No injury/unknown,ROADWAY SURFACE CONDITION,N WALNUT & W 2ND ST,18782
2011,1,4,Weekday,1100,2-Car,No injury/unknown,UNSAFE BACKING,E 2ND & S FESS AVE,18783
2011,2,6,Weekday,0,2-Car,No injury/unknown,DISREGARD SIGNAL/REG SIGN,2ND ST & COLLEGE,18784
2011,2,6,Weekday,1700,2-Car,No injury/unknown,FOLLOWING TOO CLOSELY,S COLLEGE & W 2ND ST,18785
2011,3,6,Weekday,1300,2-Car,No injury/unknown,OTHER (DRIVER) - EXPLAIN IN NARRATIVE,2ND ST,18786
2011,3,4,Weekday,1700,Cyclist,Non-incapacitating,UNSAFE LANE MOVEMENT,E 2ND & S WASHINGTON ST,18787
2011,4,7,Weekend,1200,2-Car,No injury/unknown,FAILURE TO YIELD RIGHT OF WAY,E 2ND & S FESS AVE,18788
2011,4,4,Weekday,1900,2-Car,No injury/unknown,UNSAFE LANE MOVEMENT,2ND & COLLEGE AVE,18789
2011,5,1,Weekend,1100,2-Car,No injury/unknown,DISREGARD SIGNAL/REG SIGN,200 W 2ND ST & 500 S COLLEGE,18790
2011,6,6,Weekday,400,2-Car,No injury/unknown,IMPROPER TURNING,2ND ST,18791
2011,7,5,Weekday,1000,2-Car,No injury/unknown,FOLLOWING TOO CLOSELY,SO WALNUT ST & W 2ND,18792
2011,8,4,Weekday,1100,2-Car,Non-incapacitating,FOLLOWING TOO CLOSELY,COLLEGE & W 2ND ST,18793
2011,10,2,Weekday,1500,3+ Cars,No injury/unknown,ANIMAL/OBJECT IN ROADWAY,2ND ST & GRANT,18794
2011,10,7,Weekend,0,2-Car,No injury/unknown,UNSAFE BACKING,E 2ND ST,18795
2011,10,3,Weekday,1900,2-Car,No injury/unknown,LEFT OF CENTER,COLLEGE & W 2ND ST,18796
2011,10,4,Weekday,1200,2-Car,Non-incapacitating,FOLLOWING TOO CLOSELY,E 2ND & S WASHINGTON ST,18797
2011,12,6,Weekday,1300,2-Car,No injury/unknown,FAILURE TO YIELD RIGHT OF WAY,2ND ST & GRANT,18798
2011,12,6,Weekday,1600,Bus,No injury/unknown,FAILURE TO YIELD RIGHT OF WAY,2ND ST & PARK,18799
2011,1,3,Weekday,900,2-Car,Non-incapacitating,SPEED TOO FAST FOR WEATHER CONDITIONS,2ND ST & WALKER,18800
2011,10,3,Weekday,1600,2-Car,No injury/unknown,DISREGARD SIGNAL/REG SIGN,2ND ST & WALKER,18801
2011,3,4,Weekday,0,1-Car,No injury/unknown,IMPROPER TURNING,WEST 2ND ST,18802
2011,1,5,Weekday,1300,2-Car,No injury/unknown,FAILURE TO YIELD RIGHT OF WAY,2ND ST & ROGERS,18803
2011,2,5,Weekday,1600,Pedestrian,Non-incapacitating,PEDESTRIAN ACTION,EUCLID & WEST 2ND ST,18804