year,month,day,weekend,hour,collision_type,injury_type,primary_factor,reported_location,unique_id
2011,3,7,Weekend,2100,1-Car,Non-incapacitating,SPEED TOO FAST FOR WEATHER CONDITIONS,HIGH & WINSLOW RD,19436
2011,5,6,Weekday,900,2-Car,No injury/unknown,FAILURE TO YIELD RIGHT OF WAY,HIGH ST & ROGERS,19437
2011,6,2,Weekday,1200,2-Car,No injury/unknown,FOLLOWING TOO CLOSELY,HIGH ST & ROGERS,19438
2011,6,6,Weekday,1600,Moped/Motorcycle,Non-incapacitating,FAILURE TO YIELD RIGHT OF WAY,PINEHURST & TAPP RD,19439
2011,9,6,Weekday,1500,2-Car,Non-incapacitating,FOLLOWING TOO CLOSELY,E ROGERS RD & S THE STANDS,19440
2011,6,4,Weekday,1900,2-Car,No injury/unknown,DISREGARD SIGNAL/REG SIGN,ROCKPORT RD & TAPP,19441
2011,9,2,Weekday,1800,2-Car,No injury/unknown,FOLLOWING TOO CLOSELY,ROCKPORT & TAPP RD,19442
2011,10,5,Weekday,1400,2-Car,No injury/unknown,FOLLOWING TOO CLOSELY,COUNTRY CLUB RD & ROCKPORT,19443
2011,7,2,Weekday,1700,Pedestrian,Non-incapacitating,VIEW OBSTRUCTED,COUNTRY CLUB DR,19444
2011,2,1,Weekend,1100,2-Car,No injury/unknown,UNSAFE BACKING,S WALNUT ST,19445
2011,1,5,Weekday,1200,1-Car,No injury/unknown,ROADWAY SURFACE CONDITION,E WINSLOW RD & S HIGH,19446
2011,1,2,Weekday,900,2-Car,No injury/unknown,FAILURE TO YIELD RIGHT OF WAY,S WALNUT & S WINSLOW RD,19447
2011,2,6,Weekday,800,2-Car,No injury/unknown,FAILURE TO YIELD RIGHT OF WAY,HENDERSON ST & WINSLOW,19448
2011,3,7,Weekend,800,1-Car,No injury/unknown,RAN OFF ROAD RIGHT,ABBY & E WINSLOW RD,19449
2011,4,6,Weekday,800,Bus,No injury/unknown,OTHER (DRIVER) - EXPLAIN IN NARRATIVE,E WINSLOW RD & S HENDERSON,19450
2011,5,6,Weekday,1200,2-Car,No injury/unknown,FAILURE TO YIELD RIGHT OF WAY,WALNUT ST & WINSLOW RD,19451
2011,6,6,Weekend,1900,2-Car,Non-incapacitating,FAILURE TO YIELD RIGHT OF WAY,HENDERSON ST & WINSLOW,19452
2011,9,1,Weekend,1500,2-Car,No injury/unknown,FOLLOWING TOO CLOSELY,WALNUT & WINSLOW RD,19453
2011,9,2,Weekday,1900,2-Car,No injury/unknown,FOLLOWING TOO CLOSELY,ABBY & WINSLOW RD,19454
2011,9,5,Weekday,1700,3+ Cars,No injury/unknown,BRAKE FAILURE OR DEFECTIVE,EAST WINSLOW RD & HENDERSON,19455
2011,10,5,Weekday,1600,2-Car,No injury/unknown,FAILURE TO YIELD RIGHT OF WAY,WALNUT ST & WINSLOW,19456
2011,10,4,Weekday,800,2-Car,No injury/unknown,FAILURE TO YIELD RIGHT OF WAY,WESTMINSTER & WINSLOW RD,19457
2011,10,6,Weekday,700,Bus,No injury/unknown,UNSAFE BACKING,WALNUT ST ST,19458
2011,12,3,Weekday,1400,2-Car,Non-incapacitating,FOLLOWING TOO CLOSELY,WINSLOW & WINSLOW RD,19459
2011,4,2,Weekday,1600,2-Car,No injury/unknown,FAILURE TO YIELD RIGHT OF WAY,WALNUT & WINSLOW RD,19460
2011,10,4,Weekday,1700,2-Car,No injury/unknown,SPEED TOO FAST FOR WEATHER CONDITIONS,WALNUT & WINSLOW RD,19461
2011,7,2,Weekday,1600,3+ Cars,No injury/unknown,DRIVER ASLEEP OR FATIGUED,WALNUT STREET & WINSLOW RD,19462
2011,7,5,Weekday,1300,2-Car,Non-incapacitating,UNSAFE SPEED,ALLENDALE & WINSLOW RD,19463
2011,10,2,Weekday,1000,2-Car,Non-incapacitating,FOLLOWING TOO CLOSELY,COUNTRY CLUB DR & MILTON,19464
2011,3,6,Weekday,1500,2-Car,No injury/unknown,FAILURE TO YIELD RIGHT OF WAY,COUNTRY CLUB DR & ROGERS,19465
2011,4,6,Weekday,1000,2-Car,No injury/unknown,OTHER (DRIVER) - EXPLAIN IN NARRATIVE,E WINSLOW RD,19466
2011,4,2,Weekday,2200,2-Car,Non-incapacitating,FOLLOWING TOO CLOSELY,S ROGERS & W COUNTRY CLUB DR,19467
2011,8,3,Weekday,1200,2-Car,No injury/unknown,FOLLOWING TOO CLOSELY,COUNTRY CLUB DR & ROGERS,19468
2011,2,6,Weekend,2100,1-Car,No injury/unknown,SPEED TOO FAST FOR WEATHER CONDITIONS,EAST ROGERS RD & SOUTH SMITH,19469
2011,4,6,Weekday,1000,2-Car,No injury/unknown,FAILURE TO YIELD RIGHT OF WAY,COUNTRYCLUB DR & ROGERS,19470
2011,5,5,Weekday,1400,2-Car,Non-incapacitating,FAILURE TO YIELD RIGHT OF WAY,E WINSLOW & S HENDERSON ST,19471
2011,10,3,Weekday,1900,1-Car,No injury/unknown,ANIMAL/OBJECT IN ROADWAY,SR37S & ZIKES,19472
2011,8,6,Weekday,800,2-Car,No injury/unknown,FOLLOWING TOO CLOSELY,EAST WINSLOW RD & HENDERSON,19473
2011,8,1,Weekday,1900,3+ Cars,No injury/unknown,FOLLOWING TOO CLOSELY,COUNTRY CLUB & ROGERS ST,19474
2011,9,3,Weekday,1700,2-Car,No injury/unknown,FOLLOWING TOO CLOSELY,COUNTRY CLUB & ROGERS ST,19475
2011,10,7,Weekend,2000,2-Car,No injury/unknown,FOLLOWING TOO CLOSELY,S ROGERS ST & W COUNTRY CLUB,19476
2011,11,3,Weekday,1700,2-Car,No injury/unknown,FAILURE TO YIELD RIGHT OF WAY,SOUTH HENDERSON ST & WINSLOW,19477
2011,12,2,Weekday,600,2-Car,No injury/unknown,FOLLOWING TOO CLOSELY,S ROGERS ST & W COUNTRYCLUB,19478
2011,11,2,Weekday,1500,2-Car,No injury/unknown,FOLLOWING TOO CLOSELY,COUNTRY CLUB DR & MADISON,19479
2011,9,4,Weekday,1700,2-Car,No injury/unknown,FAILURE TO YIELD RIGHT OF WAY,COUNTRY CLUB DR & MADISON,19480
2011,4,1,Weekend,1700,2-Car,No injury/unknown,FAILURE TO YIELD RIGHT OF WAY,WALNUT STREET & WINSLOW RD,19481
2011,5,7,Weekend,1100,2-Car,No injury/unknown,OTHER (DRIVER) - EXPLAIN IN NARRATIVE,WINSLOW RD,19482
2011,3,5,Weekday,1600,2-Car,No injury/unknown,FAILURE TO YIELD RIGHT OF WAY,EAST WINSLOW RD & WALNUT ST,19483
2011,6,6,Weekday,1100,3+ Cars,No injury/unknown,DRIVER DISTRACTED - EXPLAIN IN NARRATIVE,S WALNUT & W COUNTRY CLUB DR,19484
2011,1,1,Weekend,1000,2-Car,No injury/unknown,FAILURE TO YIELD RIGHT OF WAY,COUNTRY CLUB & WALNUT ST,19485
2011,3,4,Weekday,1700,2-Car,No injury/unknown,FAILURE TO YIELD RIGHT OF WAY,COUNTRY CLUB & S WALNUT ST,19486
2011,5,2,Weekday,1600,2-Car,Non-incapacitating,FAILURE TO YIELD RIGHT OF WAY,S WALNUT & W COUNTRY CLUB DR,19487
2011,9,3,Weekday,400,2-Car,No injury/unknown,FAILURE TO YIELD RIGHT OF WAY,COUNTRY CLUB & WALNUT ST,19488
2011,10,3,Weekday,1800,Moped/Motorcycle,Non-incapacitating,FAILURE TO YIELD RIGHT OF WAY,SOUTH WALNUT & WINSLOW RD,19489
2011,10,4,Weekday,1600,Moped/Motorcycle,Non-incapacitating,DISREGARD SIGNAL/REG SIGN,COUNTRY CLUB & WALNUT ST,19490
2011,10,4,Weekday,1500,2-Car,Non-incapacitating,FOLLOWING TOO CLOSELY,WALNUT ST & WINSLOW,19491
2011,11,5,Weekday,1500,2-Car,No injury/unknown,FOLLOWING TOO CLOSELY,WALNUT ST & WINSLOW,19492
2011,9,3,Weekday,1400,2-Car,No injury/unknown,FOLLOWING TOO CLOSELY,COUNTRY CLUB DR & MADISON,19493
2011,12,2,Weekday,1200,2-Car,No injury/unknown,FAILURE TO YIELD RIGHT OF WAY,ROGERS RD & SARE,19494
2011,3,2,Weekday,2100,2-Car,No injury/unknown,FAILURE TO YIELD RIGHT OF WAY,ROGERS & SARE RD,19495
2011,6,6,Weekday,1400,2-Car,Non-incapacitating,FAILURE TO YIELD RIGHT OF WAY,E ROGERS & S SARE RD,19496
2011,10,1,Weekday,1900,2-Car,No injury/unknown,FAILURE TO YIELD RIGHT OF WAY,E ROGERS RD & S SARE,19497
2011,8,3,Weekday,1200,2-Car,No injury/unknown,FOLLOWING TOO CLOSELY,FARINGTON & LEONARD SPRINGS RD,19498
2011,10,7,Weekend,1400,1-Car,No injury/unknown,OTHER (DRIVER) - EXPLAIN IN NARRATIVE,ROGERS & SOMERSBE PL,19499
2011,7,7,Weekend,2300,2-Car,Non-incapacitating,UNSAFE BACKING,ROGERS RD & S SARE,19500
2011,11,3,Weekday,1700,2-Car,No injury/unknown,SPEED TOO FAST FOR WEATHER CONDITIONS,ROGERS & SARE RD,19501
2011,8,3,Weekday,1500,1-Car,No injury/unknown,UNSAFE SPEED,ROCKPORT RD & TAPP,19502
2011,6,6,Weekend,2100,2-Car,No injury/unknown,LEFT OF CENTER,N ROGERS ST & S SNODDY,19503
2011,1,5,Weekday,2000,1-Car,No injury/unknown,RAN OFF ROAD RIGHT,E ROGERS & SADDLEBROOK LN,19504
2011,2,6,Weekday,400,1-Car,No injury/unknown,LEFT OF CENTER,KNIGHT RIDGE & SR446S,19505
2011,9,6,Weekday,1000,1-Car,No injury/unknown,UNSAFE SPEED,KNIGHTRIDGE RD & SR446N,19506
2011,12,3,Weekday,700,2-Car,Non-incapacitating,FOLLOWING TOO CLOSELY,S KNIGHTRIDGE ROAD RD & SR446,19507
2011,5,6,Weekday,1500,2-Car,No injury/unknown,FOLLOWING TOO CLOSELY,AIRPORT & SR45W,19508
2011,7,2,Weekday,1500,2-Car,No injury/unknown,UNSAFE BACKING,CARNABY ST,19509
2011,9,7,Weekend,1100,2-Car,No injury/unknown,UNSAFE BACKING,CARNABY & WESTMINSTER WAY,19510
2011,3,3,Weekday,1600,Pedestrian,Non-incapacitating,PEDESTRIAN ACTION,SOUTH WALNUT ST,19511
2011,4,6,Weekday,1500,2-Car,No injury/unknown,FOLLOWING TOO CLOSELY,DUNCAN & SR45W,19512
2011,11,4,Weekday,1500,2-Car,Non-incapacitating,DRIVER DISTRACTED - EXPLAIN IN NARRATIVE,SOUTH DUNCAN & SR45W,19513
2011,11,3,Weekday,700,2-Car,No injury/unknown,FOLLOWING TOO CLOSELY,DUNCAN & SR45W,19514
2011,11,2,Weekday,2300,1-Car,No injury/unknown,ANIMAL/OBJECT IN ROADWAY,DUNCAN & SR45W,19515
2011,5,1,Weekend,1500,2-Car,No injury/unknown,UNSAFE BACKING,SOUTH WALNUT ST,19516
2011,2,2,Weekday,1500,2-Car,No injury/unknown,FAILURE TO YIELD RIGHT OF WAY,SOUTH WALNUT ST,19517
2011,3,3,Weekday,1600,2-Car,No injury/unknown,UNSAFE BACKING,SOUTH WALNUT ST,19518
2011,7,7,Weekend,1900,2-Car,No injury/unknown,UNSAFE BACKING,ACADIA CT,19519
2011,9,7,Weekend,1700,2-Car,No injury/unknown,OTHER (DRIVER) - EXPLAIN IN NARRATIVE,FAIRINGTON RD & INDIAN CREEK,19520
2011,5,5,Weekday,1600,2-Car,No injury/unknown,FOLLOWING TOO CLOSELY,DUNCAN & SR45W,19521
2011,8,4,Weekday,1300,2-Car,No injury/unknown,UNSAFE BACKING,S WALNUT ST,19522
2011,10,4,Weekday,600,2-Car,No injury/unknown,FAILURE TO YIELD RIGHT OF WAY,HENDERSON ST & WALNUT ST,19523
2011,4,5,Weekday,800,2-Car,No injury/unknown,FOLLOWING TOO CLOSELY,SR37N & TAPP,19524
2011,7,7,Weekend,2300,1-Car,No injury/unknown,RAN OFF ROAD RIGHT,CRAMER CIR & TIFFANY,19525
2011,10,5,Weekday,1600,2-Car,No injury/unknown,FAILURE TO YIELD RIGHT OF WAY,S ROGERS ST & W PATTERSON,19526
2011,12,7,Weekend,1200,2-Car,No injury/unknown,FAILURE TO YIELD RIGHT OF WAY,3RD & COLLEGE MALL RD,19527
2011,12,7,Weekend,2000,2-Car,Non-incapacitating,FOLLOWING TOO CLOSELY,3RD & COLLEGE MALL RD,19528
2011,5,4,Weekday,0,1-Car,No injury/unknown,UNSAFE SPEED,GARDNER RD & GARRISON CHAPEL,19529
2011,9,7,Weekend,0,1-Car,No injury/unknown,OVERCORRECTING/OVERSTEERING,CLEAR CREEK & ROGERS ST,19530
2011,10,7,Weekend,2200,1-Car,No injury/unknown,RAN OFF ROAD RIGHT,SOUTH GARRISON CHAPEL RD,19531
2011,9,1,Weekday,2000,2-Car,No injury/unknown,LEFT OF CENTER,W GORDON PIKE,19532
2011,10,5,Weekday,700,Pedestrian,Non-incapacitating,FAILURE TO YIELD RIGHT OF WAY,PINEWOOD DR & WALNUT,19533
2011,9,4,Weekday,900,3+ Cars,No injury/unknown,DRIVER DISTRACTED - EXPLAIN IN NARRATIVE,BUNGER & SR45W,19534
2011,11,6,Weekend,1900,1-Car,No injury/unknown,ANIMAL/OBJECT IN ROADWAY,BUNGER & SR45,19535
2011,8,3,Weekday,2200,1-Car,No injury/unknown,OTHER (DRIVER) - EXPLAIN IN NARRATIVE,SR446N & SWARTZ RIDGE,19536
2011,9,4,Weekday,700,1-Car,No injury/unknown,ANIMAL/OBJECT IN ROADWAY,KNIGHT RIDGE ROAD & SR446S,19537
2011,1,2,Weekday,1900,2-Car,No injury/unknown,FAILURE TO YIELD RIGHT OF WAY,3000 S WALNUT STREET PIKE & ALLENDALE,19538
2011,2,6,Weekday,1700,2-Car,Non-incapacitating,UNSAFE BACKING,S SARE RD,19539
2011,1,7,Weekend,300,1-Car,No injury/unknown,RAN OFF ROAD RIGHT,BUNGER & SR45W,19540
2011,7,7,Weekend,1500,2-Car,Non-incapacitating,FOLLOWING TOO CLOSELY,SOUTH & WALNUT ST,19541
2011,12,3,Weekday,700,2-Car,No injury/unknown,FOLLOWING TOO CLOSELY,SR37 & TAPP,19542
2011,10,1,Weekend,1500,Bus,No injury/unknown,OTHER (DRIVER) - EXPLAIN IN NARRATIVE,BALFOUR & JORDAN AVE,19543
2011,3,4,Weekday,1700,3+ Cars,Non-incapacitating,SPEED TOO FAST FOR WEATHER CONDITIONS,BUNGER & SR45W,19544
2011,6,5,Weekday,1500,3+ Cars,Non-incapacitating,OTHER (DRIVER) - EXPLAIN IN NARRATIVE,S BUNGER & SR45S,19545
2011,6,7,Weekend,1300,2-Car,No injury/unknown,DRIVER DISTRACTED - EXPLAIN IN NARRATIVE,S BUNGER & SR45W,19546
2011,9,5,Weekday,1800,2-Car,No injury/unknown,UNSAFE BACKING,LILAC LN,19547
2011,5,6,Weekday,800,2-Car,No injury/unknown,UNSAFE BACKING,SR45 RD,19548
2011,3,1,Weekend,0,1-Car,No injury/unknown,RAN OFF ROAD RIGHT,FAIRFAX RD & MCCORMICK,19549
2011,5,7,Weekend,0,2-Car,No injury/unknown,OTHER (DRIVER) - EXPLAIN IN NARRATIVE,WALNUT SPRINGS DR,19550
2011,9,7,Weekend,1600,2-Car,No injury/unknown,OTHER (DRIVER) - EXPLAIN IN NARRATIVE,LEONARD SPRINGS & WOODHAVEN DR,19551
2011,9,1,Weekday,2000,2-Car,No injury/unknown,DISREGARD SIGNAL/REG SIGN,S DAWSON & S MCDOUGAL ST,19552
2011,4,2,Weekday,1700,2-Car,No injury/unknown,UNSAFE BACKING,S WALNUT ST,19553
2011,1,2,Weekday,1900,2-Car,No injury/unknown,FOLLOWING TOO CLOSELY,ISON & SR45W,19554
2011,9,4,Weekday,800,1-Car,No injury/unknown,FOLLOWING TOO CLOSELY,ISON & SR45W,19555
2011,11,6,Weekday,1700,2-Car,No injury/unknown,DRIVER DISTRACTED - EXPLAIN IN NARRATIVE,ISON & SR45E,19556
2011,6,7,Weekend,1100,2-Car,No injury/unknown,FOLLOWING TOO CLOSELY,ISON & SR45W,19557
2011,11,5,Weekday,1900,1-Car,No injury/unknown,ANIMAL/OBJECT IN ROADWAY,S ISON & SR45W,19558
2011,12,1,Weekday,1900,1-Car,No injury/unknown,ANIMAL/OBJECT IN ROADWAY,ISON & SR45W,19559
2011,4,5,Weekday,1300,3+ Cars,Non-incapacitating,FOLLOWING TOO CLOSELY,EASTGATE & SR46N,19560
2011,10,2,Weekday,700,2-Car,No injury/unknown,DISREGARD SIGNAL/REG SIGN,E CANADA & S THE STANDS DR,19561
2011,6,1,Weekend,900,2-Car,No injury/unknown,OTHER (VEHICLE) - EXPLAIN IN NARRATIVE,W WOODMERE & WOODHAVEN DR,19562
2011,5,2,Weekday,1500,2-Car,No injury/unknown,IMPROPER PASSING,ROGERS ST & TERRACE,19563
2011,5,7,Weekend,1700,Moped/Motorcycle,No injury/unknown,FAILURE TO YIELD RIGHT OF WAY,SOUTH ROGERS ST & TERRACE,19564
2011,9,6,Weekday,1800,2-Car,No injury/unknown,FAILURE TO YIELD RIGHT OF WAY,S WALNUT STREET PIKE,19565
2011,3,2,Weekday,1100,Pedestrian,Non-incapacitating,OTHER (DRIVER) - EXPLAIN IN NARRATIVE,3650 W HEATHERWOOD LN LN,19566
2011,10,2,Weekday,600,3+ Cars,Non-incapacitating,LEFT OF CENTER,GILLHAM & SR45S,19567
2011,6,4,Weekday,2300,Pedestrian,Non-incapacitating,ENGINE FAILURE OR DEFECTIVE,HEATHERWOOD & S LEONARD SPRINGS RD,19568
2011,10,6,Weekday,1100,2-Car,Non-incapacitating,FOLLOWING TOO CLOSELY,S LEONARD SPRINGS ROAD & W LEONARD SPRINGS ROAD RD,19569
2011,6,5,Weekday,1300,1-Car,No injury/unknown,RAN OFF ROAD RIGHT,HEATHERWOOD LN & LEONARD SPRING,19570
2011,2,4,Weekday,1200,2-Car,No injury/unknown,FOLLOWING TOO CLOSELY,BURKS & S WALNUT ST,19571
2011,12,7,Weekend,1100,Pedestrian,Non-incapacitating,UNSAFE BACKING,E BURKS DR,19572
2011,11,2,Weekday,1200,2-Car,No injury/unknown,SPEED TOO FAST FOR WEATHER CONDITIONS,CANADA & SARE RD,19573
2011,3,5,Weekday,600,1-Car,No injury/unknown,DRIVER ILLNESS,S WALNUT ST,19574
2011,8,4,Weekday,1100,2-Car,No injury/unknown,IMPROPER LANE USAGE,S WALNUT ST PIKE,19575
2011,8,6,Weekday,300,1-Car,No injury/unknown,OTHER (DRIVER) - EXPLAIN IN NARRATIVE,S WALNUT STREET PIKE,19576
2011,8,4,Weekday,200,1-Car,No injury/unknown,DRIVER DISTRACTED - EXPLAIN IN NARRATIVE,S WICKENS ST & W HENNESSEY,19577
2011,3,2,Weekday,1100,2-Car,No injury/unknown,LEFT OF CENTER,HEATHER & LAURA WAY,19578
2011,9,6,Weekday,1700,Cyclist,Non-incapacitating,DISREGARD SIGNAL/REG SIGN,N WALTER & S VALMORE AVE,19579
2011,3,7,Weekend,1300,1-Car,Incapacitating,OTHER (DRIVER) - EXPLAIN IN NARRATIVE,BURKS & WALNUT ST,19580
2011,7,2,Weekday,1200,2-Car,No injury/unknown,OTHER (VEHICLE) - EXPLAIN IN NARRATIVE,BURKS & WALNUT ST,19581
2011,8,5,Weekday,1300,2-Car,Non-incapacitating,FOLLOWING TOO CLOSELY,BURKS & S WALNUT ST,19582
2011,1,3,Weekday,1600,1-Car,No injury/unknown,FAILURE TO YIELD RIGHT OF WAY,WEST STATE ROAD 45,19583
2011,1,6,Weekday,1600,1-Car,No injury/unknown,UNSAFE BACKING,W STATE ROAD 45,19584
2011,5,5,Weekday,1700,2-Car,No injury/unknown,FOLLOWING TOO CLOSELY,3000 WEST 3RD ST,19585
2011,11,4,Weekday,1600,2-Car,No injury/unknown,OTHER (DRIVER) - EXPLAIN IN NARRATIVE,S R 45 HWY,19586
2011,4,1,Weekend,1100,2-Car,No injury/unknown,UNSAFE BACKING,WALNUT SPRINGS DR,19587
2011,1,1,Weekday,2300,1-Car,No injury/unknown,RAN OFF ROAD RIGHT,SR45W,19588
2011,4,3,Weekday,1700,2-Car,No injury/unknown,UNSAFE BACKING,WEST SR45 RD,19589
2011,4,4,Weekday,1900,2-Car,No injury/unknown,FAILURE TO YIELD RIGHT OF WAY,WEST STATE ROAD 45 RD,19590
2011,5,5,Weekday,1500,2-Car,No injury/unknown,OTHER (VEHICLE) - EXPLAIN IN NARRATIVE,WEST STATE ROAD 45 RD,19591
2011,5,6,Weekend,1900,1-Car,No injury/unknown,UNSAFE BACKING,WEST STATE ROAD 45 RD,19592
2011,6,4,Weekday,1300,2-Car,No injury/unknown,OTHER (DRIVER) - EXPLAIN IN NARRATIVE,WEST STATE ROAD 45 RD,19593
2011,6,5,Weekday,1600,2-Car,No injury/unknown,UNSAFE BACKING,SR45W,19594
2011,6,4,Weekday,1200,2-Car,No injury/unknown,UNSAFE BACKING,STATE ROAD 45 HWY,19595
2011,7,1,Weekend,1500,1-Car,No injury/unknown,UNSAFE BACKING,W STATE ROAD 45 HWY,19596
2011,7,3,Weekday,1200,2-Car,No injury/unknown,UNSAFE BACKING,W ST RD 45 RD,19597
2011,7,6,Weekday,1600,2-Car,No injury/unknown,FAILURE TO YIELD RIGHT OF WAY,W SR45 HWY,19598
2011,7,1,Weekend,1300,2-Car,No injury/unknown,OTHER (DRIVER) - EXPLAIN IN NARRATIVE,SR45W,19599
2011,8,2,Weekday,1400,2-Car,No injury/unknown,FOLLOWING TOO CLOSELY,SR45W,19600
2011,8,2,Weekday,1100,1-Car,No injury/unknown,OTHER (DRIVER) - EXPLAIN IN NARRATIVE,WEST STATE RD 45 RD,19601
2011,8,6,Weekday,1500,2-Car,No injury/unknown,UNSAFE BACKING,WEST STATE ROAD 45 RD,19602
2011,9,1,Weekday,1900,1-Car,No injury/unknown,UNSAFE BACKING,WEST STATE ROAD 45 RD,19603
2011,9,3,Weekday,1400,2-Car,No injury/unknown,UNSAFE BACKING,W ST  RD 45 HWY,19604
2011,10,7,Weekend,2200,1-Car,No injury/unknown,DRIVER DISTRACTED - EXPLAIN IN NARRATIVE,SR45W,19605
2011,11,7,Weekend,1500,2-Car,No injury/unknown,UNSAFE BACKING,WEST STATE ROAD 45 HWY,19606
2011,11,2,Weekday,1100,2-Car,No injury/unknown,OTHER (DRIVER) - EXPLAIN IN NARRATIVE,SR45W,19607
2011,11,1,Weekend,0,2-Car,No injury/unknown,IMPROPER PASSING,W ST RD 45 HWY,19608
2011,12,3,Weekday,1100,2-Car,No injury/unknown,FAILURE TO YIELD RIGHT OF WAY,WEST STATE ROAD 45 RD,19609
2011,12,2,Weekday,1900,2-Car,No injury/unknown,FAILURE TO YIELD RIGHT OF WAY,W STATE ROAD 45 RD,19610
2011,5,2,Weekday,1800,3+ Cars,No injury/unknown,UNSAFE SPEED,GILLHAM & SR45W,19611
2011,7,4,Weekday,1800,3+ Cars,Non-incapacitating,FOLLOWING TOO CLOSELY,HAYS & SOUTH ROGERS ST,19612
2011,2,7,Weekend,800,1-Car,Non-incapacitating,SPEED TOO FAST FOR WEATHER CONDITIONS,FULLERTON & SR37S,19613
2011,8,3,Weekday,1400,2-Car,No injury/unknown,OTHER (DRIVER) - EXPLAIN IN NARRATIVE,ESTATE & FALCON DR,19614
2011,1,7,Weekend,1100,2-Car,No injury/unknown,OTHER (DRIVER) - EXPLAIN IN NARRATIVE,RHORER & WALNUT ST,19615
2011,6,7,Weekend,900,1-Car,No injury/unknown,UNSAFE BACKING,S WALNUT ST,19616
2011,2,4,Weekday,2100,2-Car,No injury/unknown,FAILURE TO YIELD RIGHT OF WAY,S SHARON DR,19617
2011,11,5,Weekday,1300,1-Car,No injury/unknown,SPEED TOO FAST FOR WEATHER CONDITIONS,FULLERTON PIKE & S LEONARD SPRINGS,19618
2011,5,3,Weekday,1800,1-Car,Incapacitating,RAN OFF ROAD RIGHT,FULLERTON PIKE & S LEONARD SPRINGS,19619
2011,3,7,Weekend,2000,2-Car,No injury/unknown,UNSAFE BACKING,FULLERTON PIKE & S LEONARD SPRINGS,19620
2011,1,1,Weekend,1100,2-Car,No injury/unknown,FOLLOWING TOO CLOSELY,RHORER & WALNUT ST,19621
2011,2,7,Weekend,1400,1-Car,No injury/unknown,RAN OFF ROAD RIGHT,RHORER & SNODDY RD,19622
2011,3,7,Weekend,1900,1-Car,No injury/unknown,RAN OFF ROAD RIGHT,S GARRISON CHAPEL RD & W ELLER,19623
2011,2,4,Weekday,1700,2-Car,No injury/unknown,FAILURE TO YIELD RIGHT OF WAY,ELLER & SR45W,19624
2011,7,6,Weekday,1000,2-Car,Non-incapacitating,OTHER (DRIVER) - EXPLAIN IN NARRATIVE,LEONARD SPRINGS RD & SR45W,19625
2011,9,4,Weekday,800,2-Car,No injury/unknown,DISREGARD SIGNAL/REG SIGN,SR37S & W FULLERTON,19626
2011,11,7,Weekend,1000,1-Car,No injury/unknown,ANIMAL/OBJECT IN ROADWAY,S DUNCAN & W LEONARD SPRINGS RD RD,19627
2011,1,2,Weekday,1700,2-Car,No injury/unknown,FAILURE TO YIELD RIGHT OF WAY,ELLER & SR45W,19628
2011,2,7,Weekend,2200,1-Car,No injury/unknown,ROADWAY SURFACE CONDITION,ELLER ROAD RD & SR45,19629
2011,7,5,Weekday,1600,2-Car,Non-incapacitating,FAILURE TO YIELD RIGHT OF WAY,ELLER & SR45W,19630
2011,10,7,Weekend,1200,2-Car,Non-incapacitating,FAILURE TO YIELD RIGHT OF WAY,SR45S & WEST ELLER,19631
2011,11,5,Weekday,1700,2-Car,No injury/unknown,UNSAFE LANE MOVEMENT,ELLER RD & SR45,19632
2011,11,3,Weekday,1900,2-Car,No injury/unknown,FAILURE TO YIELD RIGHT OF WAY,SR45W & WEST LEONARD SPRINGS,19633
2011,11,3,Weekday,700,2-Car,No injury/unknown,FAILURE TO YIELD RIGHT OF WAY,SR45W & W LEONARD SPRINGS,19634
2011,12,6,Weekday,1200,2-Car,No injury/unknown,FAILURE TO YIELD RIGHT OF WAY,ELLER & SR45W,19635
2011,12,6,Weekday,1300,2-Car,No injury/unknown,FAILURE TO YIELD RIGHT OF WAY,FULLERTON & ROCKPORT RD,19636
2011,5,5,Weekday,1700,2-Car,No injury/unknown,FAILURE TO YIELD RIGHT OF WAY,FULLERTON & SR37N,19637
2011,11,6,Weekday,1800,2-Car,Non-incapacitating,FAILURE TO YIELD RIGHT OF WAY,FULLERTON & SR37S,19638
2011,1,5,Weekday,1500,1-Car,No injury/unknown,SPEED TOO FAST FOR WEATHER CONDITIONS,FULLERTON & SR37S,19639
2011,3,6,Weekday,1500,2-Car,Non-incapacitating,FAILURE TO YIELD RIGHT OF WAY,FULLERTON & SR37N,19640
2011,5,3,Weekday,1400,3+ Cars,Incapacitating,DISREGARD SIGNAL/REG SIGN,FULLERTON & SR37S,19641
2011,7,6,Weekday,1200,2-Car,No injury/unknown,FAILURE TO YIELD RIGHT OF WAY,FULLERTON & SR37S,19642
2011,9,4,Weekday,1900,2-Car,Non-incapacitating,FAILURE TO YIELD RIGHT OF WAY,FULLERTON & SR37S,19643
2011,10,3,Weekday,1700,2-Car,Incapacitating,DISREGARD SIGNAL/REG SIGN,FULLERTON & SR37S,19644
2011,11,6,Weekend,1900,2-Car,Non-incapacitating,FAILURE TO YIELD RIGHT OF WAY,FULLERTON & SR37S,19645
2011,7,4,Weekday,1500,2-Car,No injury/unknown,UNSAFE BACKING,WEST FELLERTON PIKE,19646