year,month,day,weekend,hour,collision_type,injury_type,primary_factor,reported_location,unique_id
2011,5,1,Weekend,200,3+ Cars,Non-incapacitating,RAN OFF ROAD RIGHT,SPARKS & SR45S,19859
2011,7,2,Weekday,500,1-Car,Fatal,RAN OFF ROAD RIGHT,SR45W & WEST SPARKS,19860
2011,9,1,Weekday,2100,1-Car,No injury/unknown,RAN OFF ROAD RIGHT,SPARKS & SR45W,19861
2011,5,1,Weekday,2100,1-Car,No injury/unknown,OVERCORRECTING/OVERSTEERING,BREEDEN & SR45W,19862
2011,9,7,Weekend,1300,2-Car,No injury/unknown,FOLLOWING TOO CLOSELY,BREEDEN & SR45W,19863
2011,11,6,Weekday,1800,1-Car,No injury/unknown,ANIMAL/OBJECT IN ROADWAY,BREEDEN & SR45N,19864
2011,12,3,Weekday,1300,1-Car,No injury/unknown,RAN OFF ROAD RIGHT,SPARKS RD,19865
2011,7,7,Weekend,100,1-Car,Non-incapacitating,RAN OFF ROAD RIGHT,BREEDEN & SR45W,19866
2011,6,7,Weekend,1100,Moped/Motorcycle,No injury/unknown,FOLLOWING TOO CLOSELY,BREEDON & SR45W,19867
2011,8,4,Weekday,1600,3+ Cars,No injury/unknown,OTHER (DRIVER) - EXPLAIN IN NARRATIVE,BREEDEN & SR45W,19868
2011,1,5,Weekday,1600,2-Car,Non-incapacitating,LEFT OF CENTER,COUNTY LINE & SR45W,19869
2011,10,1,Weekend,500,1-Car,No injury/unknown,RAN OFF ROAD RIGHT,COUNTY LINE & SR45S,19870
2011,6,7,Weekend,1100,Moped/Motorcycle,Non-incapacitating,ENGINE FAILURE OR DEFECTIVE,ALEXIS & FAIRFAX RD,19871
2011,6,7,Weekend,1500,2-Car,No injury/unknown,FOLLOWING TOO CLOSELY,EMPIRE MILL & OLD STATE ROAD 37 SOUTH RD,19872
2011,5,7,Weekend,600,1-Car,No injury/unknown,ANIMAL/OBJECT IN ROADWAY,BURCH RD & SPARKS,19873
2011,4,3,Weekday,1700,2-Car,No injury/unknown,SPEED TOO FAST FOR WEATHER CONDITIONS,S OLD STATE ROAD 37 RD & SR37S,19874
2011,4,5,Weekday,1700,2-Car,No injury/unknown,SPEED TOO FAST FOR WEATHER CONDITIONS,S OLD STATE ROAD 37 & SR37S,19875
2011,12,6,Weekday,0,1-Car,No injury/unknown,RAN OFF ROAD RIGHT,OLD STATE RD 37 & SR37S,19876
2011,1,4,Weekday,1700,3+ Cars,No injury/unknown,FOLLOWING TOO CLOSELY,S OLD STATE ROAD 37 & SR37S,19877
2011,3,7,Weekend,2100,2-Car,No injury/unknown,FAILURE TO YIELD RIGHT OF WAY,S OLD STATE ROAD 37 & SR37S,19878
2011,8,6,Weekday,1100,1-Car,Non-incapacitating,TIRE FAILURE OR DEFECTIVE,S OLD SR 37 & SR37S,19879
2011,8,1,Weekend,1800,1-Car,No injury/unknown,RAN OFF ROAD RIGHT,TRAMWAY RD,19880
2011,6,6,Weekday,100,1-Car,No injury/unknown,OTHER (DRIVER) - EXPLAIN IN NARRATIVE,SHIELDS RIDGE RD,19881
2011,5,5,Weekday,2200,1-Car,No injury/unknown,RAN OFF ROAD RIGHT,6100 BLOCK OF SOUTH HANDY RD & SHIELD RIDGE,19882
2011,9,3,Weekday,1400,1-Car,Non-incapacitating,RAN OFF ROAD RIGHT,E SANDERS SECOND & S FAIRFAX RD,19883
2011,1,1,Weekend,300,1-Car,No injury/unknown,RAN OFF ROAD RIGHT,3RD & FAIRFAX RD,19884
2011,3,6,Weekday,200,1-Car,No injury/unknown,UNSAFE SPEED,PAYNETOWN & S SHIELDS RIDGE RD,19885
2011,4,2,Weekday,1500,1-Car,Non-incapacitating,OTHER (DRIVER) - EXPLAIN IN NARRATIVE,S ROCKPORT & W KOONTZ RD,19886
2011,12,5,Weekday,2200,1-Car,No injury/unknown,ANIMAL/OBJECT IN ROADWAY,BLUEBIRD & SNOODY RD RD,19887
2011,1,1,Weekend,200,2-Car,No injury/unknown,FOLLOWING TOO CLOSELY,SR446 & SR446S,19888
2011,9,6,Weekday,1200,3+ Cars,No injury/unknown,UNSAFE LANE MOVEMENT,1415 N JORDAN AVE & BALFOUR,19889
2011,11,5,Weekday,300,1-Car,No injury/unknown,UNSAFE SPEED,2ND SANDERS & FAIRFAX RD,19890
2011,8,7,Weekend,1700,2-Car,No injury/unknown,DRIVER DISTRACTED - EXPLAIN IN NARRATIVE,EVANS RD & HARMONY,19891
2011,3,3,Weekday,1800,1-Car,No injury/unknown,RAN OFF ROAD RIGHT,S FAIRFAX RD,19892
2011,3,4,Weekday,1200,2-Car,No injury/unknown,OTHER (DRIVER) - EXPLAIN IN NARRATIVE,CHURCH RD,19893
2011,5,4,Weekday,800,2-Car,No injury/unknown,FAILURE TO YIELD RIGHT OF WAY,FLUCK MILL & VICTOR PIKE,19894
2011,9,4,Weekday,1900,1-Car,No injury/unknown,OTHER (DRIVER) - EXPLAIN IN NARRATIVE,S ROCKPORT RD,19895
2011,9,4,Weekday,1600,2-Car,No injury/unknown,FOLLOWING TOO CLOSELY,SR37N & VERNAL,19896
2011,4,4,Weekday,700,2-Car,No injury/unknown,LEFT OF CENTER,LUCAS RD & RAMP CREEK,19897
2011,4,1,Weekday,2200,1-Car,No injury/unknown,ANIMAL/OBJECT IN ROADWAY,S FAIRFAX RD & SMITHVILLE,19898
2011,8,7,Weekend,1600,2-Car,No injury/unknown,FAILURE TO YIELD RIGHT OF WAY,RAMP CREEK & SOUTH FAIRFAX RDS,19899
2011,8,4,Weekday,1700,2-Car,No injury/unknown,FOLLOWING TOO CLOSELY,FAIRFAX RD & RAMP CREEK,19900
2011,2,5,Weekday,1200,2-Car,Non-incapacitating,FAILURE TO YIELD RIGHT OF WAY,SMITHVILLE & SR37N,19901
2011,12,4,Weekday,1800,2-Car,No injury/unknown,FAILURE TO YIELD RIGHT OF WAY,SMITHVILLE & SR37S,19902
2011,8,3,Weekday,1500,1-Car,No injury/unknown,TOW HITCH FAILURE,SMITHVILLE & SR37S,19903
2011,10,7,Weekend,2000,1-Car,No injury/unknown,RAN OFF ROAD RIGHT,EVANS & ROCKPORT RD,19904
2011,10,7,Weekend,200,1-Car,No injury/unknown,ANIMAL/OBJECT IN ROADWAY,EAST BERNICE & SOUTH FAIRFAX RD,19905
2011,4,4,Weekday,1800,2-Car,No injury/unknown,UNSAFE BACKING,MITCHEL RD & S STRAIN RIDGE,19906
2011,9,7,Weekend,1800,1-Car,No injury/unknown,RAN OFF ROAD RIGHT,BUSINESS 37 RD & WHISNAND,19907
2011,1,3,Weekday,1800,2-Car,No injury/unknown,OTHER (VEHICLE) - EXPLAIN IN NARRATIVE,S OLD STATE RD 37 RD,19908
2011,5,2,Weekday,1600,2-Car,No injury/unknown,UNSAFE BACKING,S OLD STATE ROAD 37,19909
2011,6,2,Weekday,2000,1-Car,No injury/unknown,UNSAFE BACKING,S OLD SR 37 RD,19910
2011,12,6,Weekday,1800,2-Car,No injury/unknown,UNSAFE BACKING,S OLD STATE ROAD 37 RD,19911
2011,8,5,Weekday,100,1-Car,No injury/unknown,OTHER (DRIVER) - EXPLAIN IN NARRATIVE,SR446S & WALDRIP CREEK,19912
2011,10,7,Weekend,1800,2-Car,No injury/unknown,IMPROPER TURNING,AUTO MALL RD & BUICK CADILLAC,19913
2011,6,7,Weekend,2000,1-Car,No injury/unknown,UNSAFE SPEED,446 & E WALDRIP CREEK RD RD,19914
2011,3,5,Weekday,1300,1-Car,No injury/unknown,CELL PHONE USAGE,7544 S FAIRFAX RD & BERNICE,19915
2011,11,3,Weekday,1500,2-Car,No injury/unknown,UNSAFE BACKING,HENDERSON ST,19916
2011,1,6,Weekday,500,1-Car,No injury/unknown,RAN OFF ROAD RIGHT,3RD & PARKRIDGE DR,19917
2011,9,7,Weekend,1600,Moped/Motorcycle,Fatal,LEFT OF CENTER,BURGOON CHURCH & SR446N,19918
2011,6,7,Weekend,2100,1-Car,Non-incapacitating,RAN OFF ROAD RIGHT,S STRAINRIDGE RD & SCOTT,19919
2011,2,4,Weekday,900,1-Car,No injury/unknown,ACCELERATOR FAILURE OR DEFECTIVE,S OLD SR 37 HWY,19920
2011,12,2,Weekday,1600,2-Car,No injury/unknown,UNSAFE BACKING,S OLD SR 37 RD,19921
2011,3,4,Weekday,200,1-Car,No injury/unknown,SPEED TOO FAST FOR WEATHER CONDITIONS,S FAIRFAX RD & WISLEY,19922
2011,1,2,Weekday,500,1-Car,No injury/unknown,RAN OFF ROAD RIGHT,BURGOON CHURCH & SR446S,19923
2011,10,2,Weekday,1300,1-Car,Non-incapacitating,ACCELERATOR FAILURE OR DEFECTIVE,ZIKES RD,19924
2011,8,1,Weekend,1000,1-Car,No injury/unknown,UNSAFE SPEED,ANNE & STRAIN RIDGE RD,19925
2011,12,3,Weekday,800,2-Car,Non-incapacitating,UNSAFE LANE MOVEMENT,FEE & SR45N,19926
2011,10,1,Weekday,1900,1-Car,No injury/unknown,ANIMAL/OBJECT IN ROADWAY,SR37S & ZIKES,19927
2011,1,3,Weekday,600,2-Car,No injury/unknown,LEFT OF CENTER,HAYS & SR446S,19928
2011,3,6,Weekday,1700,1-Car,No injury/unknown,OTHER (DRIVER) - EXPLAIN IN NARRATIVE,S FAIRFAX RD,19929
2011,3,4,Weekday,1300,1-Car,Non-incapacitating,ANIMAL/OBJECT IN ROADWAY,FAIRFAX & POINTE RD,19930
2011,6,3,Weekday,2000,2-Car,Non-incapacitating,DISREGARD SIGNAL/REG SIGN,ALLENS CREEK & SR446S,19931
2011,1,5,Weekday,1600,2-Car,No injury/unknown,FAILURE TO YIELD RIGHT OF WAY,POINT RETREAT DR,19932
2011,4,6,Weekend,2200,Bus,No injury/unknown,IMPROPER TURNING,E POINTE RD,19933
2011,7,7,Weekend,1800,1-Car,No injury/unknown,NONE (DRIVER),ALLENS CREEK RD,19934
2011,6,3,Weekday,0,1-Car,Non-incapacitating,ANIMAL/OBJECT IN ROADWAY,BREEDEN & ROCKEAST RD,19935
2011,3,5,Weekday,1800,2-Car,Non-incapacitating,LEFT OF CENTER,CHAPPELL HILL & SR446,19936
2011,7,4,Weekday,1500,2-Car,Non-incapacitating,SPEED TOO FAST FOR WEATHER CONDITIONS,ALLENS CREEK & SR446S,19937
2011,11,2,Weekday,800,1-Car,Non-incapacitating,SPEED TOO FAST FOR WEATHER CONDITIONS,CHAPEL HILL & SR446S,19938
2011,5,1,Weekend,1300,Moped/Motorcycle,Non-incapacitating,OVERCORRECTING/OVERSTEERING,ELLER & GARRISON CHAPEL RD,19939
2011,6,5,Weekday,1600,3+ Cars,No injury/unknown,LEFT OF CENTER,CARMICHAEL RD & ROCKEAST,19940
2011,1,1,Weekend,0,1-Car,Non-incapacitating,RAN OFF ROAD RIGHT,MONROE DAM & STRAIN RIDGE RD,19941
2011,1,5,Weekday,1000,1-Car,No injury/unknown,SPEED TOO FAST FOR WEATHER CONDITIONS,HARRODSBURG & SR37S,19942
2011,9,7,Weekend,2000,2-Car,No injury/unknown,UNSAFE BACKING,WATERS EDGE DR,19943
2011,11,4,Weekday,1900,1-Car,No injury/unknown,DRIVER ILLNESS,MONROE DAM & SR37S,19944
2011,8,2,Weekday,1600,3+ Cars,Non-incapacitating,DRIVER DISTRACTED - EXPLAIN IN NARRATIVE,MONROE DAM & SOUTH OLD 37 RD,19945
2011,6,6,Weekday,600,1-Car,No injury/unknown,ANIMAL/OBJECT IN ROADWAY,MONROE DAM RD & SR37S,19946
2011,4,7,Weekend,2000,1-Car,No injury/unknown,ANIMAL/OBJECT IN ROADWAY,BRENNICK & SR45W,19947
2011,10,5,Weekday,2100,1-Car,No injury/unknown,ANIMAL/OBJECT IN ROADWAY,MONROE DAM ROAD & SR37S,19948
2011,7,2,Weekday,1400,2-Car,No injury/unknown,FAILURE TO YIELD RIGHT OF WAY,EVANS & ROCKPORT RD,19949
2011,10,3,Weekday,1100,2-Car,No injury/unknown,IMPROPER TURNING,E MONROE DAM & S STRAINRIDGE RD,19950
2011,1,5,Weekday,400,1-Car,No injury/unknown,RAN OFF ROAD RIGHT,CHAPEL HILL & SR446S,19951
2011,9,4,Weekday,800,1-Car,No injury/unknown,ANIMAL/OBJECT IN ROADWAY,E MONROE DAM & SR37N,19952
2011,2,3,Weekday,900,2-Car,No injury/unknown,LEFT OF CENTER,SR446S & TOWER RIDGE,19953
2011,5,4,Weekday,1400,2-Car,Non-incapacitating,FAILURE TO YIELD RIGHT OF WAY,GORE & HOBART RD,19954
2011,6,6,Weekday,1700,2-Car,No injury/unknown,UNSAFE LANE MOVEMENT,HARRODSBURG & HOBART RD,19955
2011,3,2,Weekday,1800,2-Car,Non-incapacitating,UNSAFE BACKING,HARRODSBURG & W POPCORN RD,19956
2011,3,6,Weekday,1100,2-Car,No injury/unknown,LEFT OF CENTER,KETCHAM & POPCORN RD,19957
2011,8,7,Weekend,1600,2-Car,No injury/unknown,LEFT OF CENTER,S BENNETT LN & W POPCORN,19958
2011,8,6,Weekend,1900,1-Car,Non-incapacitating,RAN OFF ROAD RIGHT,MONROE DAM RD & STRAIN RIDGE,19959
2011,9,1,Weekend,1000,2-Car,No injury/unknown,SPEED TOO FAST FOR WEATHER CONDITIONS,CHAPEL HILL ROAD & SR446E,19960
2011,9,1,Weekend,1100,1-Car,Non-incapacitating,ENGINE FAILURE OR DEFECTIVE,S ROBERTS RD,19961
2011,7,1,Weekend,1000,1-Car,No injury/unknown,VIEW OBSTRUCTED,CHAPEL HILL & HARDIN RIDGE RD,19962
2011,5,4,Weekday,1800,2-Car,No injury/unknown,LEFT OF CENTER,GORE & HARRODSBURG RD,19963
2011,4,7,Weekend,100,1-Car,No injury/unknown,ROADWAY SURFACE CONDITION,CHURCH & S OLD SR37 HWY,19964
2011,10,3,Weekday,1700,2-Car,No injury/unknown,LEFT OF CENTER,BOLIN & ROCKPORT RD,19965
2011,12,4,Weekday,700,1-Car,No injury/unknown,ANIMAL/OBJECT IN ROADWAY,INGRAM & SR37S,19966
2011,6,6,Weekend,2300,2-Car,No injury/unknown,FOLLOWING TOO CLOSELY,INGRAM & SR37S,19967
2011,5,2,Weekday,900,1-Car,No injury/unknown,RAN OFF ROAD RIGHT,FLOCK MILL & KETCHAM RD,19968
2011,9,1,Weekend,700,1-Car,No injury/unknown,RAN OFF ROAD RIGHT,S HARMONY RD & W KIRKSVILLE,19969
2011,12,4,Weekday,1700,1-Car,No injury/unknown,RAN OFF ROAD RIGHT,FAIRFAX RD & SANDERS 1ST AVE,19970
2011,11,5,Weekday,1200,2-Car,Non-incapacitating,LEFT OF CENTER,OLD RICHARDSON & SR446S,19971
2011,9,3,Weekday,1000,2-Car,No injury/unknown,IMPROPER PASSING,LIBERTY DR & WEST 3RD,19972
2011,10,3,Weekday,1100,2-Car,No injury/unknown,DRIVER DISTRACTED - EXPLAIN IN NARRATIVE,3RD & LIBERTY DR,19973
2011,1,1,Weekend,1800,1-Car,No injury/unknown,ANIMAL/OBJECT IN ROADWAY,POINTE & STRAIN RIDGE RD,19974
2011,8,7,Weekend,1700,2-Car,No injury/unknown,OTHER (DRIVER) - EXPLAIN IN NARRATIVE,S FAIRFAX RD,19975
2011,1,6,Weekday,800,1-Car,No injury/unknown,ROADWAY SURFACE CONDITION,GORDAN PIKE & S WALNUT STREET ST,19976
2011,1,5,Weekday,1500,1-Car,No injury/unknown,SPEED TOO FAST FOR WEATHER CONDITIONS,SR37N & VICTOR,19977
2011,6,7,Weekend,0,1-Car,No injury/unknown,OTHER (DRIVER) - EXPLAIN IN NARRATIVE,LEONARD SPRINGS RD & LIZZY,19978
2011,3,6,Weekday,1500,1-Car,No injury/unknown,OTHER (DRIVER) - EXPLAIN IN NARRATIVE,8548  KIRKSVILLE RD & HINDS,19979
2011,1,4,Weekday,400,1-Car,No injury/unknown,ROADWAY SURFACE CONDITION,MAPLE GROVE & NORTH BOTTOM RD,19980
2011,2,7,Weekend,1800,1-Car,Non-incapacitating,RAN OFF ROAD RIGHT,CR37S & OLD 37 SOUTH,19981
2011,3,2,Weekday,800,1-Car,Non-incapacitating,UNSAFE SPEED,CLUB HOUSE & SR37S,19982
2011,4,7,Weekend,1900,1-Car,Non-incapacitating,SPEED TOO FAST FOR WEATHER CONDITIONS,HIGHLAND & ROCKPORT RD,19983
2011,6,6,Weekday,1500,Cyclist,Non-incapacitating,FAILURE TO YIELD RIGHT OF WAY,ALLEYWAY & E 6TH ST,19984
2011,7,1,Weekend,1100,Moped/Motorcycle,Non-incapacitating,UNSAFE LANE MOVEMENT,BUSINESS 37 & SR37N,19985
2011,10,5,Weekday,1200,2-Car,Non-incapacitating,FOLLOWING TOO CLOSELY,N GATES & W 3RD ST,19986
2011,10,7,Weekend,1000,1-Car,Non-incapacitating,OVERCORRECTING/OVERSTEERING,BUSINESS 37 NORTH RD & WHISNAND,19987
2011,11,5,Weekday,900,Pedestrian,Non-incapacitating,DRIVER DISTRACTED - EXPLAIN IN NARRATIVE,E 7TH ST & N STADIUM,19988
2011,1,3,Weekday,1600,3+ Cars,No injury/unknown,FAILURE TO YIELD RIGHT OF WAY,RICHLAND PLAZA & SR46W,19989
2011,1,6,Weekday,1300,1-Car,No injury/unknown,SPEED TOO FAST FOR WEATHER CONDITIONS,PATHWAYS & SR45E,19990
2011,1,6,Weekend,2100,1-Car,No injury/unknown,ROADWAY SURFACE CONDITION,BUSINESS 37 RD & SR37S,19991
2011,1,2,Weekday,300,2-Car,No injury/unknown,LEFT OF CENTER,LEONARD SPRINGS RD & UNKNOWN,19992
2011,1,6,Weekday,1600,1-Car,No injury/unknown,RAN OFF ROAD RIGHT,BETHEL LN & OLD 37 N,19993
2011,1,2,Weekday,1600,2-Car,No injury/unknown,FAILURE TO YIELD RIGHT OF WAY,3RD & LANDMARK DR,19994
2011,1,6,Weekday,1600,2-Car,No injury/unknown,OTHER (ENVIRONMENTAL) - EXPLAIN IN NARR,REDHILL RD & WALKER,19995
2011,1,1,Weekend,1500,2-Car,No injury/unknown,DRIVER DISTRACTED - EXPLAIN IN NARRATIVE,SR46W & UNIONVALLEY,19996
2011,1,4,Weekday,1100,2-Car,No injury/unknown,FAILURE TO YIELD RIGHT OF WAY,KINGSTON DR & SERVICE DRIVE TO KMART,19997
2011,1,5,Weekday,800,1-Car,No injury/unknown,SPEED TOO FAST FOR WEATHER CONDITIONS,SR46E,19998
2011,1,6,Weekday,700,2-Car,No injury/unknown,DRIVER ASLEEP OR FATIGUED,SISCOE & SR46W,19999
2011,1,6,Weekday,1700,2-Car,No injury/unknown,FOLLOWING TOO CLOSELY,SR 45 46 BYP & THIRD,20000
2011,1,1,Weekend,1500,2-Car,No injury/unknown,UNSAFE SPEED,CHAFIN CHAPEL & SR46W,20001
2011,1,1,Weekday,2000,1-Car,No injury/unknown,RAN OFF ROAD RIGHT,GARDNER RD & GARRISON,20002
2011,1,5,Weekday,700,2-Car,No injury/unknown,FOLLOWING TOO CLOSELY,SR37N,20003
2011,1,5,Weekday,1800,2-Car,No injury/unknown,FAILURE TO YIELD RIGHT OF WAY,NORTH RIDGEWAY & SR46W,20004
2011,1,1,Weekend,1300,2-Car,No injury/unknown,FOLLOWING TOO CLOSELY,3RD & OFF RAMP FROM NB SR 37 RAMP,20005
2011,1,1,Weekday,2000,3+ Cars,No injury/unknown,FAILURE TO YIELD RIGHT OF WAY,ENTRY TO TWIN LAKES SPORTS COM & SR45W,20006
2011,1,2,Weekday,2300,2-Car,No injury/unknown,UNSAFE BACKING,N WILLIS TRLR 222 DR,20007
2011,1,2,Weekday,2300,1-Car,No injury/unknown,ROADWAY SURFACE CONDITION,MCNEELY & UNIONVALLEY RD,20008
2011,2,3,Weekday,1800,1-Car,No injury/unknown,OTHER (ENVIRONMENTAL) - EXPLAIN IN NARR,7TH & STADIUM DR,20009
2011,2,5,Weekday,700,2-Car,No injury/unknown,FAILURE TO YIELD RIGHT OF WAY,2300 N WALNUT ST & 45 46 BYPASS,20010
2011,2,4,Weekday,1900,2-Car,No injury/unknown,OTHER (VEHICLE) - EXPLAIN IN NARRATIVE,125 S JORDAN AVE & PRESIDENTS,20011
2011,2,7,Weekend,1100,2-Car,No injury/unknown,FAILURE TO YIELD RIGHT OF WAY,ALLEY ALY & E 4TH,20012
2011,2,7,Weekend,2000,1-Car,No injury/unknown,ROADWAY SURFACE CONDITION,FULLERTON PIKE & MONROE BLVD RD,20013
2011,2,7,Weekend,1700,1-Car,No injury/unknown,RAN OFF ROAD RIGHT,A ARROW & W INDIAN CREEK DR,20014
2011,2,7,Weekend,1000,1-Car,No injury/unknown,RAN OFF ROAD RIGHT,COUNTY LINE & SR46E,20015
2011,2,3,Weekday,1600,1-Car,No injury/unknown,RAN OFF ROAD RIGHT,S COUNTY LINE RD & W FLATWOODS,20016
2011,2,3,Weekday,1600,2-Car,No injury/unknown,FAILURE TO YIELD RIGHT OF WAY,INDUSTRIAL DR,20017
2011,2,5,Weekday,900,1-Car,No injury/unknown,UNSAFE BACKING,E KIRKWOOD & HAWTHORNE DR,20018
2011,2,4,Weekday,2200,1-Car,No injury/unknown,OTHER (DRIVER) - EXPLAIN IN NARRATIVE,RATLIFF & STARNES RD,20019
2011,2,4,Weekday,1500,2-Car,No injury/unknown,FAILURE TO YIELD RIGHT OF WAY,AUTO MALL & S COLLEGE MALL RD,20020
2011,2,5,Weekday,1800,2-Car,No injury/unknown,DISREGARD SIGNAL/REG SIGN,CAPITOL & SR46W,20021
2011,2,5,Weekday,700,2-Car,No injury/unknown,FOLLOWING TOO CLOSELY,DANIELS WAY WAY,20022
2011,2,6,Weekday,1200,2-Car,No injury/unknown,FOLLOWING TOO CLOSELY,MILO B SAMPSON & SR4546S,20023
2011,2,6,Weekday,1600,2-Car,No injury/unknown,FOLLOWING TOO CLOSELY,45 46 & EAST 10TH ST,20024
2011,2,7,Weekend,1000,2-Car,No injury/unknown,FOLLOWING TOO CLOSELY,OFF RAMP FROM NB SR 37 RAMP & SR45W,20025
2011,2,7,Weekend,1200,2-Car,No injury/unknown,FOLLOWING TOO CLOSELY,45 46 & N WALNUT ST,20026
2011,2,3,Weekday,1400,2-Car,No injury/unknown,FAILURE TO YIELD RIGHT OF WAY,HAWTHORNE AVE & MUSIC PRACTICE BUILDING,20027
2011,2,6,Weekday,0,2-Car,No injury/unknown,OTHER (DRIVER) - EXPLAIN IN NARRATIVE,EAST STRATUM APT 9 WAY,20028
2011,2,7,Weekend,1500,1-Car,No injury/unknown,RAN OFF ROAD RIGHT,HENNESSY & ROCKPORT ROAD RD,20029
2011,2,1,Weekday,2100,1-Car,No injury/unknown,OVERCORRECTING/OVERSTEERING,BUSINESS 37 NORTH RD & STATE ROAD 37,20030
2011,2,1,Weekend,1600,1-Car,No injury/unknown,RAN OFF ROAD RIGHT,CRESENT RD & MARQUIS,20031
2011,2,2,Weekday,1000,1-Car,No injury/unknown,UNSAFE BACKING,2222 E 10TH GARAGE ST & JEFFERSON,20032
2011,2,4,Weekday,1000,2-Car,No injury/unknown,OTHER (DRIVER) - EXPLAIN IN NARRATIVE,COLLEGE MALL RD & ENTRANCE TO COLLEGE MALL,20033
2011,2,4,Weekday,1300,2-Car,No injury/unknown,UNSAFE BACKING,FEE & FOSTER NORTH DR,20034
2011,2,6,Weekday,500,1-Car,No injury/unknown,ROADWAY SURFACE CONDITION,ANDERSON RD & BEAN BLOSSOM RD RDS,20035
2011,2,1,Weekend,300,1-Car,No injury/unknown,RAN OFF ROAD RIGHT,MAIN & STINE S ST,20036
2011,3,5,Weekday,800,2-Car,No injury/unknown,IMPROPER PASSING,OFF RAMP FROM NB SR 37 RAMP & W 3RD,20037
2011,3,6,Weekday,1400,2-Car,No injury/unknown,FAILURE TO YIELD RIGHT OF WAY,EAST ATWATER ST & SOUTH ROSE,20038
2010,11,7,Weekend,400,2-Car,Non-incapacitating,UNSAFE SPEED,ELLIS & SR37N,20039
2011,3,6,Weekday,1100,2-Car,No injury/unknown,OTHER (DRIVER) - EXPLAIN IN NARRATIVE,4000 S OLD ST RD 37 RD & E RHORER RD,20040
2011,3,1,Weekend,1400,2-Car,No injury/unknown,UNSAFE BACKING,N WASHNIGTON ST,20041
2011,3,3,Weekday,800,1-Car,No injury/unknown,ANIMAL/OBJECT IN ROADWAY,FIELDS ENTRANCE  FENBROOK & MOORES PIKE,20042
2011,3,4,Weekday,1400,2-Car,No injury/unknown,ROADWAY SURFACE CONDITION,ST ROAD 46 & UNIONVALLEY RD,20043
2011,3,5,Weekday,1600,2-Car,No injury/unknown,UNSAFE BACKING,S MULLER PKWY,20044
2011,3,6,Weekday,1500,2-Car,No injury/unknown,IMPROPER PASSING,4500 BLOCK ARLINGTON ROAD RD & NORTH SHELBURNE  DRIVE,20045
2011,3,1,Weekday,1900,1-Car,No injury/unknown,RAN OFF ROAD RIGHT,MERRITT DRIVE & SR446S,20046
2011,3,2,Weekday,1100,2-Car,No injury/unknown,FAILURE TO YIELD RIGHT OF WAY,1200 W 2ND ST ST & 600 S PATTERSON,20047
2011,3,3,Weekday,1200,2-Car,No injury/unknown,FAILURE TO YIELD RIGHT OF WAY,BUICK CADILLAC & NORTH SOUTH ALY,20048
2011,3,4,Weekday,1800,2-Car,No injury/unknown,FOLLOWING TOO CLOSELY,RAMP 14 RAMP,20049
2011,3,1,Weekday,2000,2-Car,No injury/unknown,FOLLOWING TOO CLOSELY,2ND ST & ROGERS,20050
2011,3,7,Weekend,1200,2-Car,No injury/unknown,FOLLOWING TOO CLOSELY,BRIARGATE & SR46W,20051
2011,3,5,Weekday,1700,1-Car,No injury/unknown,IMPROPER TURNING,RIDGEWOOD & SR46W,20052
2011,3,2,Weekday,700,2-Car,No injury/unknown,DRIVER DISTRACTED - EXPLAIN IN NARRATIVE,200 BLK E45 46 BYPASS(MATLOCK RD & N WALNUT,20053
2011,3,3,Weekday,1300,2-Car,No injury/unknown,IMPROPER TURNING,11TH & FEE LN,20054
2011,3,7,Weekend,1300,2-Car,No injury/unknown,FOLLOWING TOO CLOSELY,GATES DR DR & W 3 ST,20055
2011,3,2,Weekday,400,1-Car,No injury/unknown,ANIMAL/OBJECT IN ROADWAY,BROWN CO LINE & SR46E,20056
2011,3,2,Weekday,1300,1-Car,No injury/unknown,OTHER (DRIVER) - EXPLAIN IN NARRATIVE,E SR 45 46 BYP,20057
2011,3,2,Weekday,1400,2-Car,No injury/unknown,FOLLOWING TOO CLOSELY,BRENNICK CT & SR45W,20058
2011,3,4,Weekday,2300,2-Car,No injury/unknown,DRIVER DISTRACTED - EXPLAIN IN NARRATIVE,N GATES & W 3RD ST,20059
2011,3,5,Weekday,1700,2-Car,No injury/unknown,FAILURE TO YIELD RIGHT OF WAY,EAST WINERY & SR37S,20060
2011,4,7,Weekend,1600,2-Car,No injury/unknown,FOLLOWING TOO CLOSELY,SR45W & WB RAMP SR 37,20061
2011,4,1,Weekend,1200,2-Car,No injury/unknown,UNSAFE BACKING,EASTLAND PLAZA DR,20062
2011,4,1,Weekend,1500,2-Car,No injury/unknown,FAILURE TO YIELD RIGHT OF WAY,E 1OTH ST,20063
2011,4,3,Weekday,2200,2-Car,No injury/unknown,OTHER (DRIVER) - EXPLAIN IN NARRATIVE,CRESCENT & MARQUIS DR,20064
2011,4,3,Weekday,1600,2-Car,No injury/unknown,UNSAFE LANE MOVEMENT,11TH & FEE LN,20065
2011,4,5,Weekday,1400,2-Car,No injury/unknown,FOLLOWING TOO CLOSELY,10 & JORDAN AVE,20066
2011,4,5,Weekday,1600,2-Car,No injury/unknown,FAILURE TO YIELD RIGHT OF WAY,BUSINESS 37 NORTH RD & WHISNAND,20067
2011,4,5,Weekday,1700,2-Car,No injury/unknown,FAILURE TO YIELD RIGHT OF WAY,12TH & INDIANA ST,20068