year,month,day,weekend,hour,collision_type,injury_type,primary_factor,reported_location,unique_id
2011,4,6,Weekday,200,2-Car,No injury/unknown,IMPROPER TURNING,DODDS & MADISON ST,20069
2011,4,7,Weekend,1800,2-Car,No injury/unknown,UNSAFE BACKING,N JORDAN AVE,20070
2011,4,3,Weekday,1600,2-Car,No injury/unknown,UNSAFE BACKING,NORTH JORDAN AVE,20071
2011,4,3,Weekday,1800,Bus,No injury/unknown,FOLLOWING TOO CLOSELY,E 3RD ST & S JORDAN,20072
2011,4,3,Weekday,500,1-Car,Non-incapacitating,RAN OFF ROAD RIGHT,ROCKPORT & SR37S,20073
2011,4,3,Weekday,1800,2-Car,No injury/unknown,FAILURE TO YIELD RIGHT OF WAY,N RUSSELL RD & PRIVATE,20074
2011,4,4,Weekday,600,2-Car,No injury/unknown,FOLLOWING TOO CLOSELY,GATES & W 3RD ST,20075
2011,4,1,Weekend,1200,2-Car,No injury/unknown,FAILURE TO YIELD RIGHT OF WAY,S PATTERSON & W 3RD ST,20076
2011,4,4,Weekday,1500,2-Car,No injury/unknown,FOLLOWING TOO CLOSELY,E ATWATER AVE & S JORDAN,20077
2011,4,6,Weekday,1400,1-Car,No injury/unknown,RAN OFF ROAD RIGHT,ROGERS STREET ST & SANJUAN STREET,20078
2011,4,7,Weekend,800,2-Car,No injury/unknown,IMPROPER TURNING,TEMEPERANCE ST ST,20079
2011,4,7,Weekend,800,1-Car,No injury/unknown,RAN OFF ROAD RIGHT,ANDERSON RD & BEAN BLOSSOM,20080
2011,4,7,Weekend,1200,Bus,No injury/unknown,UNSAFE BACKING,1600 E LAW LANE & N UNION ST,20081
2011,4,6,Weekday,1500,2-Car,Non-incapacitating,UNSAFE LANE MOVEMENT,FULLERTON & SR37S,20082
2011,4,7,Weekend,1600,1-Car,No injury/unknown,STEERING FAILURE,DAISY DR & MEADOWLANDS,20083
2011,4,7,Weekend,1700,2-Car,No injury/unknown,FAILURE TO YIELD RIGHT OF WAY,1175 S COLLEGE MALL RD & COVENANTER,20084
2011,4,7,Weekend,1500,2-Car,No injury/unknown,SPEED TOO FAST FOR WEATHER CONDITIONS,DEER RUN & SR46W,20085
2011,4,2,Weekday,1200,2-Car,No injury/unknown,FAILURE TO YIELD RIGHT OF WAY,BRIARGATE & SR46W,20086
2011,4,3,Weekday,1300,2-Car,No injury/unknown,IMPROPER TURNING,MCDONALDS ENTRANCE & PETE ELLIS DR,20087
2011,4,2,Weekday,2200,2-Car,No injury/unknown,UNSAFE BACKING,BALFOUR & N STATE ROAD 45 46 BYP,20088
2011,4,7,Weekend,1400,2-Car,No injury/unknown,UNSAFE BACKING,FOREST EAST PARKING LOT DR & JONES,20089
2011,4,7,Weekend,1600,2-Car,No injury/unknown,FAILURE TO YIELD RIGHT OF WAY,INGRAM & OLD STATE ROAD 37 SOUTH RD,20090
2011,5,1,Weekday,1900,2-Car,No injury/unknown,FAILURE TO YIELD RIGHT OF WAY,37 & BLOOMFIELD RD,20091
2011,5,2,Weekday,800,1-Car,No injury/unknown,OTHER (DRIVER) - EXPLAIN IN NARRATIVE,S WODDSCREST DR,20092
2011,5,3,Weekday,1000,1-Car,No injury/unknown,OVERCORRECTING/OVERSTEERING,BUSINESS 37 NORTH HWY & WHISNAND,20093
2011,5,5,Weekday,700,2-Car,No injury/unknown,IMPROPER TURNING,CURRY PIKE PIKE & VERNAL PIKE,20094
2011,5,5,Weekday,1600,2-Car,No injury/unknown,OTHER (DRIVER) - EXPLAIN IN NARRATIVE,BETWEEN 3RD AND SMITH ALY & BETWEEN WALNUT AND WASHINGTON,20095
2011,5,5,Weekday,1300,2-Car,No injury/unknown,UNSAFE SPEED,JONES & READ SOUTH CIRCLE DR,20096
2011,5,5,Weekday,300,1-Car,No injury/unknown,RAN OFF ROAD RIGHT,19 & WALNUT ST,20097
2011,5,1,Weekend,900,2-Car,No injury/unknown,DRIVER DISTRACTED - EXPLAIN IN NARRATIVE,3400 BLK SARE RD & SOUTHERN OAKS,20098
2011,5,7,Weekend,300,1-Car,No injury/unknown,ANIMAL/OBJECT IN ROADWAY,3800 BLK ANDERSON RD & SHILO,20099
2011,5,4,Weekday,0,1-Car,No injury/unknown,ANIMAL/OBJECT IN ROADWAY,BAYLES & SR37N,20100
2011,5,4,Weekday,800,2-Car,No injury/unknown,OTHER (DRIVER) - EXPLAIN IN NARRATIVE,10TH & 2451 EAST 10TH PARKING LOT ST,20101
2011,5,5,Weekday,1500,2-Car,No injury/unknown,OTHER (DRIVER) - EXPLAIN IN NARRATIVE,RAMP 14 15 & W SR 45 HWY,20102
2011,5,6,Weekday,800,2-Car,No injury/unknown,IMPROPER TURNING,LYNWIST DRIVE & UNION VALLEY RD,20103
2011,5,5,Weekday,1200,2-Car,No injury/unknown,IMPROPER LANE USAGE,OFF RAMP NB SR 37 & SR 48,20104
2011,5,1,Weekday,2200,2-Car,No injury/unknown,FOLLOWING TOO CLOSELY,45 46 BYP & WALNUT,20105
2011,5,2,Weekday,900,2-Car,No injury/unknown,IMPROPER TURNING,OLD STATE ROAD 37 NORTH RD & W BAYLES,20106
2011,6,4,Weekday,1200,2-Car,No injury/unknown,FAILURE TO YIELD RIGHT OF WAY,E 1OTH ST,20107
2011,6,7,Weekend,1200,2-Car,No injury/unknown,DISREGARD SIGNAL/REG SIGN,3000 W 3RD ST & E 12 W RAMP 10,20108
2011,6,3,Weekday,1200,2-Car,No injury/unknown,FOLLOWING TOO CLOSELY,SR37S,20109
2011,6,4,Weekday,800,2-Car,No injury/unknown,LEFT OF CENTER,SMOKIN JACKS DRIVE & WEST 17TH ST,20110
2011,6,7,Weekend,200,2-Car,No injury/unknown,OTHER (DRIVER) - EXPLAIN IN NARRATIVE,OLD SR37 & SR37S,20111
2011,6,4,Weekday,1200,2-Car,No injury/unknown,UNSAFE SPEED,2ND ST & LANDMARK,20112
2011,6,6,Weekday,1500,2-Car,No injury/unknown,FAILURE TO YIELD RIGHT OF WAY,OUTBACK & SR46W,20113
2011,6,1,Weekday,2000,1-Car,No injury/unknown,OTHER (VEHICLE) - EXPLAIN IN NARRATIVE,MONROE DAM RD,20114
2011,6,4,Weekday,100,2-Car,No injury/unknown,IMPROPER PASSING,N WILLIS DR & UPPER VALLEY,20115
2011,6,6,Weekday,1100,1-Car,No injury/unknown,RAN OFF ROAD RIGHT,ROBINSON ROAD RD & UTT DRIVE,20116
2011,6,6,Weekend,1900,1-Car,No injury/unknown,ANIMAL/OBJECT IN ROADWAY,PINE BLVD & SR37S,20117
2011,6,5,Weekday,1800,2-Car,No injury/unknown,DRIVER DISTRACTED - EXPLAIN IN NARRATIVE,SR37N,20118
2011,7,4,Weekday,1500,Moped/Motorcycle,No injury/unknown,RAN OFF ROAD RIGHT,200 S JORDAN & 5TH ST,20119
2011,7,6,Weekday,1200,3+ Cars,No injury/unknown,DRIVER DISTRACTED - EXPLAIN IN NARRATIVE,1300 BLK W BLOOMFIELD RD & 500 S LANDMARK,20120
2011,7,7,Weekend,1300,2-Car,No injury/unknown,FOLLOWING TOO CLOSELY,SR 37 SOUTH RAMP RAMP,20121
2011,7,2,Weekday,1500,2-Car,No injury/unknown,DISREGARD SIGNAL/REG SIGN,ENTRANCE TO SAMS CLUB & W 45 RD,20122
2011,7,3,Weekday,2000,2-Car,No injury/unknown,UNSAFE BACKING,E 7TH & N STADIUM DR,20123
2011,7,3,Weekday,1700,2-Car,No injury/unknown,DISREGARD SIGNAL/REG SIGN,CURRY & SR37E,20124
2011,7,4,Weekday,1000,1-Car,No injury/unknown,DRIVER DISTRACTED - EXPLAIN IN NARRATIVE,LOWGAP RD & TULIP TRACE,20125
2011,7,2,Weekday,1700,2-Car,No injury/unknown,FAILURE TO YIELD RIGHT OF WAY,SECOND & SR 37 RAMP,20126
2011,7,2,Weekday,1900,2-Car,No injury/unknown,IMPROPER TURNING,IU GOLF COURSE & SR45E,20127
2011,7,3,Weekday,1800,1-Car,No injury/unknown,BRAKE FAILURE OR DEFECTIVE,SOUTHY FAIRFAX RDS,20128
2011,7,4,Weekday,1400,Moped/Motorcycle,Non-incapacitating,OTHER (DRIVER) - EXPLAIN IN NARRATIVE,BRUMMETS CREEK & SR45E,20129
2011,7,4,Weekday,100,2-Car,No injury/unknown,IMPROPER TURNING,CR,20130
2011,7,1,Weekend,100,2-Car,No injury/unknown,OTHER (DRIVER) - EXPLAIN IN NARRATIVE,CAMPUS VIEW PARKING LOT ST & N UNION,20131
2011,7,1,Weekend,1500,2-Car,No injury/unknown,LEFT OF CENTER,MAIN ROAD TO CUTRIGHT SRA RD & SOUTH ST RD 446,20132
2011,8,3,Weekday,1500,1-Car,No injury/unknown,RAN OFF ROAD RIGHT,HARTSTRAIGHT & MAIN ST,20133
2011,8,3,Weekday,1600,2-Car,No injury/unknown,FAILURE TO YIELD RIGHT OF WAY,BRIAR GATE & SR4800W,20134
2011,8,7,Weekend,1500,3+ Cars,No injury/unknown,FOLLOWING TOO CLOSELY,BLOOMFELD RD & LIBERTY,20135
2011,8,6,Weekday,1600,2-Car,No injury/unknown,FAILURE TO YIELD RIGHT OF WAY,RHORER & SR37S,20136
2011,8,3,Weekday,900,2-Car,No injury/unknown,DRIVER DISTRACTED - EXPLAIN IN NARRATIVE,611 E 10TH (WEST PARKING LOT) ST & EAST COTTAGE,20137
2011,8,4,Weekday,1300,2-Car,No injury/unknown,UNSAFE BACKING,E 3RD ST & FOREST,20138
2011,8,4,Weekday,1600,2-Car,No injury/unknown,IMPROPER TURNING,37 & FULLERTON PIKE,20139
2011,8,2,Weekday,1100,2-Car,No injury/unknown,IMPROPER TURNING,EAST FORTH & INDIANA AVE,20140
2011,8,3,Weekday,1000,2-Car,No injury/unknown,FOLLOWING TOO CLOSELY,NORWAY DRIVE & SMITH ROAD RD,20141
2011,8,2,Weekday,800,1-Car,No injury/unknown,RAN OFF ROAD RIGHT,HARTSTRAIGHT ROAD RD & STATE ROAD 46 WEST,20142
2011,8,4,Weekday,1500,2-Car,No injury/unknown,LEFT OF CENTER,EAST ROCKPORT RD & ST HW 37,20143
2011,9,5,Weekday,1100,2-Car,No injury/unknown,FAILURE TO YIELD RIGHT OF WAY,300 BLK S GRANT ST & E W ALLEY,20144
2011,9,6,Weekday,1400,1-Car,No injury/unknown,UNSAFE LANE MOVEMENT,SR37S & W 45,20145
2011,9,3,Weekday,1500,2-Car,No injury/unknown,FAILURE TO YIELD RIGHT OF WAY,SR45E & UITS,20146
2011,9,2,Weekday,2100,1-Car,No injury/unknown,OTHER (DRIVER) - EXPLAIN IN NARRATIVE,6640 N OLD SR37 HWY & E WYLIE,20147
2010,2,6,Weekend,2200,2-Car,No injury/unknown,UNSAFE BACKING,VINE ST,20148
2011,9,5,Weekday,1500,2-Car,No injury/unknown,FAILURE TO YIELD RIGHT OF WAY,TAPP RD & TECH PARK,20149
2011,9,1,Weekday,1900,Moped/Motorcycle,No injury/unknown,OTHER (DRIVER) - EXPLAIN IN NARRATIVE,N PATHWAYS & SR45E,20150
2011,9,4,Weekday,2000,2-Car,No injury/unknown,UNSAFE BACKING,OMAHA CROSSING RD & W RED ROCK,20151
2011,9,5,Weekday,800,2-Car,No injury/unknown,FAILURE TO YIELD RIGHT OF WAY,KARST PARK & S ENDWRIGHT RD,20152
2011,9,7,Weekend,2200,1-Car,No injury/unknown,ROADWAY SURFACE CONDITION,CLUB HOUSE & SR37N,20153
2011,9,2,Weekday,1900,2-Car,No injury/unknown,FAILURE TO YIELD RIGHT OF WAY,PRIVATE & S COLLEGE MALL RD,20154
2011,9,2,Weekday,1700,3+ Cars,No injury/unknown,FOLLOWING TOO CLOSELY,BLOOMFIELD RD & HICKORY LEAF,20155
2011,9,2,Weekday,2000,1-Car,No injury/unknown,SPEED TOO FAST FOR WEATHER CONDITIONS,WALNUT ST,20156
2011,9,2,Weekday,1100,2-Car,No injury/unknown,FAILURE TO YIELD RIGHT OF WAY,37 & KETCHAM RD,20157
2011,9,3,Weekday,1800,2-Car,No injury/unknown,UNSAFE BACKING,EAST STRATUM WAY,20158
2011,9,5,Weekday,2300,2-Car,No injury/unknown,UNSAFE BACKING,PARKING LOT 320 E UNIVERSITY ST & UNIVERSITY,20159
2011,10,1,Weekend,900,1-Car,No injury/unknown,DRIVER ASLEEP OR FATIGUED,3800 BLOCK N WALNUT ST & BLUERIDGE,20160
2011,10,2,Weekday,1700,2-Car,No injury/unknown,UNSAFE BACKING,E 7TH & N STADIUM DR,20161
2011,10,2,Weekday,1200,2-Car,No injury/unknown,FAILURE TO YIELD RIGHT OF WAY,SR446S & TOWER RIDGE,20162
2011,10,3,Weekday,1900,1-Car,No injury/unknown,ANIMAL/OBJECT IN ROADWAY,INGRAM & OLD SR37 SOUTH RD,20163
2011,10,4,Weekday,1700,2-Car,No injury/unknown,DRIVER DISTRACTED - EXPLAIN IN NARRATIVE,ALLEY ALY & W VINE,20164
2011,10,6,Weekday,1700,2-Car,No injury/unknown,FAILURE TO YIELD RIGHT OF WAY,E 3RD ST & PRIVATE,20165
2011,10,7,Weekend,1400,2-Car,No injury/unknown,FOLLOWING TOO CLOSELY,SR46W & STINESVILLE,20166
2011,10,2,Weekday,800,2-Car,No injury/unknown,OTHER (DRIVER) - EXPLAIN IN NARRATIVE,3400 S SARE & STEEPLECHASE APTS MAIN DRIVE DR,20167
2011,10,2,Weekday,1400,2-Car,No injury/unknown,UNSAFE BACKING,E 7TH & N STADIUM DR,20168
2011,10,4,Weekday,900,1-Car,No injury/unknown,ANIMAL/OBJECT IN ROADWAY,CHAFIN CHAPEL & SR46W,20169
2011,10,4,Weekday,1400,2-Car,No injury/unknown,FAILURE TO YIELD RIGHT OF WAY,COLLEGE MALL ENTRANCE & COLLEGE MALL RD,20170
2011,10,6,Weekday,1100,2-Car,No injury/unknown,FOLLOWING TOO CLOSELY,1200 OF BLOCK 17 TH ST & 45 46 BYPASS,20171
2011,10,3,Weekday,1400,1-Car,No injury/unknown,RAN OFF ROAD RIGHT,LOW GAP RD & TULIP TREE,20172
2011,10,7,Weekend,1200,2-Car,No injury/unknown,OTHER (DRIVER) - EXPLAIN IN NARRATIVE,1150 S CLARIZZ BLVD,20173
2011,10,1,Weekend,100,1-Car,No injury/unknown,RAN OFF ROAD RIGHT,EADS & SR446S,20174
2011,10,6,Weekday,800,2-Car,No injury/unknown,OVERCORRECTING/OVERSTEERING,300 BLOCK N INDIANA & 600 E 7TH ST,20175
2011,10,5,Weekday,1200,3+ Cars,No injury/unknown,FOLLOWING TOO CLOSELY,SMITH  ROAD RD & WOODYARD RD,20176
2011,10,5,Weekday,1500,1-Car,No injury/unknown,SPEED TOO FAST FOR WEATHER CONDITIONS,FAIRFAX RD & SCHATT,20177
2011,10,2,Weekday,700,2-Car,No injury/unknown,FOLLOWING TOO CLOSELY,FORRST PARK DRIVE & SMITH RD RD,20178
2011,10,2,Weekday,900,2-Car,No injury/unknown,UNSAFE BACKING,10TH ST & NORTH SOUTH,20179
2011,11,5,Weekday,1300,2-Car,No injury/unknown,FAILURE TO YIELD RIGHT OF WAY,BLOOMFIELD & LIBERTY DR,20180
2011,11,5,Weekday,1600,2-Car,No injury/unknown,FOLLOWING TOO CLOSELY,ADAMS ST & TAPP RD RD,20181
2011,11,1,Weekday,2300,1-Car,No injury/unknown,ANIMAL/OBJECT IN ROADWAY,SISCOE & SR46W,20182
2011,11,2,Weekday,500,1-Car,No injury/unknown,ANIMAL/OBJECT IN ROADWAY,SR37N,20183
2011,11,3,Weekday,1100,2-Car,No injury/unknown,OTHER (DRIVER) - EXPLAIN IN NARRATIVE,SR37N,20184
2011,11,3,Weekday,900,2-Car,No injury/unknown,FAILURE TO YIELD RIGHT OF WAY,2ND ST & OAKDALE,20185
2011,11,7,Weekend,1200,3+ Cars,No injury/unknown,FAILURE TO YIELD RIGHT OF WAY,OLD SR37 & SR37S,20186
2011,11,7,Weekend,1900,2-Car,No injury/unknown,FAILURE TO YIELD RIGHT OF WAY,45 46 BYP & MONROE,20187
2011,11,7,Weekend,1200,2-Car,No injury/unknown,OTHER (DRIVER) - EXPLAIN IN NARRATIVE,EXIT RAMP SR 37 SB RAMP & SR45W,20188
2011,11,3,Weekday,2100,1-Car,No injury/unknown,ANIMAL/OBJECT IN ROADWAY,CURRY & SR37,20189
2011,11,4,Weekday,1800,2-Car,No injury/unknown,FOLLOWING TOO CLOSELY,GORDON & SR37S,20190
2011,11,6,Weekday,1300,2-Car,No injury/unknown,FOLLOWING TOO CLOSELY,1210 E THIRD ST & 300 S BALLANTINE,20191
2011,11,6,Weekday,800,1-Car,No injury/unknown,ANIMAL/OBJECT IN ROADWAY,FAIRFAX RD & LIEUTENANT,20192
2011,11,1,Weekend,500,2-Car,No injury/unknown,FOLLOWING TOO CLOSELY,45 WEST & WALMART DR,20193
2011,11,3,Weekday,1100,2-Car,No injury/unknown,SPEED TOO FAST FOR WEATHER CONDITIONS,RANSOM & SR45W,20194
2011,11,2,Weekday,600,1-Car,No injury/unknown,ANIMAL/OBJECT IN ROADWAY,FLATWOODS & SR46W,20195
2011,11,2,Weekday,1400,2-Car,No injury/unknown,UNSAFE BACKING,1320 E 10TH (PARKING LOT SE) ST & 7TH,20196
2011,11,2,Weekday,900,1-Car,No injury/unknown,RAN OFF ROAD RIGHT,CHURCH & SR37S,20197
2011,11,2,Weekday,1900,2-Car,No injury/unknown,UNSAFE BACKING,PARKING LOT ALY & SR 45,20198
2011,12,2,Weekday,1100,2-Car,No injury/unknown,UNSAFE LANE MOVEMENT,3RD ST & SB ON RAMP TO SR 37,20199
2011,12,3,Weekday,2100,2-Car,No injury/unknown,UNSAFE BACKING,7TH ST & FOREST,20200
2011,12,1,Weekend,1600,3+ Cars,No injury/unknown,DRIVER DISTRACTED - EXPLAIN IN NARRATIVE,300 S COLLEGE MALL RD & ENTRANCE TO EASTLAND PLAZA,20201
2011,12,1,Weekend,1800,2-Car,No injury/unknown,FAILURE TO YIELD RIGHT OF WAY,ENTRANCE TO SHOWPLACE THEATRE & S COLLEGE MALL RD,20202
2011,12,3,Weekday,700,1-Car,No injury/unknown,ANIMAL/OBJECT IN ROADWAY,HARTSTRAIGHT RD & STATE ROAD 46 WEST,20203
2011,12,3,Weekday,1700,1-Car,No injury/unknown,ANIMAL/OBJECT IN ROADWAY,PACKINGHOUSE & VERNAL PIKE,20204
2011,12,4,Weekday,800,2-Car,No injury/unknown,FAILURE TO YIELD RIGHT OF WAY,CURRY PIKE & DOYAL,20205
2011,12,4,Weekday,1700,1-Car,No injury/unknown,ANIMAL/OBJECT IN ROADWAY,FAIRFAX & SR37S,20206
2011,12,5,Weekday,1400,2-Car,No injury/unknown,ACCELERATOR FAILURE OR DEFECTIVE,LANDMARK AVE & WEST 2ND,20207
2011,12,2,Weekday,1100,3+ Cars,No injury/unknown,FOLLOWING TOO CLOSELY,COUNTY LINE & SR45W,20208
2011,12,4,Weekday,800,2-Car,No injury/unknown,FOLLOWING TOO CLOSELY,3010 BETHEL LN & FORBES,20209
2011,12,4,Weekday,900,Pedestrian,Incapacitating,RAN OFF ROAD RIGHT,CHAFIN CHAPEL & SR46W,20210
2011,12,7,Weekend,1200,2-Car,No injury/unknown,FOLLOWING TOO CLOSELY,CURRY & SR46W,20211
2011,12,7,Weekend,2000,1-Car,No injury/unknown,RAN OFF ROAD RIGHT,SISCOE & SR46W,20212
2011,12,3,Weekday,1100,1-Car,No injury/unknown,ROADWAY SURFACE CONDITION,NORTH BOUND SR37 ON RAMP & SR46W,20213
2011,12,3,Weekday,1600,1-Car,No injury/unknown,SPEED TOO FAST FOR WEATHER CONDITIONS,NORTH PATHWAYS & SR45E,20214
2011,12,4,Weekday,700,1-Car,No injury/unknown,ROADWAY SURFACE CONDITION,HEDRICK & SR46W,20215
2011,12,3,Weekday,1100,1-Car,No injury/unknown,RAN OFF ROAD RIGHT,SR46E & WOOLDVIEW,20216
2010,1,7,Weekend,2000,1-Car,No injury/unknown,ANIMAL/OBJECT IN ROADWAY,BOTTOM & DENNY RD,20217
2010,7,4,Weekday,1600,2-Car,No injury/unknown,FOLLOWING TOO CLOSELY,OLD STATE ROAD 37 SOUTH RD & STATE ROAD 37,20218
2010,1,6,Weekday,500,1-Car,No injury/unknown,ANIMAL/OBJECT IN ROADWAY,OLD SR 37 SOUTH HWY & SR 37 SOUTH,20219
2010,12,1,Weekend,1400,2-Car,No injury/unknown,ROADWAY SURFACE CONDITION,ANDERSON ROAD RD & OLD STATE ROAD 37 NORTH,20220
2010,12,2,Weekday,900,1-Car,Non-incapacitating,SPEED TOO FAST FOR WEATHER CONDITIONS,BUSINESS SR 37 HWY & OLD SR 37,20221
2010,1,6,Weekend,2300,1-Car,No injury/unknown,ANIMAL/OBJECT IN ROADWAY,CROSSOVER & SR37N,20222
2010,12,3,Weekday,1100,1-Car,Non-incapacitating,SPEED TOO FAST FOR WEATHER CONDITIONS,SALEM & W BURMA RD,20223
2010,5,4,Weekday,1500,2-Car,Non-incapacitating,LEFT OF CENTER,W BRIGHTON & W WAMPLER RD,20224
2010,10,6,Weekday,0,1-Car,No injury/unknown,ANIMAL/OBJECT IN ROADWAY,BRYANTS CREEK & SR37,20225
2010,12,6,Weekday,1100,1-Car,No injury/unknown,OTHER (VEHICLE) - EXPLAIN IN NARRATIVE,BRYANTS CREEK & SR37S,20226
2010,10,6,Weekday,1800,Moped/Motorcycle,Non-incapacitating,RAN OFF ROAD RIGHT,COUNTY LINE & TEXAS RIDGE RD,20227
2010,4,4,Weekday,1900,1-Car,Non-incapacitating,OTHER (ENVIRONMENTAL) - EXPLAIN IN NARR,N THOMAS RD & RATLIFF,20228
2010,5,3,Weekday,200,1-Car,No injury/unknown,RAN OFF ROAD RIGHT,GARRISON CHAPEL RD & STATE ROAD 45,20229
2010,5,1,Weekend,0,1-Car,Non-incapacitating,RAN OFF ROAD RIGHT,BOWMAN RD & BROWN,20230
2010,12,5,Weekday,600,2-Car,No injury/unknown,SPEED TOO FAST FOR WEATHER CONDITIONS,BURMA & SR37,20231
2010,8,1,Weekend,400,1-Car,No injury/unknown,RAN OFF ROAD RIGHT,BURMA & SR37N,20232
2010,4,1,Weekend,100,1-Car,No injury/unknown,UNSAFE SPEED,BURMA & SR37N,20233
2010,5,1,Weekend,600,1-Car,Incapacitating,DRIVER ASLEEP OR FATIGUED,BURMA ROAD & SR37N,20234
2010,6,6,Weekday,1200,2-Car,Non-incapacitating,FAILURE TO YIELD RIGHT OF WAY,BURMA & SR37S,20235
2010,9,1,Weekend,1400,1-Car,Non-incapacitating,LEFT OF CENTER,BEAN BLOSSOM & MAIN FOREST RD,20236
2010,11,7,Weekend,2200,1-Car,No injury/unknown,RAN OFF ROAD RIGHT,BOTTOM & PRATHER RD,20237
2010,1,6,Weekday,1800,1-Car,No injury/unknown,ANIMAL/OBJECT IN ROADWAY,FARR & NORTH OLD STATE ROAD 37 RD,20238
2010,12,1,Weekend,1400,1-Car,No injury/unknown,SPEED TOO FAST FOR WEATHER CONDITIONS,CHAMBERS & SR37S,20239
2010,5,4,Weekday,1300,1-Car,Non-incapacitating,DRIVER DISTRACTED - EXPLAIN IN NARRATIVE,MT GILEAD & SR45E,20240
2010,6,1,Weekday,2000,1-Car,Non-incapacitating,OVERCORRECTING/OVERSTEERING,CHAMBERS PIKE & US37,20241
2010,10,7,Weekend,800,Moped/Motorcycle,Non-incapacitating,ANIMAL/OBJECT IN ROADWAY,CORTLAND & SR37,20242
2010,5,4,Weekday,1400,2-Car,No injury/unknown,FAILURE TO YIELD RIGHT OF WAY,DITTEMORE RD & TILFORD,20243
2010,5,6,Weekend,1900,2-Car,No injury/unknown,FAILURE TO YIELD RIGHT OF WAY,CROSSOVER & SR37N,20244
2010,9,7,Weekend,2100,1-Car,No injury/unknown,ANIMAL/OBJECT IN ROADWAY,CROSSOVER & SR37N,20245
2010,10,6,Weekday,800,1-Car,No injury/unknown,ANIMAL/OBJECT IN ROADWAY,CROSSOVER & SR37S,20246
2010,1,7,Weekend,1500,1-Car,Non-incapacitating,UNSAFE SPEED,MOUNT CARMEL RD & STINESVILLE,20247
2010,7,7,Weekend,2300,1-Car,No injury/unknown,RAN OFF ROAD RIGHT,ELM & WALKER LN,20248
2010,3,3,Weekday,1900,1-Car,No injury/unknown,UNSAFE SPEED,9200 MOUNT CARMEL RD & LITTLE WOLF MT,20249
2010,12,7,Weekend,900,1-Car,Non-incapacitating,SPEED TOO FAST FOR WEATHER CONDITIONS,ANDERSON & BEAN BLOSSOM RD,20250
2010,6,4,Weekday,1700,1-Car,Non-incapacitating,RAN OFF ROAD RIGHT,BOTTOM RD & WOODALL,20251
2010,10,6,Weekday,600,1-Car,No injury/unknown,ANIMAL/OBJECT IN ROADWAY,FOX HOLLOW & SR37N,20252
2010,9,4,Weekday,2000,1-Car,No injury/unknown,ANIMAL/OBJECT IN ROADWAY,BARR & MT TABOR RD,20253
2010,1,4,Weekday,800,2-Car,Non-incapacitating,ROADWAY SURFACE CONDITION,8308 N MT TABOR RD & WOODLAND,20254
2010,3,7,Weekend,1900,1-Car,No injury/unknown,ANIMAL/OBJECT IN ROADWAY,SR37S & STRAINRIDGE,20255
2010,4,5,Weekday,1600,1-Car,No injury/unknown,RAN OFF ROAD RIGHT,ANDERSON & NORTHSHORE DR,20256
2010,5,3,Weekday,500,1-Car,No injury/unknown,GLARE,COUNTY LINE & SR46W,20257
2010,1,6,Weekday,400,1-Car,No injury/unknown,ALCOHOLIC BEVERAGES,WEST WOODLAND DR,20258
2010,1,7,Weekend,600,2-Car,No injury/unknown,FOLLOWING TOO CLOSELY,GORDON & S WALNUT ST,20259
2010,3,5,Weekday,1900,2-Car,Non-incapacitating,FAILURE TO YIELD RIGHT OF WAY,E LAW & N JORDAN AVE,20260
2010,5,6,Weekend,2300,1-Car,Non-incapacitating,RAN OFF ROAD RIGHT,DUTCH CHURCH & MT TABOR RD,20261
2010,10,4,Weekday,200,1-Car,No injury/unknown,ANIMAL/OBJECT IN ROADWAY,SIMPSON CHAPEL & SR37S,20262
2010,1,3,Weekday,1300,2-Car,No injury/unknown,ROADWAY SURFACE CONDITION,HEDRICK & STINESVILLE RD,20263
2010,12,7,Weekend,1000,1-Car,No injury/unknown,ROADWAY SURFACE CONDITION,OLD 37 RD & SAMPLE,20264
2010,8,1,Weekend,500,1-Car,No injury/unknown,RAN OFF ROAD RIGHT,N OLD STATE RD 37 RD & SIPES,20265
2010,11,5,Weekday,1100,1-Car,No injury/unknown,SPEED TOO FAST FOR WEATHER CONDITIONS,7688 N MT TABOR RD & BARR,20266
2010,12,6,Weekday,1400,1-Car,No injury/unknown,RAN OFF ROAD RIGHT,LAWSON & SIMPSON CHAPEL RD,20267
2010,9,3,Weekday,2100,1-Car,No injury/unknown,UNSAFE SPEED,BARR & MOUNT TABOR RD,20268
2010,1,5,Weekday,1200,2-Car,Non-incapacitating,LEFT OF CENTER,SR46W & STINESVILLE,20269
2010,5,2,Weekday,400,1-Car,No injury/unknown,ANIMAL/OBJECT IN ROADWAY,BOTTOM & SIMPSON CHAPEL RD,20270
2010,1,2,Weekday,2100,1-Car,No injury/unknown,ROADWAY SURFACE CONDITION,BOTTOM RD & WILLIAMS,20271
2010,9,2,Weekday,2000,1-Car,No injury/unknown,RAN OFF ROAD RIGHT,COUNTY LINE RD & SR46W,20272
2010,5,4,Weekday,1600,1-Car,Non-incapacitating,ANIMAL/OBJECT IN ROADWAY,N BOTTOM RD & OLD MAPLE GROVE,20273
2010,1,5,Weekday,600,1-Car,No injury/unknown,RAN OFF ROAD RIGHT,N HARTSTRAIT RD & W ST RD 48,20274