year,month,day,weekend,hour,collision_type,injury_type,primary_factor,reported_location,unique_id
2010,2,1,Weekend,1200,2-Car,No injury/unknown,UNSAFE BACKING,N FEE LN,21134
2010,8,6,Weekday,800,Pedestrian,Non-incapacitating,UNSAFE SPEED,N FEE LN,21135
2010,10,7,Weekend,1200,2-Car,No injury/unknown,FOLLOWING TOO CLOSELY,1100 N MADISON ST & W 14TH,21136
2010,11,4,Weekday,1000,2-Car,No injury/unknown,OTHER (DRIVER) - EXPLAIN IN NARRATIVE,14TH ST & WOODBURN,21137
2010,11,2,Weekday,1800,2-Car,No injury/unknown,OTHER (DRIVER) - EXPLAIN IN NARRATIVE,300 BLOCK OF E 14TH ST & LINCOLN,21138
2010,5,7,Weekend,600,2-Car,Non-incapacitating,DRIVER DISTRACTED - EXPLAIN IN NARRATIVE,SR37S & VERNAL,21139
2010,1,7,Weekend,2200,2-Car,No injury/unknown,FAILURE TO YIELD RIGHT OF WAY,N COLLEGE AVE & W 14TH,21140
2010,5,1,Weekend,100,2-Car,No injury/unknown,FAILURE TO YIELD RIGHT OF WAY,14TH & COLLEGE AVE,21141
2010,11,3,Weekday,1600,2-Car,No injury/unknown,IMPROPER LANE USAGE,14TH ST & COLLEGE,21142
2010,9,6,Weekend,2200,2-Car,No injury/unknown,UNSAFE BACKING,NORTH JORDAN AVE,21143
2010,5,3,Weekday,200,2-Car,No injury/unknown,UNSAFE BACKING,E 14TH ST,21144
2010,5,1,Weekend,1300,2-Car,No injury/unknown,FAILURE TO YIELD RIGHT OF WAY,14TH & WALNUT ST,21145
2010,6,6,Weekday,1600,2-Car,No injury/unknown,IMPROPER LANE USAGE,14TH & NORTH WALNUT ST,21146
2010,10,3,Weekday,1600,2-Car,No injury/unknown,UNSAFE BACKING,14TH ST & WALNUT,21147
2010,10,4,Weekday,1000,2-Car,No injury/unknown,UNSAFE BACKING,NORTH COLLEGE AVE,21148
2010,9,3,Weekday,1600,Bus,No injury/unknown,UNSAFE BACKING,RUSSEL RD,21149
2010,11,4,Weekday,700,2-Car,No injury/unknown,OTHER (DRIVER) - EXPLAIN IN NARRATIVE,NORTH RUSSELL RD,21150
2010,10,5,Weekday,800,2-Car,No injury/unknown,IMPROPER TURNING,14TH & COLLEGE ST,21151
2010,2,5,Weekday,800,3+ Cars,No injury/unknown,FAILURE TO YIELD RIGHT OF WAY,SR37N & VERNAL,21152
2010,1,2,Weekday,100,1-Car,No injury/unknown,RAN OFF ROAD RIGHT,13TH & DUNN ST,21153
2010,2,6,Weekday,500,1-Car,No injury/unknown,RAN OFF ROAD RIGHT,13TH & DUNN ST,21154
2010,3,6,Weekday,500,1-Car,No injury/unknown,RAN OFF ROAD RIGHT,13TH & N DUNN ST,21155
2010,11,7,Weekend,300,Moped/Motorcycle,Non-incapacitating,DRIVER ILLNESS,N DUNN ST & W 13TH,21156
2010,4,6,Weekday,1100,2-Car,No injury/unknown,OTHER (DRIVER) - EXPLAIN IN NARRATIVE,N MADISON ST,21157
2010,1,6,Weekend,2100,2-Car,Non-incapacitating,DISREGARD SIGNAL/REG SIGN,13TH & INDIANA AVE,21158
2010,6,7,Weekend,200,2-Car,Non-incapacitating,FAILURE TO YIELD RIGHT OF WAY,EAST 13TH ST & NORTH INDIANA,21159
2010,6,2,Weekday,1400,2-Car,No injury/unknown,FAILURE TO YIELD RIGHT OF WAY,13TH & INDIANA AVE,21160
2010,8,2,Weekday,1600,Cyclist,Non-incapacitating,FAILURE TO YIELD RIGHT OF WAY,13TH & INDIANA AVE,21161
2010,9,7,Weekend,2300,3+ Cars,Non-incapacitating,FAILURE TO YIELD RIGHT OF WAY,13TH & INDIANA AVE,21162
2010,10,1,Weekend,1100,2-Car,No injury/unknown,DRIVER DISTRACTED - EXPLAIN IN NARRATIVE,13TH ST & INDIANA,21163
2010,10,5,Weekday,2100,2-Car,No injury/unknown,FAILURE TO YIELD RIGHT OF WAY,13TH & INDIANA AVE,21164
2010,11,6,Weekday,1300,Moped/Motorcycle,No injury/unknown,FAILURE TO YIELD RIGHT OF WAY,13TH ST & INDIANA,21165
2010,11,7,Weekend,1700,2-Car,No injury/unknown,FAILURE TO YIELD RIGHT OF WAY,13TH & INDIANA AVE,21166
2010,10,7,Weekend,1500,2-Car,Non-incapacitating,DRIVER DISTRACTED - EXPLAIN IN NARRATIVE,E 13TH & N FESS AVE,21167
2010,10,3,Weekday,1400,2-Car,Non-incapacitating,FAILURE TO YIELD RIGHT OF WAY,LAW & N JORDAN AVE,21168
2010,3,4,Weekday,800,3+ Cars,No injury/unknown,OTHER (DRIVER) - EXPLAIN IN NARRATIVE,THIRTEENTH ST & WOODLAWN,21169
2010,4,7,Weekend,1500,2-Car,No injury/unknown,FAILURE TO YIELD RIGHT OF WAY,13TH ST & WOODLAWN,21170
2010,1,7,Weekend,700,2-Car,No injury/unknown,SPEED TOO FAST FOR WEATHER CONDITIONS,E TAMARRON DR DR,21171
2010,4,6,Weekend,2000,2-Car,No injury/unknown,FAILURE TO YIELD RIGHT OF WAY,13TH & INDIANA AVE,21172
2010,8,3,Weekday,1300,Cyclist,Non-incapacitating,FAILURE TO YIELD RIGHT OF WAY,INDIANA AVE & THIRTEENTH,21173
2010,1,3,Weekday,1400,2-Car,No injury/unknown,UNSAFE BACKING,E 13TH ST,21174
2010,8,6,Weekend,1900,2-Car,No injury/unknown,UNSAFE BACKING,MADISON ST & THIRD,21175
2010,1,5,Weekday,700,2-Car,Non-incapacitating,FOLLOWING TOO CLOSELY,CRESCENT RD & VERNAL,21176
2010,4,4,Weekday,1600,3+ Cars,Non-incapacitating,FOLLOWING TOO CLOSELY,SR37N & VERNAL,21177
2010,1,6,Weekday,300,2-Car,No injury/unknown,OTHER (DRIVER) - EXPLAIN IN NARRATIVE,13TH & 900 NORTH ILLINOIS ST,21178
2010,4,5,Weekday,1600,2-Car,No injury/unknown,UNSAFE BACKING,N FEE LN,21179
2010,12,1,Weekend,1400,1-Car,No injury/unknown,RAN OFF ROAD RIGHT,RUSSELL & SR45E,21180
2010,1,1,Weekend,1300,2-Car,No injury/unknown,UNSAFE BACKING,NORTH FEE LN,21181
2010,12,5,Weekday,800,2-Car,No injury/unknown,OTHER (DRIVER) - EXPLAIN IN NARRATIVE,N FEE LN,21182
2010,4,1,Weekday,2100,1-Car,No injury/unknown,OTHER (DRIVER) - EXPLAIN IN NARRATIVE,N MONROE ST & ORRIS,21183
2010,10,7,Weekend,200,2-Car,No injury/unknown,OTHER (DRIVER) - EXPLAIN IN NARRATIVE,WEST 13TH STREET BLOOMINGTON ST,21184
2010,10,6,Weekday,1100,2-Car,No injury/unknown,UNSAFE BACKING,CAMPUS VIEW DR & UNION,21185
2010,11,3,Weekday,0,1-Car,Non-incapacitating,ANIMAL/OBJECT IN ROADWAY,10TH ST & RUSSELL,21186
2010,2,2,Weekday,1000,2-Car,Non-incapacitating,FAILURE TO YIELD RIGHT OF WAY,3RD & WILLIAMSBURG DR,21187
2010,7,2,Weekday,1600,2-Car,No injury/unknown,FAILURE TO YIELD RIGHT OF WAY,PETE ELLIS DR & THIRD,21188
2010,3,2,Weekday,700,2-Car,No injury/unknown,FAILURE TO YIELD RIGHT OF WAY,SR37N & VERNAL,21189
2010,3,6,Weekday,0,2-Car,No injury/unknown,IMPROPER PASSING,N LINCOLN & W 12TH ST,21190
2010,4,7,Weekend,1900,2-Car,No injury/unknown,OTHER (DRIVER) - EXPLAIN IN NARRATIVE,DUNN & E 12TH ST,21191
2010,5,6,Weekday,1700,2-Car,Non-incapacitating,FAILURE TO YIELD RIGHT OF WAY,12TH & INDIANA AVE,21192
2010,7,4,Weekday,900,2-Car,No injury/unknown,UNSAFE BACKING,901 EAST 12TH ST & INDIANA,21193
2010,10,4,Weekday,1100,2-Car,No injury/unknown,UNSAFE BACKING,EAST 12TH ST & INDIANA,21194
2010,5,6,Weekday,1700,Moped/Motorcycle,Non-incapacitating,IMPROPER LANE USAGE,WOODBRIDGE DR,21195
2010,1,3,Weekday,2000,2-Car,No injury/unknown,OVERCORRECTING/OVERSTEERING,12TH & ILLINOIS ST,21196
2010,2,7,Weekend,200,2-Car,No injury/unknown,IMPROPER TURNING,LINDBERGH & WEST 12TH ST,21197
2010,3,5,Weekday,900,Bus,No injury/unknown,FAILURE TO YIELD RIGHT OF WAY,12TH & NORTH WALNUT ST,21198
2010,4,5,Weekday,1700,2-Car,No injury/unknown,FAILURE TO YIELD RIGHT OF WAY,ILLINOIS & WEST 12TH ST,21199
2010,4,5,Weekday,2100,2-Car,No injury/unknown,UNSAFE BACKING,N SUMMIT ST & W 12TH,21200
2010,5,5,Weekday,1000,1-Car,Non-incapacitating,DRIVER ILLNESS,N SUMMIT & W 12TH ST,21201
2010,5,1,Weekend,300,Pedestrian,Non-incapacitating,IMPROPER TURNING,12TH ST,21202
2010,11,2,Weekday,900,2-Car,No injury/unknown,FAILURE TO YIELD RIGHT OF WAY,12TH ST & WOODLAWN,21203
2010,3,5,Weekday,2000,3+ Cars,No injury/unknown,SPEED TOO FAST FOR WEATHER CONDITIONS,11TH & COLLEGE AVE,21204
2010,1,2,Weekday,1500,3+ Cars,Non-incapacitating,SPEED TOO FAST FOR WEATHER CONDITIONS,FEE LN & LAW,21205
2010,4,5,Weekday,1700,3+ Cars,No injury/unknown,FOLLOWING TOO CLOSELY,FEE LN & LAW,21206
2010,10,2,Weekday,1400,2-Car,No injury/unknown,FAILURE TO YIELD RIGHT OF WAY,FEE & LAW LN,21207
2010,10,5,Weekday,1700,Pedestrian,Non-incapacitating,FAILURE TO YIELD RIGHT OF WAY,FEE & LAW LN,21208
2010,10,6,Weekday,1100,2-Car,No injury/unknown,UNSAFE BACKING,E LAW LN & N FEE,21209
2010,11,3,Weekday,1100,Pedestrian,Non-incapacitating,PEDESTRIAN ACTION,FEE LN & LAW,21210
2010,5,6,Weekday,1300,1-Car,Non-incapacitating,OTHER (DRIVER) - EXPLAIN IN NARRATIVE,11TH & VERNAL PIKE,21211
2010,4,2,Weekday,1400,2-Car,No injury/unknown,FOLLOWING TOO CLOSELY,EAST LAW & NORTH FEE LN,21212
2010,4,4,Weekday,200,2-Car,No injury/unknown,OTHER (DRIVER) - EXPLAIN IN NARRATIVE,E LAW LN & N FEE,21213
2010,10,3,Weekday,1700,2-Car,No injury/unknown,UNSAFE BACKING,FEE & LAW LN,21214
2010,12,3,Weekday,2300,2-Car,No injury/unknown,ENGINE FAILURE OR DEFECTIVE,JORDAN & LAW LN,21215
2010,4,1,Weekend,900,1-Car,No injury/unknown,BRAKE FAILURE OR DEFECTIVE,W VERNAL PIKE,21216
2010,3,3,Weekday,1900,2-Car,No injury/unknown,FAILURE TO YIELD RIGHT OF WAY,10TH & 3840 TAMARRON DR,21217
2010,10,3,Weekday,900,2-Car,No injury/unknown,OTHER (DRIVER) - EXPLAIN IN NARRATIVE,EAST 10 ST & TAMARRON,21218
2010,1,7,Weekend,1200,2-Car,No injury/unknown,DISREGARD SIGNAL/REG SIGN,JORDAN AVE & LAW,21219
2010,2,4,Weekday,900,2-Car,No injury/unknown,UNSAFE BACKING,JORDAN & LAW LN,21220
2010,2,4,Weekday,2200,2-Car,Non-incapacitating,FAILURE TO YIELD RIGHT OF WAY,E LAW LN & N JORDAN,21221
2010,3,4,Weekday,1300,2-Car,No injury/unknown,UNSAFE BACKING,LAW LN & NORTH JORDAN,21222
2010,4,4,Weekday,1400,2-Car,No injury/unknown,OTHER (VEHICLE) - EXPLAIN IN NARRATIVE,N JORDAN AVE,21223
2010,6,2,Weekday,1500,2-Car,No injury/unknown,OTHER (DRIVER) - EXPLAIN IN NARRATIVE,EAST LAW & NORTH JORDAN AVE,21224
2010,10,5,Weekday,1800,Cyclist,Incapacitating,FAILURE TO YIELD RIGHT OF WAY,E LAW & N JORDAN AVE,21225
2010,11,2,Weekday,1900,2-Car,No injury/unknown,DRIVER DISTRACTED - EXPLAIN IN NARRATIVE,JORDAN AVE & LAW,21226
2010,11,3,Weekday,2100,2-Car,No injury/unknown,FAILURE TO YIELD RIGHT OF WAY,JORDAN & LAW LN,21227
2010,9,7,Weekend,100,1-Car,No injury/unknown,RAN OFF ROAD RIGHT,11TH ST & N LINCOLN,21228
2010,10,3,Weekday,1300,2-Car,Non-incapacitating,FAILURE TO YIELD RIGHT OF WAY,11TH & WOODLAWN AVE,21229
2010,10,6,Weekend,2200,2-Car,No injury/unknown,FAILURE TO YIELD RIGHT OF WAY,E 11TH & N INDIANA AVE,21230
2010,9,5,Weekday,900,2-Car,No injury/unknown,FAILURE TO YIELD RIGHT OF WAY,ELEVENTH & WOODLAWN AVE,21231
2010,4,6,Weekday,1500,2-Car,No injury/unknown,UNSAFE BACKING,EAST LAW LN & NORTH JORDAN,21232
2010,12,1,Weekend,1500,2-Car,No injury/unknown,SPEED TOO FAST FOR WEATHER CONDITIONS,JORDAN & LAW LN,21233
2010,12,4,Weekday,2300,2-Car,No injury/unknown,SPEED TOO FAST FOR WEATHER CONDITIONS,11TH ST & WALNUT GROVE,21234
2010,12,4,Weekday,1400,1-Car,No injury/unknown,OTHER (VEHICLE) - EXPLAIN IN NARRATIVE,N JORDAN AVE,21235
2010,7,6,Weekday,1200,Moped/Motorcycle,Non-incapacitating,FAILURE TO YIELD RIGHT OF WAY,CHEROKEE & ROGERS ST,21236
2010,6,4,Weekday,1800,2-Car,No injury/unknown,UNSAFE BACKING,W VERNAL PIKE,21237
2010,2,4,Weekday,1700,2-Car,No injury/unknown,OTHER (DRIVER) - EXPLAIN IN NARRATIVE,ILLINOIS CT & N ILLINOIS,21238
2010,2,4,Weekday,1600,2-Car,No injury/unknown,UNSAFE BACKING,W 11TH ST,21239
2010,2,4,Weekday,700,2-Car,Non-incapacitating,FOLLOWING TOO CLOSELY,W  11TH & W VERNAL PIKE,21240
2010,4,5,Weekday,1100,Moped/Motorcycle,Non-incapacitating,BRAKE FAILURE OR DEFECTIVE,11TH ST & ADAMS,21241
2010,5,5,Weekday,1500,2-Car,No injury/unknown,FAILURE TO YIELD RIGHT OF WAY,W 11TH ST & W VERNAL,21242
2010,10,3,Weekday,1300,2-Car,No injury/unknown,FAILURE TO YIELD RIGHT OF WAY,ADAMS & W 11TH ST,21243
2010,12,2,Weekday,1900,1-Car,No injury/unknown,RAN OFF ROAD RIGHT,N SUMMITT & W 11TH ST,21244
2010,9,4,Weekday,1400,3+ Cars,Non-incapacitating,FAILURE TO YIELD RIGHT OF WAY,11TH & FEE LN,21245
2010,1,2,Weekday,2000,1-Car,No injury/unknown,SPEED TOO FAST FOR WEATHER CONDITIONS,N WALNUT & W 11TH ST,21246
2010,1,5,Weekday,1500,1-Car,No injury/unknown,UNSAFE SPEED,11TH ST & ROGERS,21247
2010,12,2,Weekday,1500,2-Car,No injury/unknown,OTHER (DRIVER) - EXPLAIN IN NARRATIVE,1218 W 11TH ST & NORTH ADAMS,21248
2010,3,5,Weekday,1500,2-Car,No injury/unknown,FOLLOWING TOO CLOSELY,11TH & WALNUT ST,21249
2010,2,6,Weekend,1900,2-Car,No injury/unknown,FOLLOWING TOO CLOSELY,NORTH COLLEGE AVE & WEST 11TH,21250
2010,2,3,Weekday,2300,2-Car,No injury/unknown,FOLLOWING TOO CLOSELY,11 TH ST & COLLEGE,21251
2010,5,7,Weekend,1200,2-Car,No injury/unknown,FAILURE TO YIELD RIGHT OF WAY,11TH ST & COLLEGE,21252
2010,9,1,Weekend,1300,2-Car,No injury/unknown,IMPROPER TURNING,11TH & COLLEGE AVE,21253
2010,10,2,Weekday,1300,2-Car,Non-incapacitating,FAILURE TO YIELD RIGHT OF WAY,11TH ST & COLLEGE,21254
2010,4,5,Weekday,1700,Moped/Motorcycle,Incapacitating,FAILURE TO YIELD RIGHT OF WAY,MORTON & W 11TH ST,21255
2010,10,3,Weekday,1100,2-Car,No injury/unknown,UNSAFE BACKING,W 11TH ST ST,21256
2010,12,4,Weekday,900,2-Car,No injury/unknown,DISREGARD SIGNAL/REG SIGN,11TH & ROGERS ST,21257
2010,3,4,Weekday,900,1-Car,No injury/unknown,RAN OFF ROAD RIGHT,11TH ST & FAIRVIEW,21258
2010,1,3,Weekday,1500,Bus,No injury/unknown,FOLLOWING TOO CLOSELY,FAIRVIEW & W 11TH ST,21259
2010,4,1,Weekend,1200,1-Car,Non-incapacitating,OTHER (VEHICLE) - EXPLAIN IN NARRATIVE,N FAIRVIEW & W 11TH ST,21260
2010,5,4,Weekday,600,1-Car,No injury/unknown,OTHER (DRIVER) - EXPLAIN IN NARRATIVE,N FAIRVIEW & W 11TH ST,21261
2010,5,5,Weekday,1200,2-Car,No injury/unknown,FAILURE TO YIELD RIGHT OF WAY,11TH ST & FAIRVIEW,21262
2010,7,6,Weekday,1800,2-Car,No injury/unknown,FAILURE TO YIELD RIGHT OF WAY,11TH ST & FAIRVIEW,21263
2010,9,3,Weekday,1700,2-Car,No injury/unknown,UNSAFE BACKING,LAW LN,21264
2010,4,3,Weekday,1500,2-Car,Incapacitating,OTHER (DRIVER) - EXPLAIN IN NARRATIVE,SR37N & VERNAL PIKE,21265
2010,4,1,Weekend,1500,2-Car,No injury/unknown,OTHER (DRIVER) - EXPLAIN IN NARRATIVE,N FEE LN,21266
2010,6,3,Weekday,1200,2-Car,No injury/unknown,UNSAFE BACKING,N FEE LN,21267
2010,8,4,Weekday,1600,2-Car,No injury/unknown,UNSAFE BACKING,N FEE LN,21268
2010,9,4,Weekday,1900,2-Car,No injury/unknown,IMPROPER TURNING,N FEE LN,21269
2010,3,4,Weekday,1200,2-Car,No injury/unknown,DRIVER DISTRACTED - EXPLAIN IN NARRATIVE,800 N SMITH RD & E 10TH,21270
2010,3,4,Weekday,1400,2-Car,No injury/unknown,FOLLOWING TOO CLOSELY,E 10TH & SMITH RD,21271
2010,4,7,Weekend,1700,2-Car,No injury/unknown,FOLLOWING TOO CLOSELY,E 10TH ST & N SMITH,21272
2010,7,3,Weekday,1700,1-Car,No injury/unknown,RAN OFF ROAD RIGHT,10TH & N SMITH RD,21273
2010,8,1,Weekend,1300,1-Car,Non-incapacitating,OVERCORRECTING/OVERSTEERING,EAST 10TH ST & SMITH,21274
2010,12,4,Weekday,800,1-Car,No injury/unknown,SPEED TOO FAST FOR WEATHER CONDITIONS,10TH ST & SMITH,21275
2010,1,4,Weekday,1100,2-Car,Non-incapacitating,FAILURE TO YIELD RIGHT OF WAY,COTTAGE & INDIANA AVE,21276
2010,2,7,Weekend,300,2-Car,No injury/unknown,DISREGARD SIGNAL/REG SIGN,COTTAGE GROVE AVE & GRANT,21277
2010,2,3,Weekday,1700,2-Car,No injury/unknown,FAILURE TO YIELD RIGHT OF WAY,E COTTAGE GROVE AVE & N PARK,21278
2010,2,6,Weekday,1300,3+ Cars,No injury/unknown,DRIVER DISTRACTED - EXPLAIN IN NARRATIVE,621 N PLYMOUTH ST & BEACON,21279
2010,4,2,Weekday,1700,2-Car,Non-incapacitating,FAILURE TO YIELD RIGHT OF WAY,COTTAGE GROVE & INDIANA AVE,21280
2010,4,4,Weekday,1900,2-Car,No injury/unknown,FAILURE TO YIELD RIGHT OF WAY,COTTAGE GROVE & INDIANA AVE,21281
2010,4,6,Weekday,1500,2-Car,No injury/unknown,FAILURE TO YIELD RIGHT OF WAY,COTTAGE GROVE & INDIANA AVE,21282
2010,5,4,Weekday,1600,2-Car,No injury/unknown,DRIVER DISTRACTED - EXPLAIN IN NARRATIVE,COTTAGE GROVE & N WALNUT ST,21283
2010,11,5,Weekday,1100,2-Car,Non-incapacitating,FAILURE TO YIELD RIGHT OF WAY,COTTAGE GRV & FORREST,21284
2010,12,5,Weekday,1400,2-Car,No injury/unknown,FAILURE TO YIELD RIGHT OF WAY,COTTAGE GROVE & INDIANA AVE,21285
2010,11,2,Weekday,1500,2-Car,Non-incapacitating,FOLLOWING TOO CLOSELY,SOUTH LIBERTY DR & WEST 3RD,21286
2010,4,4,Weekday,1200,2-Car,No injury/unknown,FAILURE TO YIELD RIGHT OF WAY,NORTH FEE LN,21287
2010,7,6,Weekday,1500,1-Car,Non-incapacitating,STEERING FAILURE,FEE LN,21288
2010,12,6,Weekend,2300,2-Car,No injury/unknown,UNSAFE BACKING,NORTH UNION ST,21289
2010,2,5,Weekday,900,2-Car,No injury/unknown,SPEED TOO FAST FOR WEATHER CONDITIONS,LAW LN & UNION,21290
2010,12,2,Weekday,1800,1-Car,No injury/unknown,IMPROPER TURNING,LAW LN & UNION,21291
2010,2,2,Weekday,300,2-Car,No injury/unknown,SPEED TOO FAST FOR WEATHER CONDITIONS,10TH & COLLEGE AVE,21292
2010,12,4,Weekday,700,1-Car,No injury/unknown,SPEED TOO FAST FOR WEATHER CONDITIONS,10TH ST & SMITH,21293
2010,11,4,Weekday,1400,2-Car,No injury/unknown,UNSAFE BACKING,N WOODBRIDGE DR,21294
2010,9,6,Weekday,0,2-Car,No injury/unknown,OTHER (DRIVER) - EXPLAIN IN NARRATIVE,EAST BARRINGTON DR,21295
2010,1,4,Weekday,1900,2-Car,No injury/unknown,UNSAFE BACKING,N UNION ST,21296
2010,8,1,Weekend,1400,1-Car,No injury/unknown,UNSAFE BACKING,N UNION ST,21297
2010,10,6,Weekend,1900,2-Car,No injury/unknown,UNSAFE BACKING,N UNION ST,21298
2010,8,4,Weekday,1500,2-Car,Non-incapacitating,FOLLOWING TOO CLOSELY,N CURRY PIKE & WELMIR,21299
2010,2,3,Weekday,300,2-Car,No injury/unknown,FAILURE TO YIELD RIGHT OF WAY,10TH & COLLEGE AVE,21300
2010,7,3,Weekday,1400,Moped/Motorcycle,No injury/unknown,LEFT OF CENTER,NORTH CURRY PKWY,21301
2010,9,2,Weekday,1400,2-Car,No injury/unknown,UNSAFE LANE MOVEMENT,CURRY PIKE & PROFILE,21302
2010,11,2,Weekday,2000,Cyclist,No injury/unknown,DISREGARD SIGNAL/REG SIGN,CURRY PIKE & PROFILE,21303
2010,5,3,Weekday,1700,1-Car,No injury/unknown,OTHER (DRIVER) - EXPLAIN IN NARRATIVE,N COLLEGE AVE,21304
2010,1,2,Weekday,1600,2-Car,No injury/unknown,UNSAFE BACKING,WEST WHITEHALL CROSSING BLVD,21305
2010,2,6,Weekday,1600,2-Car,No injury/unknown,UNSAFE BACKING,W WHITEHALL CROSSING BLVD,21306
2010,4,5,Weekday,1900,Pedestrian,Non-incapacitating,OTHER (DRIVER) - EXPLAIN IN NARRATIVE,W WHITEHALL CROSSING BLVD,21307
2010,1,4,Weekday,0,1-Car,Non-incapacitating,RAN OFF ROAD RIGHT,E 10TH ST & GRANDVIEW,21308
2010,2,6,Weekday,1500,2-Car,No injury/unknown,UNSAFE BACKING,N DANIELS WAY,21309
2010,4,3,Weekday,1200,2-Car,No injury/unknown,FAILURE TO YIELD RIGHT OF WAY,N MORTON ST,21310
2010,9,2,Weekday,1500,2-Car,No injury/unknown,FOLLOWING TOO CLOSELY,JONES & JORDAN AVE,21311
2010,11,7,Weekend,0,2-Car,No injury/unknown,FAILURE TO YIELD RIGHT OF WAY,10TH STREET ST & WALNUT,21312
2010,1,4,Weekday,1300,1-Car,No injury/unknown,ACCELERATOR FAILURE OR DEFECTIVE,10TH & WALNUT ST,21313
2010,1,1,Weekday,2000,2-Car,No injury/unknown,FAILURE TO YIELD RIGHT OF WAY,N COLLEGE AVE & W 10TH,21314
2010,1,2,Weekday,2100,2-Car,No injury/unknown,ROADWAY SURFACE CONDITION,N COLLEGE AVE & W 10TH,21315
2010,2,4,Weekday,1600,2-Car,No injury/unknown,UNSAFE LANE MOVEMENT,10TH & 531 N WALNUT ST,21316
2010,2,2,Weekday,2000,2-Car,No injury/unknown,FOLLOWING TOO CLOSELY,10TH & COLLEGE AVE,21317
2010,3,5,Weekday,2100,2-Car,No injury/unknown,DISREGARD SIGNAL/REG SIGN,10TH ST & COLLEGE,21318
2010,3,6,Weekday,1100,2-Car,No injury/unknown,UNSAFE LANE MOVEMENT,10TH & COLLEGE AVE,21319
2010,3,7,Weekend,300,1-Car,No injury/unknown,DRIVER DISTRACTED - EXPLAIN IN NARRATIVE,N WALNUT ST,21320
2010,4,1,Weekday,2200,2-Car,Non-incapacitating,FAILURE TO YIELD RIGHT OF WAY,10TH & WALNUT ST,21321
2010,4,5,Weekday,0,2-Car,No injury/unknown,FOLLOWING TOO CLOSELY,COLLEGE & E 10 ST,21322
2010,5,7,Weekend,400,1-Car,No injury/unknown,OVERCORRECTING/OVERSTEERING,N COLLEGE AVE,21323
2010,6,4,Weekday,1100,2-Car,No injury/unknown,FOLLOWING TOO CLOSELY,10TH & COLLEGE AVE,21324
2010,7,7,Weekend,700,2-Car,No injury/unknown,IMPROPER LANE USAGE,10TH & COLLEGE AVE,21325
2010,7,3,Weekday,1600,2-Car,No injury/unknown,FOLLOWING TOO CLOSELY,10TH & NORTH WALNUT ST,21326
2010,8,7,Weekend,1200,2-Car,No injury/unknown,FAILURE TO YIELD RIGHT OF WAY,10TH ST & COLLEGE,21327
2010,8,2,Weekday,1500,2-Car,No injury/unknown,LEFT OF CENTER,10TH & COLLEGE AVE,21328
2010,8,2,Weekday,2000,2-Car,No injury/unknown,DISREGARD SIGNAL/REG SIGN,10TH & WALNUT ST,21329
2010,9,7,Weekend,1000,2-Car,No injury/unknown,IMPROPER TURNING,10TH & COLLEGE AVE,21330
2010,9,6,Weekday,1400,2-Car,No injury/unknown,FOLLOWING TOO CLOSELY,N COLLEGE AVE & W 10TH,21331
2010,10,7,Weekend,1200,3+ Cars,No injury/unknown,SPEED TOO FAST FOR WEATHER CONDITIONS,10TH & 500 NORTH WALNUT ST,21332
2010,10,1,Weekend,900,2-Car,No injury/unknown,UNSAFE LANE MOVEMENT,10TH & COLLEGE AVE,21333
2010,11,7,Weekend,1800,2-Car,No injury/unknown,IMPROPER TURNING,10TH & COLLEGE AVE,21334
2010,11,4,Weekday,800,2-Car,Non-incapacitating,DISREGARD SIGNAL/REG SIGN,10TH ST ST & COLLEGE AVE,21335
2010,12,5,Weekday,1300,2-Car,No injury/unknown,DISREGARD SIGNAL/REG SIGN,10TH & COLLEGE AVE,21336
2010,4,4,Weekday,1400,2-Car,No injury/unknown,UNSAFE BACKING,NORTH WOODLAWN AVE,21337
2010,9,1,Weekend,1700,2-Car,No injury/unknown,UNSAFE BACKING,E 10TH ST,21338
2010,1,5,Weekday,900,1-Car,No injury/unknown,SPEED TOO FAST FOR WEATHER CONDITIONS,10TH ST & LINCOLN,21339
2010,11,6,Weekday,200,2-Car,No injury/unknown,DISREGARD SIGNAL/REG SIGN,10TH ST & LINCOLN,21340
2010,9,5,Weekday,1300,2-Car,No injury/unknown,UNSAFE BACKING,NORTH WALNUT ST,21341
2010,1,7,Weekend,300,2-Car,No injury/unknown,IMPROPER LANE USAGE,612  N GRANT ST & E 10TH,21342
2010,3,2,Weekday,900,2-Car,No injury/unknown,FAILURE TO YIELD RIGHT OF WAY,10TH ST & GRANT,21343
2010,10,6,Weekday,0,2-Car,Non-incapacitating,FAILURE TO YIELD RIGHT OF WAY,10TH ST & GRANT,21344
2010,3,6,Weekday,1600,Cyclist,Non-incapacitating,FAILURE TO YIELD RIGHT OF WAY,E 10TH & N DUNN ST,21345
2010,5,1,Weekend,300,1-Car,No injury/unknown,RAN OFF ROAD RIGHT,E 10TH & N DUNN ST,21346
2010,5,7,Weekend,400,1-Car,No injury/unknown,RAN OFF ROAD RIGHT,E 10TH & N DUNN ST,21347