year,month,day,weekend,hour,collision_type,injury_type,primary_factor,reported_location,unique_id
2010,1,2,Weekday,1800,3+ Cars,No injury/unknown,FOLLOWING TOO CLOSELY,3000 W 3RD ST & FRANKLIN,21996
2010,2,2,Weekday,1500,2-Car,No injury/unknown,FAILURE TO YIELD RIGHT OF WAY,FRANKLIN & W 3RD ST,21997
2010,2,7,Weekend,1000,2-Car,No injury/unknown,OTHER (DRIVER) - EXPLAIN IN NARRATIVE,FRANKLIN & W 3RD ST,21998
2010,5,1,Weekend,1300,2-Car,No injury/unknown,FAILURE TO YIELD RIGHT OF WAY,FRANKLIN & WEST 3RD ST,21999
2010,7,7,Weekend,1800,2-Car,Non-incapacitating,FOLLOWING TOO CLOSELY,FRANKLIN & W 3RD ST,22000
2010,8,4,Weekday,1200,2-Car,No injury/unknown,IMPROPER LANE USAGE,FRANKLIN & W 3RD ST,22001
2010,8,5,Weekday,1200,2-Car,No injury/unknown,OTHER (DRIVER) - EXPLAIN IN NARRATIVE,2500 W 3RD ST & FRANKLIN,22002
2010,10,7,Weekend,1900,2-Car,No injury/unknown,FOLLOWING TOO CLOSELY,110 S FRANKLIN RD & 3RD,22003
2010,1,5,Weekday,900,2-Car,No injury/unknown,FOLLOWING TOO CLOSELY,3RD ST & CURRY,22004
2010,1,2,Weekday,1600,3+ Cars,No injury/unknown,FOLLOWING TOO CLOSELY,HICKORY & WEST 3RD ST,22005
2010,7,3,Weekday,1700,2-Car,No injury/unknown,FOLLOWING TOO CLOSELY,3RD ST & CURRY,22006
2010,9,4,Weekday,1200,2-Car,No injury/unknown,FAILURE TO YIELD RIGHT OF WAY,HICKORY & THIRD ST,22007
2010,12,6,Weekday,1500,2-Car,Non-incapacitating,FAILURE TO YIELD RIGHT OF WAY,S HICKORY & SR 48 HWY,22008
2010,12,5,Weekday,1700,2-Car,No injury/unknown,FAILURE TO YIELD RIGHT OF WAY,HICKORY & W 3RD ST,22009
2010,4,7,Weekend,1400,2-Car,No injury/unknown,FOLLOWING TOO CLOSELY,E 3RD & PETE ELLIS DR,22010
2010,6,2,Weekday,1200,2-Car,No injury/unknown,FAILURE TO YIELD RIGHT OF WAY,3RD & PETE ELLIS DR,22011
2010,2,6,Weekday,1700,2-Car,Non-incapacitating,OTHER (DRIVER) - EXPLAIN IN NARRATIVE,3RD ST & WALNUT,22012
2010,1,1,Weekend,1100,Pedestrian,Non-incapacitating,UNSAFE BACKING,W 3RD ST,22013
2010,1,3,Weekday,1100,2-Car,No injury/unknown,FAILURE TO YIELD RIGHT OF WAY,3RD ST & COLLEGE,22014
2010,1,5,Weekday,1200,2-Car,No injury/unknown,FAILURE TO YIELD RIGHT OF WAY,SR37N & WALNUT,22015
2010,1,5,Weekday,1500,2-Car,No injury/unknown,SPEED TOO FAST FOR WEATHER CONDITIONS,E 3RD ST & S WASHINGTON,22016
2010,1,7,Weekend,200,1-Car,No injury/unknown,ROADWAY SURFACE CONDITION,3RD ST & LINCOLN,22017
2010,1,2,Weekday,1300,2-Car,No injury/unknown,IMPROPER PASSING,KIMBLE & W 3RD ST,22018
2010,1,7,Weekend,1800,3+ Cars,Non-incapacitating,DISREGARD SIGNAL/REG SIGN,3RD ST & WASHINGTON,22019
2010,1,6,Weekend,2000,2-Car,No injury/unknown,FAILURE TO YIELD RIGHT OF WAY,KIMBLE & W 3RD ST,22020
2010,2,6,Weekday,1300,2-Car,No injury/unknown,FAILURE TO YIELD RIGHT OF WAY,3RD ST & WASHINGTON,22021
2010,2,3,Weekday,1000,2-Car,Non-incapacitating,DISREGARD SIGNAL/REG SIGN,S COLLEGE AVE & W 3RD,22022
2010,2,5,Weekday,500,2-Car,No injury/unknown,DISREGARD SIGNAL/REG SIGN,3RD ST & WASHINGTON,22023
2010,2,2,Weekday,1700,2-Car,No injury/unknown,UNSAFE LANE MOVEMENT,E 3RD ST & S GRANT,22024
2010,2,4,Weekday,600,2-Car,No injury/unknown,SPEED TOO FAST FOR WEATHER CONDITIONS,SOUTH WALNUT ST & SR37N,22025
2010,2,1,Weekend,400,2-Car,Non-incapacitating,FAILURE TO YIELD RIGHT OF WAY,3RD ST & WASHINGTON,22026
2010,4,5,Weekday,1700,2-Car,No injury/unknown,UNSAFE LANE MOVEMENT,E 3RD ST & LINCOLN,22027
2010,4,2,Weekday,1300,2-Car,No injury/unknown,FAILURE TO YIELD RIGHT OF WAY,3RD ST & COLLEGE,22028
2010,4,7,Weekend,1000,2-Car,Non-incapacitating,FOLLOWING TOO CLOSELY,3RD ST & LINCOLN,22029
2010,4,7,Weekend,1800,2-Car,No injury/unknown,FAILURE TO YIELD RIGHT OF WAY,S COLLEGE & W 3RD ST,22030
2010,4,1,Weekend,300,2-Car,No injury/unknown,DISREGARD SIGNAL/REG SIGN,E 3RD ST & S WASHINGTON,22031
2010,4,3,Weekday,1000,2-Car,No injury/unknown,FOLLOWING TOO CLOSELY,3RD ST & WALNUT ST ST,22032
2010,5,4,Weekday,2100,3+ Cars,Non-incapacitating,FOLLOWING TOO CLOSELY,3RD & COLLEGE AVE,22033
2010,5,6,Weekend,1900,2-Car,Non-incapacitating,FAILURE TO YIELD RIGHT OF WAY,3RD ST & COLLEGE,22034
2010,5,4,Weekday,1600,2-Car,No injury/unknown,IMPROPER TURNING,E 3RD ST,22035
2010,5,6,Weekday,0,2-Car,No injury/unknown,FAILURE TO YIELD RIGHT OF WAY,200 BLK S COLLEGE AVE & 3RD,22036
2010,5,6,Weekday,1400,2-Car,No injury/unknown,FAILURE TO YIELD RIGHT OF WAY,3RD & WALNUT ST,22037
2010,6,4,Weekday,1200,2-Car,No injury/unknown,UNSAFE BACKING,S WALNUT ST,22038
2010,6,4,Weekday,1300,2-Car,No injury/unknown,UNSAFE BACKING,E 3RD ST,22039
2010,6,2,Weekday,1200,2-Car,Non-incapacitating,DISREGARD SIGNAL/REG SIGN,3RD ST & WALNUT,22040
2010,6,4,Weekday,1500,2-Car,No injury/unknown,FOLLOWING TOO CLOSELY,KIMBLE & W 3RD ST,22041
2010,8,5,Weekday,1400,2-Car,Non-incapacitating,DISREGARD SIGNAL/REG SIGN,3RD & COLLEGE AVE,22042
2010,8,2,Weekday,1700,2-Car,No injury/unknown,IMPROPER LANE USAGE,E 3RD ST,22043
2010,8,5,Weekday,1700,3+ Cars,Non-incapacitating,FOLLOWING TOO CLOSELY,S JOHNSON & W 3RD ST,22044
2010,8,6,Weekday,1500,2-Car,Non-incapacitating,FOLLOWING TOO CLOSELY,S KIMBLE & W 3RD ST,22045
2010,8,2,Weekday,1200,2-Car,No injury/unknown,UNSAFE BACKING,E 3RD & S WASHINGTON ST,22046
2010,8,4,Weekday,2100,2-Car,Non-incapacitating,DISREGARD SIGNAL/REG SIGN,THIRD ST & WASHINGTON,22047
2010,8,4,Weekday,2200,Moped/Motorcycle,No injury/unknown,DRIVER DISTRACTED - EXPLAIN IN NARRATIVE,E 3RD ST & S WASHINGTON,22048
2010,8,2,Weekday,800,3+ Cars,No injury/unknown,FOLLOWING TOO CLOSELY,3RD ST ST & WALNUT ST,22049
2010,9,5,Weekday,2300,2-Car,Non-incapacitating,DISREGARD SIGNAL/REG SIGN,S COLLEGE & W 3RD ST,22050
2010,9,7,Weekend,2000,2-Car,No injury/unknown,FAILURE TO YIELD RIGHT OF WAY,3RD ST & COLLEGE,22051
2010,9,6,Weekday,700,2-Car,Non-incapacitating,FAILURE TO YIELD RIGHT OF WAY,ALLEY & S WASHINGTON,22052
2010,9,7,Weekend,2300,2-Car,No injury/unknown,FAILURE TO YIELD RIGHT OF WAY,3RD ST & WASHINGTON,22053
2010,9,5,Weekday,2100,2-Car,No injury/unknown,IMPROPER LANE USAGE,COLLEGE & SR37N,22054
2010,10,5,Weekday,0,2-Car,Non-incapacitating,DISREGARD SIGNAL/REG SIGN,S COLLEGE AVE & W 3RD,22055
2010,10,5,Weekday,1100,Pedestrian,Non-incapacitating,PEDESTRIAN ACTION,3RD ST & GRANT,22056
2010,10,6,Weekday,1500,2-Car,No injury/unknown,FOLLOWING TOO CLOSELY,E 3RD ST & S GRANT,22057
2010,10,7,Weekend,800,1-Car,No injury/unknown,RAN OFF ROAD RIGHT,COLLEGE AVE & SR37S,22058
2010,11,1,Weekend,1600,2-Car,No injury/unknown,UNSAFE BACKING,W 3RD ST,22059
2010,11,4,Weekday,1700,2-Car,No injury/unknown,DISREGARD SIGNAL/REG SIGN,E 3RD & S WASHINGTON ST,22060
2010,11,6,Weekday,1500,2-Car,No injury/unknown,OTHER (DRIVER) - EXPLAIN IN NARRATIVE,EAST 3RD ST & LINCOLN,22061
2010,11,6,Weekday,1600,2-Car,Non-incapacitating,FAILURE TO YIELD RIGHT OF WAY,EAST 3RD ST & GRANT,22062
2010,11,7,Weekend,1700,2-Car,No injury/unknown,DISREGARD SIGNAL/REG SIGN,E 3RD & S WALNUT ST,22063
2010,11,2,Weekday,800,2-Car,No injury/unknown,DISREGARD SIGNAL/REG SIGN,3RD ST & WASHINGTON,22064
2010,11,2,Weekday,2000,2-Car,No injury/unknown,DISREGARD SIGNAL/REG SIGN,3RD ST & WASHINGTON,22065
2010,12,2,Weekday,2000,2-Car,Non-incapacitating,DISREGARD SIGNAL/REG SIGN,E 3RD ST & S LINCOLN,22066
2010,12,5,Weekday,800,2-Car,Non-incapacitating,FAILURE TO YIELD RIGHT OF WAY,3RD ST & COLLEGE,22067
2010,12,2,Weekday,1100,3+ Cars,No injury/unknown,FOLLOWING TOO CLOSELY,3RD ST & JOHNSON,22068
2010,6,7,Weekend,1500,2-Car,Non-incapacitating,DISREGARD SIGNAL/REG SIGN,ROGERS ST & WEST 3RD,22069
2010,1,5,Weekday,1200,2-Car,Non-incapacitating,SPEED TOO FAST FOR WEATHER CONDITIONS,3RD ST & MADISON,22070
2010,8,5,Weekday,1900,2-Car,No injury/unknown,UNSAFE BACKING,W THIRD ST,22071
2010,11,7,Weekend,1600,2-Car,No injury/unknown,UNSAFE BACKING,WEST 3RD ST,22072
2010,8,1,Weekend,1700,2-Car,Non-incapacitating,FOLLOWING TOO CLOSELY,US37 & W 3RD ST,22073
2010,10,7,Weekend,0,2-Car,No injury/unknown,OTHER (DRIVER) - EXPLAIN IN NARRATIVE,S COLLEGE AVE,22074
2010,1,1,Weekend,0,2-Car,No injury/unknown,DISREGARD SIGNAL/REG SIGN,COLLEGE AVE & WEST THIRD,22075
2010,9,6,Weekday,1600,2-Car,No injury/unknown,IMPROPER PASSING,SOUTH WALNUT ST & THIRD,22076
2010,1,5,Weekday,800,2-Car,No injury/unknown,SPEED TOO FAST FOR WEATHER CONDITIONS,3RD & LIBERTY DR,22077
2010,1,3,Weekday,2000,2-Car,No injury/unknown,OTHER (DRIVER) - EXPLAIN IN NARRATIVE,3175 W 3RD ST & LIBERTY,22078
2010,2,5,Weekday,1700,2-Car,No injury/unknown,FAILURE TO YIELD RIGHT OF WAY,LIBERTY DR & WEST 3RD,22079
2010,2,4,Weekday,1500,2-Car,No injury/unknown,FAILURE TO YIELD RIGHT OF WAY,3700 W 3RD ST & LIBERTY,22080
2010,1,5,Weekday,1300,2-Car,No injury/unknown,FOLLOWING TOO CLOSELY,3RD & LIBERTY DR,22081
2010,3,4,Weekday,1800,2-Car,No injury/unknown,CELL PHONE USAGE,LIBERTY & W 3RD ST,22082
2010,4,6,Weekday,1000,3+ Cars,Non-incapacitating,OTHER (DRIVER) - EXPLAIN IN NARRATIVE,3RD ST & LIBERTY,22083
2010,4,6,Weekday,1600,2-Car,Non-incapacitating,FAILURE TO YIELD RIGHT OF WAY,W 3RD ST,22084
2010,6,6,Weekday,1000,2-Car,Non-incapacitating,DISREGARD SIGNAL/REG SIGN,LIBERTY DR & W 3RD,22085
2010,6,7,Weekend,1600,2-Car,No injury/unknown,FAILURE TO YIELD RIGHT OF WAY,LIBERTY DR & WEST 3RD,22086
2010,7,6,Weekend,1900,2-Car,No injury/unknown,FAILURE TO YIELD RIGHT OF WAY,LIBERTY & W 3RD ST,22087
2010,7,4,Weekday,2000,2-Car,Non-incapacitating,DISREGARD SIGNAL/REG SIGN,3RD ST & LIBERTY,22088
2010,8,4,Weekday,1500,2-Car,No injury/unknown,FOLLOWING TOO CLOSELY,LIBERTY & SR48E,22089
2010,9,6,Weekday,1200,2-Car,No injury/unknown,FAILURE TO YIELD RIGHT OF WAY,LIBERTY & SR48W,22090
2010,9,7,Weekend,1800,2-Car,Non-incapacitating,FAILURE TO YIELD RIGHT OF WAY,3RD ST & LIBERTY,22091
2010,10,6,Weekday,1200,2-Car,No injury/unknown,UNSAFE BACKING,W 3RD ST,22092
2010,10,2,Weekday,1800,2-Car,No injury/unknown,OTHER (VEHICLE) - EXPLAIN IN NARRATIVE,W 3RD ST,22093
2010,11,2,Weekday,1700,2-Car,No injury/unknown,UNSAFE LANE MOVEMENT,LIBERTY & W 3RD ST,22094
2010,11,2,Weekday,1300,2-Car,No injury/unknown,DRIVER DISTRACTED - EXPLAIN IN NARRATIVE,3RD ST & LIBERTY,22095
2010,12,5,Weekday,1900,2-Car,Non-incapacitating,FAILURE TO YIELD RIGHT OF WAY,LIBERTY & W 3RD ST,22096
2010,12,3,Weekday,1400,2-Car,Incapacitating,FAILURE TO YIELD RIGHT OF WAY,W 3RD ST,22097
2010,1,3,Weekday,1100,2-Car,No injury/unknown,OTHER (DRIVER) - EXPLAIN IN NARRATIVE,3RD & GATES DR,22098
2010,1,4,Weekday,1600,2-Car,Non-incapacitating,FOLLOWING TOO CLOSELY,GATES & WEST 3RD ST,22099
2010,2,7,Weekend,1500,2-Car,No injury/unknown,BRAKE FAILURE OR DEFECTIVE,GATES & WEST 3RD ST,22100
2010,2,4,Weekday,2100,2-Car,No injury/unknown,SPEED TOO FAST FOR WEATHER CONDITIONS,GATES & W 3RD ST,22101
2010,3,7,Weekend,2000,2-Car,No injury/unknown,FAILURE TO YIELD RIGHT OF WAY,GATES & WEST 3RD ST,22102
2010,4,3,Weekday,1900,3+ Cars,Non-incapacitating,FOLLOWING TOO CLOSELY,GATES & W 3RD ST,22103
2010,4,6,Weekday,1600,2-Car,No injury/unknown,FAILURE TO YIELD RIGHT OF WAY,3RD ST & GATES,22104
2010,4,6,Weekday,1200,Bus,No injury/unknown,OTHER (DRIVER) - EXPLAIN IN NARRATIVE,3RD ST & GATES,22105
2010,6,7,Weekend,2200,2-Car,No injury/unknown,DISREGARD SIGNAL/REG SIGN,3RD ST & GATES,22106
2010,6,3,Weekday,1600,3+ Cars,No injury/unknown,DISREGARD SIGNAL/REG SIGN,3RD ST & GATES,22107
2010,7,6,Weekday,900,1-Car,No injury/unknown,BRAKE FAILURE OR DEFECTIVE,3275 WEST 3ST ST & GATES DR,22108
2010,8,5,Weekday,1500,2-Car,No injury/unknown,FOLLOWING TOO CLOSELY,GATES & THIRD ST,22109
2010,9,3,Weekday,1300,3+ Cars,Non-incapacitating,FOLLOWING TOO CLOSELY,3RD & GATES DR,22110
2010,9,6,Weekday,1600,2-Car,Non-incapacitating,OTHER (DRIVER) - EXPLAIN IN NARRATIVE,GATES & WEST THIRD ST,22111
2010,9,3,Weekday,1200,2-Car,Non-incapacitating,DISREGARD SIGNAL/REG SIGN,GATES & W 3RD ST,22112
2010,10,6,Weekday,1600,2-Car,No injury/unknown,FAILURE TO YIELD RIGHT OF WAY,3RD ST & GATES,22113
2010,10,4,Weekday,1900,1-Car,No injury/unknown,RAN OFF ROAD RIGHT,3RD ST & GATES,22114
2010,11,3,Weekday,1500,2-Car,No injury/unknown,FAILURE TO YIELD RIGHT OF WAY,WEST 3RD ST,22115
2010,9,7,Weekend,0,2-Car,No injury/unknown,UNSAFE BACKING,EAST THIRD ST,22116
2010,6,4,Weekday,1200,2-Car,No injury/unknown,UNSAFE BACKING,SOUTH COLLEGE AVE,22117
2010,8,6,Weekend,2100,3+ Cars,No injury/unknown,FOLLOWING TOO CLOSELY,3RD ST & CORY,22118
2010,4,4,Weekday,1400,3+ Cars,No injury/unknown,FOLLOWING TOO CLOSELY,3RD ST & CORY,22119
2010,3,2,Weekday,1500,2-Car,No injury/unknown,FAILURE TO YIELD RIGHT OF WAY,W 3RD ST & WYNNEDALE,22120
2010,8,7,Weekend,1300,2-Car,Non-incapacitating,OTHER (DRIVER) - EXPLAIN IN NARRATIVE,WEST 3RD ST & WYNNEDALE,22121
2010,11,6,Weekend,2300,2-Car,No injury/unknown,UNSAFE BACKING,3RD ST,22122
2010,4,1,Weekend,200,1-Car,No injury/unknown,RAN OFF ROAD RIGHT,3RD ST & CORY,22123
2010,5,7,Weekend,1200,2-Car,No injury/unknown,FAILURE TO YIELD RIGHT OF WAY,3RD ST & CORY,22124
2010,7,5,Weekday,1700,3+ Cars,No injury/unknown,FOLLOWING TOO CLOSELY,CORY & WEST 3RD ST,22125
2010,8,5,Weekday,2000,1-Car,No injury/unknown,UNSAFE LANE MOVEMENT,CORY & W 3RD ST,22126
2010,12,5,Weekday,1000,2-Car,No injury/unknown,OTHER (DRIVER) - EXPLAIN IN NARRATIVE,S ADAMS ST,22127
2010,12,6,Weekday,100,1-Car,No injury/unknown,UNSAFE BACKING,S ADAMS ST,22128
2010,2,7,Weekend,1900,2-Car,No injury/unknown,UNSAFE BACKING,THIRD ST,22129
2010,2,2,Weekday,1200,2-Car,Non-incapacitating,FOLLOWING TOO CLOSELY,OPPORTUNITY & W 3RD ST,22130
2010,6,6,Weekday,700,2-Car,No injury/unknown,FAILURE TO YIELD RIGHT OF WAY,OPPORTUNITY & THIRD ST,22131
2010,11,7,Weekend,1900,2-Car,No injury/unknown,UNSAFE BACKING,E 3RD ST,22132
2010,2,3,Weekday,1400,2-Car,No injury/unknown,IMPROPER TURNING,E 3RD ST,22133
2010,9,5,Weekday,1500,2-Car,Non-incapacitating,FAILURE TO YIELD RIGHT OF WAY,E 3RD & PETE ELLIS DR,22134
2010,3,5,Weekday,1800,1-Car,No injury/unknown,RAN OFF ROAD RIGHT,JOHNSON AVE & THIRD,22135
2010,8,5,Weekday,0,1-Car,No injury/unknown,ROADWAY SURFACE CONDITION,E 3RD ST & S MULLER,22136
2010,12,7,Weekend,1600,2-Car,No injury/unknown,FOLLOWING TOO CLOSELY,MULLER & WEST 3RD ST,22137
2010,9,6,Weekday,1000,2-Car,No injury/unknown,FOLLOWING TOO CLOSELY,COLLEGE MALL RD & SR46E,22138
2010,8,6,Weekday,900,1-Car,Non-incapacitating,RAN OFF ROAD RIGHT,SR46E & TRAILWAY,22139
2010,6,4,Weekday,1600,2-Car,No injury/unknown,FAILURE TO YIELD RIGHT OF WAY,WEST 3RD ST,22140
2010,4,3,Weekday,1900,Pedestrian,No injury/unknown,FAILURE TO YIELD RIGHT OF WAY,E 3RD ST,22141
2010,6,3,Weekday,1500,2-Car,No injury/unknown,UNSAFE BACKING,E 3RD ST,22142
2010,2,7,Weekend,1700,2-Car,No injury/unknown,FAILURE TO YIELD RIGHT OF WAY,CURRY & WEST 3RD ST,22143
2010,2,7,Weekend,1000,2-Car,Non-incapacitating,FAILURE TO YIELD RIGHT OF WAY,3RD ST & CURRY,22144
2010,3,6,Weekday,1300,2-Car,No injury/unknown,FAILURE TO YIELD RIGHT OF WAY,COREY & WEST 3RD ST,22145
2010,4,4,Weekday,1100,2-Car,No injury/unknown,FAILURE TO YIELD RIGHT OF WAY,CURRY PIKE & W 3RD,22146
2010,5,5,Weekday,500,2-Car,No injury/unknown,FOLLOWING TOO CLOSELY,3RD ST & CURRY,22147
2010,6,6,Weekday,1500,2-Car,Non-incapacitating,DISREGARD SIGNAL/REG SIGN,3RD & CURRY PIKE,22148
2010,6,2,Weekday,1200,2-Car,No injury/unknown,FOLLOWING TOO CLOSELY,CURRY PIKE & W 3RD ST ST,22149
2010,7,4,Weekday,900,2-Car,No injury/unknown,FAILURE TO YIELD RIGHT OF WAY,CURRY & W 3RD ST,22150
2010,7,4,Weekday,800,2-Car,No injury/unknown,FAILURE TO YIELD RIGHT OF WAY,CURRY PIKE & W 3RD,22151
2010,7,3,Weekday,1700,3+ Cars,No injury/unknown,FOLLOWING TOO CLOSELY,3RD ST & CURRY,22152
2010,8,7,Weekend,100,2-Car,No injury/unknown,FAILURE TO YIELD RIGHT OF WAY,CURRY & THIRD ST,22153
2010,8,2,Weekday,900,2-Car,No injury/unknown,FAILURE TO YIELD RIGHT OF WAY,3RD ST & CURRY,22154
2010,8,5,Weekday,900,3+ Cars,No injury/unknown,FOLLOWING TOO CLOSELY,CURRY & W 3RD ST,22155
2010,9,6,Weekday,1500,2-Car,No injury/unknown,FOLLOWING TOO CLOSELY,CURRY & WEST 3RD ST,22156
2010,10,3,Weekday,1000,2-Car,No injury/unknown,FOLLOWING TOO CLOSELY,CURRY & W 3RD ST,22157
2010,10,6,Weekday,1700,2-Car,No injury/unknown,FAILURE TO YIELD RIGHT OF WAY,3RD ST & CURRY,22158
2010,11,2,Weekday,1300,2-Car,No injury/unknown,IMPROPER LANE USAGE,S CURRY & W 3RD ST,22159
2010,5,1,Weekend,200,1-Car,No injury/unknown,RAN OFF ROAD RIGHT,3RD ST,22160
2010,9,3,Weekday,2000,2-Car,No injury/unknown,UNSAFE LANE MOVEMENT,3RD ST & DUNN,22161
2010,10,7,Weekend,1300,2-Car,No injury/unknown,FOLLOWING TOO CLOSELY,DUNN ST & EAST 3 ST,22162
2010,8,3,Weekday,1500,2-Car,No injury/unknown,FOLLOWING TOO CLOSELY,3RD ST & INDIANA,22163
2010,9,5,Weekday,1700,2-Car,No injury/unknown,FOLLOWING TOO CLOSELY,3RD ST & INDIANA,22164
2010,2,7,Weekend,200,1-Car,No injury/unknown,SPEED TOO FAST FOR WEATHER CONDITIONS,3RD ST & INDIANA,22165
2010,2,4,Weekday,1700,2-Car,No injury/unknown,IMPROPER TURNING,EAST 3RD & SR4546S,22166
2010,2,2,Weekday,1700,2-Car,No injury/unknown,SPEED TOO FAST FOR WEATHER CONDITIONS,3RD ST & FESS,22167
2010,2,3,Weekday,1800,3+ Cars,No injury/unknown,FOLLOWING TOO CLOSELY,EAST 3RD & SR4546S,22168
2010,2,5,Weekday,1700,2-Car,No injury/unknown,FOLLOWING TOO CLOSELY,E 3RD ST & S FESS,22169
2010,3,6,Weekday,1100,2-Car,No injury/unknown,FOLLOWING TOO CLOSELY,E 3RD ST & FESS,22170
2010,4,5,Weekday,1700,2-Car,No injury/unknown,UNSAFE BACKING,E 3RD ST,22171
2010,4,7,Weekend,1200,2-Car,Non-incapacitating,UNSAFE SPEED,EAST 3RD ST & INDIANA,22172
2010,4,2,Weekday,1300,2-Car,No injury/unknown,UNSAFE LANE MOVEMENT,DUNN & E 3RD ST,22173
2010,6,7,Weekend,1600,2-Car,No injury/unknown,FOLLOWING TOO CLOSELY,3RD & SR4546S,22174
2010,7,5,Weekday,1700,2-Car,No injury/unknown,IMPROPER LANE USAGE,3RD ST & DUNN,22175
2010,8,4,Weekday,2000,2-Car,No injury/unknown,OVERCORRECTING/OVERSTEERING,3RD & DUNN ST,22176
2010,8,5,Weekday,2000,Moped/Motorcycle,Non-incapacitating,DISREGARD SIGNAL/REG SIGN,E 3RD ST & INDIANA,22177
2010,9,7,Weekend,1600,2-Car,No injury/unknown,UNSAFE LANE MOVEMENT,3RD & STATE ROAD 45 46 BYP,22178
2010,9,3,Weekday,1500,Moped/Motorcycle,Non-incapacitating,IMPROPER PASSING,3RD ST & INDIANA,22179
2010,9,6,Weekday,900,2-Car,No injury/unknown,FOLLOWING TOO CLOSELY,3RD ST ST & INDIANA AVE,22180
2010,9,3,Weekday,1400,2-Car,Non-incapacitating,DISREGARD SIGNAL/REG SIGN,3RD ST & INDIANA,22181
2010,11,4,Weekday,1300,2-Car,No injury/unknown,UNSAFE BACKING,3RD & 727 E 3RD WEST DRIVE ST,22182
2010,11,6,Weekday,1100,2-Car,No injury/unknown,LEFT OF CENTER,E 3RD ST & S DUNN,22183
2010,11,2,Weekday,1200,2-Car,No injury/unknown,OTHER (DRIVER) - EXPLAIN IN NARRATIVE,E 3RD & SR 45 46 BYPASS RD,22184
2010,11,2,Weekday,800,2-Car,No injury/unknown,DISREGARD SIGNAL/REG SIGN,3RD ST & DUNN,22185
2010,12,7,Weekend,800,3+ Cars,Non-incapacitating,DISREGARD SIGNAL/REG SIGN,DUNN & E 3RD ST,22186
2010,1,5,Weekday,1700,3+ Cars,No injury/unknown,OTHER (DRIVER) - EXPLAIN IN NARRATIVE,3RD ST & FESS,22187
2010,6,5,Weekday,1600,3+ Cars,No injury/unknown,UNSAFE BACKING,E 3RD ST,22188
2010,7,2,Weekday,1500,2-Car,No injury/unknown,VIEW OBSTRUCTED,E 3RD ST,22189
2010,4,3,Weekday,2300,3+ Cars,Non-incapacitating,RAN OFF ROAD RIGHT,2910 W 3RD ST & ST 37,22190
2010,4,4,Weekday,1700,2-Car,No injury/unknown,FOLLOWING TOO CLOSELY,SR37S & W THIRD,22191
2010,10,6,Weekday,1800,2-Car,Non-incapacitating,FAILURE TO YIELD RIGHT OF WAY,SR 37 & W 3RD ST,22192
2010,10,2,Weekday,1600,3+ Cars,No injury/unknown,FOLLOWING TOO CLOSELY,3RD ST & SR 37,22193
2010,1,5,Weekday,1700,3+ Cars,No injury/unknown,SPEED TOO FAST FOR WEATHER CONDITIONS,3RD ST & DUNN,22194
2010,1,3,Weekday,2000,Pedestrian,Non-incapacitating,FAILURE TO YIELD RIGHT OF WAY,PATTERSON AVE & WEST 3RD,22195
2010,2,6,Weekday,0,2-Car,No injury/unknown,UNSAFE BACKING,3RD & WESTPLEX AVE,22196
2010,2,4,Weekday,700,2-Car,No injury/unknown,SPEED TOO FAST FOR WEATHER CONDITIONS,PATTERSON DR DR & WEST 3 ST,22197
2010,6,4,Weekday,200,1-Car,No injury/unknown,IMPROPER LANE USAGE,3RD ST & WESTPLEX,22198
2010,1,5,Weekday,900,2-Car,No injury/unknown,FOLLOWING TOO CLOSELY,3RD ST & LANDMARK,22199
2010,2,2,Weekday,0,1-Car,No injury/unknown,RAN OFF ROAD RIGHT,LANDMARK & W 3RD ST,22200
2010,9,7,Weekend,1900,Moped/Motorcycle,Non-incapacitating,FOLLOWING TOO CLOSELY,3RD ST & LANDMARK,22201
2010,9,3,Weekday,1600,3+ Cars,No injury/unknown,BRAKE FAILURE OR DEFECTIVE,3RD ST & LANDMARK,22202
2010,11,6,Weekday,1300,2-Car,No injury/unknown,FAILURE TO YIELD RIGHT OF WAY,LANDMARK & WEST 3RD ST,22203
2010,9,2,Weekday,0,1-Car,No injury/unknown,UNSAFE SPEED,1000 W 3RD ST & S WALKER,22204
2010,10,3,Weekday,1900,1-Car,No injury/unknown,UNSAFE SPEED,S WALKER & W 3RD ST,22205
2010,9,5,Weekday,1400,3+ Cars,Non-incapacitating,FOLLOWING TOO CLOSELY,EAST THIRD ST & WOODLAWN,22206
2010,2,3,Weekday,1500,2-Car,No injury/unknown,FAILURE TO YIELD RIGHT OF WAY,E 3RD & PETE ELLIS DR,22207
2010,8,2,Weekday,1000,2-Car,Non-incapacitating,UNSAFE LANE MOVEMENT,3RD ST & WOODLAWN,22208
2010,12,6,Weekday,900,1-Car,No injury/unknown,RAN OFF ROAD RIGHT,BENDER & SR46E,22209
2010,1,3,Weekday,1300,2-Car,No injury/unknown,UNSAFE LANE MOVEMENT,3RD ST & WOODLAWN,22210
2010,12,3,Weekday,1100,2-Car,No injury/unknown,UNSAFE SPEED,3RD ST & WOODLAWN,22211
2010,1,3,Weekday,800,1-Car,No injury/unknown,SPEED TOO FAST FOR WEATHER CONDITIONS,3RD ST & UNIVERSITY EAST,22212