year,month,day,weekend,hour,collision_type,injury_type,primary_factor,reported_location,unique_id
2010,2,7,Weekend,700,1-Car,No injury/unknown,SPEED TOO FAST FOR WEATHER CONDITIONS,THIRD ST & WOODLAWN,22213
2010,3,3,Weekday,2100,3+ Cars,No injury/unknown,DRIVER DISTRACTED - EXPLAIN IN NARRATIVE,3RD ST & WOODLAWN,22214
2010,3,5,Weekday,1600,2-Car,No injury/unknown,FOLLOWING TOO CLOSELY,3RD ST & WOODLAWN,22215
2010,4,2,Weekday,2000,3+ Cars,No injury/unknown,FOLLOWING TOO CLOSELY,3RD ST & WOODLAWN,22216
2010,4,6,Weekday,1300,2-Car,No injury/unknown,UNSAFE LANE MOVEMENT,E 3RD ST & WOODLAWN,22217
2010,4,7,Weekend,1200,2-Car,No injury/unknown,FOLLOWING TOO CLOSELY,E 3RD ST & S UNION,22218
2010,5,1,Weekend,1700,2-Car,No injury/unknown,FAILURE TO YIELD RIGHT OF WAY,E 3RD & S HIGH ST,22219
2010,6,4,Weekday,1000,2-Car,No injury/unknown,FOLLOWING TOO CLOSELY,3RD ST & UNION,22220
2010,6,7,Weekend,1000,2-Car,Non-incapacitating,IMPROPER LANE USAGE,3RD ST & WOODLAWN,22221
2010,6,3,Weekday,1200,3+ Cars,No injury/unknown,DRIVER DISTRACTED - EXPLAIN IN NARRATIVE,EAST 3RD ST & SOUTH UNION,22222
2010,7,3,Weekday,1800,2-Car,No injury/unknown,UNSAFE BACKING,3RD & UNION ST,22223
2010,8,3,Weekday,2300,2-Car,No injury/unknown,IMPROPER TURNING,3RD ST & WOODLAWN,22224
2010,8,4,Weekday,1400,2-Car,No injury/unknown,FOLLOWING TOO CLOSELY,EAST 3RD ST & HIGH,22225
2010,8,5,Weekday,1100,2-Car,Non-incapacitating,UNSAFE SPEED,HIGH & THIRD ST,22226
2010,8,2,Weekday,900,2-Car,No injury/unknown,UNSAFE LANE MOVEMENT,3RD ST & WOODLAWN,22227
2010,9,7,Weekend,400,2-Car,Non-incapacitating,OTHER (DRIVER) - EXPLAIN IN NARRATIVE,3RD ST & HIGH,22228
2010,9,2,Weekday,1200,2-Car,Non-incapacitating,FOLLOWING TOO CLOSELY,EAST THIRD ST & FACULTY,22229
2010,9,5,Weekday,1400,2-Car,No injury/unknown,FOLLOWING TOO CLOSELY,3RD ST & FACULTY,22230
2010,9,5,Weekday,800,Cyclist,Non-incapacitating,IMPROPER LANE USAGE,3RD & UNION ST,22231
2010,10,7,Weekend,300,1-Car,No injury/unknown,RAN OFF ROAD RIGHT,3RD ST & FACULTY,22232
2010,10,7,Weekend,200,Bus,No injury/unknown,FOLLOWING TOO CLOSELY,3RD ST & WOODLAWN,22233
2010,11,3,Weekday,1800,2-Car,No injury/unknown,SPEED TOO FAST FOR WEATHER CONDITIONS,3RD & UNION ST,22234
2010,11,2,Weekday,2000,2-Car,Non-incapacitating,FOLLOWING TOO CLOSELY,EAST 3RD ST & SOUTH WOODLAWN,22235
2010,12,4,Weekday,2300,2-Car,No injury/unknown,FAILURE TO YIELD RIGHT OF WAY,3RD ST & FACULTY,22236
2010,1,5,Weekday,1700,1-Car,No injury/unknown,SPEED TOO FAST FOR WEATHER CONDITIONS,WALKER & WEST 3RD ST,22237
2010,2,3,Weekday,1200,2-Car,No injury/unknown,UNSAFE BACKING,S FESS ST,22238
2010,6,4,Weekday,1700,2-Car,No injury/unknown,DISREGARD SIGNAL/REG SIGN,3RD ST & BRYAN,22239
2010,7,5,Weekday,1200,2-Car,No injury/unknown,FOLLOWING TOO CLOSELY,3RD ST & JEFFERSON,22240
2010,4,2,Weekday,1600,2-Car,No injury/unknown,LEFT OF CENTER,EAST 3RD ST & SOUTH JEFFERSON,22241
2010,4,1,Weekend,1600,3+ Cars,No injury/unknown,FOLLOWING TOO CLOSELY,3RD ST & JEFFERSON,22242
2010,6,3,Weekday,900,2-Car,No injury/unknown,FOLLOWING TOO CLOSELY,EAST 3RD ST & JEFFERSON,22243
2010,6,3,Weekday,1600,2-Car,No injury/unknown,IMPROPER PASSING,E 3RD ST & S JEFFERSON,22244
2010,9,6,Weekend,1900,2-Car,No injury/unknown,FAILURE TO YIELD RIGHT OF WAY,EAST 3RD ST & ROOSEVELT,22245
2010,10,7,Weekend,1300,2-Car,No injury/unknown,IMPROPER LANE USAGE,3RD ST & JEFFERSON,22246
2010,11,6,Weekday,1200,2-Car,No injury/unknown,OTHER (DRIVER) - EXPLAIN IN NARRATIVE,3RD ST & JEFFERSON,22247
2010,11,1,Weekend,900,1-Car,No injury/unknown,OTHER (DRIVER) - EXPLAIN IN NARRATIVE,EAST THIRD ST & JEFFERSON,22248
2010,11,5,Weekday,1200,2-Car,No injury/unknown,FOLLOWING TOO CLOSELY,3RD ST ST & ROOSEVELT ST,22249
2010,12,5,Weekday,1700,2-Car,No injury/unknown,FAILURE TO YIELD RIGHT OF WAY,E 3RD ST & JEFFERSON,22250
2010,5,5,Weekday,800,2-Car,No injury/unknown,FAILURE TO YIELD RIGHT OF WAY,3RD ST & SR46N,22251
2010,3,5,Weekday,1500,2-Car,No injury/unknown,FAILURE TO YIELD RIGHT OF WAY,FESS AVE & THIRD,22252
2010,10,5,Weekday,1700,2-Car,No injury/unknown,FAILURE TO YIELD RIGHT OF WAY,3RD ST & FESS,22253
2010,12,7,Weekend,2200,2-Car,No injury/unknown,FOLLOWING TOO CLOSELY,3RD ST & S FESS,22254
2010,12,3,Weekday,1300,2-Car,No injury/unknown,FOLLOWING TOO CLOSELY,E 3RD ST & FESS,22255
2010,6,2,Weekday,1800,2-Car,No injury/unknown,FAILURE TO YIELD RIGHT OF WAY,CLARK & EAST 3RD ST,22256
2010,9,7,Weekend,1400,3+ Cars,Non-incapacitating,FOLLOWING TOO CLOSELY,3RD ST & CLARK,22257
2010,10,6,Weekday,1000,1-Car,No injury/unknown,UNSAFE BACKING,EAST THIRD ST,22258
2010,5,3,Weekday,1600,2-Car,No injury/unknown,FOLLOWING TOO CLOSELY,3RD ST & S CLIFTON,22259
2010,11,4,Weekday,1600,2-Car,Non-incapacitating,FOLLOWING TOO CLOSELY,3RD ST & CLIFTON,22260
2010,11,7,Weekend,2300,2-Car,No injury/unknown,IMPROPER TURNING,3RD ST & COLLEGE MALL,22261
2010,3,5,Weekday,1700,2-Car,No injury/unknown,FAILURE TO YIELD RIGHT OF WAY,EAST THIRD ST & OVERHILL,22262
2010,4,1,Weekend,1300,2-Car,No injury/unknown,UNSAFE BACKING,E 3RD ST,22263
2010,4,3,Weekday,1700,2-Car,No injury/unknown,FAILURE TO YIELD RIGHT OF WAY,E 3RD ST & OVERHILL,22264
2010,6,1,Weekend,1200,2-Car,No injury/unknown,UNSAFE BACKING,E 3RD ST,22265
2010,7,3,Weekday,1600,Bus,No injury/unknown,UNSAFE BACKING,E 3RD ST,22266
2010,10,4,Weekday,1200,2-Car,No injury/unknown,FAILURE TO YIELD RIGHT OF WAY,E 3RD ST,22267
2010,10,6,Weekday,1700,2-Car,No injury/unknown,FAILURE TO YIELD RIGHT OF WAY,E 3RD ST ST & OVERHILL,22268
2010,11,2,Weekday,1800,2-Car,No injury/unknown,FOLLOWING TOO CLOSELY,E 3RD ST & OVERHILL,22269
2010,12,3,Weekday,1600,2-Car,Non-incapacitating,FAILURE TO YIELD RIGHT OF WAY,2600 E 3RD ST & OVERHILL,22270
2010,1,6,Weekday,1100,Moped/Motorcycle,Incapacitating,FAILURE TO YIELD RIGHT OF WAY,BALLANTINE & THIRD ST,22271
2010,2,6,Weekend,2200,2-Car,No injury/unknown,IMPROPER TURNING,3RD ST & BALLANTINE,22272
2010,4,4,Weekday,1000,2-Car,No injury/unknown,FAILURE TO YIELD RIGHT OF WAY,BALLANTINE & THIRD ST,22273
2010,4,1,Weekend,1600,3+ Cars,No injury/unknown,FOLLOWING TOO CLOSELY,E 3RD ST & S JEFFERSON,22274
2010,4,3,Weekday,1700,2-Car,No injury/unknown,UNSAFE BACKING,EAST 3RD ST,22275
2010,4,4,Weekday,1000,Bus,No injury/unknown,IMPROPER PASSING,E 3RD ST & S WOODSCREST,22276
2010,4,7,Weekend,1200,2-Car,No injury/unknown,FAILURE TO YIELD RIGHT OF WAY,E  3RD ST,22277
2010,4,3,Weekday,1800,3+ Cars,Non-incapacitating,FOLLOWING TOO CLOSELY,3RD ST & BRYAN,22278
2010,10,6,Weekend,1900,2-Car,No injury/unknown,FOLLOWING TOO CLOSELY,E 3RD ST & S UNION,22279
2010,5,3,Weekday,1200,2-Car,No injury/unknown,UNSAFE BACKING,E 3RD ST,22280
2010,9,4,Weekday,1900,2-Car,No injury/unknown,UNSAFE BACKING,E 3RD ST,22281
2010,8,4,Weekday,1600,3+ Cars,Non-incapacitating,FOLLOWING TOO CLOSELY,3RD ST & OVERHILL,22282
2010,5,5,Weekday,1700,2-Car,No injury/unknown,UNSAFE BACKING,E 3RD ST,22283
2010,2,6,Weekday,1200,2-Car,No injury/unknown,FAILURE TO YIELD RIGHT OF WAY,E 3RD ST,22284
2010,5,4,Weekday,1100,2-Car,No injury/unknown,UNSAFE BACKING,E 3RD ST,22285
2010,1,3,Weekday,1400,2-Car,No injury/unknown,IMPROPER LANE USAGE,EAST 3RD ST & JORDAN,22286
2010,1,1,Weekend,1400,2-Car,No injury/unknown,FOLLOWING TOO CLOSELY,EAST 3RD ST & JORDAN,22287
2010,1,7,Weekend,800,3+ Cars,Non-incapacitating,DISREGARD SIGNAL/REG SIGN,JORDAN & THIRD ST,22288
2010,3,1,Weekday,2000,2-Car,No injury/unknown,UNSAFE LANE MOVEMENT,3RD ST & JORDAN,22289
2010,4,6,Weekday,1700,3+ Cars,No injury/unknown,FAILURE TO YIELD RIGHT OF WAY,ROSE AVE & THIRD,22290
2010,4,2,Weekday,1400,2-Car,Non-incapacitating,FOLLOWING TOO CLOSELY,3RD ST & JORDAN,22291
2010,4,3,Weekday,1700,2-Car,No injury/unknown,UNSAFE LANE MOVEMENT,E 3RD ST & S JORDAN,22292
2010,5,6,Weekday,1200,2-Car,No injury/unknown,FOLLOWING TOO CLOSELY,E 3RD ST & JORDAN,22293
2010,6,7,Weekend,1800,2-Car,No injury/unknown,IMPROPER LANE USAGE,3RD ST & JORDAN,22294
2010,6,3,Weekday,1900,2-Car,No injury/unknown,UNSAFE LANE MOVEMENT,EAST 3RD ST & NORTH JORDAN,22295
2010,8,3,Weekday,2200,2-Car,Non-incapacitating,OTHER (DRIVER) - EXPLAIN IN NARRATIVE,3RD ST & JORDAN,22296
2010,10,3,Weekday,1400,Moped/Motorcycle,Incapacitating,FAILURE TO YIELD RIGHT OF WAY,E 3RD & S JORDAN AVE,22297
2010,11,5,Weekday,1800,2-Car,No injury/unknown,FAILURE TO YIELD RIGHT OF WAY,EAST 3RD & JORDAN AVE,22298
2010,12,1,Weekend,1600,2-Car,No injury/unknown,SPEED TOO FAST FOR WEATHER CONDITIONS,3RD & JORDAN AVE,22299
2010,11,3,Weekday,1500,Moped/Motorcycle,No injury/unknown,UNSAFE BACKING,E 3RD ST,22300
2010,12,2,Weekday,1900,3+ Cars,No injury/unknown,SPEED TOO FAST FOR WEATHER CONDITIONS,E THIRD ST,22301
2010,9,3,Weekday,1400,2-Car,No injury/unknown,IMPROPER TURNING,E THIRD ST,22302
2010,2,7,Weekend,1500,2-Car,No injury/unknown,OTHER (DRIVER) - EXPLAIN IN NARRATIVE,EAST 3RD ST,22303
2010,5,4,Weekday,1600,2-Car,No injury/unknown,IMPROPER TURNING,3RD ST & JORDAN,22304
2010,6,1,Weekend,1500,Moped/Motorcycle,Non-incapacitating,LEFT OF CENTER,3RD ST & HAWTHORNE,22305
2010,8,6,Weekday,1600,2-Car,No injury/unknown,FAILURE TO YIELD RIGHT OF WAY,CLARIZZ BLVD & SR46E,22306
2010,9,3,Weekday,1500,Moped/Motorcycle,No injury/unknown,IMPROPER TURNING,3RD ST & JORDAN,22307
2010,9,7,Weekend,800,2-Car,No injury/unknown,DISREGARD SIGNAL/REG SIGN,JORDAN & THIRD ST,22308
2010,10,4,Weekday,1400,2-Car,No injury/unknown,FOLLOWING TOO CLOSELY,3RD ST & JORDAN,22309
2010,12,7,Weekend,1900,2-Car,No injury/unknown,UNSAFE LANE MOVEMENT,EAST 3RD ST & JORDAN,22310
2010,12,5,Weekday,1100,2-Car,No injury/unknown,UNSAFE LANE MOVEMENT,1500 E 3RD ST & 300 S SWAIN,22311
2010,12,4,Weekday,2200,2-Car,No injury/unknown,SPEED TOO FAST FOR WEATHER CONDITIONS,3RD ST & KINGSTON,22312
2010,1,1,Weekend,1600,2-Car,No injury/unknown,IMPROPER PASSING,3RD ST & SWAIN,22313
2010,3,5,Weekday,1500,2-Car,No injury/unknown,FAILURE TO YIELD RIGHT OF WAY,3RD ST & SWAIN,22314
2010,4,7,Weekend,600,1-Car,No injury/unknown,WRONG WAY ON ONE WAY,MITCHELL & THIRD ST,22315
2010,4,7,Weekend,1500,2-Car,No injury/unknown,FOLLOWING TOO CLOSELY,E 3RD ST & S SWAIN,22316
2010,4,4,Weekday,1100,2-Car,No injury/unknown,IMPROPER LANE USAGE,SWAIN & THIRD ST,22317
2010,5,6,Weekend,1900,2-Car,No injury/unknown,FOLLOWING TOO CLOSELY,3RD ST & STATE RD 446,22318
2010,6,5,Weekday,2000,2-Car,No injury/unknown,FAILURE TO YIELD RIGHT OF WAY,3RD ST & SWAIN,22319
2010,8,1,Weekend,1500,2-Car,No injury/unknown,UNSAFE LANE MOVEMENT,3RD ST & HAWTHORNE,22320
2010,8,1,Weekend,1300,2-Car,No injury/unknown,UNSAFE LANE MOVEMENT,SWAIN & THIRD ST,22321
2010,8,3,Weekday,2000,2-Car,No injury/unknown,IMPROPER TURNING,E 3RD ST & S SWAIN,22322
2010,8,7,Weekend,2000,1-Car,Non-incapacitating,WRONG WAY ON ONE WAY,3RD & MITCHELL ST,22323
2010,8,1,Weekday,2000,2-Car,No injury/unknown,IMPROPER TURNING,3RD ST & SWAIN,22324
2010,9,7,Weekend,1700,2-Car,No injury/unknown,IMPROPER TURNING,E 3RD ST & S SWAIN,22325
2010,9,6,Weekday,1800,Pedestrian,Incapacitating,IMPROPER TURNING,3RD AVE & SWAIN,22326
2010,9,1,Weekend,1200,2-Car,No injury/unknown,FAILURE TO YIELD RIGHT OF WAY,EAST THIRD ST & SWAIN,22327
2010,9,1,Weekend,1300,2-Car,No injury/unknown,FOLLOWING TOO CLOSELY,EAST THIRD ST & MITCHELL,22328
2010,10,2,Weekday,1800,2-Car,No injury/unknown,OTHER (DRIVER) - EXPLAIN IN NARRATIVE,3RD & HAWTHORNE AVE,22329
2010,11,7,Weekend,1500,2-Car,No injury/unknown,LEFT OF CENTER,E 3RD ST & S MITCHELL,22330
2010,1,1,Weekend,1400,2-Car,Non-incapacitating,IMPROPER TURNING,3RD ST & HIGHLAND,22331
2010,3,3,Weekday,1700,2-Car,No injury/unknown,UNSAFE LANE MOVEMENT,3RD ST & HIGHLAND,22332
2010,3,7,Weekend,1600,2-Car,No injury/unknown,IMPROPER TURNING,3RD ST & HIGHLAND,22333
2010,3,2,Weekday,1200,2-Car,No injury/unknown,FOLLOWING TOO CLOSELY,E 3RD ST & HIGHLAND,22334
2010,3,3,Weekday,1400,2-Car,No injury/unknown,IMPROPER LANE USAGE,3RD ST & HIGHLAND,22335
2010,7,5,Weekday,1500,2-Car,No injury/unknown,IMPROPER TURNING,E 3RD ST & HIGHLAND,22336
2010,9,2,Weekday,1300,2-Car,No injury/unknown,FAILURE TO YIELD RIGHT OF WAY,3RD ST & HIGHLAND,22337
2010,9,2,Weekday,1300,2-Car,No injury/unknown,UNSAFE LANE MOVEMENT,E 3RD ST & HIGHLAND,22338
2010,9,5,Weekday,1100,2-Car,No injury/unknown,FAILURE TO YIELD RIGHT OF WAY,EAST THIRD & HIGHLAND AVE,22339
2010,9,7,Weekend,2200,2-Car,No injury/unknown,IMPROPER TURNING,3RD ST & HIGHLAND,22340
2010,9,2,Weekday,1600,2-Car,Non-incapacitating,IMPROPER TURNING,3RD ST & HIGHLAND,22341
2010,10,1,Weekend,1600,2-Car,Non-incapacitating,UNSAFE LANE MOVEMENT,3RD ST & HIGHLAND,22342
2010,10,6,Weekend,2300,2-Car,No injury/unknown,IMPROPER TURNING,3RD ST & HIGHLAND,22343
2010,11,3,Weekday,1200,2-Car,No injury/unknown,FOLLOWING TOO CLOSELY,E 3RD ST & HIGHLAND,22344
2010,12,1,Weekend,1200,2-Car,No injury/unknown,FOLLOWING TOO CLOSELY,NORTH ST RD 46 RD,22345
2010,6,4,Weekday,1800,1-Car,No injury/unknown,OTHER (DRIVER) - EXPLAIN IN NARRATIVE,EAST 3RD ST,22346
2010,4,3,Weekday,1000,3+ Cars,Non-incapacitating,OTHER (DRIVER) - EXPLAIN IN NARRATIVE,3RD ST & MORNINGSIDE,22347
2010,9,7,Weekend,1600,2-Car,Non-incapacitating,FOLLOWING TOO CLOSELY,3RD ST & KINGSTON,22348
2010,1,2,Weekday,1900,2-Car,No injury/unknown,FAILURE TO YIELD RIGHT OF WAY,E 3RD ST & MEADOWBROOK,22349
2010,1,7,Weekend,1100,2-Car,No injury/unknown,FAILURE TO YIELD RIGHT OF WAY,COLLEGE MALL RD & E 3RD ST ST,22350
2010,1,5,Weekday,2100,2-Car,No injury/unknown,SPEED TOO FAST FOR WEATHER CONDITIONS,E 3RD ST & SMITH,22351
2010,1,2,Weekday,1800,2-Car,No injury/unknown,UNSAFE BACKING,E 3RD ST,22352
2010,1,1,Weekend,1000,2-Car,Non-incapacitating,FAILURE TO YIELD RIGHT OF WAY,SMITHVILLE & SR37S,22353
2010,2,1,Weekend,1700,2-Car,No injury/unknown,FAILURE TO YIELD RIGHT OF WAY,E 3RD ST,22354
2010,2,2,Weekday,1300,2-Car,No injury/unknown,OTHER (DRIVER) - EXPLAIN IN NARRATIVE,E 3RD ST,22355
2010,2,6,Weekday,1300,2-Car,Non-incapacitating,FOLLOWING TOO CLOSELY,CLARIZZ & E 3RD ST,22356
2010,3,2,Weekday,1500,3+ Cars,Non-incapacitating,OTHER (DRIVER) - EXPLAIN IN NARRATIVE,E 3RD ST & S COLLEGE MALL,22357
2010,3,1,Weekend,1700,2-Car,No injury/unknown,DISREGARD SIGNAL/REG SIGN,3RD ST & SMITH,22358
2010,3,1,Weekday,2100,2-Car,No injury/unknown,FAILURE TO YIELD RIGHT OF WAY,E 3RD & N PETE ELLIS DR,22359
2010,3,2,Weekday,1700,2-Car,No injury/unknown,FAILURE TO YIELD RIGHT OF WAY,2500 E 3RD ST & COLLEGE MALL,22360
2010,3,4,Weekday,1700,2-Car,No injury/unknown,ACCELERATOR FAILURE OR DEFECTIVE,COLLEGE MALL & E 3RD ST,22361
2010,4,5,Weekday,1100,2-Car,No injury/unknown,UNSAFE BACKING,E 3RD ST,22362
2010,4,6,Weekday,1500,3+ Cars,No injury/unknown,FOLLOWING TOO CLOSELY,E 3RD ST & S KINGSTON,22363
2010,4,2,Weekday,1500,2-Car,No injury/unknown,OTHER (DRIVER) - EXPLAIN IN NARRATIVE,COLLEGE MALL ENTRANCE & COLLEGE MALL ROAD RD,22364
2010,4,5,Weekday,1500,2-Car,No injury/unknown,FAILURE TO YIELD RIGHT OF WAY,E 3RD & S COLLEGE MALL RD,22365
2010,4,5,Weekday,2000,2-Car,No injury/unknown,OTHER (DRIVER) - EXPLAIN IN NARRATIVE,3RD ST,22366
2010,4,3,Weekday,1500,2-Car,No injury/unknown,FOLLOWING TOO CLOSELY,SMITH & SR46E,22367
2010,4,7,Weekend,1300,2-Car,No injury/unknown,FAILURE TO YIELD RIGHT OF WAY,3RD ST & CLARIZZ,22368
2010,4,1,Weekend,1300,3+ Cars,No injury/unknown,SPEED TOO FAST FOR WEATHER CONDITIONS,E 3RD ST & PETE ELLIS,22369
2010,4,4,Weekday,1100,2-Car,No injury/unknown,FOLLOWING TOO CLOSELY,3RD ST & CLARIZZ,22370
2010,4,5,Weekday,1400,1-Car,No injury/unknown,DRIVER DISTRACTED - EXPLAIN IN NARRATIVE,E 3RD ST & S CLARIZZ,22371
2010,5,1,Weekend,1200,2-Car,No injury/unknown,FOLLOWING TOO CLOSELY,E 3RD ST & KINGSTON,22372
2010,5,5,Weekday,1500,3+ Cars,Non-incapacitating,FOLLOWING TOO CLOSELY,E 3RD ST & S PARK RIDGE,22373
2010,5,6,Weekday,1400,2-Car,Non-incapacitating,FOLLOWING TOO CLOSELY,3RD ST & PETE ELLIS,22374
2010,5,2,Weekday,1700,2-Car,No injury/unknown,FAILURE TO YIELD RIGHT OF WAY,3RD & SR46E,22375
2010,5,5,Weekday,0,Cyclist,Non-incapacitating,DISREGARD SIGNAL/REG SIGN,COLLEGE MALL & SR46E,22376
2010,5,4,Weekday,1800,3+ Cars,Non-incapacitating,FOLLOWING TOO CLOSELY,3RD ST & COLLEGE MALL,22377
2010,5,6,Weekday,1500,2-Car,No injury/unknown,UNSAFE BACKING,E 3RD ST,22378
2010,5,6,Weekend,1900,Moped/Motorcycle,Non-incapacitating,FAILURE TO YIELD RIGHT OF WAY,3RD ST & PARK RIDGE,22379
2010,5,1,Weekend,900,2-Car,Non-incapacitating,FOLLOWING TOO CLOSELY,E 3RD ST & SO COLLEGE MALL,22380
2010,6,7,Weekend,1100,2-Car,No injury/unknown,FOLLOWING TOO CLOSELY,E 3RD ST,22381
2010,6,3,Weekday,1500,2-Car,No injury/unknown,FOLLOWING TOO CLOSELY,COLLEGE MALL & E 3RD ST,22382
2010,5,1,Weekend,1800,2-Car,Non-incapacitating,FOLLOWING TOO CLOSELY,KINGSTON & THIRD ST,22383
2010,6,5,Weekday,1000,2-Car,No injury/unknown,UNSAFE BACKING,E 3RD ST,22384
2010,6,3,Weekday,1100,2-Car,No injury/unknown,FAILURE TO YIELD RIGHT OF WAY,3RD ST & PETE ELLIS DR DR,22385
2010,6,5,Weekday,1700,2-Car,No injury/unknown,OTHER (DRIVER) - EXPLAIN IN NARRATIVE,E 3RD ST,22386
2010,6,5,Weekday,2200,2-Car,Non-incapacitating,HEADLIGHT DEFECTIVE OR NOT ON,PETE ELLIS & SR46,22387
2010,6,4,Weekday,1300,2-Car,Non-incapacitating,FAILURE TO YIELD RIGHT OF WAY,3RD ST & COLLEGE MALL,22388
2010,7,6,Weekday,700,2-Car,No injury/unknown,UNSAFE LANE MOVEMENT,COLLEGE MALL & E 3RD ST,22389
2010,7,3,Weekday,1600,2-Car,Non-incapacitating,FOLLOWING TOO CLOSELY,4300 E 3RD ST & PARK RIDGE,22390
2010,7,5,Weekday,900,2-Car,No injury/unknown,OTHER (VEHICLE) - EXPLAIN IN NARRATIVE,E 3RD ST ST,22391
2010,8,5,Weekday,1700,2-Car,No injury/unknown,UNSAFE BACKING,E 3RD ST,22392
2010,8,6,Weekday,300,2-Car,No injury/unknown,UNSAFE BACKING,3RD ST,22393
2010,8,2,Weekday,1300,2-Car,No injury/unknown,OTHER (VEHICLE) - EXPLAIN IN NARRATIVE,E 3RD ST,22394
2010,8,1,Weekend,1300,2-Car,No injury/unknown,FAILURE TO YIELD RIGHT OF WAY,EAST 3RD & PETE ELLIS DR,22395
2010,8,2,Weekday,1300,2-Car,Non-incapacitating,FAILURE TO YIELD RIGHT OF WAY,E 3RD & SR46E,22396
2010,8,5,Weekday,1900,2-Car,Non-incapacitating,DISREGARD SIGNAL/REG SIGN,CLARIZZ & E 3RD ST,22397
2010,8,1,Weekend,1800,2-Car,No injury/unknown,UNSAFE BACKING,E 3RD ST,22398
2010,8,3,Weekday,2200,2-Car,Non-incapacitating,FOLLOWING TOO CLOSELY,3RD ST & CLARIZZ,22399
2010,8,7,Weekend,1200,2-Car,No injury/unknown,FAILURE TO YIELD RIGHT OF WAY,3RD ST & COLLEGE MALL,22400
2010,8,7,Weekend,1700,3+ Cars,Non-incapacitating,FOLLOWING TOO CLOSELY,COLLEGE MALL & THIRD ST,22401
2010,8,7,Weekend,1300,2-Car,No injury/unknown,FAILURE TO YIELD RIGHT OF WAY,E 3RD & S PETE ELLIS DR,22402
2010,9,4,Weekday,1800,2-Car,Non-incapacitating,FOLLOWING TOO CLOSELY,SMITH & THIRD ST,22403
2010,8,2,Weekday,2100,2-Car,No injury/unknown,OTHER (DRIVER) - EXPLAIN IN NARRATIVE,STATE ROAD 45,22404
2010,9,7,Weekend,1800,2-Car,Non-incapacitating,FOLLOWING TOO CLOSELY,3RD ST & PETE ELLIS,22405
2010,9,3,Weekday,1700,3+ Cars,Non-incapacitating,FOLLOWING TOO CLOSELY,E 3RD & S COLLEGE MALL RD,22406
2010,9,5,Weekday,1200,2-Car,Non-incapacitating,FOLLOWING TOO CLOSELY,3RD & CLARIZZ BLVD,22407
2010,9,6,Weekend,2300,2-Car,No injury/unknown,OTHER (DRIVER) - EXPLAIN IN NARRATIVE,E 3RD ST,22408
2010,9,7,Weekend,1600,2-Car,No injury/unknown,FOLLOWING TOO CLOSELY,E 3RD ST & KINGSTON,22409
2010,9,2,Weekday,1300,2-Car,Non-incapacitating,FAILURE TO YIELD RIGHT OF WAY,3RD ST & PARK RIDGE,22410
2010,9,2,Weekday,1600,2-Car,No injury/unknown,FOLLOWING TOO CLOSELY,MORNINGSIDE & SR46E,22411
2010,10,6,Weekend,1900,2-Car,No injury/unknown,UNSAFE BACKING,E 3RD ST,22412
2010,10,3,Weekday,1300,2-Car,No injury/unknown,FAILURE TO YIELD RIGHT OF WAY,COLLEGE MALL RD & E 3RD,22413
2010,10,4,Weekday,1000,2-Car,No injury/unknown,UNSAFE BACKING,S KINGSTON DR,22414
2010,10,5,Weekday,1100,2-Car,No injury/unknown,IMPROPER TURNING,E 3RD ST & E MORNINGSIDE,22415
2010,10,7,Weekend,1600,2-Car,No injury/unknown,OTHER (DRIVER) - EXPLAIN IN NARRATIVE,E 3RD ST,22416
2010,10,7,Weekend,1600,2-Car,Non-incapacitating,FAILURE TO YIELD RIGHT OF WAY,3RD & COLLEGE MALL RD,22417
2010,10,5,Weekday,1500,3+ Cars,Non-incapacitating,FOLLOWING TOO CLOSELY,COLLEGE MALL RD & EAST 3RD,22418
2010,10,5,Weekday,1100,Pedestrian,Non-incapacitating,FAILURE TO YIELD RIGHT OF WAY,E 3RD ST & S KINGSTON,22419
2010,10,5,Weekday,1900,2-Car,No injury/unknown,UNSAFE BACKING,3900 E 3RD ST & SMITH,22420
2010,10,7,Weekend,1700,2-Car,No injury/unknown,FAILURE TO YIELD RIGHT OF WAY,EAST 3RD ST & PETE ELLIS,22421
2010,10,7,Weekend,1500,2-Car,No injury/unknown,UNSAFE BACKING,E 3RD ST,22422
2010,10,6,Weekday,1000,2-Car,No injury/unknown,OTHER (DRIVER) - EXPLAIN IN NARRATIVE,COLLEGE MALL RD & E 3RD,22423
2010,10,6,Weekday,1700,3+ Cars,No injury/unknown,FOLLOWING TOO CLOSELY,E 3RD ST & S PETE ELLIS,22424
2010,10,3,Weekday,1100,2-Car,No injury/unknown,FOLLOWING TOO CLOSELY,E 3RD & SMITH RD,22425
2010,11,4,Weekday,700,Bus,No injury/unknown,DISREGARD SIGNAL/REG SIGN,E 3RD ST ST & KINGSTON DR,22426
2010,11,2,Weekday,0,2-Car,No injury/unknown,OTHER (DRIVER) - EXPLAIN IN NARRATIVE,COLLEGE MALL RD,22427
2010,11,3,Weekday,1700,2-Car,No injury/unknown,SPEED TOO FAST FOR WEATHER CONDITIONS,E 3RD & S PETE ELLIS DR,22428
2010,11,6,Weekday,1600,2-Car,No injury/unknown,UNSAFE BACKING,3333 E 3RD ST & CLARIZZ,22429