year,month,day,weekend,hour,collision_type,injury_type,primary_factor,reported_location,unique_id
2010,12,2,Weekday,1300,2-Car,No injury/unknown,FOLLOWING TOO CLOSELY,S ROGERS & WEST 2ND ST,22645
2010,5,6,Weekday,1000,2-Car,No injury/unknown,OTHER (DRIVER) - EXPLAIN IN NARRATIVE,2ND ST & MORTSON,22646
2010,6,4,Weekday,1800,2-Car,No injury/unknown,CELL PHONE USAGE,S MORTON & W 2ND ST,22647
2010,9,5,Weekday,1300,2-Car,No injury/unknown,OTHER (DRIVER) - EXPLAIN IN NARRATIVE,2ND ST & MORTON,22648
2010,11,2,Weekday,900,2-Car,No injury/unknown,FAILURE TO YIELD RIGHT OF WAY,2ND ST & MORTON,22649
2010,8,7,Weekend,1700,2-Car,No injury/unknown,UNSAFE BACKING,WEST SECOND ST,22650
2010,4,6,Weekday,900,3+ Cars,No injury/unknown,OTHER (DRIVER) - EXPLAIN IN NARRATIVE,2ND ST & COLLEGE,22651
2010,4,4,Weekday,1100,2-Car,No injury/unknown,FOLLOWING TOO CLOSELY,2ND & COLLEGE AVE,22652
2010,5,5,Weekday,1600,2-Car,Non-incapacitating,FOLLOWING TOO CLOSELY,COLLEGE & SECOND ST,22653
2010,11,3,Weekday,1700,2-Car,No injury/unknown,SPEED TOO FAST FOR WEATHER CONDITIONS,S COLLEGE AVE & W 2ND,22654
2010,12,6,Weekday,0,2-Car,No injury/unknown,DISREGARD SIGNAL/REG SIGN,2ND & COLLEGE AVE,22655
2010,12,2,Weekday,1900,2-Car,No injury/unknown,WRONG WAY ON ONE WAY,S COLLEGE & W 2ND ST,22656
2010,2,2,Weekday,700,2-Car,No injury/unknown,FAILURE TO YIELD RIGHT OF WAY,2ND ST ST & GRANT ST,22657
2010,8,5,Weekday,1900,2-Car,No injury/unknown,DISREGARD SIGNAL/REG SIGN,2ND ST & FESS,22658
2010,11,4,Weekday,1000,2-Car,Non-incapacitating,DISREGARD SIGNAL/REG SIGN,2ND ST & HENDERSON,22659
2010,1,1,Weekday,2100,2-Car,Non-incapacitating,LEFT OF CENTER,STARDUST & WATERSTONE TR,22660
2010,4,3,Weekday,2000,Cyclist,Non-incapacitating,IMPROPER TURNING,2ND ST & LINCOLN,22661
2010,12,3,Weekday,1200,2-Car,No injury/unknown,OTHER (DRIVER) - EXPLAIN IN NARRATIVE,EAST 2ND ST,22662
2010,3,2,Weekday,1000,2-Car,No injury/unknown,OTHER (DRIVER) - EXPLAIN IN NARRATIVE,SO WOODSCREST ST,22663
2010,2,1,Weekend,1700,2-Car,No injury/unknown,OTHER (DRIVER) - EXPLAIN IN NARRATIVE,SOUTH MAGNOLIA CT,22664
2010,6,7,Weekend,100,2-Car,No injury/unknown,IMPROPER LANE USAGE,2ND ST & PARK,22665
2010,11,4,Weekday,1600,2-Car,No injury/unknown,SPEED TOO FAST FOR WEATHER CONDITIONS,2ND ST & PARK,22666
2010,7,6,Weekday,1200,2-Car,No injury/unknown,UNSAFE BACKING,S CLARIZZ BLVD,22667
2010,9,6,Weekday,1700,2-Car,No injury/unknown,FAILURE TO YIELD RIGHT OF WAY,2ND & JORDAN AVE,22668
2010,11,6,Weekday,1400,2-Car,No injury/unknown,UNSAFE BACKING,E 2ND & WOODLAWN AVE,22669
2010,9,1,Weekend,1200,2-Car,No injury/unknown,DISREGARD SIGNAL/REG SIGN,2ND ST & WOODLAWN,22670
2010,12,4,Weekday,200,1-Car,No injury/unknown,OTHER (DRIVER) - EXPLAIN IN NARRATIVE,2ND & BALLANTINE RD,22671
2010,12,7,Weekend,1600,2-Car,No injury/unknown,FAILURE TO YIELD RIGHT OF WAY,E 2ND & S JORDAN AVE,22672
2010,12,7,Weekend,800,2-Car,No injury/unknown,DISREGARD SIGNAL/REG SIGN,2ND & JORDAN AVE,22673
2010,12,5,Weekday,2000,2-Car,Non-incapacitating,ROADWAY SURFACE CONDITION,E 2ND & S HIGH ST,22674
2010,9,5,Weekday,1100,1-Car,No injury/unknown,OTHER (DRIVER) - EXPLAIN IN NARRATIVE,W 2ND ST,22675
2010,3,5,Weekday,1700,2-Car,No injury/unknown,FOLLOWING TOO CLOSELY,COLLEGE MALL & S COLLEGE MALL RD,22676
2010,4,3,Weekday,800,2-Car,Non-incapacitating,FAILURE TO YIELD RIGHT OF WAY,2ND ST & COLLEGE MALL,22677
2010,7,6,Weekend,2100,2-Car,Non-incapacitating,OTHER (DRIVER) - EXPLAIN IN NARRATIVE,E 2ND & S COLLEGE MALL RD,22678
2010,10,4,Weekday,200,2-Car,No injury/unknown,FAILURE TO YIELD RIGHT OF WAY,E 2ND & S COLLEGE MALL RD,22679
2010,12,7,Weekend,1600,2-Car,No injury/unknown,IMPROPER TURNING,E 2ND & S COLLEGE MALL RD,22680
2010,7,6,Weekday,1700,2-Car,No injury/unknown,TRAFFIC CONTROL INOPERATIVE/MISSING/OBSC,2ND & COLLEGE MALL RD,22681
2010,11,4,Weekday,2200,2-Car,No injury/unknown,UNSAFE LANE MOVEMENT,E 2ND & S COLLEGE MALL RD,22682
2010,3,2,Weekday,1000,2-Car,No injury/unknown,UNSAFE BACKING,2ND ST & WOODSCREST,22683
2010,5,6,Weekday,1600,2-Car,No injury/unknown,DISREGARD SIGNAL/REG SIGN,COLLEGE MALL RD & SECOND,22684
2010,3,5,Weekday,1000,2-Car,No injury/unknown,OTHER (DRIVER) - EXPLAIN IN NARRATIVE,ARCH HAVEN & LANDMARK AVE,22685
2010,2,6,Weekday,1600,1-Car,No injury/unknown,OTHER (DRIVER) - EXPLAIN IN NARRATIVE,S COLLEGE MALL RD,22686
2010,10,2,Weekday,1700,2-Car,No injury/unknown,UNSAFE BACKING,SOUTH COLLEGE AVE,22687
2010,1,6,Weekday,1700,2-Car,No injury/unknown,OTHER (DRIVER) - EXPLAIN IN NARRATIVE,W 2ND ST,22688
2010,5,6,Weekday,1800,2-Car,Non-incapacitating,FOLLOWING TOO CLOSELY,2ND & COLLEGE AVE,22689
2010,2,4,Weekday,400,2-Car,No injury/unknown,SPEED TOO FAST FOR WEATHER CONDITIONS,2ND ST & PATTERSON,22690
2010,2,5,Weekday,1300,3+ Cars,Non-incapacitating,FOLLOWING TOO CLOSELY,PATTERSON DR & WEST 2 ST ST,22691
2010,3,6,Weekday,1700,2-Car,Non-incapacitating,FOLLOWING TOO CLOSELY,PATTERSON & W 2ND ST,22692
2010,6,6,Weekday,1100,2-Car,No injury/unknown,FOLLOWING TOO CLOSELY,2ND ST & PATTERSON,22693
2010,6,6,Weekday,1000,2-Car,No injury/unknown,OTHER (DRIVER) - EXPLAIN IN NARRATIVE,2ND ST & PATTERSON,22694
2010,12,7,Weekend,0,1-Car,No injury/unknown,RAN OFF ROAD RIGHT,S CURRY PIKE,22695
2010,7,2,Weekday,1000,2-Car,Non-incapacitating,FAILURE TO YIELD RIGHT OF WAY,2ND ST & PATTERSON,22696
2010,7,5,Weekday,800,2-Car,Non-incapacitating,FOLLOWING TOO CLOSELY,2ND ST & PATTERSON,22697
2010,8,6,Weekday,1400,2-Car,Non-incapacitating,DRIVER DISTRACTED - EXPLAIN IN NARRATIVE,2ND ST & PATTERSON,22698
2010,8,5,Weekday,1600,2-Car,No injury/unknown,FOLLOWING TOO CLOSELY,2ND ST & S PATTERSON,22699
2010,9,7,Weekend,400,1-Car,No injury/unknown,RAN OFF ROAD RIGHT,2ND ST & PATTERSON,22700
2010,12,1,Weekday,2000,2-Car,No injury/unknown,OVERCORRECTING/OVERSTEERING,S PATTERSON DR & W 2ND,22701
2010,12,6,Weekday,1300,2-Car,No injury/unknown,UNSAFE BACKING,2ND & PATTERSON DR,22702
2010,12,7,Weekend,2300,2-Car,No injury/unknown,FOLLOWING TOO CLOSELY,2ND ST & PATTERSON,22703
2010,1,2,Weekday,2100,2-Car,No injury/unknown,SPEED TOO FAST FOR WEATHER CONDITIONS,ADAMS & BLOOMFIELD RD,22704
2010,12,6,Weekday,1100,2-Car,No injury/unknown,UNSAFE BACKING,S LANDMARK AVE,22705
2010,1,3,Weekday,2200,2-Car,No injury/unknown,FAILURE TO YIELD RIGHT OF WAY,HENDERSON ST & UNIVERSITY,22706
2010,4,7,Weekend,1600,3+ Cars,No injury/unknown,FAILURE TO YIELD RIGHT OF WAY,HENDERSON AVE & UNIVERSITY,22707
2010,4,2,Weekday,1200,2-Car,No injury/unknown,DISREGARD SIGNAL/REG SIGN,2ND ST & ADAMS,22708
2010,5,3,Weekday,1300,2-Car,No injury/unknown,DISREGARD SIGNAL/REG SIGN,ADAMS & BLOOMFIELD RD,22709
2010,11,2,Weekday,900,2-Car,No injury/unknown,DISREGARD SIGNAL/REG SIGN,2ND ST & ADAMS,22710
2010,12,5,Weekday,1700,2-Car,No injury/unknown,DRIVER DISTRACTED - EXPLAIN IN NARRATIVE,2ND ST & ADAMS,22711
2010,5,7,Weekend,1200,2-Car,No injury/unknown,UNSAFE BACKING,550 S WALNUT ST ST,22712
2010,12,1,Weekend,1700,2-Car,No injury/unknown,OVERCORRECTING/OVERSTEERING,4TH & INDIANA AVE,22713
2010,10,2,Weekday,800,2-Car,No injury/unknown,UNSAFE BACKING,LANDMARK AVE,22714
2010,2,1,Weekend,1600,2-Car,No injury/unknown,OTHER (DRIVER) - EXPLAIN IN NARRATIVE,W BLOOMFIELD RD,22715
2010,1,3,Weekday,1500,2-Car,No injury/unknown,FAILURE TO YIELD RIGHT OF WAY,BLOOMFIELD RD & LANDMARK,22716
2010,3,7,Weekend,2100,2-Car,No injury/unknown,DISREGARD SIGNAL/REG SIGN,BLOOMFIELD & LANDMARK AVE,22717
2010,8,3,Weekday,1500,2-Car,Non-incapacitating,OTHER (DRIVER) - EXPLAIN IN NARRATIVE,LANDMARK & WEST BLOOMFIELD RD,22718
2010,6,3,Weekday,1500,2-Car,No injury/unknown,UNSAFE BACKING,SOUTH ADAMS ST,22719
2010,9,7,Weekend,100,2-Car,No injury/unknown,FOLLOWING TOO CLOSELY,N COLLEGE AVE & NINTH,22720
2010,8,3,Weekday,1200,2-Car,No injury/unknown,UNSAFE BACKING,SIXTH & WALNUT ST,22721
2010,12,1,Weekend,1400,3+ Cars,Non-incapacitating,SPEED TOO FAST FOR WEATHER CONDITIONS,E BUICK CADILLAC & S CLARIZZ BLVD,22722
2010,1,2,Weekday,1700,2-Car,No injury/unknown,OTHER (DRIVER) - EXPLAIN IN NARRATIVE,S ROGERS ST & W 1ST,22723
2010,3,4,Weekday,1500,2-Car,No injury/unknown,LEFT OF CENTER,FIRST ST & ROGERS,22724
2010,9,6,Weekday,1300,2-Car,Non-incapacitating,FAILURE TO YIELD RIGHT OF WAY,DAVIS & S WALNUT ST,22725
2010,11,5,Weekday,0,2-Car,No injury/unknown,OTHER (DRIVER) - EXPLAIN IN NARRATIVE,WEST 1ST ST,22726
2010,5,4,Weekday,1200,2-Car,No injury/unknown,FOLLOWING TOO CLOSELY,S COLLEGE AVE & W 1ST,22727
2010,7,2,Weekday,1700,2-Car,Non-incapacitating,FOLLOWING TOO CLOSELY,S MORTON & W 1ST ST,22728
2010,11,7,Weekend,1500,2-Car,No injury/unknown,IMPROPER TURNING,COLLEGE AVE & FIRST,22729
2010,1,3,Weekday,1900,2-Car,No injury/unknown,FAILURE TO YIELD RIGHT OF WAY,1ST ST & FESS,22730
2010,7,1,Weekend,0,2-Car,No injury/unknown,DRIVER DISTRACTED - EXPLAIN IN NARRATIVE,1ST & FESS AVE,22731
2010,9,6,Weekday,1600,2-Car,No injury/unknown,UNSAFE BACKING,E 1ST ST & S HENDERSON,22732
2010,9,6,Weekend,1900,Cyclist,Non-incapacitating,DISREGARD SIGNAL/REG SIGN,E 1ST ST & S GRANT,22733
2010,9,6,Weekday,1200,2-Car,Non-incapacitating,FAILURE TO YIELD RIGHT OF WAY,1ST ST & FESS,22734
2010,12,3,Weekday,1600,2-Car,Non-incapacitating,FAILURE TO YIELD RIGHT OF WAY,E 1ST ST & S HAWTHORNE,22735
2010,2,2,Weekday,1100,2-Car,No injury/unknown,DISREGARD SIGNAL/REG SIGN,1ST ST & HAWTHORNE,22736
2010,10,7,Weekend,1200,2-Car,No injury/unknown,FOLLOWING TOO CLOSELY,BLOOMFIELD RD & RANSOM,22737
2010,11,6,Weekday,1800,Cyclist,Non-incapacitating,FAILURE TO YIELD RIGHT OF WAY,1ST & JORDAN AVE,22738
2010,12,2,Weekday,1600,2-Car,No injury/unknown,FOLLOWING TOO CLOSELY,S RANSOM & W BLOOMFIELD RD,22739
2010,10,7,Weekend,1100,2-Car,Non-incapacitating,FAILURE TO YIELD RIGHT OF WAY,E 1ST & S HIGH ST,22740
2010,6,3,Weekday,800,Bus,No injury/unknown,UNSAFE BACKING,S BASSWOOD DR,22741
2010,5,5,Weekday,1200,2-Car,No injury/unknown,OTHER (DRIVER) - EXPLAIN IN NARRATIVE,COLLEGE MALL RD,22742
2010,5,7,Weekend,1400,2-Car,No injury/unknown,UNSAFE BACKING,BASSWOOD DR,22743
2010,4,5,Weekday,1100,3+ Cars,No injury/unknown,ANIMAL/OBJECT IN ROADWAY,BENNINGTON BLVD & SMITH,22744
2010,11,6,Weekday,1400,2-Car,No injury/unknown,UNSAFE BACKING,SOUTH COLLEGE MALL RD,22745
2010,1,4,Weekday,2000,2-Car,No injury/unknown,SPEED TOO FAST FOR WEATHER CONDITIONS,S BASSWOOD DR,22746
2010,1,1,Weekday,2200,2-Car,No injury/unknown,DRIVER DISTRACTED - EXPLAIN IN NARRATIVE,MIDDLE CT & WESTWOOD,22747
2010,7,3,Weekday,1400,1-Car,Non-incapacitating,BRAKE FAILURE OR DEFECTIVE,GARRISON CHAPEL RD & HENDRICKS,22748
2010,12,1,Weekend,1100,1-Car,No injury/unknown,SPEED TOO FAST FOR WEATHER CONDITIONS,GARRISON CHAPEL & HENDRICK RD,22749
2010,2,3,Weekday,1300,1-Car,Non-incapacitating,RAN OFF ROAD RIGHT,BOTTOM & SR37S,22750
2010,4,7,Weekend,1100,2-Car,No injury/unknown,OTHER (DRIVER) - EXPLAIN IN NARRATIVE,BASSWOOD DR & MULLER,22751
2010,5,3,Weekday,2000,2-Car,No injury/unknown,FAILURE TO YIELD RIGHT OF WAY,BASSWOOD DR & MULLER,22752
2010,9,3,Weekday,1000,2-Car,No injury/unknown,OTHER (DRIVER) - EXPLAIN IN NARRATIVE,BASSWOOD DR & MUELLER,22753
2010,12,1,Weekday,2200,2-Car,No injury/unknown,LEFT OF CENTER,BRIGHTON CT & PEMBROOK,22754
2010,3,4,Weekday,600,Cyclist,Non-incapacitating,IMPROPER TURNING,S ROGERS ST & W WYLIE,22755
2010,6,5,Weekday,1100,3+ Cars,No injury/unknown,BRAKE FAILURE OR DEFECTIVE,S WALNUT ST ST & WYLIE ST,22756
2010,4,4,Weekday,1600,2-Car,Non-incapacitating,DRIVER DISTRACTED - EXPLAIN IN NARRATIVE,DOYLE & S CURRY PIKE,22757
2010,7,5,Weekday,1100,3+ Cars,No injury/unknown,FOLLOWING TOO CLOSELY,CURRY PIKE PIKE & DOYLE AVE,22758
2010,4,7,Weekend,2300,2-Car,No injury/unknown,UNSAFE LANE MOVEMENT,HENDERSON & WYLIE ST,22759
2010,11,7,Weekend,2000,3+ Cars,No injury/unknown,OTHER (DRIVER) - EXPLAIN IN NARRATIVE,ADAMS HILL CIR & COUNTRYSIDE,22760
2010,7,4,Weekday,1100,2-Car,No injury/unknown,OTHER (DRIVER) - EXPLAIN IN NARRATIVE,EASTSIDE DR & MAXWELL,22761
2010,2,2,Weekday,1400,2-Car,No injury/unknown,OTHER TELEMATICS IN USE,BUICK CADILLAC & S COLLEGE MALL RD,22762
2010,4,6,Weekday,1700,Bus,No injury/unknown,UNSAFE LANE MOVEMENT,E BUICK CADILLAC & S COLLEGE MALL RD,22763
2010,12,6,Weekday,1300,3+ Cars,No injury/unknown,FOLLOWING TOO CLOSELY,BUICK CADILLAC & COLLEGE MALL RD,22764
2010,4,7,Weekend,1600,2-Car,No injury/unknown,FAILURE TO YIELD RIGHT OF WAY,BUICK CADILLAC & COLLEGE MALL RD,22765
2010,7,7,Weekend,1200,Bus,Non-incapacitating,OTHER (DRIVER) - EXPLAIN IN NARRATIVE,BUICK CADILLAC & COLLEGE MALL RD,22766
2010,3,5,Weekday,1600,2-Car,No injury/unknown,ROADWAY SURFACE CONDITION,ANN LEE & W BLOOMFIELD RD,22767
2010,4,4,Weekday,1500,2-Car,No injury/unknown,FOLLOWING TOO CLOSELY,ANNA LEE & BLOOMFIELD RD,22768
2010,6,4,Weekday,1500,1-Car,No injury/unknown,RAN OFF ROAD RIGHT,SMITH RD & STONEGATE,22769
2010,5,1,Weekend,300,Pedestrian,Incapacitating,LEFT OF CENTER,MAXWELL LN & PARK,22770
2010,4,7,Weekend,2200,1-Car,No injury/unknown,IMPROPER TURNING,JORDAN AVE & MAXWELL,22771
2010,6,4,Weekday,1900,2-Car,No injury/unknown,FAILURE TO YIELD RIGHT OF WAY,JORDAN & MAXWELL LN,22772
2010,9,2,Weekday,1000,2-Car,No injury/unknown,DISREGARD SIGNAL/REG SIGN,JORDON AVE & MAXWELL,22773
2010,8,5,Weekday,1800,2-Car,Non-incapacitating,DISREGARD SIGNAL/REG SIGN,HIGH ST & MAXWELL,22774
2010,8,6,Weekday,1700,2-Car,No injury/unknown,FAILURE TO YIELD RIGHT OF WAY,E MAXWELL LN & S MITCHELL,22775
2010,6,3,Weekday,1200,2-Car,No injury/unknown,UNSAFE BACKING,DODD ST & WALNUT,22776
2010,5,6,Weekday,300,1-Car,No injury/unknown,OTHER (DRIVER) - EXPLAIN IN NARRATIVE,W DODDS ST,22777
2010,7,5,Weekday,0,2-Car,No injury/unknown,RAN OFF ROAD RIGHT,W DODDS LOT 8 ST,22778
2010,10,6,Weekday,1600,2-Car,No injury/unknown,FOLLOWING TOO CLOSELY,FRIENDSHIP & SR46E,22779
2010,8,7,Weekend,100,3+ Cars,No injury/unknown,OTHER (DRIVER) - EXPLAIN IN NARRATIVE,S FAIRVIEW & W DODDS ST,22780
2010,7,5,Weekday,1000,2-Car,Non-incapacitating,FAILURE TO YIELD RIGHT OF WAY,E DODDS & SO LINCOLN ST,22781
2010,10,1,Weekend,1300,2-Car,No injury/unknown,LEFT OF CENTER,415 E DODDS ST & S PALMER,22782
2010,3,5,Weekday,700,2-Car,Non-incapacitating,DISREGARD SIGNAL/REG SIGN,DODDS & ROGERS ST,22783
2010,3,5,Weekday,2100,2-Car,Non-incapacitating,FAILURE TO YIELD RIGHT OF WAY,BLOOMFIELD RD & CORY,22784
2010,6,1,Weekday,2300,2-Car,No injury/unknown,LEFT OF CENTER,DOYLE AVE,22785
2010,10,5,Weekday,2300,2-Car,No injury/unknown,UNSAFE LANE MOVEMENT,DODDS & WALNUT ST,22786
2010,1,5,Weekday,1500,2-Car,No injury/unknown,OTHER (DRIVER) - EXPLAIN IN NARRATIVE,SOUTH CURRY PIKE,22787
2010,2,2,Weekday,1900,2-Car,No injury/unknown,UNSAFE BACKING,LARKSPUR LN & WOODHILL,22788
2010,4,6,Weekday,1400,2-Car,Non-incapacitating,FAILURE TO YIELD RIGHT OF WAY,CORY & W BLOOMFIELD RD,22789
2010,10,1,Weekend,200,1-Car,Non-incapacitating,OVERCORRECTING/OVERSTEERING,PARK SQUARE DR & WOODSIDE,22790
2010,12,7,Weekend,2300,1-Car,No injury/unknown,ROADWAY SURFACE CONDITION,CORY & W BLOOMFIELD RD,22791
2010,1,5,Weekday,2200,2-Car,No injury/unknown,BRAKE FAILURE OR DEFECTIVE,E WINDERMERE WOODS DR,22792
2010,7,5,Weekday,900,1-Car,Non-incapacitating,DRIVER ILLNESS,PARK SQUARE DR & WOODSIDE,22793
2010,2,1,Weekend,300,Pedestrian,Incapacitating,PEDESTRIAN ACTION,DODDS & HENDERSON ST,22794
2010,11,5,Weekday,1600,2-Car,No injury/unknown,UNSAFE LANE MOVEMENT,1100 SOUTH CURRY PIKE & GIFFORD,22795
2010,11,6,Weekday,800,2-Car,No injury/unknown,UNSAFE BACKING,PAPER BIRCH CT,22796
2010,11,4,Weekday,1000,2-Car,No injury/unknown,UNSAFE BACKING,E GENTRY & SO GRAYWEELL ST,22797
2010,12,3,Weekday,1300,2-Car,Non-incapacitating,DISREGARD SIGNAL/REG SIGN,CURRY PIKE RD & GIFFORD,22798
2010,5,7,Weekend,2300,1-Car,Non-incapacitating,RAN OFF ROAD RIGHT,CURRY PIKE & GIFFORD,22799
2010,2,2,Weekday,1600,2-Car,No injury/unknown,OVERCORRECTING/OVERSTEERING,SOUTH COLLEGE MALL RD,22800
2010,1,2,Weekday,1300,2-Car,No injury/unknown,FAILURE TO YIELD RIGHT OF WAY,HIGHLAND & SHERIDAN DR,22801
2010,1,6,Weekday,1400,2-Car,No injury/unknown,FAILURE TO YIELD RIGHT OF WAY,S MONROE MEDICAL PARK BLVD,22802
2010,5,3,Weekday,200,Moped/Motorcycle,Non-incapacitating,UNSAFE SPEED,ALLEN & BLOOMFIELD RD,22803
2010,7,2,Weekday,1800,2-Car,No injury/unknown,FOLLOWING TOO CLOSELY,W ALLEN & W BLOOMFIELD RD,22804
2010,11,7,Weekend,700,Pedestrian,Non-incapacitating,PEDESTRIAN ACTION,CURRY & SR45W,22805
2010,7,4,Weekday,1100,1-Car,No injury/unknown,RAN OFF ROAD RIGHT,ALLEN & BLOOMFIELD RD,22806
2010,12,4,Weekday,1500,2-Car,Non-incapacitating,FAILURE TO YIELD RIGHT OF WAY,ALLEN & BLOOMFIELD RD,22807
2010,8,3,Weekday,1400,2-Car,No injury/unknown,UNSAFE BACKING,1302 EAST THIRD (EAST LOT) ST & 3RD,22808
2010,3,1,Weekend,300,2-Car,No injury/unknown,IMPROPER LANE USAGE,KIRKWOOD & S COLLEGE AVE,22809
2010,6,4,Weekday,400,1-Car,No injury/unknown,RAN OFF ROAD RIGHT,ALLEN ST,22810
2010,11,7,Weekend,0,2-Car,No injury/unknown,UNSAFE BACKING,BASSWOOD DR,22811
2010,1,6,Weekday,800,2-Car,No injury/unknown,FAILURE TO YIELD RIGHT OF WAY,ADAMS HILL & S ADAMS ST,22812
2010,8,7,Weekend,1100,2-Car,No injury/unknown,UNSAFE LANE MOVEMENT,S ADAMS & W ALLEN ST,22813
2010,12,5,Weekday,1200,2-Car,Non-incapacitating,FAILURE TO YIELD RIGHT OF WAY,S ADAMS & W ALLEN ST,22814
2010,1,7,Weekend,1600,2-Car,No injury/unknown,OTHER (DRIVER) - EXPLAIN IN NARRATIVE,ADAMS & ALLEN ST,22815
2010,11,2,Weekday,1100,2-Car,No injury/unknown,OTHER (DRIVER) - EXPLAIN IN NARRATIVE,ALLEN ST & RANSOM,22816
2010,4,6,Weekday,1300,1-Car,No injury/unknown,BRAKE FAILURE OR DEFECTIVE,WEST ALLEN ST,22817
2010,9,7,Weekend,1000,2-Car,No injury/unknown,OTHER (DRIVER) - EXPLAIN IN NARRATIVE,HEARTWOOD CT,22818
2010,1,5,Weekday,800,2-Car,No injury/unknown,FAILURE TO YIELD RIGHT OF WAY,ALLEN ST & ROGERS,22819
2010,4,2,Weekday,200,2-Car,No injury/unknown,UNSAFE BACKING,ALLEN ST,22820
2010,3,3,Weekday,1700,2-Car,No injury/unknown,FOLLOWING TOO CLOSELY,SHADELAND & WEST BLOOMFIELD RD,22821
2010,1,4,Weekday,1300,2-Car,No injury/unknown,FAILURE TO YIELD RIGHT OF WAY,SHADELAND & W BLOOMFIELD RD,22822
2010,8,5,Weekday,1200,2-Car,No injury/unknown,FAILURE TO YIELD RIGHT OF WAY,ALLEN & WASHINGTON ST,22823
2010,2,7,Weekend,1300,2-Car,No injury/unknown,FAILURE TO YIELD RIGHT OF WAY,COLLEGE MALL RD & EAST 2ND,22824
2010,3,5,Weekday,300,1-Car,Incapacitating,OTHER (DRIVER) - EXPLAIN IN NARRATIVE,ALLEN ST & PATTERSON,22825
2010,2,7,Weekend,1100,2-Car,No injury/unknown,FOLLOWING TOO CLOSELY,ALLEN & PATERSON ST,22826
2010,7,4,Weekday,1700,Moped/Motorcycle,Non-incapacitating,RAN OFF ROAD RIGHT,ALLEN & PATTERSON AVE,22827
2010,3,6,Weekday,1300,Cyclist,No injury/unknown,FAILURE TO YIELD RIGHT OF WAY,ALLEN & SOUTH WALNUT ST,22828
2010,4,1,Weekend,200,2-Car,No injury/unknown,DISREGARD SIGNAL/REG SIGN,ALDER & BASSWOOD DR,22829
2010,6,5,Weekday,1600,2-Car,No injury/unknown,FAILURE TO YIELD RIGHT OF WAY,S WALNUT ST,22830
2010,4,6,Weekend,1900,2-Car,No injury/unknown,UNSAFE BACKING,W BLOOMFIELD RD,22831
2010,9,2,Weekday,0,2-Car,No injury/unknown,IMPROPER TURNING,S WALNUT ST,22832
2010,11,2,Weekday,1500,2-Car,No injury/unknown,IMPROPER LANE USAGE,JORDAN AVE & SOUTHDOWNS,22833
2010,2,5,Weekday,600,2-Car,No injury/unknown,FOLLOWING TOO CLOSELY,COLLEGE MALL RD & E COVENATOR,22834
2010,4,6,Weekend,2300,2-Car,Non-incapacitating,FAILURE TO YIELD RIGHT OF WAY,COLLEGE MALL RD & COVENATER,22835
2010,8,7,Weekend,1500,Pedestrian,Non-incapacitating,OTHER (DRIVER) - EXPLAIN IN NARRATIVE,COLLEGE MALL RD & COVENANTER,22836
2010,12,7,Weekend,2100,1-Car,No injury/unknown,RAN OFF ROAD RIGHT,COLLEGE MALL RD & COVENANTER,22837
2010,5,5,Weekday,2100,2-Car,No injury/unknown,FAILURE TO YIELD RIGHT OF WAY,1200 S COLLEGE MALL RD & E COVENANTER,22838
2010,6,7,Weekend,2300,2-Car,No injury/unknown,FAILURE TO YIELD RIGHT OF WAY,AUTO MALL & COVENANTER DR,22839
2010,11,7,Weekend,2300,2-Car,No injury/unknown,FOLLOWING TOO CLOSELY,E COVENANTER DR & S AUTO MALL,22840
2010,9,2,Weekday,1600,2-Car,No injury/unknown,DISREGARD SIGNAL/REG SIGN,AUTO MALL & COVENANTER DR,22841
2010,10,5,Weekday,1500,2-Car,No injury/unknown,DISREGARD SIGNAL/REG SIGN,AUTO MALL RD & COVENATER,22842
2010,3,7,Weekend,1700,3+ Cars,No injury/unknown,OTHER (DRIVER) - EXPLAIN IN NARRATIVE,BLOOMFIELD RD & ROLLING RIDGE,22843
2010,4,6,Weekday,1000,2-Car,No injury/unknown,OTHER (DRIVER) - EXPLAIN IN NARRATIVE,S CLARIZZ BLVD,22844
2010,4,1,Weekend,600,1-Car,No injury/unknown,BRAKE FAILURE OR DEFECTIVE,E COVENANTER DR,22845
2010,3,4,Weekday,2200,1-Car,No injury/unknown,RAN OFF ROAD RIGHT,APPLE TREE & WEST GIFFORD RD,22846
2010,8,2,Weekday,1500,2-Car,No injury/unknown,UNSAFE BACKING,S COLLEGE MALL RD,22847
2010,9,5,Weekday,100,1-Car,No injury/unknown,ANIMAL/OBJECT IN ROADWAY,FRIENDSHIP & SR46W,22848
2010,1,2,Weekday,1700,2-Car,No injury/unknown,FOLLOWING TOO CLOSELY,DAVIS & WALNUT ST,22849
2010,10,3,Weekday,1300,Cyclist,Non-incapacitating,FAILURE TO YIELD RIGHT OF WAY,DAVIS ST & WALNUT,22850
2010,12,6,Weekday,1500,2-Car,Non-incapacitating,FOLLOWING TOO CLOSELY,DAVIS & WALNUT ST,22851
2010,2,6,Weekend,2300,Bus,No injury/unknown,UNSAFE BACKING,GREENLEAF DR,22852
2010,4,5,Weekday,2100,2-Car,Non-incapacitating,FOLLOWING TOO CLOSELY,W BLOOMFIELD RD & WEIMER,22853