year,month,day,weekend,hour,collision_type,injury_type,primary_factor,reported_location,unique_id
2010,7,4,Weekday,900,2-Car,No injury/unknown,OTHER (DRIVER) - EXPLAIN IN NARRATIVE,BLOOMFIELD RD & WEIMER,22854
2010,4,2,Weekday,1500,2-Car,No injury/unknown,UNSAFE BACKING,COLLEGE MALL RD,22855
2010,11,5,Weekday,1600,2-Car,Non-incapacitating,FOLLOWING TOO CLOSELY,BLOOMFIELD RD & WEIMER,22856
2010,6,4,Weekday,1600,2-Car,No injury/unknown,FOLLOWING TOO CLOSELY,BLOOMFIELD RD & WEIMER,22857
2010,8,3,Weekday,1700,2-Car,No injury/unknown,DRIVER DISTRACTED - EXPLAIN IN NARRATIVE,BLOOMFIELD RD & S WEIMER,22858
2010,4,6,Weekday,1300,2-Car,No injury/unknown,OTHER (DRIVER) - EXPLAIN IN NARRATIVE,S COLLEGE MALL RD,22859
2010,8,6,Weekday,1800,2-Car,No injury/unknown,FAILURE TO YIELD RIGHT OF WAY,S COLLEGE MALL RD,22860
2010,8,3,Weekday,1600,2-Car,No injury/unknown,UNSAFE BACKING,S COLLEGE MALL RD,22861
2010,11,4,Weekday,1400,2-Car,No injury/unknown,IMPROPER PASSING,S COLLEGE MALL RD,22862
2010,12,4,Weekday,1500,2-Car,Non-incapacitating,FOLLOWING TOO CLOSELY,LIBERTY DR & THIRD,22863
2010,1,6,Weekday,1100,2-Car,No injury/unknown,UNSAFE BACKING,BLOOMFIELD RD,22864
2010,8,1,Weekend,1500,2-Car,No injury/unknown,OTHER (DRIVER) - EXPLAIN IN NARRATIVE,BLOOMFIELD RD,22865
2010,12,6,Weekend,1900,1-Car,No injury/unknown,RAN OFF ROAD RIGHT,BASSWOOD & GREEN LEAF CT,22866
2010,4,2,Weekday,1700,1-Car,No injury/unknown,RAN OFF ROAD RIGHT,46 & FRIENDSHIP RD RD,22867
2010,4,1,Weekend,1200,2-Car,No injury/unknown,FAILURE TO YIELD RIGHT OF WAY,FRIENDSHIP & SR46E,22868
2010,1,5,Weekday,1400,Bus,No injury/unknown,SPEED TOO FAST FOR WEATHER CONDITIONS,PATTERSON DR & ROGERS,22869
2010,3,4,Weekday,500,2-Car,Non-incapacitating,DISREGARD SIGNAL/REG SIGN,PATTERSON & ROGERS ST,22870
2010,6,3,Weekday,900,2-Car,No injury/unknown,FAILURE TO YIELD RIGHT OF WAY,PATTERSON & ROGERS ST,22871
2010,8,6,Weekday,1700,2-Car,No injury/unknown,DISREGARD SIGNAL/REG SIGN,PATTERSON & ROGERS ST,22872
2010,10,7,Weekend,1100,2-Car,Non-incapacitating,DISREGARD SIGNAL/REG SIGN,PATTERSON & ROGERS ST,22873
2010,3,4,Weekday,1700,Cyclist,No injury/unknown,FAILURE TO YIELD RIGHT OF WAY,PATTERSON & ROGERS ST,22874
2010,3,7,Weekend,2200,1-Car,No injury/unknown,RAN OFF ROAD RIGHT,E COVENANTER DR & HIGH,22875
2010,2,3,Weekday,1200,2-Car,No injury/unknown,IMPROPER PASSING,CURRY PIKE & W HERITAGE,22876
2010,11,5,Weekday,900,2-Car,No injury/unknown,OTHER (DRIVER) - EXPLAIN IN NARRATIVE,E COVENANTER DR,22877
2010,8,2,Weekday,1600,2-Car,No injury/unknown,OTHER (DRIVER) - EXPLAIN IN NARRATIVE,GRIMES LN & WALNUT,22878
2010,1,7,Weekend,1500,1-Car,Non-incapacitating,OTHER (DRIVER) - EXPLAIN IN NARRATIVE,GRIMES ST & WALNUT,22879
2010,3,5,Weekday,2000,2-Car,No injury/unknown,FOLLOWING TOO CLOSELY,GRIMES LN & WALNUT,22880
2010,8,3,Weekday,1400,2-Car,Non-incapacitating,DISREGARD SIGNAL/REG SIGN,GRIMES & S WALNUT ST,22881
2010,9,4,Weekday,1200,2-Car,No injury/unknown,FAILURE TO YIELD RIGHT OF WAY,E GRIMES LN & S GRANT,22882
2010,7,6,Weekday,1700,2-Car,Non-incapacitating,DRIVER DISTRACTED - EXPLAIN IN NARRATIVE,GRIMES LN & MORTON,22883
2010,3,3,Weekday,800,3+ Cars,Non-incapacitating,FOLLOWING TOO CLOSELY,MORTON ST & PATTERSON DR DR,22884
2010,2,6,Weekday,1600,2-Car,No injury/unknown,FOLLOWING TOO CLOSELY,GRIMES & S WALNUT ST,22885
2010,5,6,Weekday,100,1-Car,No injury/unknown,ANIMAL/OBJECT IN ROADWAY,GRIMES LN & WALNUT,22886
2010,7,3,Weekday,1700,Cyclist,Non-incapacitating,OTHER (DRIVER) - EXPLAIN IN NARRATIVE,GRIMES LN & WALNUT,22887
2010,10,1,Weekend,1000,Cyclist,No injury/unknown,FAILURE TO YIELD RIGHT OF WAY,E GRIMES & S WALNUT ST,22888
2010,11,5,Weekday,1200,2-Car,Non-incapacitating,DISREGARD SIGNAL/REG SIGN,E GRIMES & SO WALNUT ST,22889
2010,9,4,Weekday,1500,2-Car,Non-incapacitating,DISREGARD SIGNAL/REG SIGN,GRIMES LN & WASHINGTON,22890
2010,11,7,Weekend,1800,2-Car,No injury/unknown,FOLLOWING TOO CLOSELY,S WALNUT & W GRIMES LN,22891
2010,4,6,Weekday,1300,2-Car,No injury/unknown,DISREGARD SIGNAL/REG SIGN,GRIMES LN & HENDERSON,22892
2010,4,1,Weekend,1800,2-Car,No injury/unknown,DISREGARD SIGNAL/REG SIGN,GRIMES ST & HENDERSON,22893
2010,9,5,Weekday,1000,2-Car,No injury/unknown,DISREGARD SIGNAL/REG SIGN,GRIMES & HENDERSON ST,22894
2010,12,5,Weekday,1400,2-Car,No injury/unknown,IMPROPER TURNING,1210 S WALNUT ST ST,22895
2010,11,2,Weekday,1700,Moped/Motorcycle,Non-incapacitating,FAILURE TO YIELD RIGHT OF WAY,GRIMES & WALNUT ST,22896
2010,8,3,Weekday,2100,1-Car,No injury/unknown,ANIMAL/OBJECT IN ROADWAY,MOORES & SR446S,22897
2010,12,4,Weekday,700,2-Car,Non-incapacitating,FOLLOWING TOO CLOSELY,HOOSIER & WALNUT ST,22898
2010,10,6,Weekday,1800,2-Car,No injury/unknown,UNSAFE BACKING,S COLLEGE MALL RD,22899
2010,1,6,Weekday,1500,3+ Cars,No injury/unknown,UNSAFE LANE MOVEMENT,GRIMES & WALNUT ST,22900
2010,6,7,Weekend,1400,Moped/Motorcycle,Non-incapacitating,ANIMAL/OBJECT IN ROADWAY,BRUMMETTS CREEK & SR46E,22901
2010,7,6,Weekday,1400,3+ Cars,No injury/unknown,FOLLOWING TOO CLOSELY,SR37S,22902
2010,11,2,Weekday,2100,1-Car,No injury/unknown,RAN OFF ROAD RIGHT,N SEWELL & SR46E,22903
2010,2,6,Weekend,2000,1-Car,No injury/unknown,ANIMAL/OBJECT IN ROADWAY,BROWN COUNTY LINE & SR46E,22904
2010,5,3,Weekday,100,1-Car,Non-incapacitating,DRIVER ASLEEP OR FATIGUED,BROWN COUNTY LINE & SR46E,22905
2010,5,2,Weekday,1900,1-Car,No injury/unknown,SPEED TOO FAST FOR WEATHER CONDITIONS,BROWN COUNTY LINE & SR46,22906
2010,11,4,Weekday,800,1-Car,No injury/unknown,ANIMAL/OBJECT IN ROADWAY,BROWN COUNTY LINE & SR46E,22907
2010,6,3,Weekday,1900,1-Car,No injury/unknown,ROADWAY SURFACE CONDITION,SR46 & SR46E,22908
2010,12,4,Weekday,600,1-Car,No injury/unknown,RAN OFF ROAD RIGHT,CURRY PIKE & S R 45 WEST,22909
2010,12,4,Weekday,1600,2-Car,No injury/unknown,OTHER (DRIVER) - EXPLAIN IN NARRATIVE,SR46W & STATE ROAD 46,22910
2010,8,6,Weekday,1700,2-Car,No injury/unknown,FAILURE TO YIELD RIGHT OF WAY,ATWATER & HIGH ST,22911
2010,9,7,Weekend,1100,2-Car,No injury/unknown,FAILURE TO YIELD RIGHT OF WAY,CLARIZZ BLVD & COVENANTER,22912
2010,8,3,Weekday,1800,2-Car,No injury/unknown,UNSAFE BACKING,S COLLEGE MALL RD,22913
2010,1,2,Weekday,1500,2-Car,Non-incapacitating,FAILURE TO YIELD RIGHT OF WAY,DRISCOLL DR & HENDERSON,22914
2010,10,2,Weekday,1500,2-Car,No injury/unknown,FAILURE TO YIELD RIGHT OF WAY,CURRY PIKE & SIERRA,22915
2010,9,4,Weekday,1700,2-Car,Non-incapacitating,FOLLOWING TOO CLOSELY,E 11TH & N WALNUT ST,22916
2010,11,6,Weekend,1900,3+ Cars,No injury/unknown,UNSAFE SPEED,S COLLEGE MALL RD,22917
2010,12,6,Weekday,1100,2-Car,No injury/unknown,LEFT OF CENTER,SR46E & WOODVIEW,22918
2010,12,3,Weekday,300,1-Car,No injury/unknown,ANIMAL/OBJECT IN ROADWAY,SR46E & WOODVIEW,22919
2010,10,3,Weekday,300,1-Car,Non-incapacitating,LEFT OF CENTER,BRENDA & HENDERSON ST,22920
2010,8,7,Weekend,1300,1-Car,Non-incapacitating,RAN OFF ROAD RIGHT,SR46E & WOODVIEW DRIVE,22921
2010,10,3,Weekday,1500,Bus,No injury/unknown,OTHER (DRIVER) - EXPLAIN IN NARRATIVE,S ROGERS ST & W WILSON,22922
2010,5,5,Weekday,900,Moped/Motorcycle,Non-incapacitating,OTHER (DRIVER) - EXPLAIN IN NARRATIVE,S ROGERS ST,22923
2010,11,6,Weekend,2300,1-Car,No injury/unknown,ANIMAL/OBJECT IN ROADWAY,BRUMMETTS CREEK & SR46E,22924
2010,4,5,Weekday,300,2-Car,No injury/unknown,FAILURE TO YIELD RIGHT OF WAY,WASHINGTON ST & WILSON,22925
2010,11,5,Weekday,1800,1-Car,No injury/unknown,DRIVER ASLEEP OR FATIGUED,BRUMMETTS CREEK & SR46E,22926
2010,3,1,Weekend,1000,2-Car,No injury/unknown,OTHER (DRIVER) - EXPLAIN IN NARRATIVE,S WALNUT ST,22927
2010,2,3,Weekday,1500,1-Car,No injury/unknown,OVERCORRECTING/OVERSTEERING,ENDWRIGHT & GIFFORD RD,22928
2010,1,2,Weekday,1800,2-Car,No injury/unknown,FOLLOWING TOO CLOSELY,CONSTITUTION AVE & CURRY PIKE,22929
2010,2,2,Weekday,900,2-Car,No injury/unknown,GLARE,CONSTITUTION AVE & CURRY,22930
2010,1,3,Weekday,1100,2-Car,No injury/unknown,FAILURE TO YIELD RIGHT OF WAY,CONSTITUTION & LIBERTY DR,22931
2010,7,1,Weekend,1800,2-Car,Non-incapacitating,BRAKE FAILURE OR DEFECTIVE,S LIBERTY DR & W CONSTITUTION,22932
2010,3,5,Weekday,2000,2-Car,No injury/unknown,OTHER (DRIVER) - EXPLAIN IN NARRATIVE,S CLARIZZ BLVD,22933
2010,12,5,Weekday,1400,1-Car,Non-incapacitating,RAN OFF ROAD RIGHT,BLOOMFIELD & SR37S,22934
2010,1,6,Weekday,1000,2-Car,No injury/unknown,OTHER (DRIVER) - EXPLAIN IN NARRATIVE,SO CLARIZZ BLVD,22935
2010,2,6,Weekday,800,2-Car,No injury/unknown,UNSAFE BACKING,CLARIZZ BLVD,22936
2010,2,7,Weekend,1700,2-Car,No injury/unknown,UNSAFE BACKING,S CLARIZZ BLVD,22937
2010,8,2,Weekday,1300,2-Car,Non-incapacitating,IMPROPER PASSING,1150 CLARIZZ BLVD BLVD,22938
2010,8,2,Weekday,1100,2-Car,Non-incapacitating,DRIVER DISTRACTED - EXPLAIN IN NARRATIVE,SR 45 & SR37S,22939
2010,1,2,Weekday,1400,2-Car,No injury/unknown,FAILURE TO YIELD RIGHT OF WAY,HENDERSON & HILLSIDE DR,22940
2010,2,4,Weekday,2200,2-Car,No injury/unknown,FOLLOWING TOO CLOSELY,HENDERSON & HILLSIDE ST,22941
2010,4,5,Weekday,800,2-Car,No injury/unknown,DISREGARD SIGNAL/REG SIGN,HENDERSON & HILLSIDE DR,22942
2010,12,5,Weekday,2300,2-Car,Non-incapacitating,FOLLOWING TOO CLOSELY,HENDERSON & HILLSIDE DR,22943
2010,10,4,Weekday,2300,2-Car,No injury/unknown,UNSAFE BACKING,HILLSIDE & SOUTH MAXWELL ST,22944
2010,8,2,Weekday,1700,1-Car,Non-incapacitating,OVERCORRECTING/OVERSTEERING,HILLSIDE DR & WASHINGTON,22945
2010,9,5,Weekday,1900,2-Car,No injury/unknown,FOLLOWING TOO CLOSELY,EAST HILLSIDE AVE & SOUTH HENDERSON,22946
2010,5,6,Weekday,1700,2-Car,Non-incapacitating,FOLLOWING TOO CLOSELY,HILLSIDE DR & THORNTON,22947
2010,2,5,Weekday,700,2-Car,No injury/unknown,LEFT OF CENTER,E CAPE COD & E MOORES PIKE,22948
2010,7,7,Weekend,1600,2-Car,Non-incapacitating,FAILURE TO YIELD RIGHT OF WAY,HILLSIDE & S WALNUT ST,22949
2010,8,7,Weekend,1000,2-Car,No injury/unknown,FOLLOWING TOO CLOSELY,HILLSIDE DR & NANCY,22950
2010,9,5,Weekday,900,2-Car,Non-incapacitating,DRIVER DISTRACTED - EXPLAIN IN NARRATIVE,HILLSIDE & S WALNUT ST,22951
2010,10,4,Weekday,1500,2-Car,No injury/unknown,FOLLOWING TOO CLOSELY,E HILLSIDE DR & S DORCHESTER,22952
2010,10,7,Weekend,500,1-Car,No injury/unknown,ANIMAL/OBJECT IN ROADWAY,MOORES PIKE & VALLEY FORGE,22953
2010,6,5,Weekday,1600,2-Car,Non-incapacitating,FAILURE TO YIELD RIGHT OF WAY,HILLSDIE DR & PARK,22954
2010,6,6,Weekday,300,2-Car,Incapacitating,FAILURE TO YIELD RIGHT OF WAY,FARMER & S CURRY PIKE,22955
2010,4,2,Weekday,1800,2-Car,No injury/unknown,FAILURE TO YIELD RIGHT OF WAY,HILLSIDE DR & WODDLAWN,22956
2010,9,5,Weekday,1300,2-Car,Non-incapacitating,FOLLOWING TOO CLOSELY,HILLSIDE DR & WOODLAWN,22957
2010,10,6,Weekday,1700,2-Car,No injury/unknown,DRIVER DISTRACTED - EXPLAIN IN NARRATIVE,E HILLSIDE AVE & S WOODLAWN,22958
2010,8,4,Weekday,2300,2-Car,No injury/unknown,FAILURE TO YIELD RIGHT OF WAY,HILLSIDE & S WALNUT ST,22959
2010,5,1,Weekend,100,2-Car,No injury/unknown,UNSAFE BACKING,2ND & HIGHLAND AVE,22960
2010,2,6,Weekday,1800,2-Car,No injury/unknown,FOLLOWING TOO CLOSELY,COLLEGE MALL & MOORES PIKE,22961
2010,3,4,Weekday,200,1-Car,No injury/unknown,RAN OFF ROAD RIGHT,E MOORES & S COLLEGE MALL RD,22962
2010,5,5,Weekday,1500,2-Car,No injury/unknown,FOLLOWING TOO CLOSELY,E MOORES PIKE & S COLLEGE MALL,22963
2010,6,3,Weekday,1100,2-Car,No injury/unknown,UNSAFE LANE MOVEMENT,COLLEGE MALL RD & MOORES,22964
2010,8,2,Weekday,1400,3+ Cars,Non-incapacitating,DRIVER DISTRACTED - EXPLAIN IN NARRATIVE,HIGH & HILLSIDE DR,22965
2010,10,2,Weekday,800,2-Car,No injury/unknown,OTHER (DRIVER) - EXPLAIN IN NARRATIVE,HIGH & HILLSIDE ST,22966
2010,11,5,Weekday,900,2-Car,No injury/unknown,FOLLOWING TOO CLOSELY,COLLEGE MALL & MOORES PIKE,22967
2010,12,6,Weekday,1400,2-Car,No injury/unknown,FOLLOWING TOO CLOSELY,E MOORES & S COLLEGE MALL RD,22968
2010,8,4,Weekday,1300,2-Car,No injury/unknown,FOLLOWING TOO CLOSELY,10TH & SR46N,22969
2010,2,6,Weekday,800,2-Car,No injury/unknown,FOLLOWING TOO CLOSELY,AIRPORT & SR45W,22970
2010,4,5,Weekday,1600,2-Car,No injury/unknown,OTHER (DRIVER) - EXPLAIN IN NARRATIVE,E MOORES PIKE & SR446S,22971
2010,6,7,Weekend,1800,1-Car,No injury/unknown,ANIMAL/OBJECT IN ROADWAY,446 STATE & LAMPKINS RIDGE RD,22972
2010,1,1,Weekend,1400,2-Car,Non-incapacitating,FAILURE TO YIELD RIGHT OF WAY,CLARIZZ & EAST MOORES PIKE,22973
2010,8,2,Weekday,1400,2-Car,Non-incapacitating,FOLLOWING TOO CLOSELY,E MOORES & S CLARIZZ BLVD,22974
2010,7,5,Weekday,1200,2-Car,Non-incapacitating,FOLLOWING TOO CLOSELY,MOORES PIKE & SR446S,22975
2010,1,4,Weekday,1400,2-Car,Non-incapacitating,FAILURE TO YIELD RIGHT OF WAY,E MOORES PIKE & SMITH,22976
2010,9,7,Weekend,500,1-Car,No injury/unknown,ANIMAL/OBJECT IN ROADWAY,MOORES & SOUTH SMITH RD,22977
2010,1,4,Weekday,1000,2-Car,No injury/unknown,IMPROPER PASSING,MOORES PIKE & SMITH,22978
2010,5,6,Weekday,0,1-Car,Non-incapacitating,RAN OFF ROAD RIGHT,FENBROOK & MOORES PIKE,22979
2010,7,6,Weekday,1800,2-Car,Non-incapacitating,DISREGARD SIGNAL/REG SIGN,MOORES & SMITH RDS,22980
2010,11,3,Weekday,800,1-Car,No injury/unknown,ROADWAY SURFACE CONDITION,MOORES PIKE & OLCOTT,22981
2010,11,6,Weekday,700,2-Car,No injury/unknown,FAILURE TO YIELD RIGHT OF WAY,MOORES PKWY & RENWICK,22982
2010,12,2,Weekday,1600,2-Car,No injury/unknown,FAILURE TO YIELD RIGHT OF WAY,E MOORES & S RENWICK BLVD,22983
2010,6,5,Weekday,1100,Cyclist,Non-incapacitating,FAILURE TO YIELD RIGHT OF WAY,SOUTHERN & WALNUT ST,22984
2010,10,7,Weekend,1800,2-Car,Non-incapacitating,FOLLOWING TOO CLOSELY,S WALNUT ST & SOUTHERN,22985
2010,8,3,Weekday,1800,3+ Cars,No injury/unknown,UNSAFE SPEED,BUTTONWOOD & SARE RD,22986
2010,12,3,Weekday,1600,2-Car,No injury/unknown,IMPROPER TURNING,S WALNUT ST,22987
2010,1,1,Weekend,600,1-Car,Non-incapacitating,RAN OFF ROAD RIGHT,HILLSIDE & ROGERS ST,22988
2010,3,1,Weekend,1500,Moped/Motorcycle,Non-incapacitating,OTHER (DRIVER) - EXPLAIN IN NARRATIVE,HILLSIDE & ROGERS ST,22989
2010,1,2,Weekday,1200,2-Car,No injury/unknown,DISREGARD SIGNAL/REG SIGN,BASSWOOD & BLOOMFIELD RD,22990
2010,2,6,Weekend,2000,2-Car,Non-incapacitating,SPEED TOO FAST FOR WEATHER CONDITIONS,BASSWOOD & BLOOMFIELD RD,22991
2010,3,6,Weekday,800,2-Car,No injury/unknown,OTHER (DRIVER) - EXPLAIN IN NARRATIVE,BASSWOOD DR & BLOOMFIELD,22992
2010,4,7,Weekend,900,2-Car,No injury/unknown,FOLLOWING TOO CLOSELY,BASSWOOD & BLOOMFIELD RD,22993
2010,4,7,Weekend,2200,2-Car,No injury/unknown,FOLLOWING TOO CLOSELY,BLOOMFIELD RD & OAKDALE,22994
2010,6,6,Weekday,1700,3+ Cars,No injury/unknown,FOLLOWING TOO CLOSELY,BASSWOOD & BLOOMFIELD RD,22995
2010,6,4,Weekday,1500,2-Car,Non-incapacitating,FOLLOWING TOO CLOSELY,BASSWOOD & W BLOOMFIELD RD,22996
2010,12,1,Weekend,1500,2-Car,No injury/unknown,SPEED TOO FAST FOR WEATHER CONDITIONS,S BASSWOOD DR & W BLOOMFIELD,22997
2010,4,3,Weekday,800,Bus,Non-incapacitating,DRIVER DISTRACTED - EXPLAIN IN NARRATIVE,BLOOMFIELD RD & OAKDALE,22998
2010,4,6,Weekend,2300,1-Car,Non-incapacitating,RAN OFF ROAD RIGHT,OAKDALE DR & SR45,22999
2010,1,3,Weekday,1100,2-Car,Non-incapacitating,LEFT OF CENTER,CONSTITUTION AVE & LIBERTY DR DR,23000
2010,9,7,Weekend,1100,2-Car,Non-incapacitating,UNSAFE SPEED,S LIBERTY DR & W CONSTITUTION,23001
2010,10,3,Weekday,1300,2-Car,No injury/unknown,IMPROPER PASSING,CONSTITUTION & LIBERTY DR,23002
2010,10,3,Weekday,100,Moped/Motorcycle,No injury/unknown,OTHER (DRIVER) - EXPLAIN IN NARRATIVE,CONSTITUTION AVE,23003
2010,10,2,Weekday,800,2-Car,Non-incapacitating,LEFT OF CENTER,S BASSWOOD & S BASSWOOD DR,23004
2010,5,2,Weekday,1900,1-Car,No injury/unknown,OTHER (VEHICLE) - EXPLAIN IN NARRATIVE,W BLOOMFIELD RD,23005
2010,11,3,Weekday,1000,3+ Cars,No injury/unknown,OTHER (DRIVER) - EXPLAIN IN NARRATIVE,BLOOMFIELD RD,23006
2010,3,5,Weekday,1200,2-Car,Non-incapacitating,DRIVER DISTRACTED - EXPLAIN IN NARRATIVE,CONSTITUTION & LIBERTY DR,23007
2010,2,2,Weekday,1700,2-Car,Non-incapacitating,FOLLOWING TOO CLOSELY,OAKDALE & SR45E,23008
2010,7,1,Weekend,1400,1-Car,Fatal,RAN OFF ROAD RIGHT,BEASELY & S CURRY PIKE,23009
2010,7,4,Weekday,1600,2-Car,No injury/unknown,FAILURE TO YIELD RIGHT OF WAY,VERMILYA & WALNUT ST,23010
2010,3,3,Weekday,1800,2-Car,No injury/unknown,FOLLOWING TOO CLOSELY,VERMILYA & WALNUT ST,23011
2010,7,5,Weekday,1800,2-Car,No injury/unknown,FOLLOWING TOO CLOSELY,VERMILYA & WALNUT ST,23012
2010,4,3,Weekday,1400,2-Car,Non-incapacitating,FAILURE TO YIELD RIGHT OF WAY,1ST & FAIRVIEW ST,23013
2010,10,7,Weekend,1300,2-Car,No injury/unknown,IMPROPER LANE USAGE,BLOOMFIELD RD & OAKDALE,23014
2010,11,6,Weekday,1600,3+ Cars,No injury/unknown,BRAKE FAILURE OR DEFECTIVE,37 & SR45W,23015
2010,4,5,Weekday,1700,1-Car,No injury/unknown,RAN OFF ROAD RIGHT,EAST LAMPKINS RIDGE RD,23016
2010,3,3,Weekday,2000,2-Car,No injury/unknown,FAILURE TO YIELD RIGHT OF WAY,BLOOMFIELD RD & OAKDALE,23017
2010,12,1,Weekend,1500,1-Car,No injury/unknown,SPEED TOO FAST FOR WEATHER CONDITIONS,E CHAUDION & S OLCOTT BLVD,23018
2010,7,6,Weekday,1200,2-Car,No injury/unknown,FOLLOWING TOO CLOSELY,PATTERSON & S ROGERS ST,23019
2010,7,7,Weekend,800,2-Car,Non-incapacitating,BRAKE FAILURE OR DEFECTIVE,SR37N,23020
2010,2,4,Weekday,1500,2-Car,No injury/unknown,DISREGARD SIGNAL/REG SIGN,BLOOMFIELD RD & SR37,23021
2010,3,4,Weekday,700,2-Car,No injury/unknown,OTHER (DRIVER) - EXPLAIN IN NARRATIVE,BLOOMFIELD & SR37N,23022
2010,4,1,Weekend,1400,2-Car,No injury/unknown,FOLLOWING TOO CLOSELY,SR37N & SR45W,23023
2010,4,4,Weekday,1400,2-Car,No injury/unknown,OTHER (DRIVER) - EXPLAIN IN NARRATIVE,BLOOMFIELD RD & STATE ROAD 37,23024
2010,5,6,Weekday,1300,2-Car,No injury/unknown,FAILURE TO YIELD RIGHT OF WAY,BLOOMFIELD & SR37S,23025
2010,6,6,Weekday,600,2-Car,No injury/unknown,OTHER (DRIVER) - EXPLAIN IN NARRATIVE,SR37N & SR45W,23026
2010,6,4,Weekday,700,2-Car,No injury/unknown,FAILURE TO YIELD RIGHT OF WAY,BLOOMFIELD & SR37S,23027
2010,6,5,Weekday,1500,2-Car,Non-incapacitating,OTHER (DRIVER) - EXPLAIN IN NARRATIVE,SR37 & SR45W,23028
2010,6,4,Weekday,1700,2-Car,No injury/unknown,FOLLOWING TOO CLOSELY,BLOOMFIELD RD & SR37,23029
2010,7,7,Weekend,1200,2-Car,No injury/unknown,OTHER (DRIVER) - EXPLAIN IN NARRATIVE,SR37S & SR45W,23030
2010,8,5,Weekday,1200,Moped/Motorcycle,Non-incapacitating,OTHER (DRIVER) - EXPLAIN IN NARRATIVE,3200 W 45 & SR45W,23031
2010,8,3,Weekday,1300,2-Car,No injury/unknown,FOLLOWING TOO CLOSELY,SR37S & SR45W,23032
2010,9,5,Weekday,1100,2-Car,No injury/unknown,FOLLOWING TOO CLOSELY,SR37S & SR45W,23033
2010,9,2,Weekday,1400,2-Car,No injury/unknown,FOLLOWING TOO CLOSELY,37 & SR45W,23034
2010,10,4,Weekday,1300,2-Car,Non-incapacitating,FOLLOWING TOO CLOSELY,BLOOMFIELD RD & SR37,23035
2010,10,5,Weekday,800,2-Car,No injury/unknown,TIRE FAILURE OR DEFECTIVE,BLOOMFIELD RD RD & SR37,23036
2010,11,3,Weekday,1600,2-Car,No injury/unknown,UNSAFE BACKING,W BLOOMFIELD RD,23037
2010,12,2,Weekday,1000,3+ Cars,No injury/unknown,OTHER (DRIVER) - EXPLAIN IN NARRATIVE,SR37N & SR45W,23038
2010,12,5,Weekday,1500,3+ Cars,Non-incapacitating,FOLLOWING TOO CLOSELY,37 & SR45W,23039
2010,12,5,Weekday,1600,2-Car,Non-incapacitating,FOLLOWING TOO CLOSELY,SR37S & SR45W,23040
2010,5,3,Weekday,1500,2-Car,No injury/unknown,OTHER (DRIVER) - EXPLAIN IN NARRATIVE,HUNTINGTON DR,23041
2010,7,6,Weekday,1500,2-Car,No injury/unknown,FAILURE TO YIELD RIGHT OF WAY,S DUNN ST & WILSON,23042
2010,3,6,Weekday,1100,2-Car,Non-incapacitating,FAILURE TO YIELD RIGHT OF WAY,CURRY PIKE & ROLL,23043
2010,4,3,Weekday,2300,2-Car,No injury/unknown,OTHER (DRIVER) - EXPLAIN IN NARRATIVE,BLOOMFIELD RD,23044
2010,1,4,Weekday,2300,2-Car,Non-incapacitating,FAILURE TO YIELD RIGHT OF WAY,SR 37 N & SR45W,23045
2010,1,5,Weekday,1700,2-Car,No injury/unknown,SPEED TOO FAST FOR WEATHER CONDITIONS,SR 37 & SR45E,23046
2010,1,3,Weekday,1800,2-Car,No injury/unknown,FAILURE TO YIELD RIGHT OF WAY,SR 37 & SR45W,23047
2010,2,7,Weekend,1600,2-Car,No injury/unknown,FAILURE TO YIELD RIGHT OF WAY,SR37S & SR45W,23048
2010,3,5,Weekday,1100,2-Car,No injury/unknown,FOLLOWING TOO CLOSELY,SR37 & SR45W,23049
2010,6,7,Weekend,1100,2-Car,No injury/unknown,DRIVER DISTRACTED - EXPLAIN IN NARRATIVE,SR 37 & SR 45 HWY,23050
2010,8,7,Weekend,1700,2-Car,No injury/unknown,FOLLOWING TOO CLOSELY,SR37 & SR45,23051
2010,9,4,Weekday,1900,2-Car,No injury/unknown,FOLLOWING TOO CLOSELY,BLOOMFIELD RD & STATE ROAD 37,23052
2010,10,5,Weekday,1600,2-Car,No injury/unknown,FOLLOWING TOO CLOSELY,BLOOMFIELD RD & STATE ROAD 37,23053
2010,11,6,Weekday,700,3+ Cars,No injury/unknown,FOLLOWING TOO CLOSELY,SR37 & SR45W,23054
2010,9,1,Weekend,1800,2-Car,No injury/unknown,FAILURE TO YIELD RIGHT OF WAY,MILLER & WALNUT ST,23055
2010,3,6,Weekday,1300,1-Car,No injury/unknown,OVERCORRECTING/OVERSTEERING,CURRY PK PIKE & ROLL AVE,23056
2010,5,7,Weekend,1000,2-Car,No injury/unknown,FAILURE TO YIELD RIGHT OF WAY,CURRY & CURRY PIKE,23057
2010,6,3,Weekday,2000,1-Car,Incapacitating,DRIVER ASLEEP OR FATIGUED,ROLL & S CURRY PIKE,23058
2010,10,5,Weekday,2000,2-Car,No injury/unknown,FOLLOWING TOO CLOSELY,ROLL & S CURRY PIKE,23059
2010,12,6,Weekday,1800,1-Car,No injury/unknown,ROADWAY SURFACE CONDITION,ROLL & S CURRY PIKE,23060
2010,10,7,Weekend,1500,2-Car,No injury/unknown,IMPROPER TURNING,MILLER & WALNUT ST,23061