year,month,day,weekend,hour,collision_type,injury_type,primary_factor,reported_location,unique_id
2010,10,2,Weekday,1600,2-Car,No injury/unknown,FOLLOWING TOO CLOSELY,SR37N & TAPP,23276
2010,10,2,Weekday,1200,2-Car,No injury/unknown,FAILURE TO YIELD RIGHT OF WAY,S YONKERS & W TAPP RD,23277
2010,10,5,Weekday,1700,2-Car,No injury/unknown,FOLLOWING TOO CLOSELY,SR37 & TAPP RD,23278
2010,11,5,Weekday,1400,2-Car,Non-incapacitating,UNSAFE SPEED,SR37N & TAPP,23279
2010,11,4,Weekday,1600,2-Car,No injury/unknown,FAILURE TO YIELD RIGHT OF WAY,S GARRISON CHAPEL RD & W AIRPORT,23280
2010,12,5,Weekday,1900,3+ Cars,No injury/unknown,DRIVER DISTRACTED - EXPLAIN IN NARRATIVE,SR37S & W TAPP,23281
2010,12,1,Weekend,1000,1-Car,No injury/unknown,RAN OFF ROAD RIGHT,RAYLE & W TAPP RD,23282
2010,1,2,Weekday,1800,1-Car,No injury/unknown,ROADWAY SURFACE CONDITION,AIRPORT ROAD RD & GARRISON CHAPLE,23283
2010,9,5,Weekday,2200,1-Car,Non-incapacitating,RAN OFF ROAD RIGHT,SOUTH CAVE & WEST AIRPORT RD,23284
2010,11,7,Weekend,2200,1-Car,No injury/unknown,OTHER (DRIVER) - EXPLAIN IN NARRATIVE,AIRPORT RD & KIRBY,23285
2010,3,7,Weekend,1300,2-Car,No injury/unknown,FOLLOWING TOO CLOSELY,AIRPORT & SR45S,23286
2010,3,1,Weekend,1500,3+ Cars,No injury/unknown,SPEED TOO FAST FOR WEATHER CONDITIONS,AIRPORT & SR45W,23287
2010,5,4,Weekday,2100,2-Car,Non-incapacitating,CELL PHONE USAGE,SR45W & W AIRPORT,23288
2010,7,3,Weekday,1800,Pedestrian,Non-incapacitating,ANIMAL/OBJECT IN ROADWAY,AIRPORT RD & KIRBY,23289
2010,8,2,Weekday,1800,2-Car,No injury/unknown,DRIVER DISTRACTED - EXPLAIN IN NARRATIVE,AIRPORT & SR45E,23290
2010,8,5,Weekday,700,2-Car,No injury/unknown,FOLLOWING TOO CLOSELY,SR45W & W AIRPORT,23291
2010,12,7,Weekend,1500,2-Car,No injury/unknown,OTHER (DRIVER) - EXPLAIN IN NARRATIVE,LEONARD & TAPP RD,23292
2010,2,2,Weekday,1700,2-Car,Non-incapacitating,OTHER (DRIVER) - EXPLAIN IN NARRATIVE,RAYLE & TAPP RD,23293
2010,6,7,Weekend,1100,2-Car,No injury/unknown,FAILURE TO YIELD RIGHT OF WAY,WALNUT ST & WINSLOW,23294
2010,9,3,Weekday,1100,2-Car,No injury/unknown,FAILURE TO YIELD RIGHT OF WAY,WALNUT ST & WINSLOW,23295
2010,12,4,Weekday,800,1-Car,No injury/unknown,OTHER (ENVIRONMENTAL) - EXPLAIN IN NARR,LEONARD SPRINGS RD & MAYBERRY,23296
2010,8,5,Weekday,1500,1-Car,No injury/unknown,BRAKE FAILURE OR DEFECTIVE,SOUTH WINSLOW CT,23297
2010,3,5,Weekday,1600,2-Car,No injury/unknown,FAILURE TO YIELD RIGHT OF WAY,STATE ROAD 37 & TAPP RD,23298
2010,4,4,Weekday,1800,2-Car,No injury/unknown,FAILURE TO YIELD RIGHT OF WAY,SR37S & TAPP,23299
2010,4,3,Weekday,1300,2-Car,No injury/unknown,FOLLOWING TOO CLOSELY,STATE ROAD 37 & TAPP RD,23300
2010,6,6,Weekday,1300,2-Car,No injury/unknown,UNSAFE LANE MOVEMENT,STATE ROAD 37 & TAPP RD,23301
2010,12,3,Weekday,1800,2-Car,Non-incapacitating,FAILURE TO YIELD RIGHT OF WAY,SR37S & W TAPP RD,23302
2010,12,1,Weekday,1900,2-Car,No injury/unknown,OTHER (ENVIRONMENTAL) - EXPLAIN IN NARR,STATE ROAD 37 & TAPP RD,23303
2010,5,4,Weekday,1700,2-Car,No injury/unknown,FAILURE TO YIELD RIGHT OF WAY,REX GROSSMAN & W TAPP RD,23304
2010,8,1,Weekend,200,1-Car,Non-incapacitating,RAN OFF ROAD RIGHT,AIRPORT & SR45W,23305
2010,9,6,Weekday,1700,3+ Cars,Non-incapacitating,FOLLOWING TOO CLOSELY,HENDERSON ST & WINSLOW,23306
2010,5,6,Weekday,1800,2-Car,No injury/unknown,OTHER (VEHICLE) - EXPLAIN IN NARRATIVE,S XAVIER CT,23307
2010,3,7,Weekend,1400,2-Car,No injury/unknown,UNSAFE BACKING,E ROGERS RD,23308
2010,8,2,Weekday,1400,2-Car,Non-incapacitating,DRIVER DISTRACTED - EXPLAIN IN NARRATIVE,AIRPORT & SR45W,23309
2010,1,6,Weekday,0,1-Car,No injury/unknown,SPEED TOO FAST FOR WEATHER CONDITIONS,S ADAMS & W TAPP RD,23310
2010,2,4,Weekday,700,2-Car,No injury/unknown,SPEED TOO FAST FOR WEATHER CONDITIONS,ADAMS & TAPP RD,23311
2010,11,5,Weekday,0,1-Car,No injury/unknown,RAN OFF ROAD RIGHT,ADAMS & TAPP RD,23312
2010,10,7,Weekend,1200,1-Car,No injury/unknown,SPEED TOO FAST FOR WEATHER CONDITIONS,TAPP RD & WEIMER,23313
2010,1,1,Weekend,1700,2-Car,Non-incapacitating,FAILURE TO YIELD RIGHT OF WAY,COUNTRY CLUB & ROCKPORT RD,23314
2010,2,7,Weekend,1100,1-Car,No injury/unknown,OTHER (DRIVER) - EXPLAIN IN NARRATIVE,ROCKPORT & TAPP RD,23315
2010,4,2,Weekday,2000,2-Car,No injury/unknown,FOLLOWING TOO CLOSELY,ROCKPORT & TAPP RD,23316
2010,9,7,Weekend,800,1-Car,No injury/unknown,RAN OFF ROAD RIGHT,ROCKPORT ROAD RD & TAPP ROAD,23317
2010,10,5,Weekday,2300,1-Car,No injury/unknown,RAN OFF ROAD RIGHT,COUNTRY CLUB & SOUTH ROCKPORT RD,23318
2010,11,3,Weekday,1200,2-Car,Non-incapacitating,FOLLOWING TOO CLOSELY,COUNTRY CLUB DR & ROCKPORT,23319
2010,12,4,Weekday,800,1-Car,No injury/unknown,ROADWAY SURFACE CONDITION,ROCKPORT ROAD RD & TAPP ROAD,23320
2010,1,6,Weekday,1600,2-Car,No injury/unknown,FAILURE TO YIELD RIGHT OF WAY,COUNTRY CLUB DR & ROCKPORT,23321
2010,10,3,Weekday,1400,2-Car,No injury/unknown,OTHER (DRIVER) - EXPLAIN IN NARRATIVE,S WINSLOW CT,23322
2010,2,4,Weekday,700,2-Car,Non-incapacitating,FOLLOWING TOO CLOSELY,ROCKPORT RD & TAPP,23323
2010,5,5,Weekday,2100,1-Car,No injury/unknown,OTHER (VEHICLE) - EXPLAIN IN NARRATIVE,COUNTRY CLUB RD & ROCKPORT,23324
2010,3,5,Weekday,1800,2-Car,No injury/unknown,FOLLOWING TOO CLOSELY,ROCKPORT & TAPP RD,23325
2010,11,5,Weekday,1100,2-Car,No injury/unknown,FOLLOWING TOO CLOSELY,BANTA & COUNTRY CLUB DR,23326
2010,1,3,Weekday,2100,2-Car,No injury/unknown,UNSAFE BACKING,BURBERRY LN,23327
2010,3,1,Weekend,1300,1-Car,No injury/unknown,UNSAFE SPEED,HIGH & WINSLOW RD,23328
2010,1,4,Weekday,800,2-Car,Non-incapacitating,FOLLOWING TOO CLOSELY,HENDERSON & WINSLOW RD,23329
2010,1,2,Weekday,1800,2-Car,No injury/unknown,VIEW OBSTRUCTED,E WINSLOW & S WALNUT ST,23330
2010,3,3,Weekday,1900,2-Car,No injury/unknown,OTHER (DRIVER) - EXPLAIN IN NARRATIVE,FAIRINGTON DR & RAYLE,23331
2010,5,1,Weekday,2000,2-Car,No injury/unknown,FAILURE TO YIELD RIGHT OF WAY,WALNUT STREET & WINSLOW RD,23332
2010,4,6,Weekday,1100,2-Car,No injury/unknown,FAILURE TO YIELD RIGHT OF WAY,S WALNUT ST & WINSLOW,23333
2010,5,7,Weekend,1200,3+ Cars,Non-incapacitating,DISREGARD SIGNAL/REG SIGN,HENDERSON & WINSLOW RD,23334
2010,6,7,Weekend,1100,2-Car,No injury/unknown,FAILURE TO YIELD RIGHT OF WAY,E WINSLOW RD & S WALNUT,23335
2010,7,6,Weekday,1100,2-Car,Non-incapacitating,FOLLOWING TOO CLOSELY,ABBY & WINSLOW RD,23336
2010,9,5,Weekday,800,2-Car,No injury/unknown,FOLLOWING TOO CLOSELY,WALNUT ST & WINSLOW,23337
2010,9,6,Weekday,1000,2-Car,No injury/unknown,UNSAFE BACKING,E WINSLOW RD,23338
2010,9,3,Weekday,1100,2-Car,Non-incapacitating,FAILURE TO YIELD RIGHT OF WAY,WALNUT ST & WINSLOW,23339
2010,10,2,Weekday,1600,2-Car,No injury/unknown,FOLLOWING TOO CLOSELY,E WINSLOW & S HIGH ST,23340
2010,10,2,Weekday,800,1-Car,Non-incapacitating,RAN OFF ROAD RIGHT,WALNUT ST PIKE & WINSLOW,23341
2010,11,2,Weekday,1900,2-Car,Non-incapacitating,FAILURE TO YIELD RIGHT OF WAY,S WALNUT PIKE & WINSLOW,23342
2010,11,2,Weekday,1800,2-Car,No injury/unknown,FAILURE TO YIELD RIGHT OF WAY,E WINSLOW & S HENDERSON ST,23343
2010,12,7,Weekend,300,1-Car,No injury/unknown,IMPROPER TURNING,WALNUT ST & WINSLOW,23344
2010,5,6,Weekend,2200,2-Car,No injury/unknown,UNSAFE BACKING,EAST WINSLOW RD,23345
2010,12,3,Weekday,1000,2-Car,Non-incapacitating,FOLLOWING TOO CLOSELY,ALLENDALE & WINSLOW RD,23346
2010,1,4,Weekday,1400,3+ Cars,Non-incapacitating,FOLLOWING TOO CLOSELY,COUNTRY CLUB DR & ROGERS,23347
2010,9,5,Weekday,1100,2-Car,No injury/unknown,FOLLOWING TOO CLOSELY,COUNTRY CLUB DR & S ROGERS,23348
2010,3,4,Weekday,1300,2-Car,Non-incapacitating,FOLLOWING TOO CLOSELY,COUNTRY CLUB & ROGERS ST,23349
2010,6,3,Weekday,700,2-Car,No injury/unknown,FOLLOWING TOO CLOSELY,COUNTRY CLUB DR & ROGERS,23350
2010,11,3,Weekday,1700,2-Car,No injury/unknown,UNSAFE BACKING,E WINSLOW RD,23351
2010,7,2,Weekday,1200,1-Car,No injury/unknown,UNSAFE SPEED,HIGHLANDS AVE & WINSLOW FARM,23352
2010,2,1,Weekday,2200,2-Car,No injury/unknown,FOLLOWING TOO CLOSELY,COUNTRY CLUB & ROGERS ST,23353
2010,11,6,Weekday,1600,2-Car,No injury/unknown,FOLLOWING TOO CLOSELY,COUNTRY CLUB DR & ROGERS,23354
2010,5,2,Weekday,1500,Moped/Motorcycle,Non-incapacitating,FAILURE TO YIELD RIGHT OF WAY,WESTMINISTER & WINSLOW RD,23355
2010,11,4,Weekday,1600,2-Car,No injury/unknown,OTHER (VEHICLE) - EXPLAIN IN NARRATIVE,EAST WINSLOW RD,23356
2010,4,6,Weekday,1200,2-Car,Non-incapacitating,DRIVER DISTRACTED - EXPLAIN IN NARRATIVE,COUNTRY CLUB DR & MADISON,23357
2010,9,4,Weekday,800,2-Car,No injury/unknown,FOLLOWING TOO CLOSELY,COUNTRY CLUB DR & MADISON,23358
2010,12,6,Weekend,2200,1-Car,No injury/unknown,SPEED TOO FAST FOR WEATHER CONDITIONS,S MADISON & W COUNTRY CLUB DR,23359
2010,5,6,Weekday,1700,2-Car,No injury/unknown,FOLLOWING TOO CLOSELY,ALLEN DALE & WINSLOW RD,23360
2010,2,5,Weekday,1000,2-Car,No injury/unknown,FAILURE TO YIELD RIGHT OF WAY,WALNUT STREET PIKE & WINSLOW,23361
2010,10,5,Weekday,700,2-Car,No injury/unknown,FOLLOWING TOO CLOSELY,WALNUT ST & WINSLOW RD,23362
2010,5,1,Weekend,0,1-Car,Non-incapacitating,RAN OFF ROAD RIGHT,ABBY & WINSLOW RD,23363
2010,2,6,Weekday,1100,2-Car,No injury/unknown,OTHER (DRIVER) - EXPLAIN IN NARRATIVE,E ROGERS RD,23364
2010,8,7,Weekend,500,1-Car,No injury/unknown,RAN OFF ROAD RIGHT,WALNUT ST & WINSLOW RD,23365
2010,5,7,Weekend,1000,2-Car,No injury/unknown,UNSAFE BACKING,COUNTRY CLUB DR,23366
2010,4,2,Weekday,1700,2-Car,No injury/unknown,FAILURE TO YIELD RIGHT OF WAY,SOUTH WALNUT & WINSLOW RD,23367
2010,5,3,Weekday,1800,2-Car,No injury/unknown,FAILURE TO YIELD RIGHT OF WAY,E WINSLOW & S WALNUT ST,23368
2010,5,1,Weekend,1500,2-Car,No injury/unknown,OTHER (ENVIRONMENTAL) - EXPLAIN IN NARR,SOUTH WALNUT ST & WINSLOW,23369
2010,7,6,Weekday,1300,2-Car,Non-incapacitating,FOLLOWING TOO CLOSELY,COUNTRY CLUB DR & S WALNUT,23370
2010,9,2,Weekday,1000,2-Car,Non-incapacitating,FOLLOWING TOO CLOSELY,WALNUT ST & WINSLOW,23371
2010,10,6,Weekend,2200,2-Car,No injury/unknown,UNSAFE LANE MOVEMENT,SOUTH WALNUT ST & WINSLOW,23372
2010,12,1,Weekday,2100,3+ Cars,Non-incapacitating,DISREGARD SIGNAL/REG SIGN,WALNUT & WINSLOW RD,23373
2010,10,2,Weekday,700,2-Car,No injury/unknown,FOLLOWING TOO CLOSELY,E ROGERS RD & S SARE,23374
2010,9,5,Weekday,1600,2-Car,No injury/unknown,FAILURE TO YIELD RIGHT OF WAY,ROGERS RD & SARE,23375
2010,12,6,Weekend,1900,1-Car,Non-incapacitating,RAN OFF ROAD RIGHT,E ROGERS & S SARE RD,23376
2010,12,4,Weekday,900,1-Car,No injury/unknown,ROADWAY SURFACE CONDITION,EAST ROGERS RD & HIGHPOINTE,23377
2010,6,3,Weekday,1100,2-Car,No injury/unknown,FAILURE TO YIELD RIGHT OF WAY,E ROGERS RD RD & SO SNODDY,23378
2010,10,6,Weekday,900,2-Car,Incapacitating,FAILURE TO YIELD RIGHT OF WAY,KNIGHTRIDGE RDS & SR 446,23379
2010,10,3,Weekday,800,1-Car,No injury/unknown,ANIMAL/OBJECT IN ROADWAY,KNIGHT RIDGE & SR446S,23380
2010,8,6,Weekday,1700,2-Car,No injury/unknown,FAILURE TO YIELD RIGHT OF WAY,S LEONARD SPRINGS DR & W ST 45,23381
2010,1,4,Weekday,700,3+ Cars,No injury/unknown,FOLLOWING TOO CLOSELY,DUNCAN ROAD & SR45W,23382
2010,2,5,Weekday,0,2-Car,No injury/unknown,UNSAFE BACKING,SOUTH WALNUT ST,23383
2010,3,2,Weekday,700,2-Car,Non-incapacitating,FOLLOWING TOO CLOSELY,BARGE LN & LEONARDS SPRINGS RD RD,23384
2010,11,6,Weekday,1700,2-Car,No injury/unknown,OTHER (VEHICLE) - EXPLAIN IN NARRATIVE,BARGE & S LEONARD SPRINGS RD,23385
2010,11,4,Weekday,1200,2-Car,No injury/unknown,UNSAFE BACKING,SOUTH WALNUT ST,23386
2010,10,7,Weekend,1600,2-Car,No injury/unknown,DRIVER DISTRACTED - EXPLAIN IN NARRATIVE,DUNCAN & SR45W,23387
2010,6,4,Weekday,1300,2-Car,No injury/unknown,FAILURE TO YIELD RIGHT OF WAY,BARGE RD & LEONARD SPRINGS,23388
2010,3,5,Weekday,1600,2-Car,No injury/unknown,FAILURE TO YIELD RIGHT OF WAY,AIRPORT & SR45W,23389
2010,6,7,Weekend,400,1-Car,No injury/unknown,UNSAFE SPEED,S WALNUT ST,23390
2010,8,2,Weekday,1500,2-Car,No injury/unknown,UNSAFE BACKING,S WALNUT ST,23391
2010,10,4,Weekday,1700,Bus,No injury/unknown,SPEED TOO FAST FOR WEATHER CONDITIONS,S PATTERSON DR & WEST ALLEN,23392
2010,2,6,Weekday,700,2-Car,No injury/unknown,FOLLOWING TOO CLOSELY,DUNCAN & SR45W,23393
2010,2,3,Weekday,1800,1-Car,No injury/unknown,RAN OFF ROAD RIGHT,ROCKPORT RD & W COUNTRY CLUB,23394
2010,2,6,Weekday,700,2-Car,No injury/unknown,FOLLOWING TOO CLOSELY,AIRPORT & SR45N,23395
2010,6,7,Weekend,900,1-Car,No injury/unknown,ROADWAY SURFACE CONDITION,AIRPORT & SR45W,23396
2010,3,4,Weekday,700,1-Car,No injury/unknown,ANIMAL/OBJECT IN ROADWAY,HIGH ST & WIMBLETON,23397
2010,11,2,Weekday,1900,1-Car,Non-incapacitating,RAN OFF ROAD RIGHT,GARDNER ROAD RD & HOFF LANE,23398
2010,10,1,Weekend,700,1-Car,Non-incapacitating,ANIMAL/OBJECT IN ROADWAY,DUNCAN & SR45W,23399
2010,10,1,Weekend,1300,2-Car,No injury/unknown,LEFT OF CENTER,COUNTRY CLUB RD & ROGERS,23400
2010,9,4,Weekday,1200,2-Car,Incapacitating,FAILURE TO YIELD RIGHT OF WAY,LIBERTY DR & W 3RD,23401
2010,8,3,Weekday,1400,Moped/Motorcycle,Non-incapacitating,IMPROPER TURNING,THIRD & WALNUT ST,23402
2010,6,3,Weekday,0,2-Car,Non-incapacitating,OTHER (DRIVER) - EXPLAIN IN NARRATIVE,BUNGER & SR45W,23403
2010,10,3,Weekday,1300,2-Car,Incapacitating,FOLLOWING TOO CLOSELY,RIDGEVIEW & SOUTH WALNUT ST,23404
2010,1,2,Weekday,700,1-Car,No injury/unknown,ANIMAL/OBJECT IN ROADWAY,SR446N & SWARTZ RIDGE,23405
2010,1,4,Weekday,1600,2-Car,No injury/unknown,FOLLOWING TOO CLOSELY,PINEWOOD & S WALNUT ST,23406
2010,9,4,Weekday,1600,Bus,No injury/unknown,UNSAFE SPEED,W PINEWOOD DR & WALNUT,23407
2010,4,2,Weekday,2300,2-Car,No injury/unknown,UNSAFE BACKING,WALNUT ST,23408
2010,5,2,Weekday,900,2-Car,No injury/unknown,UNSAFE BACKING,WEST RED ROCK RD,23409
2010,5,7,Weekend,1400,2-Car,Non-incapacitating,FAILURE TO YIELD RIGHT OF WAY,ALLENDALE & WALNUT STREET PIKE,23410
2010,1,4,Weekday,2300,1-Car,No injury/unknown,RAN OFF ROAD RIGHT,ROCKCREST & WICKENS DR,23411
2010,11,3,Weekday,600,2-Car,No injury/unknown,LEFT OF CENTER,LOIS LN & ROGERS,23412
2010,1,2,Weekday,1900,1-Car,No injury/unknown,ROADWAY SURFACE CONDITION,S SR 446 & S SWARTZ RIDGE RD,23413
2010,8,6,Weekday,1600,2-Car,No injury/unknown,VIEW OBSTRUCTED,BUNGER & SR45W,23414
2010,8,6,Weekday,1600,2-Car,No injury/unknown,OTHER (DRIVER) - EXPLAIN IN NARRATIVE,BUNGER & SR45W,23415
2010,11,7,Weekend,1500,2-Car,No injury/unknown,FAILURE TO YIELD RIGHT OF WAY,BUNGER & SR45W,23416
2010,10,1,Weekend,1400,2-Car,Non-incapacitating,DRIVER DISTRACTED - EXPLAIN IN NARRATIVE,BUNGER & SR 45 HWY,23417
2010,1,3,Weekday,1000,Bus,No injury/unknown,SPEED TOO FAST FOR WEATHER CONDITIONS,ENDWRIGHT RD & WENDYS,23418
2010,2,5,Weekday,1600,2-Car,Non-incapacitating,OTHER (DRIVER) - EXPLAIN IN NARRATIVE,S WALNUT ST,23419
2010,4,5,Weekday,2100,2-Car,No injury/unknown,UNSAFE BACKING,HEATHERWOOD DR,23420
2010,1,7,Weekend,100,2-Car,No injury/unknown,RAN OFF ROAD RIGHT,3RD AVE & 4TH,23421
2010,10,5,Weekday,2000,Moped/Motorcycle,Non-incapacitating,OTHER (DRIVER) - EXPLAIN IN NARRATIVE,HEATHERWOOD DR & IVY,23422
2010,11,5,Weekday,100,2-Car,No injury/unknown,UNSAFE BACKING,HEATHERWOOD & PRIMROSE LN,23423
2010,6,3,Weekday,1200,1-Car,No injury/unknown,UNSAFE BACKING,LILAC LN,23424
2010,8,7,Weekend,100,1-Car,Non-incapacitating,RAN OFF ROAD RIGHT,KNIGHTRIDGE & SR446S,23425
2010,2,2,Weekday,700,2-Car,No injury/unknown,ROADWAY SURFACE CONDITION,HENNESSEY & S ROCKPORT RD,23426
2010,11,1,Weekend,1300,2-Car,No injury/unknown,UNSAFE BACKING,WALNUT ST PIKE,23427
2010,12,6,Weekday,1400,2-Car,No injury/unknown,UNSAFE BACKING,S WALNUT STREET PIKE,23428
2010,3,1,Weekend,1400,3+ Cars,No injury/unknown,ROADWAY SURFACE CONDITION,ISON & SR45W,23429
2010,8,1,Weekend,700,1-Car,No injury/unknown,DRIVER ASLEEP OR FATIGUED,ISON & SR45S,23430
2010,9,6,Weekday,1600,3+ Cars,No injury/unknown,DRIVER DISTRACTED - EXPLAIN IN NARRATIVE,ISON & SR45W,23431
2010,1,2,Weekday,2200,3+ Cars,Non-incapacitating,ALCOHOLIC BEVERAGES,LAURA WAY,23432
2010,8,7,Weekend,300,1-Car,No injury/unknown,RAN OFF ROAD RIGHT,REBA & WOODHAVEN DR,23433
2010,4,3,Weekday,1900,Pedestrian,Non-incapacitating,PEDESTRIAN ACTION,S WALNUT ST,23434
2010,1,5,Weekday,1100,2-Car,No injury/unknown,UNSAFE BACKING,S SARE RD,23435
2010,1,3,Weekday,1500,Bus,No injury/unknown,ANIMAL/OBJECT IN ROADWAY,GROSS RD & KNIGHTRIDGE,23436
2010,2,7,Weekend,1500,2-Car,No injury/unknown,UNSAFE SPEED,HEATHERWOOD & LEONARD SPRINGS RD,23437
2010,12,4,Weekday,900,1-Car,Non-incapacitating,ROADWAY SURFACE CONDITION,HENNESSEY & ROCKPORT RD,23438
2010,4,3,Weekday,1400,2-Car,Non-incapacitating,FAILURE TO YIELD RIGHT OF WAY,HENNESSEY & MCDOPUGAL ST,23439
2010,1,5,Weekday,800,1-Car,No injury/unknown,ROADWAY SURFACE CONDITION,CAROLWINDS & SO FAIRFAX RD,23440
2010,7,4,Weekday,1300,2-Car,No injury/unknown,IMPROPER TURNING,E BURKS DR & SO WALNUT,23441
2010,8,7,Weekend,1600,2-Car,Non-incapacitating,LEFT OF CENTER,JAMIE LN & WOODS EDGE,23442
2010,2,3,Weekday,2300,3+ Cars,No injury/unknown,SPEED TOO FAST FOR WEATHER CONDITIONS,S PARKRIDGE RD,23443
2010,1,5,Weekday,600,3+ Cars,No injury/unknown,SPEED TOO FAST FOR WEATHER CONDITIONS,SR45W,23444
2010,4,5,Weekday,1600,2-Car,No injury/unknown,NONE (DRIVER),SR45W,23445
2010,4,4,Weekday,100,1-Car,No injury/unknown,UNSAFE BACKING,W 45 HWY,23446
2010,4,6,Weekday,1100,2-Car,No injury/unknown,UNSAFE BACKING,W SR45 HWY,23447
2010,7,6,Weekday,1400,2-Car,No injury/unknown,FAILURE TO YIELD RIGHT OF WAY,SR45W,23448
2010,7,6,Weekday,1400,2-Car,No injury/unknown,IMPROPER TURNING,W SR45 HWY,23449
2010,8,2,Weekday,1900,2-Car,No injury/unknown,UNSAFE BACKING,W SR45 HWY,23450
2010,9,7,Weekend,1700,2-Car,No injury/unknown,UNSAFE BACKING,SR45W,23451
2010,11,7,Weekend,1200,2-Car,No injury/unknown,OTHER (DRIVER) - EXPLAIN IN NARRATIVE,STATE ROAD 45 RD,23452
2010,12,6,Weekend,2000,2-Car,No injury/unknown,OTHER (DRIVER) - EXPLAIN IN NARRATIVE,W SR45 HWY,23453
2010,11,3,Weekday,2000,2-Car,No injury/unknown,OTHER (DRIVER) - EXPLAIN IN NARRATIVE,SR45W,23454
2010,7,3,Weekday,1000,1-Car,No injury/unknown,DRIVER ILLNESS,JEFFERY & SIMS LN,23455
2010,3,5,Weekday,1700,2-Car,No injury/unknown,UNSAFE SPEED,ROCKCREST & WICKENS ST,23456
2010,12,7,Weekend,700,1-Car,No injury/unknown,SPEED TOO FAST FOR WEATHER CONDITIONS,SR 37 HWY & VERNAL,23457
2010,4,6,Weekday,700,1-Car,Non-incapacitating,RAN OFF ROAD RIGHT,S WALNUT ST,23458
2010,1,1,Weekday,1900,1-Car,No injury/unknown,RAN OFF ROAD RIGHT,FULLERTON & LEONARD SPRINGS RD,23459
2010,7,7,Weekend,1100,2-Car,No injury/unknown,LEFT OF CENTER,S HENEDERSON & WALNUT ST PIKE,23460
2010,2,4,Weekday,700,1-Car,No injury/unknown,ANIMAL/OBJECT IN ROADWAY,FULLERTON & SR37N,23461
2010,11,3,Weekday,1900,1-Car,No injury/unknown,SPEED TOO FAST FOR WEATHER CONDITIONS,LEONARD SPRINGS RD & WEST FULLERTON,23462
2010,4,4,Weekday,1800,2-Car,Non-incapacitating,FAILURE TO YIELD RIGHT OF WAY,FULLERTON PIKE & SIMS,23463
2010,11,6,Weekday,1600,2-Car,No injury/unknown,FAILURE TO YIELD RIGHT OF WAY,FULLERTON & SIMS LN,23464
2010,5,3,Weekday,900,2-Car,No injury/unknown,OTHER (VEHICLE) - EXPLAIN IN NARRATIVE,SR37N & TAPP,23465
2010,5,6,Weekday,1100,3+ Cars,Non-incapacitating,FAILURE TO YIELD RIGHT OF WAY,LEAONARD SPRINGS & SR45W,23466
2010,10,6,Weekday,800,2-Car,No injury/unknown,FAILURE TO YIELD RIGHT OF WAY,LEONARD SPRINGS & SR45W,23467
2010,11,6,Weekday,1800,2-Car,No injury/unknown,FAILURE TO YIELD RIGHT OF WAY,LEONARD SPRINGS & SR45W,23468
2010,1,6,Weekday,1800,1-Car,No injury/unknown,ANIMAL/OBJECT IN ROADWAY,FULLERTON & SR37S,23469
2010,2,6,Weekday,1800,2-Car,Non-incapacitating,HEADLIGHT DEFECTIVE OR NOT ON,FULLERTON & SR37S,23470
2010,5,4,Weekday,800,2-Car,Non-incapacitating,GLARE,DUNCAN & W LEONARD SPRINGS RD,23471
2010,2,7,Weekend,1500,2-Car,No injury/unknown,FAILURE TO YIELD RIGHT OF WAY,SR45W & WEST LEONARD SPRINGS,23472
2010,3,2,Weekday,1200,2-Car,Non-incapacitating,FAILURE TO YIELD RIGHT OF WAY,ELLER & SR45N,23473
2010,4,4,Weekday,800,3+ Cars,No injury/unknown,FAILURE TO YIELD RIGHT OF WAY,ELLER & SR45W,23474
2010,5,7,Weekend,2200,3+ Cars,No injury/unknown,FAILURE TO YIELD RIGHT OF WAY,SR45W & W ELLER,23475
2010,5,5,Weekday,1900,1-Car,No injury/unknown,CELL PHONE USAGE,SR45W & W ELLER RD,23476
2010,12,4,Weekday,700,2-Car,Non-incapacitating,FAILURE TO YIELD RIGHT OF WAY,ELLER ROAD & SR45W,23477
2010,2,5,Weekday,1600,2-Car,No injury/unknown,NONE (DRIVER),FULLERTON PIKE,23478
2010,12,4,Weekday,1000,2-Car,No injury/unknown,UNSAFE BACKING,FULLERTON PIKE,23479
2010,1,2,Weekday,1600,2-Car,No injury/unknown,FAILURE TO YIELD RIGHT OF WAY,FULLERTON & ROCKPORT RD,23480
2010,9,1,Weekday,2000,1-Car,No injury/unknown,RAN OFF ROAD RIGHT,FULERTON PIKE & S ROCKPORT,23481
2010,1,4,Weekday,1500,Moped/Motorcycle,Non-incapacitating,FAILURE TO YIELD RIGHT OF WAY,FULLERTON PIKE & SR37S,23482
2010,3,2,Weekday,2000,2-Car,Non-incapacitating,FAILURE TO YIELD RIGHT OF WAY,FULLERTON & SR37S,23483
2010,3,5,Weekday,1600,2-Car,Non-incapacitating,DISREGARD SIGNAL/REG SIGN,FULLERTON & SR37S,23484
2010,5,4,Weekday,1700,2-Car,Non-incapacitating,FAILURE TO YIELD RIGHT OF WAY,FULLERTON & SR37N,23485
2010,8,6,Weekday,700,1-Car,No injury/unknown,ANIMAL/OBJECT IN ROADWAY,FULLERTON & SR37S,23486
2010,9,7,Weekend,300,2-Car,No injury/unknown,OVERCORRECTING/OVERSTEERING,FULLERTON & SR37S,23487