year,month,day,weekend,hour,collision_type,injury_type,primary_factor,reported_location,unique_id
2010,10,7,Weekend,1000,2-Car,No injury/unknown,UNSAFE BACKING,SUDBURY DR,24110
2010,11,5,Weekday,700,2-Car,No injury/unknown,FOLLOWING TOO CLOSELY,S ORCHARD & SR37S,24111
2010,11,5,Weekday,1400,2-Car,No injury/unknown,FAILURE TO YIELD RIGHT OF WAY,10TH & SR4546N,24112
2010,11,6,Weekday,700,1-Car,No injury/unknown,SPEED TOO FAST FOR WEATHER CONDITIONS,FULLERTON PIKE PIKE & STATE ROAD 37 NORTH,24113
2010,11,4,Weekday,1700,2-Car,No injury/unknown,FAILURE TO YIELD RIGHT OF WAY,HARTSTRAIT RD & RATLIFF,24114
2010,11,6,Weekday,600,1-Car,No injury/unknown,OTHER (DRIVER) - EXPLAIN IN NARRATIVE,EAGLE VIEW & THAT RD,24115
2010,11,6,Weekday,1200,2-Car,No injury/unknown,IMPROPER TURNING,NORTH COLLEGE AVE,24116
2010,11,7,Weekend,1000,2-Car,No injury/unknown,IMPROPER TURNING,WEST VERNAL PIKE PIKE,24117
2010,11,7,Weekend,2200,1-Car,No injury/unknown,ANIMAL/OBJECT IN ROADWAY,ALEXIS & FAIRFAX RD,24118
2010,11,7,Weekend,1100,3+ Cars,Non-incapacitating,DRIVER DISTRACTED - EXPLAIN IN NARRATIVE,SR46W & STINESVILLE,24119
2010,11,3,Weekday,1700,1-Car,No injury/unknown,OTHER (DRIVER) - EXPLAIN IN NARRATIVE,OLD SR 45 & SR45W,24120
2010,11,7,Weekend,2200,1-Car,No injury/unknown,RAN OFF ROAD RIGHT,MT GILEAD RD & UPPER BIRDIE GALYON,24121
2010,11,2,Weekday,1200,2-Car,Non-incapacitating,OTHER (DRIVER) - EXPLAIN IN NARRATIVE,DODDS & S ROGERS ST,24122
2010,11,2,Weekday,1200,2-Car,No injury/unknown,LEFT OF CENTER,700 E 2ND ST ST & PARK ST,24123
2010,11,5,Weekday,900,2-Car,No injury/unknown,OTHER (DRIVER) - EXPLAIN IN NARRATIVE,ROGERS RD & SARE RD RD,24124
2010,11,2,Weekday,1800,2-Car,Non-incapacitating,DRIVER DISTRACTED - EXPLAIN IN NARRATIVE,GATES & W 3RD ST,24125
2010,11,3,Weekday,900,2-Car,Non-incapacitating,FAILURE TO YIELD RIGHT OF WAY,E BURKS & S WALNUT ST,24126
2010,11,4,Weekday,2200,2-Car,No injury/unknown,UNSAFE BACKING,CRAMER CIR & ROCKCREST,24127
2010,11,3,Weekday,1800,2-Car,No injury/unknown,FAILURE TO YIELD RIGHT OF WAY,GRANT ST & UNIVERSITY,24128
2010,11,3,Weekday,1900,2-Car,No injury/unknown,UNSAFE BACKING,EAST COTTAGE GRV,24129
2010,11,3,Weekday,900,2-Car,No injury/unknown,OVERCORRECTING/OVERSTEERING,FEE LN,24130
2010,11,4,Weekday,1600,1-Car,Non-incapacitating,IMPROPER PASSING,FLUCKMILL & S VICTOR PIKE,24131
2010,11,2,Weekday,2100,1-Car,No injury/unknown,FOLLOWING TOO CLOSELY,MONROE DAM & SR37S,24132
2010,11,4,Weekday,1500,2-Car,No injury/unknown,FOLLOWING TOO CLOSELY,ARLINGTON RD & SR46W,24133
2010,11,4,Weekday,2200,2-Car,No injury/unknown,FOLLOWING TOO CLOSELY,E MOORES & S SMITH RD,24134
2010,10,1,Weekend,400,1-Car,No injury/unknown,RAN OFF ROAD RIGHT,RATLIFF RD,24135
2010,11,7,Weekend,1400,1-Car,No injury/unknown,OVERCORRECTING/OVERSTEERING,HEDRICK & SR46W,24136
2010,11,5,Weekday,1300,2-Car,No injury/unknown,OTHER (DRIVER) - EXPLAIN IN NARRATIVE,FAIRVIEW & PATTERSON DR,24137
2010,11,5,Weekday,600,2-Car,No injury/unknown,OVERCORRECTING/OVERSTEERING,EAST KIRKWOOD AVE,24138
2010,11,6,Weekday,900,2-Car,No injury/unknown,FAILURE TO YIELD RIGHT OF WAY,10TH ST & RANGE,24139
2010,11,5,Weekday,1600,2-Car,Non-incapacitating,FOLLOWING TOO CLOSELY,3RD ST & LIBERTY,24140
2010,11,6,Weekday,1800,2-Car,No injury/unknown,FOLLOWING TOO CLOSELY,46,24141
2010,11,6,Weekday,1600,2-Car,No injury/unknown,FAILURE TO YIELD RIGHT OF WAY,3RD ST & LIBERTY,24142
2010,11,5,Weekday,2000,Bus,No injury/unknown,FOLLOWING TOO CLOSELY,BUICK CADILLAC & S COLLEGE MALL RD,24143
2010,11,6,Weekday,1200,2-Car,No injury/unknown,UNSAFE BACKING,NORTH WOODBRIDGE DR,24144
2010,11,5,Weekday,1500,2-Car,No injury/unknown,FOLLOWING TOO CLOSELY,3650 LEONARD SPRINGS RD & SIMS,24145
2010,11,6,Weekday,1600,2-Car,No injury/unknown,OTHER (ENVIRONMENTAL) - EXPLAIN IN NARR,EAST 3RD ST & WILLIAMSBURG,24146
2010,11,7,Weekend,300,2-Car,Non-incapacitating,LEFT OF CENTER,JONES & JORDAN AVE,24147
2010,11,7,Weekend,1000,2-Car,No injury/unknown,IMPROPER LANE USAGE,JORDAN AVE & THIRD,24148
2010,11,7,Weekend,1300,2-Car,No injury/unknown,FOLLOWING TOO CLOSELY,SUNRISE & TENTH ST,24149
2010,11,3,Weekday,1600,2-Car,Non-incapacitating,FOLLOWING TOO CLOSELY,SR45E & UNION SQUARE,24150
2010,11,7,Weekend,1400,1-Car,Non-incapacitating,SPEED TOO FAST FOR WEATHER CONDITIONS,HEATHER & SOUTH WALNUT ST PIKE,24151
2010,11,7,Weekend,1700,2-Car,No injury/unknown,SPEED TOO FAST FOR WEATHER CONDITIONS,EAST ROGERS & SOUTH SARE RD,24152
2010,11,7,Weekend,2100,1-Car,No injury/unknown,RAN OFF ROAD RIGHT,E WINSLOW RD & S HIGH,24153
2010,11,7,Weekend,1400,1-Car,No injury/unknown,RAN OFF ROAD RIGHT,MT TABOR & NORTH MATTHEWS DR,24154
2010,11,4,Weekday,800,1-Car,No injury/unknown,ANIMAL/OBJECT IN ROADWAY,EAST OLD STATE ROAD 46 & SR46E,24155
2010,11,3,Weekday,700,2-Car,No injury/unknown,FAILURE TO YIELD RIGHT OF WAY,BLOOMFIELD RD & LIBERTY,24156
2010,11,3,Weekday,1500,Bus,No injury/unknown,FOLLOWING TOO CLOSELY,N KINSER PIKE & W 45 46 BYPASS,24157
2010,11,3,Weekday,1600,2-Car,No injury/unknown,UNSAFE LANE MOVEMENT,S TECH PARK & W TAPP RD,24158
2010,11,3,Weekday,1700,1-Car,No injury/unknown,SPEED TOO FAST FOR WEATHER CONDITIONS,MERRYWAY & SMITH PIKE,24159
2010,11,5,Weekday,1100,2-Car,No injury/unknown,FAILURE TO YIELD RIGHT OF WAY,EAST WEST & NORTH SOUTH ALLEY ALY,24160
2010,11,6,Weekday,800,2-Car,No injury/unknown,FAILURE TO YIELD RIGHT OF WAY,HIGHLAND AVE & MILLER DR DR,24161
2010,11,7,Weekend,1200,2-Car,No injury/unknown,FAILURE TO YIELD RIGHT OF WAY,N OLD 37 STATE & N WALNUT ST,24162
2010,11,2,Weekday,1200,2-Car,No injury/unknown,OTHER (DRIVER) - EXPLAIN IN NARRATIVE,S OLD 37 HWY,24163
2010,10,7,Weekend,200,2-Car,No injury/unknown,IMPROPER TURNING,S COPPER BEACH WAY,24164
2010,11,4,Weekday,2200,1-Car,No injury/unknown,OTHER (DRIVER) - EXPLAIN IN NARRATIVE,ARDSLEY LN & UNKNOWN,24165
2010,11,3,Weekday,1100,2-Car,Non-incapacitating,OTHER (DRIVER) - EXPLAIN IN NARRATIVE,CHURCH LANE & CLEAR CREEK CEMATARY DR,24166
2010,11,3,Weekday,1900,1-Car,No injury/unknown,ANIMAL/OBJECT IN ROADWAY,BUSINESS 37 NORTH RD & STATE ROAD 37,24167
2010,11,6,Weekday,700,2-Car,No injury/unknown,FAILURE TO YIELD RIGHT OF WAY,COLLEGE MALL ACCESS & KINGSTON ST,24168
2010,11,3,Weekday,1800,1-Car,No injury/unknown,SPEED TOO FAST FOR WEATHER CONDITIONS,BETHEL LN & NORTH MEYERS,24169
2010,11,7,Weekend,2100,1-Car,Non-incapacitating,RAN OFF ROAD RIGHT,GREEN COUNTY LINE & SR45W,24170
2010,11,1,Weekend,1800,1-Car,No injury/unknown,ANIMAL/OBJECT IN ROADWAY,MCNEELY & N UNION VALLEY RD,24171
2010,11,6,Weekday,1800,1-Car,No injury/unknown,ANIMAL/OBJECT IN ROADWAY,LOST MANS & UNION VALLEY RD,24172
2010,11,1,Weekend,1700,2-Car,No injury/unknown,FOLLOWING TOO CLOSELY,BUSINESS 37 RD & STONE MILL,24173
2010,11,2,Weekday,1400,2-Car,No injury/unknown,DRIVER DISTRACTED - EXPLAIN IN NARRATIVE,3RD ST & PARK SQUARE,24174
2010,11,3,Weekday,1200,2-Car,No injury/unknown,FOLLOWING TOO CLOSELY,SR37 RAMP RAMP & WEST 3 ST,24175
2010,12,4,Weekday,700,2-Car,No injury/unknown,ROADWAY SURFACE CONDITION,COLLEGE AVENUE EXIT & SR37N,24176
2010,11,3,Weekday,1000,1-Car,No injury/unknown,ANIMAL/OBJECT IN ROADWAY,CR1S & NORTH MAPLE GROVE ROAD RD,24177
2010,12,7,Weekend,500,1-Car,No injury/unknown,RAN OFF ROAD RIGHT,HEDRICK & SR46W,24178
2010,12,3,Weekday,800,1-Car,No injury/unknown,UNSAFE BACKING,JORDAN & WELLS LIBRARY DOCK DR,24179
2010,12,7,Weekend,600,1-Car,No injury/unknown,SPEED TOO FAST FOR WEATHER CONDITIONS,SR37N,24180
2010,12,4,Weekday,1700,2-Car,No injury/unknown,UNSAFE BACKING,DANIELS WAY,24181
2010,12,1,Weekend,900,2-Car,No injury/unknown,ROADWAY SURFACE CONDITION,RHORER RD & S OLD WALNUT ST,24182
2010,12,1,Weekend,1700,1-Car,No injury/unknown,ROADWAY SURFACE CONDITION,CUTRIGHT RD & SR446N,24183
2010,12,1,Weekend,1500,2-Car,No injury/unknown,LEFT OF CENTER,CURRY PIKE RD & WEST STATE ROAD 46,24184
2010,12,2,Weekday,1400,3+ Cars,No injury/unknown,SPEED TOO FAST FOR WEATHER CONDITIONS,E HILLSIDE DRIVE DR & S NACY,24185
2010,12,3,Weekday,1800,2-Car,No injury/unknown,FOLLOWING TOO CLOSELY,ON RAMP TO SB SR 37 & W BLOOMFIELD RD,24186
2010,12,4,Weekday,900,2-Car,No injury/unknown,VIEW OBSTRUCTED,EW ALLEY NORTH OF 200 W 9TH ALY & NS ALLEY   W OF 500 N COLLEGE,24187
2010,12,2,Weekday,1500,2-Car,No injury/unknown,SPEED TOO FAST FOR WEATHER CONDITIONS,1600 S SARE RD & E CATHCART,24188
2010,12,2,Weekday,1700,3+ Cars,No injury/unknown,FOLLOWING TOO CLOSELY,GORDON PIKE,24189
2010,12,6,Weekday,1800,2-Car,No injury/unknown,ROADWAY SURFACE CONDITION,DILLMAN & OLD 37 RD,24190
2010,12,6,Weekend,1900,1-Car,No injury/unknown,ROADWAY SURFACE CONDITION,DILLMAN RD RD & HWY 37,24191
2010,12,6,Weekend,1900,1-Car,No injury/unknown,ROADWAY SURFACE CONDITION,KETCHAM RUN AROUND & OLD 37 RD,24192
2010,12,7,Weekend,1300,2-Car,No injury/unknown,FOLLOWING TOO CLOSELY,SOUTH ORCHARD & SR37S,24193
2010,12,4,Weekday,900,2-Car,No injury/unknown,FOLLOWING TOO CLOSELY,DRIVE TO 2711 E 10TH & SR45S,24194
2010,12,3,Weekday,1300,2-Car,No injury/unknown,FAILURE TO YIELD RIGHT OF WAY,ROGERS & SR37S,24195
2010,12,6,Weekend,1900,2-Car,No injury/unknown,FAILURE TO YIELD RIGHT OF WAY,45 EAST & FLOYD DR,24196
2010,10,7,Weekend,1800,2-Car,No injury/unknown,OTHER (DRIVER) - EXPLAIN IN NARRATIVE,HARTSTRAIGHT RDS & MAJESTIC WOODS,24197
2009,8,1,Weekend,300,2-Car,No injury/unknown,FOLLOWING TOO CLOSELY,SR37S & VERNAL,24198
2009,8,5,Weekday,700,1-Car,No injury/unknown,RAN OFF ROAD RIGHT,KERR CREEK RD & SR 46 EAST,24199
2009,10,1,Weekday,2000,1-Car,No injury/unknown,OTHER (DRIVER) - EXPLAIN IN NARRATIVE,CURRY & SR46W,24200
2009,12,4,Weekday,2100,1-Car,No injury/unknown,ANIMAL/OBJECT IN ROADWAY,BOTTOM RD & SR37N,24201
2009,8,2,Weekday,1700,1-Car,No injury/unknown,DRIVER DISTRACTED - EXPLAIN IN NARRATIVE,N DANIELS WAY & SR48W,24202
2009,8,7,Weekend,300,1-Car,No injury/unknown,RAN OFF ROAD RIGHT,ROCKEAST RD & ROCKPORT,24203
2009,4,1,Weekend,0,1-Car,No injury/unknown,ANIMAL/OBJECT IN ROADWAY,MAIN FOREST RD & OLD SR 37,24204
2009,4,7,Weekend,1800,2-Car,Non-incapacitating,OTHER (DRIVER) - EXPLAIN IN NARRATIVE,BUSKIRK & W BURMA RD,24205
2009,10,1,Weekday,2100,1-Car,No injury/unknown,ANIMAL/OBJECT IN ROADWAY,TANGLEWOOD & UNION VALLEY RD,24206
2009,9,3,Weekday,700,1-Car,No injury/unknown,DRIVER ASLEEP OR FATIGUED,BRYANTS CREEK & SR37N,24207
2009,5,2,Weekday,2300,1-Car,No injury/unknown,UNSAFE SPEED,BRIGHTON & WAMPLER RD,24208
2009,5,6,Weekday,1000,1-Car,Non-incapacitating,OVERCORRECTING/OVERSTEERING,BRYANTS CREEK & SR37N,24209
2009,12,1,Weekend,1600,1-Car,No injury/unknown,RAN OFF ROAD RIGHT,BURMA & SR37N,24210
2009,6,2,Weekday,400,1-Car,No injury/unknown,DRIVER ASLEEP OR FATIGUED,BURMA & SR37N,24211
2009,7,2,Weekday,1300,2-Car,No injury/unknown,FAILURE TO YIELD RIGHT OF WAY,2404 SMITH PIKE PIKE & WOODYARD,24212
2009,12,1,Weekend,1600,2-Car,No injury/unknown,OTHER (ENVIRONMENTAL) - EXPLAIN IN NARR,BURMA & SR37S,24213
2009,9,3,Weekday,1100,1-Car,No injury/unknown,OTHER (DRIVER) - EXPLAIN IN NARRATIVE,BURMA & SR37S,24214
2009,4,3,Weekday,1700,1-Car,No injury/unknown,ANIMAL/OBJECT IN ROADWAY,BURMA & SR37N,24215
2009,11,3,Weekday,1800,2-Car,No injury/unknown,FAILURE TO YIELD RIGHT OF WAY,OLD 37 HWY & ZIKES,24216
2009,11,4,Weekday,1800,1-Car,Non-incapacitating,RAN OFF ROAD RIGHT,MOON RD & TEXAS RIDGE,24217
2009,4,3,Weekday,2300,1-Car,Non-incapacitating,OVERCORRECTING/OVERSTEERING,BLOOMFIELD & SR37N,24218
2009,1,3,Weekday,800,2-Car,Non-incapacitating,FAILURE TO YIELD RIGHT OF WAY,MT TABOR RD & TABOR HILL,24219
2009,8,7,Weekend,700,1-Car,Non-incapacitating,ANIMAL/OBJECT IN ROADWAY,MOUNT PLEASANT & PRATHER RD,24220
2009,9,6,Weekday,1200,1-Car,Non-incapacitating,ROADWAY SURFACE CONDITION,MAIN & STINESVILLE RD,24221
2009,9,6,Weekday,900,1-Car,No injury/unknown,ROADWAY SURFACE CONDITION,MAIN & STINESVILLE RD,24222
2009,10,5,Weekday,700,1-Car,No injury/unknown,SPEED TOO FAST FOR WEATHER CONDITIONS,MOUNT CARMEL & STINESVILLE RD,24223
2009,9,1,Weekend,0,1-Car,Non-incapacitating,UNSAFE SPEED,CROSSOVER & SR37N,24224
2009,10,7,Weekend,1800,2-Car,No injury/unknown,UNSAFE BACKING,CROSSOVER RD & SR37N,24225
2009,9,1,Weekday,2000,2-Car,Non-incapacitating,IMPROPER TURNING,9599 W MT CARMEL RD RD & COUNTY LINE ROAD,24226
2009,12,2,Weekday,700,1-Car,No injury/unknown,TIRE FAILURE OR DEFECTIVE,LITTLE WOLF MTN & W MT CARMEL RD,24227
2009,12,2,Weekday,1800,1-Car,No injury/unknown,ANIMAL/OBJECT IN ROADWAY,RED HILL & WEST WALKER LN,24228
2009,11,5,Weekday,900,1-Car,Non-incapacitating,UNSAFE SPEED,BOTTOM & MT TABOR RD,24229
2009,8,2,Weekday,1600,2-Car,No injury/unknown,OTHER (VEHICLE) - EXPLAIN IN NARRATIVE,BLUE SPRUCE DR,24230
2009,2,7,Weekend,1300,1-Car,No injury/unknown,SPEED TOO FAST FOR WEATHER CONDITIONS,FOX HOLLOW & SR37S,24231
2009,11,3,Weekday,2100,1-Car,Non-incapacitating,OVERCORRECTING/OVERSTEERING,FOX HOLLOW & OLD 37 RD,24232
2009,1,6,Weekday,1400,2-Car,No injury/unknown,FAILURE TO YIELD RIGHT OF WAY,FOX HOLLOW & SR37N,24233
2009,1,5,Weekday,1000,Bus,Non-incapacitating,LEFT OF CENTER,FAWNRIDGE & FOX HOLLOW RD,24234
2009,10,2,Weekday,800,2-Car,No injury/unknown,LEFT OF CENTER,FAWNRIDGE & FOX HOLLOW RD,24235
2009,1,4,Weekday,800,1-Car,Non-incapacitating,SPEED TOO FAST FOR WEATHER CONDITIONS,ANDERSON RD & FARR,24236
2009,9,1,Weekend,1100,2-Car,No injury/unknown,SPEED TOO FAST FOR WEATHER CONDITIONS,EAST SEVENTEENTH & FEE LN,24237
2009,2,1,Weekend,200,1-Car,Non-incapacitating,DRIVER ASLEEP OR FATIGUED,COUNTY LINE & SR46W,24238
2009,6,2,Weekday,2200,1-Car,Non-incapacitating,RAN OFF ROAD RIGHT,HENDRICKS & STINESVILE RD,24239
2009,6,7,Weekend,700,1-Car,No injury/unknown,ANIMAL/OBJECT IN ROADWAY,BRYANTS CREEK & SR37N,24240
2009,2,1,Weekend,1100,2-Car,Non-incapacitating,FAILURE TO YIELD RIGHT OF WAY,SIMPSON CHAPEL & SR37N,24241
2009,4,1,Weekend,0,1-Car,Non-incapacitating,RAN OFF ROAD RIGHT,WOODALL RD & WOODLAND,24242
2009,9,4,Weekday,2300,1-Car,No injury/unknown,RAN OFF ROAD RIGHT,ANDERSON & SHILO RD,24243
2009,11,3,Weekday,2300,1-Car,No injury/unknown,RAN OFF ROAD RIGHT,DOC MITCHEL & STRAIN RIDGE RD,24244
2009,12,6,Weekday,1700,1-Car,No injury/unknown,ANIMAL/OBJECT IN ROADWAY,ANDERSON RD & FISH,24245
2009,11,2,Weekday,2000,1-Car,No injury/unknown,ANIMAL/OBJECT IN ROADWAY,SIMPSON CHAPEL & SR37N,24246
2009,12,2,Weekday,1700,2-Car,No injury/unknown,UNSAFE BACKING,NORTH OLD STATE ROAD 37 RD,24247
2009,5,7,Weekend,1500,1-Car,No injury/unknown,DRIVER ILLNESS,BARR & MT TABOR RD,24248
2009,3,1,Weekend,0,1-Car,No injury/unknown,ROADWAY SURFACE CONDITION,NORTH SHORE DR & SPILLWAY,24249
2009,8,7,Weekend,1500,Moped/Motorcycle,Non-incapacitating,RAN OFF ROAD RIGHT,NORTH SHORE DR & SPILLWAY,24250
2009,10,5,Weekday,600,1-Car,No injury/unknown,ALCOHOLIC BEVERAGES,NORTH SHORE DR & SPILLWAY,24251
2009,12,7,Weekend,1800,1-Car,No injury/unknown,ANIMAL/OBJECT IN ROADWAY,SR46W & STINESVILLE,24252
2009,11,1,Weekend,1800,1-Car,No injury/unknown,ROADWAY SURFACE CONDITION,GARRISON CHAPEL RD & W SR 45,24253
2009,10,4,Weekday,600,1-Car,No injury/unknown,ANIMAL/OBJECT IN ROADWAY,SAMPLE & SR37N,24254
2009,12,1,Weekend,1400,2-Car,No injury/unknown,FAILURE TO YIELD RIGHT OF WAY,SR46W & STINESVILLE,24255
2009,3,4,Weekday,2200,1-Car,No injury/unknown,RAN OFF ROAD RIGHT,ANDERSON & OLD STATE ROAD 37 NORTH RD,24256
2009,12,4,Weekday,1800,1-Car,No injury/unknown,RAN OFF ROAD RIGHT,ANDERSON & OLD STATE ROAD 37 RD,24257
2009,10,4,Weekday,700,1-Car,Non-incapacitating,RAN OFF ROAD RIGHT,N ST RD 37 & SAMPLE RD,24258
2009,9,5,Weekday,900,1-Car,Non-incapacitating,RAN OFF ROAD RIGHT,ANDERSON ROAD RDS & SR37N,24259
2009,4,5,Weekday,2100,1-Car,No injury/unknown,ANIMAL/OBJECT IN ROADWAY,I37N & SR37,24260
2009,5,7,Weekend,500,1-Car,No injury/unknown,RAN OFF ROAD RIGHT,N WAYPORT & SR37N,24261
2009,7,2,Weekday,1700,2-Car,No injury/unknown,DRIVER DISTRACTED - EXPLAIN IN NARRATIVE,N WAYPORT & SR37N,24262
2009,1,4,Weekday,1200,2-Car,No injury/unknown,UNSAFE BACKING,N WALNUT ST & SR 45 46,24263
2009,8,5,Weekday,1400,2-Car,No injury/unknown,DRIVER DISTRACTED - EXPLAIN IN NARRATIVE,37 & SR37N,24264
2009,9,5,Weekday,1600,2-Car,No injury/unknown,FAILURE TO YIELD RIGHT OF WAY,SR37S & WAYPORT,24265
2009,8,1,Weekday,2300,2-Car,Non-incapacitating,DRIVER DISTRACTED - EXPLAIN IN NARRATIVE,SR37N & WAYPORT,24266
2009,8,6,Weekday,1800,1-Car,No injury/unknown,ROADWAY SURFACE CONDITION,DUNN & OLD STATE RD 37 N RD,24267
2009,7,7,Weekend,2000,1-Car,No injury/unknown,ALCOHOLIC BEVERAGES,CHAFIN CHAPEL & RODEO DR,24268
2009,3,7,Weekend,1400,1-Car,Non-incapacitating,RAN OFF ROAD RIGHT,CHAFIN CHAPEL & SR46W,24269
2009,12,4,Weekday,500,1-Car,Non-incapacitating,RAN OFF ROAD RIGHT,CHAFIN CHAPEL & SR46W,24270
2009,4,5,Weekday,200,1-Car,No injury/unknown,ANIMAL/OBJECT IN ROADWAY,SR37 & SR37N,24271
2009,7,4,Weekday,1700,1-Car,Non-incapacitating,RAN OFF ROAD RIGHT,OLD SR37 & SAMPLE RD,24272
2009,2,7,Weekend,1600,2-Car,Non-incapacitating,SPEED TOO FAST FOR WEATHER CONDITIONS,RUST & SHILO RD,24273
2009,4,4,Weekday,600,1-Car,No injury/unknown,ANIMAL/OBJECT IN ROADWAY,FLATWOODS & SR46W,24274
2009,11,2,Weekday,2100,1-Car,No injury/unknown,OVERCORRECTING/OVERSTEERING,CODWDEN & DELAP RDS,24275
2009,11,2,Weekday,1600,1-Car,No injury/unknown,ANIMAL/OBJECT IN ROADWAY,2ND & SR37S,24276
2009,1,4,Weekday,1700,1-Car,Non-incapacitating,OVERCORRECTING/OVERSTEERING,FLATWOOD & SR46,24277
2009,8,4,Weekday,1200,3+ Cars,Non-incapacitating,FOLLOWING TOO CLOSELY,FLATWOODS & SR46W,24278
2009,2,6,Weekday,1200,2-Car,No injury/unknown,OTHER (DRIVER) - EXPLAIN IN NARRATIVE,STATE ROAD 46,24279
2009,8,6,Weekend,1900,2-Car,No injury/unknown,FAILURE TO YIELD RIGHT OF WAY,FLATWOODS & SR46W,24280
2009,2,4,Weekday,700,1-Car,No injury/unknown,DRIVER ILLNESS,MATTHEWS DR & MT TABOR,24281
2009,7,1,Weekday,2200,1-Car,No injury/unknown,OTHER (DRIVER) - EXPLAIN IN NARRATIVE,FLATWOODS & SR46W,24282
2009,5,1,Weekend,1800,1-Car,No injury/unknown,OVERCORRECTING/OVERSTEERING,SR37 & WYLIE RD,24283
2009,6,3,Weekday,1000,1-Car,No injury/unknown,SPEED TOO FAST FOR WEATHER CONDITIONS,SR37 & WYLIE RD,24284
2009,9,1,Weekend,800,Moped/Motorcycle,No injury/unknown,TIRE FAILURE OR DEFECTIVE,SHOWERS & SR37N,24285
2009,7,2,Weekday,1400,1-Car,No injury/unknown,UNSAFE SPEED,SHUFFLE CREEK & SOUTH SHORE DR,24286
2009,1,3,Weekday,1400,1-Car,No injury/unknown,DRIVER DISTRACTED - EXPLAIN IN NARRATIVE,SR46W,24287
2009,5,3,Weekday,1800,2-Car,No injury/unknown,UNSAFE BACKING,W SR 46 RD,24288
2009,11,4,Weekday,500,1-Car,No injury/unknown,OTHER (DRIVER) - EXPLAIN IN NARRATIVE,CROSSOVER & SR37N,24289
2009,8,6,Weekend,2100,2-Car,No injury/unknown,FAILURE TO YIELD RIGHT OF WAY,3720 DRIVE DR & WALNUT STREET,24290
2009,10,1,Weekend,400,1-Car,No injury/unknown,RAN OFF ROAD RIGHT,SR37N & WALNUT ST,24291
2009,5,7,Weekend,1600,1-Car,Non-incapacitating,DRIVER ILLNESS,KNIGHTRIDGE & SR446S,24292
2009,5,7,Weekend,0,2-Car,No injury/unknown,OTHER (DRIVER) - EXPLAIN IN NARRATIVE,FLATWOODS & SR46,24293
2009,5,7,Weekend,0,1-Car,No injury/unknown,UNSAFE SPEED,FLATWOODS & SR46,24294
2009,3,4,Weekday,1600,3+ Cars,Fatal,LEFT OF CENTER,FLATWOODS & SR46W,24295
2009,11,2,Weekday,1900,1-Car,No injury/unknown,OVERCORRECTING/OVERSTEERING,FLATWOODS & SR46W,24296
2009,8,6,Weekend,2300,1-Car,Non-incapacitating,RAN OFF ROAD RIGHT,SHUFFLE CREEK RD & SOUTH SHORE,24297
2009,7,5,Weekday,900,1-Car,Non-incapacitating,RAN OFF ROAD RIGHT,HUDOFF & ROBINSON RD,24298
2009,7,3,Weekday,1300,2-Car,No injury/unknown,FOLLOWING TOO CLOSELY,FLATWOODS & SR46W,24299
2009,5,1,Weekend,0,1-Car,Non-incapacitating,ANIMAL/OBJECT IN ROADWAY,NORTH MAPLE GROVE & WEST MAPLE GROVE RD,24300
2009,12,5,Weekday,2200,1-Car,No injury/unknown,ANIMAL/OBJECT IN ROADWAY,SHILO & TUNNEL RD,24301
2009,2,3,Weekday,200,1-Car,No injury/unknown,ANIMAL/OBJECT IN ROADWAY,ELLIS & SR37N,24302
2009,7,4,Weekday,1600,2-Car,No injury/unknown,OTHER (DRIVER) - EXPLAIN IN NARRATIVE,RHINESTONE DR,24303
2009,12,5,Weekday,1900,2-Car,No injury/unknown,ANIMAL/OBJECT IN ROADWAY,FLATWOODS & SR46W,24304
2009,6,3,Weekday,1900,1-Car,No injury/unknown,OTHER (DRIVER) - EXPLAIN IN NARRATIVE,MAPLE GROVE ST,24305
2009,9,1,Weekend,1200,2-Car,No injury/unknown,RAN OFF ROAD RIGHT,STATE ROAD 46 RD,24306
2009,1,4,Weekday,1900,2-Car,No injury/unknown,FOLLOWING TOO CLOSELY,REDHILL & SR46W,24307
2009,3,3,Weekday,1600,2-Car,No injury/unknown,SPEED TOO FAST FOR WEATHER CONDITIONS,REDHILL RD & SR46W,24308
2009,7,6,Weekday,1700,2-Car,No injury/unknown,DRIVER DISTRACTED - EXPLAIN IN NARRATIVE,REDHILL & SR46W,24309
2009,3,5,Weekday,2100,1-Car,No injury/unknown,OTHER (DRIVER) - EXPLAIN IN NARRATIVE,MAPLE GROVE & MATHEWS DR,24310
2009,9,6,Weekday,1600,2-Car,No injury/unknown,FAILURE TO YIELD RIGHT OF WAY,MAPLE GROVE & MATHEWS RD,24311
2009,9,3,Weekday,1700,2-Car,Non-incapacitating,DRIVER DISTRACTED - EXPLAIN IN NARRATIVE,SMITH PIKE & WOODYARD,24312
2009,8,1,Weekday,2300,1-Car,No injury/unknown,OTHER (DRIVER) - EXPLAIN IN NARRATIVE,UNION VALLEY RD & WEST MAPLE GROVE,24313
2009,1,4,Weekday,800,1-Car,No injury/unknown,OTHER (ENVIRONMENTAL) - EXPLAIN IN NARR,MAPLE GROVE & UNION VALLEY RD,24314
2009,4,1,Weekend,1700,2-Car,No injury/unknown,OTHER (DRIVER) - EXPLAIN IN NARRATIVE,VIOLET CT,24315