year,month,day,weekend,hour,collision_type,injury_type,primary_factor,reported_location,unique_id
2009,5,2,Weekday,1100,2-Car,No injury/unknown,FOLLOWING TOO CLOSELY,RIDGE SPRINGS & SR46W,24316
2009,3,5,Weekday,2100,1-Car,Non-incapacitating,ALCOHOLIC BEVERAGES,3685 E ROBINSON RD & OLD SR 37 N,24317
2009,11,6,Weekday,1200,1-Car,Incapacitating,RAN OFF ROAD RIGHT,E ROBINSON RD & OLD SR 37 NORTH,24318
2009,11,4,Weekday,2300,1-Car,Non-incapacitating,RAN OFF ROAD RIGHT,BOLTINGHOUSE & SR37N,24319
2009,4,4,Weekday,400,1-Car,Non-incapacitating,RAN OFF ROAD RIGHT,DILLMAN & S OLD ST RD 37 HWY,24320
2009,6,3,Weekday,1500,2-Car,Non-incapacitating,DRIVER DISTRACTED - EXPLAIN IN NARRATIVE,E DILLMAN & S OLD ST RD 37 RD,24321
2009,7,3,Weekday,1700,1-Car,No injury/unknown,UNSAFE BACKING,W REDBUD RD,24322
2009,2,3,Weekday,700,2-Car,No injury/unknown,FOLLOWING TOO CLOSELY,MAIN & SR46W,24323
2009,9,5,Weekday,1300,1-Car,Non-incapacitating,RAN OFF ROAD RIGHT,BRUCE & SR45E,24324
2009,2,3,Weekday,1100,1-Car,No injury/unknown,SPEED TOO FAST FOR WEATHER CONDITIONS,SR37S,24325
2009,8,6,Weekday,1500,1-Car,Non-incapacitating,RAN OFF ROAD RIGHT,MATTHEWS & MCNEELY ST,24326
2009,8,4,Weekday,1800,1-Car,No injury/unknown,ANIMAL/OBJECT IN ROADWAY,BRUCE & SR45E,24327
2009,10,2,Weekday,400,1-Car,No injury/unknown,ANIMAL/OBJECT IN ROADWAY,BRUCE & SR45E,24328
2009,2,4,Weekday,1700,1-Car,Non-incapacitating,OVERCORRECTING/OVERSTEERING,MCNEELY ST & RIDGEWAY,24329
2009,2,4,Weekday,700,1-Car,No injury/unknown,HOLES/RUTS IN SURFACE,MCNEELY ST & RIDGEWAY,24330
2009,4,2,Weekday,1500,1-Car,No injury/unknown,RAN OFF ROAD RIGHT,CONSTABLE & SR46W,24331
2009,9,2,Weekday,0,1-Car,Non-incapacitating,OTHER (DRIVER) - EXPLAIN IN NARRATIVE,CONSTABLE & SR46W,24332
2009,6,4,Weekday,1800,1-Car,No injury/unknown,ANIMAL/OBJECT IN ROADWAY,MEL CURRIE RD & SOUTH STATE ROAD 37,24333
2009,5,2,Weekday,1600,2-Car,Non-incapacitating,OTHER (DRIVER) - EXPLAIN IN NARRATIVE,ALLEN & SR46W,24334
2009,2,1,Weekend,0,1-Car,No injury/unknown,DRIVER ASLEEP OR FATIGUED,ALLEN & WEST MAIN ST,24335
2009,2,3,Weekday,1400,2-Car,No injury/unknown,FAILURE TO YIELD RIGHT OF WAY,EDGEWOOD & EDGEWOOD DR,24336
2009,1,2,Weekday,1000,1-Car,No injury/unknown,OTHER (DRIVER) - EXPLAIN IN NARRATIVE,NORTH MATTHEWS & WEST MAIN ST,24337
2009,4,6,Weekday,1600,2-Car,Non-incapacitating,FAILURE TO YIELD RIGHT OF WAY,MAIN ST ST & MATTEWS,24338
2009,12,6,Weekday,1500,2-Car,No injury/unknown,FAILURE TO YIELD RIGHT OF WAY,MAIN ST & MATTEWS,24339
2009,10,5,Weekday,800,1-Car,No injury/unknown,OTHER (DRIVER) - EXPLAIN IN NARRATIVE,BOLTINGHOUSE RD & OLD SR 37,24340
2009,2,6,Weekday,600,2-Car,No injury/unknown,FAILURE TO YIELD RIGHT OF WAY,MATTHEWS DR & SR46W,24341
2009,4,7,Weekend,1200,1-Car,No injury/unknown,RAN OFF ROAD RIGHT,MATTHEWS & SR46W,24342
2009,10,3,Weekday,1600,2-Car,No injury/unknown,FAILURE TO YIELD RIGHT OF WAY,MATTHEWS & SR46W,24343
2009,1,5,Weekday,2000,2-Car,No injury/unknown,SPEED TOO FAST FOR WEATHER CONDITIONS,COLT & SYCAMORE DR,24344
2009,3,2,Weekday,1200,1-Car,No injury/unknown,VIEW OBSTRUCTED,SALE ST & VINE,24345
2009,4,1,Weekday,2200,2-Car,No injury/unknown,OTHER (DRIVER) - EXPLAIN IN NARRATIVE,SALE ST ST & VINE ST,24346
2009,5,7,Weekend,1500,Cyclist,No injury/unknown,OTHER (ENVIRONMENTAL) - EXPLAIN IN NARR,SALE ST & VINE,24347
2009,1,2,Weekday,1100,1-Car,No injury/unknown,UNSAFE BACKING,TEMPERANCE ST W ST,24348
2009,1,5,Weekday,1300,2-Car,No injury/unknown,DISREGARD SIGNAL/REG SIGN,NORTH SALE & WEST TEMPERANCE ST,24349
2009,1,6,Weekday,800,2-Car,No injury/unknown,FAILURE TO YIELD RIGHT OF WAY,NORTH SALE ST & WEST TEMPERANCE,24350
2009,2,2,Weekday,700,2-Car,Non-incapacitating,OTHER (DRIVER) - EXPLAIN IN NARRATIVE,N SALE & SR46W,24351
2009,4,1,Weekend,1200,2-Car,No injury/unknown,FOLLOWING TOO CLOSELY,SALE & SR46W,24352
2009,6,2,Weekday,1900,2-Car,No injury/unknown,IMPROPER TURNING,SALE & TEMPERANCE ST,24353
2009,8,1,Weekend,1600,2-Car,No injury/unknown,FAILURE TO YIELD RIGHT OF WAY,SALE & TEMPERANCE ST,24354
2009,11,4,Weekday,1900,2-Car,No injury/unknown,FAILURE TO YIELD RIGHT OF WAY,SALE ST ST & TEMPERANCE,24355
2009,12,6,Weekday,1100,2-Car,Non-incapacitating,FAILURE TO YIELD RIGHT OF WAY,SALE & SR46W,24356
2009,10,3,Weekday,1800,2-Car,No injury/unknown,BRAKE FAILURE OR DEFECTIVE,CHANDLER & MAIN ST,24357
2009,2,1,Weekend,1200,2-Car,No injury/unknown,IMPROPER TURNING,N SALE & SR46W,24358
2009,5,4,Weekday,1800,2-Car,No injury/unknown,LEFT OF CENTER,MURAT & TUNNEL RD,24359
2009,4,7,Weekend,1900,2-Car,No injury/unknown,FAILURE TO YIELD RIGHT OF WAY,5TH & WEST TEMPERANCE ST,24360
2009,8,1,Weekend,1200,2-Car,No injury/unknown,IMPROPER TURNING,5TH ST & SR46W,24361
2009,4,1,Weekend,1200,1-Car,Non-incapacitating,DRIVER ASLEEP OR FATIGUED,SALE & SR46W,24362
2009,5,1,Weekend,1600,2-Car,No injury/unknown,OTHER (DRIVER) - EXPLAIN IN NARRATIVE,5 TH STREET & TEMPERANCE STREET ST,24363
2009,9,6,Weekday,1800,2-Car,No injury/unknown,FAILURE TO YIELD RIGHT OF WAY,ASSOCITATION & S SALE ST,24364
2009,4,7,Weekend,900,2-Car,No injury/unknown,DRIVER DISTRACTED - EXPLAIN IN NARRATIVE,ASSOCIATION & SALE ST,24365
2009,11,6,Weekday,1800,2-Car,No injury/unknown,FAILURE TO YIELD RIGHT OF WAY,BOTTOM & SR37S,24366
2009,12,3,Weekday,2200,1-Car,No injury/unknown,OVERCORRECTING/OVERSTEERING,BOTTOM & SR37N,24367
2009,1,3,Weekday,1500,2-Car,No injury/unknown,DRIVER DISTRACTED - EXPLAIN IN NARRATIVE,SR37S & SR45W,24368
2009,1,7,Weekend,1400,2-Car,Non-incapacitating,FAILURE TO YIELD RIGHT OF WAY,SR37S & SR45W,24369
2009,4,5,Weekday,1400,2-Car,Non-incapacitating,FOLLOWING TOO CLOSELY,SR37S & SR45W,24370
2009,1,2,Weekday,1500,2-Car,No injury/unknown,LEFT OF CENTER,N WALNUT ST,24371
2009,6,5,Weekday,1300,2-Car,No injury/unknown,OTHER (DRIVER) - EXPLAIN IN NARRATIVE,N WALNUT ST,24372
2009,7,5,Weekday,1900,2-Car,No injury/unknown,FOLLOWING TOO CLOSELY,N WALNUT ST,24373
2009,8,7,Weekend,900,1-Car,No injury/unknown,OTHER (DRIVER) - EXPLAIN IN NARRATIVE,N WALNUT ST,24374
2009,8,7,Weekend,1500,1-Car,No injury/unknown,OTHER (DRIVER) - EXPLAIN IN NARRATIVE,NORTH WALNUT ST,24375
2009,9,4,Weekday,1200,2-Car,No injury/unknown,OTHER (DRIVER) - EXPLAIN IN NARRATIVE,N WALNUT ST,24376
2009,9,4,Weekday,400,2-Car,No injury/unknown,DRIVER DISTRACTED - EXPLAIN IN NARRATIVE,N WALNUT ST,24377
2009,11,5,Weekday,800,Pedestrian,Non-incapacitating,UNSAFE BACKING,N WALNUT ST,24378
2009,4,1,Weekend,1200,Moped/Motorcycle,Incapacitating,ANIMAL/OBJECT IN ROADWAY,KELLI & SR46W,24379
2009,8,5,Weekday,200,1-Car,No injury/unknown,RAN OFF ROAD RIGHT,SHUFFLE CREEK & SR45E,24380
2009,6,3,Weekday,800,2-Car,No injury/unknown,FAILURE TO YIELD RIGHT OF WAY,RITTER & SALE ST,24381
2009,8,3,Weekday,1900,2-Car,No injury/unknown,UNSAFE BACKING,N KINSER PIKE & W 17 TH,24382
2009,1,4,Weekday,700,2-Car,No injury/unknown,ROADWAY SURFACE CONDITION,PINE & SALE ST,24383
2009,9,6,Weekday,1600,2-Car,No injury/unknown,FAILURE TO YIELD RIGHT OF WAY,REEVES RD & STARNES,24384
2009,12,7,Weekend,1300,1-Car,No injury/unknown,RAN OFF ROAD RIGHT,N MAPLE GROVE RD,24385
2009,7,2,Weekday,1800,2-Car,No injury/unknown,FAILURE TO YIELD RIGHT OF WAY,SR 46 RD,24386
2009,10,7,Weekend,1900,2-Car,No injury/unknown,ALCOHOLIC BEVERAGES,TERRY & WEST REEVES RD,24387
2009,7,4,Weekday,200,1-Car,No injury/unknown,OVERCORRECTING/OVERSTEERING,SR45 & TUNNEL RD,24388
2009,9,4,Weekday,1900,1-Car,No injury/unknown,RAN OFF ROAD RIGHT,FIRST ST,24389
2009,8,1,Weekend,400,1-Car,No injury/unknown,DRIVER ASLEEP OR FATIGUED,SKIRVIN & SR45E,24390
2009,2,7,Weekend,1400,1-Car,No injury/unknown,SPEED TOO FAST FOR WEATHER CONDITIONS,HIGHWAY 45 & MOUNT GILEAD RD,24391
2009,12,2,Weekday,2300,1-Car,No injury/unknown,ANIMAL/OBJECT IN ROADWAY,MT GILEAD & SR45E,24392
2009,5,4,Weekday,700,1-Car,No injury/unknown,RAN OFF ROAD RIGHT,OARD RD & SR48W,24393
2009,1,2,Weekday,700,1-Car,No injury/unknown,ROADWAY SURFACE CONDITION,BOLTINGHOUSE ROAD RD & EARL YOUNG ROAD,24394
2009,8,3,Weekday,2100,1-Car,No injury/unknown,ALCOHOLIC BEVERAGES,BOLTINGHOUSE RD & EARL YOUNG,24395
2009,6,1,Weekend,1600,2-Car,Non-incapacitating,FAILURE TO YIELD RIGHT OF WAY,2ND ST & RITTER,24396
2009,12,7,Weekend,1500,1-Car,No injury/unknown,ROADWAY SURFACE CONDITION,SHUFFLE CREEK RD & SR45E,24397
2009,8,6,Weekday,1300,2-Car,No injury/unknown,OTHER (VEHICLE) - EXPLAIN IN NARRATIVE,PAUL & SR46W,24398
2009,10,7,Weekend,800,1-Car,No injury/unknown,OTHER (DRIVER) - EXPLAIN IN NARRATIVE,PAUL ST & TEMPERANCE ST ST,24399
2009,8,1,Weekend,1600,2-Car,No injury/unknown,FAILURE TO YIELD RIGHT OF WAY,PAUL & SR46W,24400
2009,9,1,Weekend,1000,1-Car,Non-incapacitating,RAN OFF ROAD RIGHT,SKIRVIN & SR45S,24401
2009,8,6,Weekday,1100,Moped/Motorcycle,Non-incapacitating,UNSAFE SPEED,EARL YOUNG RD & WE,24402
2009,7,4,Weekday,1800,2-Car,No injury/unknown,FAILURE TO YIELD RIGHT OF WAY,1ST ST & RITTER,24403
2009,3,6,Weekday,700,3+ Cars,No injury/unknown,FOLLOWING TOO CLOSELY,PARK ST & SR46W,24404
2009,3,6,Weekday,700,2-Car,No injury/unknown,OTHER (DRIVER) - EXPLAIN IN NARRATIVE,PARK & SR46W,24405
2009,9,5,Weekday,1700,1-Car,No injury/unknown,DRIVER DISTRACTED - EXPLAIN IN NARRATIVE,COMMODORE & RUSSELL RDS,24406
2009,4,7,Weekend,1800,1-Car,Non-incapacitating,UNSAFE SPEED,BOTTOM & SR37N,24407
2009,6,4,Weekday,500,1-Car,No injury/unknown,OTHER (DRIVER) - EXPLAIN IN NARRATIVE,BRYANTS CREEK & SR37N,24408
2009,5,4,Weekday,1200,2-Car,No injury/unknown,DISREGARD SIGNAL/REG SIGN,HARTSTRAIGHT & SR46W,24409
2009,5,5,Weekday,1500,2-Car,No injury/unknown,FOLLOWING TOO CLOSELY,HARTSTRAIGHT & SR46W,24410
2009,9,3,Weekday,1300,2-Car,Non-incapacitating,VIEW OBSTRUCTED,HARTSTRAIGHT & SR46W,24411
2009,9,6,Weekday,300,1-Car,No injury/unknown,ANIMAL/OBJECT IN ROADWAY,HARTSTRAIT & SR46W,24412
2009,11,1,Weekend,1500,2-Car,Non-incapacitating,FOLLOWING TOO CLOSELY,HARTSTRAIT & SR46W,24413
2009,10,5,Weekday,1000,2-Car,No injury/unknown,UNSAFE SPEED,HARTSTRAIGHT & SR46W,24414
2009,5,4,Weekday,1900,3+ Cars,No injury/unknown,DISREGARD SIGNAL/REG SIGN,E TEMPERANCE & SR46E,24415
2009,2,5,Weekday,600,1-Car,No injury/unknown,SPEED TOO FAST FOR WEATHER CONDITIONS,COX & SR45E,24416
2009,10,6,Weekday,1100,1-Car,No injury/unknown,ANIMAL/OBJECT IN ROADWAY,EARL YOUNG RD & WELLSTON,24417
2009,4,6,Weekday,1600,2-Car,No injury/unknown,UNSAFE BACKING,N KINSER PIKE,24418
2009,10,3,Weekday,1300,2-Car,No injury/unknown,OTHER (DRIVER) - EXPLAIN IN NARRATIVE,N KINSER PIKE,24419
2009,10,5,Weekday,700,Bus,No injury/unknown,DRIVER DISTRACTED - EXPLAIN IN NARRATIVE,CLUBHOUSE & N KINSER PIKE,24420
2009,6,3,Weekday,2200,Moped/Motorcycle,Non-incapacitating,OVERCORRECTING/OVERSTEERING,POTOWATAMI & POTOWATAMI CTS,24421
2009,7,1,Weekend,1600,Cyclist,Non-incapacitating,VIEW OBSTRUCTED,UNKNOWN ST,24422
2009,10,7,Weekend,900,2-Car,No injury/unknown,FAILURE TO YIELD RIGHT OF WAY,KINSER & SR37S,24423
2009,10,6,Weekend,2200,1-Car,No injury/unknown,ANIMAL/OBJECT IN ROADWAY,KINSER & SR37S,24424
2009,8,7,Weekend,2000,2-Car,No injury/unknown,DRIVER DISTRACTED - EXPLAIN IN NARRATIVE,N LAKEVIEW & SR46W,24425
2009,1,4,Weekday,700,2-Car,No injury/unknown,ROADWAY SURFACE CONDITION,LAKEVIEW & SR46W,24426
2009,9,3,Weekday,1700,2-Car,No injury/unknown,FAILURE TO YIELD RIGHT OF WAY,LAKEVIEW DR & SR46W,24427
2009,2,4,Weekday,1200,2-Car,Non-incapacitating,RAN OFF ROAD RIGHT,LAKEVIEW & SR46W,24428
2009,11,3,Weekday,1400,Bus,No injury/unknown,FAILURE TO YIELD RIGHT OF WAY,BLACKFOOT & MIAMI ST,24429
2009,9,7,Weekend,1200,2-Car,No injury/unknown,FAILURE TO YIELD RIGHT OF WAY,NORTH LAKEVIEW & SR46W,24430
2009,8,3,Weekday,1200,2-Car,No injury/unknown,FOLLOWING TOO CLOSELY,LAKEVIEW & SR46E,24431
2009,3,7,Weekend,1500,1-Car,No injury/unknown,RAN OFF ROAD RIGHT,STATE ROAD 45 HWY & VIKING RIDGE,24432
2009,2,7,Weekend,1400,2-Car,No injury/unknown,LEFT OF CENTER,COX & SR45E,24433
2009,10,6,Weekday,700,2-Car,Non-incapacitating,FAILURE TO YIELD RIGHT OF WAY,NORTH VIKINGRIDGE & SR45E,24434
2009,10,5,Weekday,1900,2-Car,No injury/unknown,FOLLOWING TOO CLOSELY,LOVE & SR46W,24435
2009,11,5,Weekday,1500,2-Car,No injury/unknown,BRAKE FAILURE OR DEFECTIVE,LOVE & SR46W,24436
2009,6,6,Weekday,1000,2-Car,Non-incapacitating,FAILURE TO YIELD RIGHT OF WAY,SR46W & UNION VALLEY RD,24437
2009,10,5,Weekday,1200,2-Car,Non-incapacitating,IMPROPER LANE USAGE,RIDGEWOOD & SR46W,24438
2009,9,2,Weekday,1500,2-Car,Non-incapacitating,FAILURE TO YIELD RIGHT OF WAY,BROOKWOOD & SR46W,24439
2009,4,4,Weekday,1500,2-Car,No injury/unknown,FOLLOWING TOO CLOSELY,PETE ELLIS DR & THIRD,24440
2009,1,6,Weekday,900,2-Car,No injury/unknown,FAILURE TO YIELD RIGHT OF WAY,STARNES RD & WEST RATLIFF,24441
2009,9,7,Weekend,2100,Moped/Motorcycle,Non-incapacitating,FAILURE TO YIELD RIGHT OF WAY,BRIAR GATE & SR46W,24442
2009,5,3,Weekday,1800,Moped/Motorcycle,Non-incapacitating,IMPROPER LANE USAGE,KINSER & SR37S,24443
2009,9,4,Weekday,1700,1-Car,Non-incapacitating,BRAKE FAILURE OR DEFECTIVE,RATLIFF ROW & THOMAS,24444
2009,4,6,Weekend,1900,2-Car,Non-incapacitating,FAILURE TO YIELD RIGHT OF WAY,SR46W & UNION VALLEY,24445
2009,5,2,Weekday,1500,2-Car,No injury/unknown,FAILURE TO YIELD RIGHT OF WAY,SR46W & UNION VALLEY RD,24446
2009,12,5,Weekday,1700,1-Car,No injury/unknown,OVERCORRECTING/OVERSTEERING,BAYLES & BUSINESS 37 RD,24447
2009,6,2,Weekday,700,2-Car,No injury/unknown,FAILURE TO YIELD RIGHT OF WAY,SR46W & UNION VALLEY RD,24448
2009,4,7,Weekend,800,3+ Cars,Non-incapacitating,DISREGARD SIGNAL/REG SIGN,OUTBACK & SR46W,24449
2009,2,7,Weekend,2100,1-Car,No injury/unknown,ANIMAL/OBJECT IN ROADWAY,BETHEL & OLD STATE ROAD 37 NORTH RD,24450
2009,12,5,Weekday,1700,2-Car,No injury/unknown,DRIVER DISTRACTED - EXPLAIN IN NARRATIVE,SR46W & UNION VALLEY,24451
2009,1,3,Weekday,1400,2-Car,No injury/unknown,DRIVER DISTRACTED - EXPLAIN IN NARRATIVE,SR46W & UNION VALLEY,24452
2009,4,6,Weekday,1800,2-Car,No injury/unknown,OTHER (DRIVER) - EXPLAIN IN NARRATIVE,SR46 & UNION VALLEY RD,24453
2009,5,3,Weekday,1600,2-Car,No injury/unknown,DRIVER DISTRACTED - EXPLAIN IN NARRATIVE,SR46W & UNION VALLEY,24454
2009,9,5,Weekday,900,2-Car,No injury/unknown,DRIVER DISTRACTED - EXPLAIN IN NARRATIVE,SR46W & UNION VALLEY,24455
2009,12,3,Weekday,1600,2-Car,No injury/unknown,DISREGARD SIGNAL/REG SIGN,SR46W & UNION VALLEY,24456
2009,9,4,Weekday,1500,2-Car,No injury/unknown,FOLLOWING TOO CLOSELY,SR46W & UNION VALLEY,24457
2009,9,2,Weekday,1500,3+ Cars,No injury/unknown,FOLLOWING TOO CLOSELY,SR46W & UNION VALLEY,24458
2009,7,7,Weekend,2200,Moped/Motorcycle,Incapacitating,UNSAFE SPEED,BROOKDALE & KINSER PIKE,24459
2009,2,7,Weekend,1400,2-Car,No injury/unknown,LEFT OF CENTER,BETHEL LN & BOLTINGHOUSE,24460
2009,7,7,Weekend,1700,2-Car,No injury/unknown,DRIVER DISTRACTED - EXPLAIN IN NARRATIVE,E BETHEL LN & N STIDD,24461
2009,3,5,Weekday,800,1-Car,No injury/unknown,RAN OFF ROAD RIGHT,BRUMMETTS CREEK RD & MCCOY,24462
2009,10,5,Weekday,2200,1-Car,No injury/unknown,ANIMAL/OBJECT IN ROADWAY,BENT PINE & SR45E,24463
2009,10,6,Weekend,2200,1-Car,No injury/unknown,RAN OFF ROAD RIGHT,BETHEL LN & STIDD,24464
2009,11,7,Weekend,1700,1-Car,No injury/unknown,ANIMAL/OBJECT IN ROADWAY,OLD SR 37 NORTH RD & SR37 NORTH,24465
2009,5,1,Weekday,2100,1-Car,No injury/unknown,NONE (DRIVER),ASHBROOK LANE & DEER PARK DR DR,24466
2009,11,3,Weekday,500,1-Car,No injury/unknown,ANIMAL/OBJECT IN ROADWAY,BETHEL & SR45E,24467
2009,10,1,Weekend,200,1-Car,Non-incapacitating,ALCOHOLIC BEVERAGES,BAUGH & E BETHEL LN,24468
2009,7,1,Weekend,1800,2-Car,No injury/unknown,DRIVER DISTRACTED - EXPLAIN IN NARRATIVE,AUDUBON & OLD SR 37 N RD,24469
2009,12,4,Weekday,100,1-Car,No injury/unknown,ANIMAL/OBJECT IN ROADWAY,BAUGH & BETHEL LN,24470
2009,11,5,Weekday,1400,2-Car,Non-incapacitating,OTHER (DRIVER) - EXPLAIN IN NARRATIVE,SR46W,24471
2009,10,2,Weekday,2300,1-Car,No injury/unknown,ANIMAL/OBJECT IN ROADWAY,BETHEL LN & HINKLE,24472
2009,12,5,Weekday,1100,2-Car,Non-incapacitating,OTHER (DRIVER) - EXPLAIN IN NARRATIVE,FORREST PARK & SR46W,24473
2009,1,5,Weekday,100,2-Car,No injury/unknown,UNSAFE BACKING,SUGAR MAPLE PL,24474
2009,9,4,Weekday,1500,2-Car,Non-incapacitating,UNSAFE SPEED,BABY CREEK RD & BRUMMETTS CREEK,24475
2009,10,5,Weekday,700,3+ Cars,No injury/unknown,DRIVER DISTRACTED - EXPLAIN IN NARRATIVE,SMITH & SR46W,24476
2009,9,4,Weekday,800,2-Car,No injury/unknown,UNSAFE SPEED,SMITH & SR46W,24477
2009,10,6,Weekday,1600,3+ Cars,No injury/unknown,DRIVER ILLNESS,SMITH & SR46W,24478
2009,2,2,Weekday,1500,2-Car,Non-incapacitating,FAILURE TO YIELD RIGHT OF WAY,N SMITH PIKE & SR46,24479
2009,9,3,Weekday,1600,2-Car,No injury/unknown,OTHER (DRIVER) - EXPLAIN IN NARRATIVE,SMITH PIKE & SR46W,24480
2009,1,5,Weekday,1700,2-Car,No injury/unknown,IMPROPER LANE USAGE,SMITH & SR46W,24481
2009,5,6,Weekday,1800,2-Car,No injury/unknown,SPEED TOO FAST FOR WEATHER CONDITIONS,CENTENNIAL DR & SR46W,24482
2009,5,6,Weekday,1400,2-Car,Non-incapacitating,FAILURE TO YIELD RIGHT OF WAY,46 & SMITH PIKE,24483
2009,10,7,Weekend,1900,1-Car,Non-incapacitating,DRIVER ASLEEP OR FATIGUED,MT GILHEAD & STATE ROAD 45 HWY,24484
2009,10,6,Weekday,300,1-Car,No injury/unknown,RAN OFF ROAD RIGHT,BEECH LN & CRAIG,24485
2009,4,4,Weekday,1700,1-Car,No injury/unknown,DRIVER DISTRACTED - EXPLAIN IN NARRATIVE,OLD SR 37 HWY & WYLIE,24486
2009,2,4,Weekday,1300,2-Car,No injury/unknown,FAILURE TO YIELD RIGHT OF WAY,SMITH PIKE & SR46W,24487
2009,4,6,Weekday,1700,2-Car,No injury/unknown,FOLLOWING TOO CLOSELY,SMITH PIKE & SR46W,24488
2009,1,6,Weekday,1500,2-Car,No injury/unknown,FAILURE TO YIELD RIGHT OF WAY,SR46 & SR46W,24489
2009,5,4,Weekday,1400,2-Car,No injury/unknown,SPEED TOO FAST FOR WEATHER CONDITIONS,ACUFF RD & SR37S,24490
2009,10,6,Weekend,2000,2-Car,No injury/unknown,SPEED TOO FAST FOR WEATHER CONDITIONS,37 & ACUFF RD,24491
2009,1,4,Weekday,800,1-Car,No injury/unknown,SPEED TOO FAST FOR WEATHER CONDITIONS,ACUFF & SR37N,24492
2009,7,6,Weekday,1100,Moped/Motorcycle,Non-incapacitating,IMPROPER LANE USAGE,ARLINGTON ROAD & SR46W,24493
2009,8,2,Weekday,1800,1-Car,No injury/unknown,ALCOHOLIC BEVERAGES,ARLINGTON & SR46W,24494
2009,1,2,Weekday,1000,2-Car,No injury/unknown,LEFT OF CENTER,DUNN STREET & NORTH OLD STATE ROAD 37 RDS,24495
2009,5,2,Weekday,2300,1-Car,Non-incapacitating,SPEED TOO FAST FOR WEATHER CONDITIONS,DUNN & OLD STATE RD 37 RD,24496
2009,7,7,Weekend,1300,2-Car,Non-incapacitating,LEFT OF CENTER,N DUNN & N OLD SR 37 RD,24497
2009,7,5,Weekday,1700,2-Car,Non-incapacitating,SPEED TOO FAST FOR WEATHER CONDITIONS,DUNN & OLD SR 37 ST,24498
2009,9,2,Weekday,300,2-Car,No injury/unknown,SPEED TOO FAST FOR WEATHER CONDITIONS,N DUNN & OLD STATE RD 37 HWY,24499
2009,9,1,Weekday,2000,2-Car,No injury/unknown,ROADWAY SURFACE CONDITION,DUNN & OLD SR 37 RD,24500
2009,10,6,Weekend,2100,2-Car,Non-incapacitating,IMPROPER LANE USAGE,DUNN & SR37N,24501
2009,8,7,Weekend,1200,1-Car,Non-incapacitating,UNSAFE SPEED,NORTH DUNN & NORTH OLD ST RD 37 HWY,24502
2009,8,6,Weekend,2300,1-Car,No injury/unknown,OTHER (ENVIRONMENTAL) - EXPLAIN IN NARR,DUNN & NORTH OLD 37 STATE RD,24503
2009,12,7,Weekend,1500,2-Car,No injury/unknown,SPEED TOO FAST FOR WEATHER CONDITIONS,FOREST PARK & SMITH PIKE,24504
2009,6,3,Weekday,1100,Cyclist,Non-incapacitating,IMPROPER PASSING,HILLVIEW & OLD STATE ROAD 37 N RD,24505
2009,5,2,Weekday,1300,2-Car,No injury/unknown,DRIVER DISTRACTED - EXPLAIN IN NARRATIVE,SR45 & SR45W,24506
2009,1,6,Weekday,800,2-Car,No injury/unknown,FAILURE TO YIELD RIGHT OF WAY,BIRDIE GALYAN & MT GILEAD RD,24507
2009,1,6,Weekday,1400,2-Car,No injury/unknown,FAILURE TO YIELD RIGHT OF WAY,SR46 & SR46W,24508
2009,3,6,Weekday,700,2-Car,No injury/unknown,FAILURE TO YIELD RIGHT OF WAY,SR46 & SR46W,24509
2009,3,5,Weekday,1300,2-Car,No injury/unknown,OTHER (DRIVER) - EXPLAIN IN NARRATIVE,SR46 & SR46W,24510
2009,4,3,Weekday,1800,2-Car,No injury/unknown,OTHER (DRIVER) - EXPLAIN IN NARRATIVE,N STATE ROAD 45 46 HWY,24511
2009,9,2,Weekday,900,2-Car,Non-incapacitating,FAILURE TO YIELD RIGHT OF WAY,ARLINGTON RD & N  SHELBURN,24512
2009,2,5,Weekday,1000,2-Car,No injury/unknown,FAILURE TO YIELD RIGHT OF WAY,SR46 & SR46W,24513
2009,12,4,Weekday,900,1-Car,Non-incapacitating,RAN OFF ROAD RIGHT,SMITH PIKE & SR46W,24514
2009,5,3,Weekday,1400,Moped/Motorcycle,Non-incapacitating,ANIMAL/OBJECT IN ROADWAY,SR46 & SR46W,24515
2009,2,6,Weekday,1700,2-Car,No injury/unknown,OTHER (DRIVER) - EXPLAIN IN NARRATIVE,OLD STATE ROAD 37 & WALNUT ST,24516
2009,5,5,Weekday,2000,1-Car,No injury/unknown,CELL PHONE USAGE,BENT PINE & SR45E,24517
2009,7,6,Weekday,1300,2-Car,No injury/unknown,FAILURE TO YIELD RIGHT OF WAY,OLD SR 37 N RD & WALNUT,24518
2009,12,2,Weekday,700,2-Car,No injury/unknown,ROADWAY SURFACE CONDITION,NORTH WALNUTS ST & OLD SR 37,24519
2009,12,7,Weekend,1100,2-Car,No injury/unknown,FAILURE TO YIELD RIGHT OF WAY,N WALNUT ST & OLD SR 37 N,24520
2009,4,5,Weekday,1900,2-Car,Non-incapacitating,FAILURE TO YIELD RIGHT OF WAY,COFFEY & SMITH PIKE,24521
2009,2,2,Weekday,800,2-Car,No injury/unknown,FAILURE TO YIELD RIGHT OF WAY,SR46 & SR46W,24522
2009,8,3,Weekday,1700,2-Car,No injury/unknown,FAILURE TO YIELD RIGHT OF WAY,ACUFF & NORTH MAPLE GROVE ROAD RD,24523