year,month,day,weekend,hour,collision_type,injury_type,primary_factor,reported_location,unique_id
2009,1,4,Weekday,1800,2-Car,No injury/unknown,UNSAFE BACKING,S ST RD 46 RD,24524
2009,3,3,Weekday,700,Bus,No injury/unknown,BRAKE FAILURE OR DEFECTIVE,ACUFF & PROW RD,24525
2009,1,5,Weekday,1400,2-Car,Non-incapacitating,LEFT OF CENTER,MERRY WAY & SMITH PIKE,24526
2009,1,6,Weekday,0,1-Car,No injury/unknown,UNSAFE SPEED,MERRITT & SR446S,24527
2009,10,5,Weekday,1500,2-Car,Non-incapacitating,UNSAFE SPEED,BETHEL & HINKLE RD,24528
2009,7,1,Weekday,1900,Pedestrian,Non-incapacitating,PEDESTRIAN ACTION,OLD STATE ROAD 37 & WALNUT ST,24529
2009,12,2,Weekday,700,3+ Cars,No injury/unknown,ROADWAY SURFACE CONDITION,OLD STATE ROAD 37 & WALNUT ST,24530
2009,12,4,Weekday,1400,2-Car,Non-incapacitating,SPEED TOO FAST FOR WEATHER CONDITIONS,CLUB HOUSE & N KINSER PIKE,24531
2009,6,4,Weekday,1300,1-Car,No injury/unknown,RAN OFF ROAD RIGHT,COLLINS DR,24532
2009,8,3,Weekday,1200,1-Car,No injury/unknown,OTHER (ENVIRONMENTAL) - EXPLAIN IN NARR,DUNN ST & LAKEWOOD,24533
2009,7,2,Weekday,1200,2-Car,No injury/unknown,FOLLOWING TOO CLOSELY,EAST TENTH & SR45N,24534
2009,4,3,Weekday,1400,2-Car,No injury/unknown,FAILURE TO YIELD RIGHT OF WAY,N KINSER PIKE,24535
2009,4,4,Weekday,1600,2-Car,No injury/unknown,UNSAFE BACKING,N KINSER PIKE,24536
2009,8,3,Weekday,1400,2-Car,No injury/unknown,OTHER (DRIVER) - EXPLAIN IN NARRATIVE,N KINSER PIKE,24537
2009,10,6,Weekday,1400,2-Car,No injury/unknown,UNSAFE BACKING,N KINSER PIKE,24538
2009,9,1,Weekend,1700,1-Car,Non-incapacitating,OVERCORRECTING/OVERSTEERING,ACUFF & SR37S,24539
2009,2,2,Weekday,1700,2-Car,No injury/unknown,OTHER (DRIVER) - EXPLAIN IN NARRATIVE,SUDBURY DR,24540
2009,6,6,Weekend,2100,Moped/Motorcycle,No injury/unknown,ANIMAL/OBJECT IN ROADWAY,ACUFF & SR37N,24541
2009,6,3,Weekday,1000,1-Car,No injury/unknown,SPEED TOO FAST FOR WEATHER CONDITIONS,WOLCOTT & WOODYARD RD,24542
2009,3,3,Weekday,1700,2-Car,No injury/unknown,FAILURE TO YIELD RIGHT OF WAY,KINSER PIKE,24543
2009,5,5,Weekday,700,2-Car,No injury/unknown,UNSAFE BACKING,KINSER PIKE,24544
2009,1,7,Weekend,1200,2-Car,No injury/unknown,UNSAFE BACKING,S WALNUT ST PIKE,24545
2009,10,2,Weekday,1200,Cyclist,Non-incapacitating,OTHER (DRIVER) - EXPLAIN IN NARRATIVE,RUSSELL & SR45,24546
2009,12,5,Weekday,1400,1-Car,No injury/unknown,OTHER (VEHICLE) - EXPLAIN IN NARRATIVE,ARLINGTON RD,24547
2009,10,3,Weekday,1800,2-Car,No injury/unknown,TIRE FAILURE OR DEFECTIVE,2ND & SR37S,24548
2009,10,2,Weekday,2000,1-Car,No injury/unknown,ANIMAL/OBJECT IN ROADWAY,ARLINGTON RD & MAPLE GROVE,24549
2009,11,1,Weekend,300,1-Car,Non-incapacitating,RAN OFF ROAD RIGHT,KENWOOD & N DUNN ST,24550
2009,3,5,Weekday,1200,2-Car,No injury/unknown,IMPROPER LANE USAGE,SR37N & SR46,24551
2009,1,4,Weekday,700,2-Car,No injury/unknown,FAILURE TO YIELD RIGHT OF WAY,KINSER PIKE & WINDING WAY,24552
2009,9,5,Weekday,700,1-Car,No injury/unknown,RAN OFF ROAD RIGHT,N KINSER PIKE & WINDING,24553
2009,4,3,Weekday,300,1-Car,Non-incapacitating,ALCOHOLIC BEVERAGES,DUNN ST & KENWOOD,24554
2009,5,1,Weekend,1300,1-Car,Non-incapacitating,OVERCORRECTING/OVERSTEERING,LOESCH & WOODYARD RD,24555
2009,12,1,Weekday,2000,Moped/Motorcycle,Incapacitating,FOLLOWING TOO CLOSELY,SR37S & SR46W,24556
2009,1,4,Weekday,900,3+ Cars,No injury/unknown,SPEED TOO FAST FOR WEATHER CONDITIONS,N PROW RD,24557
2009,5,5,Weekday,1600,2-Car,Non-incapacitating,FAILURE TO YIELD RIGHT OF WAY,45 46 BYPASS & N WALNUT ST,24558
2009,1,4,Weekday,800,1-Car,Non-incapacitating,RAN OFF ROAD RIGHT,SR37S & SR46W,24559
2009,2,5,Weekday,1200,2-Car,No injury/unknown,UNSAFE BACKING,BLUE RIDGE DR & WALNUT,24560
2009,12,2,Weekday,2000,1-Car,No injury/unknown,ANIMAL/OBJECT IN ROADWAY,ARLINGTON RD & STOUTES CREEK,24561
2009,1,7,Weekend,500,1-Car,No injury/unknown,RAN OFF ROAD RIGHT,KINGSLEY DR,24562
2009,12,7,Weekend,1500,1-Car,No injury/unknown,RAN OFF ROAD RIGHT,ARLINGTON RD & CANTERBURY,24563
2009,5,1,Weekend,1700,1-Car,No injury/unknown,BRAKE FAILURE OR DEFECTIVE,NORTH OBRINE PL,24564
2009,6,1,Weekend,1100,2-Car,Non-incapacitating,RAN OFF ROAD RIGHT,LANAM ROAD & RUSSELL ROAD RD,24565
2009,1,5,Weekday,400,1-Car,No injury/unknown,RAN OFF ROAD RIGHT,LANAM & RUSSELL RD,24566
2009,4,6,Weekday,1800,2-Car,No injury/unknown,UNSAFE SPEED,SR37 & SR46W,24567
2009,10,6,Weekday,800,Bus,No injury/unknown,SPEED TOO FAST FOR WEATHER CONDITIONS,N KINSER PIKE,24568
2009,2,7,Weekend,1200,2-Car,Non-incapacitating,FOLLOWING TOO CLOSELY,N KINSER PIKE & W BRIARCLIFF,24569
2009,3,7,Weekend,800,1-Car,Non-incapacitating,DRIVER ILLNESS,SR37S & SR46,24570
2009,5,6,Weekday,200,1-Car,No injury/unknown,RAN OFF ROAD RIGHT,BRIARCLIFF & NORTH KINSER PIKE,24571
2009,7,2,Weekday,600,1-Car,Non-incapacitating,UNSAFE SPEED,SR37N & SR46E,24572
2009,7,1,Weekend,200,1-Car,No injury/unknown,RAN OFF ROAD RIGHT,SR37S & SR46W,24573
2009,7,2,Weekday,2000,Moped/Motorcycle,Non-incapacitating,UNSAFE SPEED,SR37N & SR46W,24574
2009,10,3,Weekday,1300,1-Car,No injury/unknown,RAN OFF ROAD RIGHT,BRIARCLIFF & N KINSER PIKE,24575
2009,10,5,Weekday,1800,2-Car,No injury/unknown,IMPROPER LANE USAGE,37 & SR46W,24576
2009,12,7,Weekend,2300,2-Car,No injury/unknown,ALCOHOLIC BEVERAGES,HWY 37 & SR46W,24577
2009,2,3,Weekday,2100,1-Car,No injury/unknown,ALCOHOLIC BEVERAGES,LOESCH & WOODYARD RD,24578
2009,3,2,Weekday,1700,2-Car,No injury/unknown,OTHER (DRIVER) - EXPLAIN IN NARRATIVE,CURRY & SR46W,24579
2009,3,2,Weekday,600,2-Car,No injury/unknown,DRIVER ASLEEP OR FATIGUED,CURRY & SR46W,24580
2009,8,7,Weekend,1700,2-Car,Non-incapacitating,BRAKE FAILURE OR DEFECTIVE,CURRY & SR46W,24581
2009,11,6,Weekday,1800,2-Car,Non-incapacitating,OTHER (DRIVER) - EXPLAIN IN NARRATIVE,CURRY & SR46W,24582
2009,3,6,Weekday,500,1-Car,No injury/unknown,DRIVER ASLEEP OR FATIGUED,LAW & UNION ST,24583
2009,9,6,Weekday,1500,2-Car,No injury/unknown,SPEED TOO FAST FOR WEATHER CONDITIONS,KINSER PIKE & N SKYLINE,24584
2009,1,4,Weekday,800,2-Car,Non-incapacitating,SPEED TOO FAST FOR WEATHER CONDITIONS,CURRY & WOODYARD RD,24585
2009,3,3,Weekday,700,2-Car,Non-incapacitating,OTHER (DRIVER) - EXPLAIN IN NARRATIVE,ARLINGTON RD & PROW,24586
2009,1,4,Weekday,700,Bus,No injury/unknown,SPEED TOO FAST FOR WEATHER CONDITIONS,ARLINGTON & NORTH PROW RD,24587
2009,10,6,Weekday,1500,2-Car,No injury/unknown,FAILURE TO YIELD RIGHT OF WAY,FRITZ & WALNUT ST,24588
2009,6,3,Weekday,900,2-Car,No injury/unknown,UNSAFE BACKING,FEE & FOSTER CIRCLE DR,24589
2009,12,5,Weekday,1900,Bus,Incapacitating,FAILURE TO YIELD RIGHT OF WAY,N FRITZ & N WALNUT ST,24590
2009,3,7,Weekend,1700,2-Car,No injury/unknown,FAILURE TO YIELD RIGHT OF WAY,CURRY PIKE & WOODYARD,24591
2009,4,5,Weekday,1400,2-Car,No injury/unknown,FAILURE TO YIELD RIGHT OF WAY,CURRY PIKE & WOODYARD,24592
2009,6,3,Weekday,1500,2-Car,Non-incapacitating,DISREGARD SIGNAL/REG SIGN,N CURRY PIKE & WOODYARD,24593
2009,6,2,Weekday,1500,2-Car,No injury/unknown,FAILURE TO YIELD RIGHT OF WAY,CURRY PIKE & WOODYARD,24594
2009,7,4,Weekday,1300,2-Car,No injury/unknown,FAILURE TO YIELD RIGHT OF WAY,CURRY PIKE & WOODYARD,24595
2009,8,4,Weekday,1100,2-Car,No injury/unknown,FAILURE TO YIELD RIGHT OF WAY,N CURRY PIKE & W WOODYARD,24596
2009,7,6,Weekday,1200,2-Car,No injury/unknown,FAILURE TO YIELD RIGHT OF WAY,SMITH & WOODYARD RD,24597
2009,8,4,Weekday,1400,2-Car,Non-incapacitating,FAILURE TO YIELD RIGHT OF WAY,SMITH & WOODYARD RD,24598
2009,11,5,Weekday,1900,1-Car,No injury/unknown,ANIMAL/OBJECT IN ROADWAY,FAIRFAX RD & POINTE,24599
2009,5,6,Weekend,2300,2-Car,Non-incapacitating,FAILURE TO YIELD RIGHT OF WAY,NORTH KINSER PIKE & SKYLINE,24600
2009,6,3,Weekday,1700,2-Car,Non-incapacitating,FOLLOWING TOO CLOSELY,KINSER PIKE & SKYLINE,24601
2009,9,6,Weekday,1600,Pedestrian,Non-incapacitating,PEDESTRIAN ACTION,N KINSER PIKE & SKYLINE,24602
2009,12,6,Weekday,700,2-Car,No injury/unknown,BRAKE FAILURE OR DEFECTIVE,KINSER PIKE & SKYLINE,24603
2009,10,2,Weekday,1600,2-Car,No injury/unknown,UNSAFE BACKING,S WALNUT ST,24604
2009,12,2,Weekday,700,2-Car,No injury/unknown,OTHER (DRIVER) - EXPLAIN IN NARRATIVE,KINSER PIKE & SKYLINE,24605
2009,12,2,Weekday,1000,1-Car,Non-incapacitating,UNSAFE SPEED,PIONEER & W WOODYARD RD,24606
2009,7,4,Weekday,1300,2-Car,No injury/unknown,OTHER (VEHICLE) - EXPLAIN IN NARRATIVE,2401 MILO B SAMPSON PARK LOT LN & MILO B SAMPSON,24607
2009,4,4,Weekday,1500,Moped/Motorcycle,Non-incapacitating,UNSAFE SPEED,E MAPLECREST & HEADLEY RD,24608
2009,1,7,Weekend,1200,2-Car,No injury/unknown,UNSAFE BACKING,S LIBERTY DR,24609
2009,4,2,Weekday,1700,2-Car,No injury/unknown,FAILURE TO YIELD RIGHT OF WAY,LIBERTY DR,24610
2009,7,4,Weekday,0,1-Car,Fatal,LEFT OF CENTER,HOWARD & STARNES RD,24611
2009,11,4,Weekday,1200,2-Car,No injury/unknown,UNSAFE BACKING,S LIBERTY DR DR,24612
2009,11,7,Weekend,1900,1-Car,Non-incapacitating,ANIMAL/OBJECT IN ROADWAY,THOMAS & VERNAL PIKE,24613
2009,12,2,Weekday,700,2-Car,No injury/unknown,OTHER (ENVIRONMENTAL) - EXPLAIN IN NARR,THOMAS RD & THOMAS RD RD,24614
2009,12,3,Weekday,300,1-Car,Fatal,OVERCORRECTING/OVERSTEERING,3966 N THOMAS & N THOMAS RD,24615
2009,12,2,Weekday,800,1-Car,Non-incapacitating,OTHER (ENVIRONMENTAL) - EXPLAIN IN NARR,THOMAS RD & THOMAS RD RD,24616
2009,12,4,Weekday,0,1-Car,No injury/unknown,RAN OFF ROAD RIGHT,THOMAS & VERNAL PIKE,24617
2009,12,3,Weekday,2100,2-Car,No injury/unknown,DRIVER DISTRACTED - EXPLAIN IN NARRATIVE,WOODYARD RD,24618
2009,9,3,Weekday,1500,2-Car,No injury/unknown,FAILURE TO YIELD RIGHT OF WAY,KINSER PIKE & PARRISH,24619
2009,1,3,Weekday,1400,2-Car,Non-incapacitating,FAILURE TO YIELD RIGHT OF WAY,ARLINGTON RD & GOURLEY,24620
2009,1,4,Weekday,800,2-Car,Non-incapacitating,ROADWAY SURFACE CONDITION,KINSER PIKE & PARRISH,24621
2009,9,5,Weekday,800,1-Car,No injury/unknown,OTHER (DRIVER) - EXPLAIN IN NARRATIVE,FRITZ DR,24622
2009,9,4,Weekday,1100,2-Car,No injury/unknown,FAILURE TO YIELD RIGHT OF WAY,10TH STREET & SR46E,24623
2009,1,2,Weekday,1500,2-Car,No injury/unknown,DISREGARD SIGNAL/REG SIGN,SR37S & SR45W,24624
2009,6,6,Weekday,1800,2-Car,Non-incapacitating,FOLLOWING TOO CLOSELY,SR37 & SR45W,24625
2009,3,5,Weekday,700,2-Car,Non-incapacitating,OTHER (DRIVER) - EXPLAIN IN NARRATIVE,SR37 & SR45W,24626
2009,7,1,Weekend,1300,2-Car,No injury/unknown,DRIVER ILLNESS,SR 37 SOUTH & SR46W,24627
2009,10,3,Weekday,1000,2-Car,No injury/unknown,OTHER (DRIVER) - EXPLAIN IN NARRATIVE,SR45E & STATE ROAD 46,24628
2009,5,1,Weekend,700,2-Car,No injury/unknown,FAILURE TO YIELD RIGHT OF WAY,MONROE & SR46E,24629
2009,1,4,Weekday,600,1-Car,No injury/unknown,ANIMAL/OBJECT IN ROADWAY,MONROE & SR46W,24630
2009,1,7,Weekend,1500,2-Car,No injury/unknown,FOLLOWING TOO CLOSELY,MONROE & SR4546W,24631
2009,5,5,Weekday,1900,1-Car,No injury/unknown,OTHER (DRIVER) - EXPLAIN IN NARRATIVE,MONROE & SR4546E,24632
2009,1,4,Weekday,800,2-Car,No injury/unknown,SPEED TOO FAST FOR WEATHER CONDITIONS,MONROE & SR45 SR46 BYP,24633
2009,5,5,Weekday,1300,2-Car,Non-incapacitating,FAILURE TO YIELD RIGHT OF WAY,SR46E & STONELAKE,24634
2009,9,6,Weekend,2000,1-Car,No injury/unknown,ANIMAL/OBJECT IN ROADWAY,4546 & WALNUT ST,24635
2009,1,2,Weekday,100,2-Car,No injury/unknown,ALCOHOLIC BEVERAGES,HEADLEY RD,24636
2009,6,4,Weekday,400,2-Car,Non-incapacitating,RAN OFF ROAD RIGHT,ARLINGTON RD,24637
2009,10,4,Weekday,1200,2-Car,No injury/unknown,FOLLOWING TOO CLOSELY,KINSER & SR46W,24638
2009,2,5,Weekday,900,2-Car,No injury/unknown,FOLLOWING TOO CLOSELY,KINSER & SR46E,24639
2009,2,1,Weekend,1200,2-Car,No injury/unknown,IMPROPER LANE USAGE,KINSER & SR 45 46 BYPASS RD,24640
2009,4,7,Weekend,1900,2-Car,No injury/unknown,FOLLOWING TOO CLOSELY,KINSER PIKE & SR 45 46,24641
2009,4,2,Weekday,700,2-Car,No injury/unknown,OTHER (DRIVER) - EXPLAIN IN NARRATIVE,KINSER & SR46E,24642
2009,4,1,Weekend,1200,3+ Cars,Non-incapacitating,FAILURE TO YIELD RIGHT OF WAY,N KINSER & SR46E,24643
2009,6,6,Weekday,1200,1-Car,No injury/unknown,RAN OFF ROAD RIGHT,N KINSER PIKE & SR4546,24644
2009,8,7,Weekend,1300,2-Car,No injury/unknown,OTHER (DRIVER) - EXPLAIN IN NARRATIVE,N KINSER PIKE,24645
2009,9,4,Weekday,800,2-Car,Non-incapacitating,DISREGARD SIGNAL/REG SIGN,KINSER PIKE & SR46W,24646
2009,9,2,Weekday,2000,2-Car,Non-incapacitating,FAILURE TO YIELD RIGHT OF WAY,KINSER & SR46W,24647
2009,9,6,Weekday,1500,2-Car,No injury/unknown,FOLLOWING TOO CLOSELY,N KINSER & SR4546W,24648
2009,10,4,Weekday,700,3+ Cars,Non-incapacitating,FAILURE TO YIELD RIGHT OF WAY,N KINSER & SR4546W,24649
2009,10,4,Weekday,700,2-Car,No injury/unknown,FAILURE TO YIELD RIGHT OF WAY,KINSER PIKE & SR46W,24650
2009,10,6,Weekday,1800,3+ Cars,No injury/unknown,FOLLOWING TOO CLOSELY,KINSER & SR4546E,24651
2009,10,2,Weekday,1700,Pedestrian,Non-incapacitating,DISREGARD SIGNAL/REG SIGN,KINSER & SR46W,24652
2009,11,4,Weekday,2200,1-Car,No injury/unknown,ALCOHOLIC BEVERAGES,ARLINGTON & W GOURLEY PIKE,24653
2009,12,5,Weekday,1900,2-Car,No injury/unknown,FOLLOWING TOO CLOSELY,KINSER & SR46W,24654
2009,5,7,Weekend,1300,2-Car,No injury/unknown,FOLLOWING TOO CLOSELY,N KINSER & SR46E,24655
2009,11,3,Weekday,1400,2-Car,Non-incapacitating,OTHER (DRIVER) - EXPLAIN IN NARRATIVE,MONROE ST & SUMMIT,24656
2009,1,5,Weekday,1400,3+ Cars,No injury/unknown,DRIVER DISTRACTED - EXPLAIN IN NARRATIVE,SR46 & WALNUT ST,24657
2009,1,1,Weekend,1400,2-Car,Non-incapacitating,FAILURE TO YIELD RIGHT OF WAY,N WALNUT & SR46E,24658
2009,2,3,Weekday,600,2-Car,No injury/unknown,UNSAFE BACKING,SR46W & WALNUT ST,24659
2009,2,3,Weekday,900,2-Car,No injury/unknown,FAILURE TO YIELD RIGHT OF WAY,N WALNUT ST & SR46E,24660
2009,3,7,Weekend,1300,2-Car,No injury/unknown,IMPROPER LANE USAGE,N WALNUT & SR 45 46 BYP,24661
2009,4,2,Weekday,1700,2-Car,No injury/unknown,FAILURE TO YIELD RIGHT OF WAY,SR4546W & WALNUT,24662
2009,5,1,Weekend,1500,3+ Cars,Non-incapacitating,DRIVER DISTRACTED - EXPLAIN IN NARRATIVE,4546 BYP & WALNUT,24663
2009,5,1,Weekend,1100,2-Car,No injury/unknown,FAILURE TO YIELD RIGHT OF WAY,4546 & N WALNUT ST,24664
2009,5,1,Weekday,2100,2-Car,Non-incapacitating,FAILURE TO YIELD RIGHT OF WAY,SR 45 46 BYP & WALNUT,24665
2009,6,5,Weekday,1600,2-Car,Non-incapacitating,FOLLOWING TOO CLOSELY,N WALNUT & SR46E,24666
2009,6,2,Weekday,1200,2-Car,No injury/unknown,FAILURE TO YIELD RIGHT OF WAY,NORTH WALNUT ST & SR 45 AND 46,24667
2009,7,4,Weekday,900,2-Car,No injury/unknown,DISREGARD SIGNAL/REG SIGN,SR46E & WALNUT ST,24668
2009,8,5,Weekday,1200,2-Car,No injury/unknown,FAILURE TO YIELD RIGHT OF WAY,N WALNUT ST & SR46E,24669
2009,9,2,Weekday,2000,2-Car,No injury/unknown,FAILURE TO YIELD RIGHT OF WAY,SR46W & WALNUT,24670
2009,9,6,Weekday,1400,2-Car,No injury/unknown,FAILURE TO YIELD RIGHT OF WAY,STATE ROAD 45 46 BYP & WALNUT,24671
2009,10,7,Weekend,1900,2-Car,No injury/unknown,FOLLOWING TOO CLOSELY,SR45W & WALNUT,24672
2009,10,6,Weekday,1800,2-Car,No injury/unknown,DISREGARD SIGNAL/REG SIGN,STATE ROAD 45 46 BYP & WALNUT,24673
2009,11,4,Weekday,1900,2-Car,No injury/unknown,FOLLOWING TOO CLOSELY,N WALNUT ST & STATE ROAD 45 46,24674
2009,11,6,Weekday,1000,3+ Cars,No injury/unknown,FAILURE TO YIELD RIGHT OF WAY,N WALNUT ST & SR46E,24675
2009,11,7,Weekend,1900,2-Car,No injury/unknown,UNSAFE SPEED,SR46E & WALNUT,24676
2009,11,1,Weekday,2000,2-Car,No injury/unknown,FAILURE TO YIELD RIGHT OF WAY,N WALNUT ST & STATE ROAD 45 46,24677
2009,12,4,Weekday,2000,2-Car,No injury/unknown,FAILURE TO YIELD RIGHT OF WAY,N WALNUT & SR46W,24678
2009,12,7,Weekend,1100,2-Car,Non-incapacitating,IMPROPER PASSING,N WALNUT & SR45 46,24679
2009,12,6,Weekday,1500,2-Car,No injury/unknown,FAILURE TO YIELD RIGHT OF WAY,STATE ROAD 45 46 BYP & WALNUT,24680
2009,12,6,Weekday,1700,2-Car,Non-incapacitating,FOLLOWING TOO CLOSELY,STATE ROAD 45 46 & WALNUT ST,24681
2009,12,7,Weekend,900,2-Car,No injury/unknown,FOLLOWING TOO CLOSELY,SR46E & WALNUT,24682
2009,12,2,Weekday,1700,2-Car,No injury/unknown,DRIVER DISTRACTED - EXPLAIN IN NARRATIVE,SR4546W & WALNUT,24683
2009,9,3,Weekday,1000,2-Car,No injury/unknown,OVERCORRECTING/OVERSTEERING,N COLLEGE & SR46E,24684
2009,7,3,Weekday,900,2-Car,No injury/unknown,FOLLOWING TOO CLOSELY,N WALNUT & SR45E,24685
2009,12,2,Weekday,1000,2-Car,No injury/unknown,FAILURE TO YIELD RIGHT OF WAY,SR46W & WALNUT ST,24686
2009,8,5,Weekday,800,2-Car,No injury/unknown,FAILURE TO YIELD RIGHT OF WAY,SR46E & WALNUT,24687
2009,10,7,Weekend,1900,2-Car,No injury/unknown,FAILURE TO YIELD RIGHT OF WAY,SR45E & WALNUT,24688
2009,6,3,Weekday,1700,2-Car,No injury/unknown,FAILURE TO YIELD RIGHT OF WAY,W STATE ROAD 45 RD,24689
2009,6,2,Weekday,1700,2-Car,No injury/unknown,IMPROPER TURNING,WEST STATE RD 45 RD,24690
2009,9,1,Weekend,1000,2-Car,Non-incapacitating,SPEED TOO FAST FOR WEATHER CONDITIONS,MARTHA & SR46E,24691
2009,12,6,Weekday,1100,2-Car,No injury/unknown,FOLLOWING TOO CLOSELY,SR46W & WALNUT,24692
2009,6,6,Weekday,1600,2-Car,No injury/unknown,FOLLOWING TOO CLOSELY,N DUNN & SR45E,24693
2009,10,7,Weekend,700,1-Car,No injury/unknown,ANIMAL/OBJECT IN ROADWAY,DUNN & SR46W,24694
2009,9,1,Weekend,1300,2-Car,No injury/unknown,FOLLOWING TOO CLOSELY,N DUNN & SR46E,24695
2009,10,4,Weekday,400,1-Car,Non-incapacitating,OTHER (ENVIRONMENTAL) - EXPLAIN IN NARR,NORTH DUNN & SR46E,24696
2009,4,6,Weekday,1700,Moped/Motorcycle,No injury/unknown,FOLLOWING TOO CLOSELY,DUNN & SR4546E,24697
2009,5,4,Weekday,1700,3+ Cars,Non-incapacitating,FOLLOWING TOO CLOSELY,DUNN & SR46E,24698
2009,5,7,Weekend,1600,3+ Cars,Non-incapacitating,GLARE,DUNN & STATE ROAD 45 46 BYP,24699
2009,7,3,Weekday,1600,Moped/Motorcycle,Non-incapacitating,DISREGARD SIGNAL/REG SIGN,DUNN & SR45E,24700
2009,7,7,Weekend,1500,2-Car,No injury/unknown,IMPROPER LANE USAGE,45 AND 46 BYPASS & NORTH COLLEGE AVE,24701
2009,9,4,Weekday,1800,3+ Cars,Non-incapacitating,DRIVER DISTRACTED - EXPLAIN IN NARRATIVE,FRITZ & STATE ROAD 45 46 BYP,24702
2009,9,6,Weekday,1400,2-Car,No injury/unknown,FOLLOWING TOO CLOSELY,FRITZ & SR4546E,24703
2009,9,5,Weekday,1800,2-Car,No injury/unknown,FAILURE TO YIELD RIGHT OF WAY,DUNN & SR46W,24704
2009,9,6,Weekend,2000,2-Car,No injury/unknown,FAILURE TO YIELD RIGHT OF WAY,MARTHA & SR4546E,24705
2009,9,3,Weekday,700,2-Car,Non-incapacitating,FOLLOWING TOO CLOSELY,COLLEGE & SR4546W,24706
2009,10,3,Weekday,1200,3+ Cars,Non-incapacitating,DRIVER DISTRACTED - EXPLAIN IN NARRATIVE,MARTHA & SR4546E,24707
2009,11,1,Weekend,0,Pedestrian,Incapacitating,PEDESTRIAN ACTION,DUNN & SR46W,24708
2009,11,1,Weekend,1400,2-Car,No injury/unknown,FOLLOWING TOO CLOSELY,DUNN & SR 45 46 BYP,24709
2009,11,2,Weekday,400,1-Car,No injury/unknown,ALCOHOLIC BEVERAGES,N DUUN ST & STRD 45 46 BYPASS,24710
2009,12,7,Weekend,2000,3+ Cars,No injury/unknown,DRIVER DISTRACTED - EXPLAIN IN NARRATIVE,MARTHA & SR46E,24711
2009,12,1,Weekday,2000,2-Car,No injury/unknown,DISREGARD SIGNAL/REG SIGN,DUNN & SR46E,24712
2009,12,7,Weekend,2300,2-Car,No injury/unknown,OTHER (DRIVER) - EXPLAIN IN NARRATIVE,DUNN & SR4546N,24713
2009,2,3,Weekday,1300,2-Car,Non-incapacitating,IMPROPER TURNING,SR46W & WALNUT,24714
2009,4,7,Weekend,1200,2-Car,No injury/unknown,FOLLOWING TOO CLOSELY,DUNN & SR46E,24715
2009,7,5,Weekday,1100,2-Car,No injury/unknown,OTHER (DRIVER) - EXPLAIN IN NARRATIVE,COLLEGE AVE & SR 46,24716
2009,9,3,Weekday,2100,2-Car,No injury/unknown,UNSAFE BACKING,E STATE ROAD 45 46 BYP,24717
2009,11,2,Weekday,1500,2-Car,No injury/unknown,IMPROPER TURNING,MATLOCK & SR45E,24718
2009,6,1,Weekend,1400,1-Car,No injury/unknown,OTHER (DRIVER) - EXPLAIN IN NARRATIVE,45 46 & DUNN ST,24719
2009,11,3,Weekday,1900,3+ Cars,Non-incapacitating,FAILURE TO YIELD RIGHT OF WAY,45 46 BYP & N WALNUT,24720
2009,8,3,Weekday,1700,2-Car,Non-incapacitating,FOLLOWING TOO CLOSELY,45 46 BYP & COLLEGE,24721
2009,4,5,Weekday,500,1-Car,No injury/unknown,ANIMAL/OBJECT IN ROADWAY,MILO B SAMPSON & SR46,24722
2009,10,7,Weekend,1100,2-Car,No injury/unknown,FOLLOWING TOO CLOSELY,MILO B SAMPSON & SR45E,24723
2009,10,6,Weekend,2000,2-Car,No injury/unknown,FAILURE TO YIELD RIGHT OF WAY,MATLOCK RD & MILO B SAMPSON,24724
2009,6,3,Weekday,1700,3+ Cars,Non-incapacitating,OTHER (DRIVER) - EXPLAIN IN NARRATIVE,45 46 BYPASS BYP & DUNN,24725
2009,8,4,Weekday,1700,Moped/Motorcycle,Non-incapacitating,OVERCORRECTING/OVERSTEERING,OLD VERNAL PIKE & VERNAL PIKE PIKE,24726
2009,10,1,Weekend,400,1-Car,No injury/unknown,DRIVER ASLEEP OR FATIGUED,OLD VERNAL PIKE & VERNAL PIKE PIKE,24727
2009,2,6,Weekend,1900,3+ Cars,Non-incapacitating,BRAKE FAILURE OR DEFECTIVE,MATLOCK & STATE ROAD 45 46 BYP,24728
2009,3,1,Weekend,800,2-Car,Non-incapacitating,LEFT OF CENTER,N FEE & SR46E,24729
2009,3,3,Weekday,100,1-Car,No injury/unknown,ANIMAL/OBJECT IN ROADWAY,FEE & SR 45 46 BYP,24730
2009,9,1,Weekday,2000,2-Car,Non-incapacitating,PRESCRIPTION DRUGS,FEE & SR4546E,24731
2009,11,6,Weekday,1600,2-Car,No injury/unknown,IMPROPER LANE USAGE,FEE & SR4546E,24732
2009,2,4,Weekday,2000,2-Car,No injury/unknown,FOLLOWING TOO CLOSELY,SR46W & WALNUT ST,24733
2009,2,1,Weekend,1500,2-Car,No injury/unknown,UNSAFE BACKING,N KINSER PIKE,24734
2009,8,1,Weekend,1200,2-Car,No injury/unknown,FAILURE TO YIELD RIGHT OF WAY,GOURLEY & KINSER PIKE,24735