year,month,day,weekend,hour,collision_type,injury_type,primary_factor,reported_location,unique_id
2009,11,5,Weekday,900,1-Car,No injury/unknown,OTHER (DRIVER) - EXPLAIN IN NARRATIVE,EAST THIRD ST & HAWTHORNE,24736
2009,5,3,Weekday,2000,2-Car,No injury/unknown,FAILURE TO YIELD RIGHT OF WAY,GOURLEY & KINSER PIKE,24737
2009,7,4,Weekday,1100,2-Car,No injury/unknown,FAILURE TO YIELD RIGHT OF WAY,GOURLEY & KINSER PIKE,24738
2009,8,4,Weekday,2300,Cyclist,Non-incapacitating,FAILURE TO YIELD RIGHT OF WAY,GOURLEY & KINSER PIKE,24739
2009,10,6,Weekday,1300,2-Car,No injury/unknown,FOLLOWING TOO CLOSELY,1600 NORTH KINSER PIKE & GOURLEY,24740
2009,12,7,Weekend,2000,2-Car,No injury/unknown,FOLLOWING TOO CLOSELY,N KINSER PIKE & W GOURLEY,24741
2009,4,7,Weekend,1700,2-Car,Non-incapacitating,FOLLOWING TOO CLOSELY,COMMANDER & FAIRFAX RD,24742
2009,9,3,Weekday,1400,1-Car,No injury/unknown,SPEED TOO FAST FOR WEATHER CONDITIONS,CASCADES & GOURLEY PIKE,24743
2009,1,5,Weekday,900,Bus,No injury/unknown,OTHER (DRIVER) - EXPLAIN IN NARRATIVE,W GOURLEY PIKE,24744
2009,4,1,Weekend,1200,2-Car,No injury/unknown,OTHER (DRIVER) - EXPLAIN IN NARRATIVE,W GOURLEY PIKE,24745
2009,9,1,Weekend,1200,2-Car,No injury/unknown,UNSAFE BACKING,W GOURLEY PIKE,24746
2009,10,1,Weekend,300,Pedestrian,Non-incapacitating,OTHER (DRIVER) - EXPLAIN IN NARRATIVE,W GOURLEY PIKE,24747
2009,11,2,Weekday,800,3+ Cars,No injury/unknown,OTHER (DRIVER) - EXPLAIN IN NARRATIVE,W GOURLEY PIKE,24748
2009,12,1,Weekend,1500,2-Car,No injury/unknown,VIEW OBSTRUCTED,W GOURLEY PIKE,24749
2009,8,7,Weekend,400,2-Car,No injury/unknown,OTHER (DRIVER) - EXPLAIN IN NARRATIVE,N MAPLE ST,24750
2009,12,2,Weekday,900,1-Car,No injury/unknown,OTHER (ENVIRONMENTAL) - EXPLAIN IN NARR,CASCADES & GOURLEY PIKE,24751
2009,12,1,Weekend,1300,2-Car,No injury/unknown,OTHER (DRIVER) - EXPLAIN IN NARRATIVE,N FEE LN,24752
2009,11,7,Weekend,1900,2-Car,No injury/unknown,OTHER (DRIVER) - EXPLAIN IN NARRATIVE,N COLLEGE AVE,24753
2009,3,6,Weekday,300,1-Car,No injury/unknown,ALCOHOLIC BEVERAGES,KINSER PIKE,24754
2009,1,4,Weekday,1500,2-Car,No injury/unknown,OTHER (VEHICLE) - EXPLAIN IN NARRATIVE,GOURLEY PIKE,24755
2009,11,5,Weekday,1200,Bus,No injury/unknown,IMPROPER PASSING,FOURTH & INDIANA AVE,24756
2009,4,6,Weekday,1000,2-Car,No injury/unknown,UNSAFE BACKING,HOOSIER COURT AVE,24757
2009,9,5,Weekday,2200,2-Car,No injury/unknown,IMPROPER TURNING,W HOOSIER CT AVE,24758
2009,11,3,Weekday,2300,1-Car,No injury/unknown,RAN OFF ROAD RIGHT,20TH & MONROE STA,24759
2009,11,4,Weekday,2100,1-Car,No injury/unknown,ANIMAL/OBJECT IN ROADWAY,MOUNT GILEAD & SR45E,24760
2009,4,7,Weekend,600,1-Car,No injury/unknown,UNSAFE SPEED,BROCK RD & BRUMMETTS CREEK,24761
2009,1,6,Weekday,100,2-Car,No injury/unknown,OTHER (DRIVER) - EXPLAIN IN NARRATIVE,CURRY PIKE,24762
2009,7,6,Weekday,1400,1-Car,No injury/unknown,CELL PHONE USAGE,VERNAL & WOODYARD RD,24763
2009,4,5,Weekday,2300,2-Car,Non-incapacitating,OTHER (DRIVER) - EXPLAIN IN NARRATIVE,FEE LN & JORDAN,24764
2009,5,7,Weekend,800,2-Car,Non-incapacitating,FOLLOWING TOO CLOSELY,NORTH FEE LN & NORTH JORDAN,24765
2009,11,3,Weekday,1200,2-Car,No injury/unknown,OTHER (DRIVER) - EXPLAIN IN NARRATIVE,FEE LN & JORDAN,24766
2009,12,7,Weekend,1400,2-Car,No injury/unknown,FAILURE TO YIELD RIGHT OF WAY,JORDAN & N FEE LN,24767
2009,1,5,Weekday,800,2-Car,No injury/unknown,VIEW OBSTRUCTED,FISHERS & JORDAN AVE,24768
2009,2,4,Weekday,1800,Bus,No injury/unknown,IMPROPER TURNING,FISHERS CT & N JORDAN,24769
2009,1,5,Weekday,1800,2-Car,No injury/unknown,OTHER (DRIVER) - EXPLAIN IN NARRATIVE,E VARSITY LN,24770
2009,4,1,Weekend,1100,3+ Cars,No injury/unknown,FAILURE TO YIELD RIGHT OF WAY,2100 BLK N WALNUT ST & SR4546,24771
2009,11,7,Weekend,0,2-Car,No injury/unknown,OTHER (DRIVER) - EXPLAIN IN NARRATIVE,NORTH DUNN ST,24772
2009,7,6,Weekday,0,1-Car,Non-incapacitating,LEFT OF CENTER,OLD SR 37 RD & SR 37 SOUTH,24773
2009,1,3,Weekday,0,1-Car,No injury/unknown,OTHER (DRIVER) - EXPLAIN IN NARRATIVE,NORTH COLLEGE AVE,24774
2009,10,7,Weekend,800,1-Car,No injury/unknown,OTHER (DRIVER) - EXPLAIN IN NARRATIVE,N WALNIT ST,24775
2009,7,3,Weekday,2200,1-Car,Non-incapacitating,ROADWAY SURFACE CONDITION,45 46 & WALNUT ST,24776
2009,7,5,Weekday,900,2-Car,Non-incapacitating,SPEED TOO FAST FOR WEATHER CONDITIONS,BALFOUR & SR46W,24777
2009,8,1,Weekday,1900,Moped/Motorcycle,No injury/unknown,IMPROPER TURNING,BALFOUR & SR46N,24778
2009,4,6,Weekday,1400,2-Car,No injury/unknown,UNSAFE BACKING,S WALNUT ST,24779
2009,2,5,Weekday,900,2-Car,No injury/unknown,FOLLOWING TOO CLOSELY,N DUNN ST & VARSITY,24780
2009,4,3,Weekday,0,2-Car,No injury/unknown,OTHER (DRIVER) - EXPLAIN IN NARRATIVE,VARSITY LN,24781
2009,5,7,Weekend,2100,2-Car,No injury/unknown,UNSAFE BACKING,VARSITY LN,24782
2009,5,7,Weekend,100,2-Car,No injury/unknown,SPEED TOO FAST FOR WEATHER CONDITIONS,VARSITY LN LN,24783
2009,8,1,Weekend,300,2-Car,No injury/unknown,UNSAFE BACKING,VARSITY LN,24784
2009,4,3,Weekday,1900,2-Car,No injury/unknown,OTHER (DRIVER) - EXPLAIN IN NARRATIVE,N LONGFELLOW DR & W ARLINGTON VALLEY,24785
2009,10,1,Weekend,200,3+ Cars,No injury/unknown,UNSAFE BACKING,VARSITY LN,24786
2009,2,7,Weekend,900,2-Car,No injury/unknown,OTHER (DRIVER) - EXPLAIN IN NARRATIVE,NORTHLANE DR,24787
2009,12,3,Weekday,1400,1-Car,No injury/unknown,UNSAFE BACKING,FORREST AVE & THIRTEENTH,24788
2009,1,1,Weekend,300,2-Car,No injury/unknown,OTHER (DRIVER) - EXPLAIN IN NARRATIVE,S WALNUT ST,24789
2009,5,7,Weekend,300,2-Car,No injury/unknown,UNSAFE BACKING,S WALNUT ST,24790
2009,8,2,Weekday,1500,2-Car,Non-incapacitating,DRIVER DISTRACTED - EXPLAIN IN NARRATIVE,COLLEGE MALL RD & MOORES,24791
2009,5,4,Weekday,1000,2-Car,No injury/unknown,UNSAFE BACKING,S WALNUT ST,24792
2009,2,1,Weekday,2100,2-Car,No injury/unknown,OTHER (DRIVER) - EXPLAIN IN NARRATIVE,N WALNUT ST,24793
2009,1,5,Weekday,1600,2-Car,No injury/unknown,UNSAFE SPEED,20TH & DUNN ST,24794
2009,2,2,Weekday,2100,2-Car,Non-incapacitating,FOLLOWING TOO CLOSELY,20TH & DUNN ST,24795
2009,2,5,Weekday,1900,2-Car,No injury/unknown,OTHER (DRIVER) - EXPLAIN IN NARRATIVE,N WASHINGTON ST,24796
2009,8,6,Weekday,1000,2-Car,No injury/unknown,IMPROPER TURNING,20TH & WASHINGTON ST,24797
2009,10,6,Weekday,1600,2-Car,No injury/unknown,UNSAFE BACKING,400 E 20TH ST & N DUNN,24798
2009,10,7,Weekend,1100,2-Car,No injury/unknown,FAILURE TO YIELD RIGHT OF WAY,N WASHINGTON ST,24799
2009,10,5,Weekday,1100,2-Car,No injury/unknown,FAILURE TO YIELD RIGHT OF WAY,20TH ST & LINCOLN,24800
2009,4,2,Weekday,1600,2-Car,No injury/unknown,FAILURE TO YIELD RIGHT OF WAY,N COLLEGE AVE,24801
2009,9,3,Weekday,1900,2-Car,No injury/unknown,UNSAFE BACKING,N COLLEGE AVE,24802
2009,5,7,Weekend,600,2-Car,No injury/unknown,FOLLOWING TOO CLOSELY,E 19TH & N WALNUT ST,24803
2009,9,4,Weekday,800,2-Car,No injury/unknown,OTHER (DRIVER) - EXPLAIN IN NARRATIVE,N RANGE RD,24804
2009,10,7,Weekend,400,2-Car,No injury/unknown,UNSAFE BACKING,E 19TH ST,24805
2009,10,3,Weekday,1500,2-Car,No injury/unknown,SPEED TOO FAST FOR WEATHER CONDITIONS,19TH & DUNN ST,24806
2009,8,1,Weekend,1600,2-Car,No injury/unknown,UNSAFE BACKING,N JORDAN AVE,24807
2009,8,2,Weekday,1200,2-Car,No injury/unknown,OTHER (DRIVER) - EXPLAIN IN NARRATIVE,NORTH WALNUT ST,24808
2009,4,5,Weekday,1100,2-Car,No injury/unknown,DRIVER DISTRACTED - EXPLAIN IN NARRATIVE,CURRY PIKE & VERNAL,24809
2009,12,1,Weekend,1600,1-Car,Non-incapacitating,ANIMAL/OBJECT IN ROADWAY,17TH & SR45W,24810
2009,4,6,Weekday,800,1-Car,No injury/unknown,OTHER (DRIVER) - EXPLAIN IN NARRATIVE,N FEE LN,24811
2009,4,6,Weekday,300,2-Car,No injury/unknown,OTHER (VEHICLE) - EXPLAIN IN NARRATIVE,JACKSON ST,24812
2009,11,2,Weekday,1500,2-Car,No injury/unknown,FAILURE TO YIELD RIGHT OF WAY,18TH ST & DUNN,24813
2009,4,7,Weekend,100,2-Car,No injury/unknown,UNSAFE BACKING,18TH ST,24814
2009,9,4,Weekday,2000,3+ Cars,No injury/unknown,OTHER TELEMATICS IN USE,18TH & DUNN ST,24815
2009,11,2,Weekday,1400,2-Car,No injury/unknown,FAILURE TO YIELD RIGHT OF WAY,DUNN & EIGHTEENTH ST,24816
2009,11,5,Weekday,1700,2-Car,No injury/unknown,FOLLOWING TOO CLOSELY,E 18TH & N DUNN ST,24817
2009,6,7,Weekend,2000,1-Car,No injury/unknown,OTHER (DRIVER) - EXPLAIN IN NARRATIVE,NORTH FEE LN,24818
2009,11,2,Weekday,1600,2-Car,No injury/unknown,OTHER (DRIVER) - EXPLAIN IN NARRATIVE,NORTH DUNN ST,24819
2009,11,7,Weekend,2300,2-Car,No injury/unknown,ALCOHOLIC BEVERAGES,DUNN AVE & EIGHTEENTH,24820
2009,6,3,Weekday,1600,2-Car,No injury/unknown,UNSAFE BACKING,JACKSON & W GRANITE DR,24821
2009,3,3,Weekday,900,2-Car,No injury/unknown,UNSAFE BACKING,HAWTHORNE DR & THIRD,24822
2009,5,5,Weekday,1700,2-Car,No injury/unknown,UNSAFE BACKING,NORTH JORDAN AVE,24823
2009,11,2,Weekday,1300,2-Car,No injury/unknown,OTHER (VEHICLE) - EXPLAIN IN NARRATIVE,N WILLIS LOT 70 DR,24824
2009,7,5,Weekday,0,2-Car,No injury/unknown,OTHER (DRIVER) - EXPLAIN IN NARRATIVE,WILLIS DR,24825
2009,11,6,Weekday,1600,1-Car,No injury/unknown,RAN OFF ROAD RIGHT,N WASHINGTON ST,24826
2009,4,6,Weekday,1400,2-Car,No injury/unknown,DRIVER DISTRACTED - EXPLAIN IN NARRATIVE,17TH ST & SR46,24827
2009,5,3,Weekday,1000,2-Car,No injury/unknown,OTHER (DRIVER) - EXPLAIN IN NARRATIVE,SEVENTEENTH ST & SR46,24828
2009,6,5,Weekday,1000,2-Car,Non-incapacitating,FOLLOWING TOO CLOSELY,EAST SEVENTEENTH & SR46N,24829
2009,9,6,Weekday,1800,2-Car,No injury/unknown,FOLLOWING TOO CLOSELY,17TH & SR4546E,24830
2009,10,5,Weekday,1000,3+ Cars,Non-incapacitating,OTHER (DRIVER) - EXPLAIN IN NARRATIVE,EAST SEVENTEENTH & SR46N,24831
2009,11,3,Weekday,1800,2-Car,No injury/unknown,FAILURE TO YIELD RIGHT OF WAY,E 17TH & SR4546N,24832
2009,11,7,Weekend,2000,2-Car,No injury/unknown,FAILURE TO YIELD RIGHT OF WAY,17TH & SR46W,24833
2009,12,7,Weekend,2200,1-Car,No injury/unknown,ROADWAY SURFACE CONDITION,17TH & SR46N,24834
2009,12,6,Weekday,1600,2-Car,No injury/unknown,FOLLOWING TOO CLOSELY,17TH ST & SR 45 46,24835
2009,11,3,Weekday,1800,2-Car,Non-incapacitating,DISREGARD SIGNAL/REG SIGN,E 17TH ST & STATE ROAD 45 46,24836
2009,5,1,Weekend,1600,2-Car,No injury/unknown,FOLLOWING TOO CLOSELY,17TH & COLLEGE AVE,24837
2009,2,5,Weekday,600,1-Car,No injury/unknown,OVERCORRECTING/OVERSTEERING,2905 VERNAL PIKE & WOODYARD,24838
2009,4,6,Weekday,1800,2-Car,No injury/unknown,UNSAFE BACKING,N JORDAN AVE,24839
2009,11,2,Weekday,1300,2-Car,No injury/unknown,UNSAFE SPEED,17TH ST & LINGELBACH,24840
2009,8,1,Weekend,0,1-Car,No injury/unknown,RAN OFF ROAD RIGHT,17TH ST & LINDBERGH,24841
2009,12,2,Weekday,800,1-Car,No injury/unknown,RAN OFF ROAD RIGHT,17TH SHL & LINDBERGH,24842
2009,1,4,Weekday,700,Bus,Non-incapacitating,ROADWAY SURFACE CONDITION,1200 W ARLINGTON RD & MONROE,24843
2009,1,3,Weekday,1500,2-Car,Non-incapacitating,FAILURE TO YIELD RIGHT OF WAY,17TH ST & LINDBERGH,24844
2009,1,5,Weekday,1900,1-Car,No injury/unknown,OTHER (DRIVER) - EXPLAIN IN NARRATIVE,1701 N CURRY PIKE & VERNAL,24845
2009,1,2,Weekday,700,2-Car,No injury/unknown,FAILURE TO YIELD RIGHT OF WAY,ARLINGTON RD & MONROE,24846
2009,2,3,Weekday,900,2-Car,No injury/unknown,ROADWAY SURFACE CONDITION,LINDBERGH & W 17TH ST,24847
2009,2,4,Weekday,1100,3+ Cars,No injury/unknown,FAILURE TO YIELD RIGHT OF WAY,17TH ST & LINDBERGH,24848
2009,5,5,Weekday,1500,2-Car,No injury/unknown,FAILURE TO YIELD RIGHT OF WAY,17TH ST & MONROE,24849
2009,6,3,Weekday,1400,1-Car,No injury/unknown,IMPROPER TURNING,CURRY & VERNAL PIKE,24850
2009,7,3,Weekday,2000,Cyclist,Non-incapacitating,OTHER (DRIVER) - EXPLAIN IN NARRATIVE,17TH & MONROE ST,24851
2009,8,3,Weekday,0,2-Car,Non-incapacitating,FAILURE TO YIELD RIGHT OF WAY,17TH ST & MONROE,24852
2009,8,6,Weekday,1700,2-Car,No injury/unknown,IMPROPER TURNING,17TH & MONROE ST,24853
2009,9,1,Weekend,500,1-Car,Non-incapacitating,OTHER (DRIVER) - EXPLAIN IN NARRATIVE,17TH ST & MONROE,24854
2009,10,6,Weekday,200,1-Car,Non-incapacitating,SPEED TOO FAST FOR WEATHER CONDITIONS,N CRESCENT RD & W 17TH,24855
2009,10,2,Weekday,2000,2-Car,Non-incapacitating,FAILURE TO YIELD RIGHT OF WAY,17TH ST & MONROE,24856
2009,10,3,Weekday,2200,1-Car,Non-incapacitating,DRIVER DISTRACTED - EXPLAIN IN NARRATIVE,17TH ST & MONROE,24857
2009,10,4,Weekday,1400,2-Car,No injury/unknown,FOLLOWING TOO CLOSELY,17TH ST & MONROE,24858
2009,11,2,Weekday,1600,2-Car,No injury/unknown,FOLLOWING TOO CLOSELY,MONROE ST & W 17TH,24859
2009,4,4,Weekday,1400,2-Car,No injury/unknown,UNSAFE BACKING,JORDAN AVE,24860
2009,1,4,Weekday,1200,Moped/Motorcycle,Non-incapacitating,FAILURE TO YIELD RIGHT OF WAY,LOESCH & VENAL PIKE,24861
2009,12,3,Weekday,1500,2-Car,Non-incapacitating,FAILURE TO YIELD RIGHT OF WAY,W VERNAL PIKE & WOODYARD,24862
2009,11,5,Weekday,1500,Moped/Motorcycle,Non-incapacitating,FAILURE TO YIELD RIGHT OF WAY,17TH ST & WILLIS,24863
2009,1,2,Weekday,1800,Pedestrian,Incapacitating,PEDESTRIAN ACTION,17TH ST & ARLINGTON PARK,24864
2009,2,6,Weekend,2000,2-Car,No injury/unknown,UNSAFE BACKING,1421 N WILLIS DR & 17TH,24865
2009,4,2,Weekday,1700,2-Car,No injury/unknown,FOLLOWING TOO CLOSELY,17TH ST & WILLIS,24866
2009,11,7,Weekend,1600,2-Car,No injury/unknown,FAILURE TO YIELD RIGHT OF WAY,17TH ST & WILLIS,24867
2009,7,3,Weekday,900,2-Car,Non-incapacitating,DRIVER ASLEEP OR FATIGUED,PRAIRIE GREEN RD & SR45E,24868
2009,1,4,Weekday,800,1-Car,No injury/unknown,ROADWAY SURFACE CONDITION,LINDBURGH & W 17TH ST,24869
2009,4,2,Weekday,2100,2-Car,No injury/unknown,FOLLOWING TOO CLOSELY,17TH ST & LINCOLN,24870
2009,2,4,Weekday,1800,2-Car,No injury/unknown,FOLLOWING TOO CLOSELY,17TH ST & DUNN,24871
2009,2,4,Weekday,1900,2-Car,No injury/unknown,IMPROPER TURNING,N MAPLE & W 17 TH ST,24872
2009,2,5,Weekday,300,1-Car,No injury/unknown,ALCOHOLIC BEVERAGES,EAST 17TH ST,24873
2009,2,2,Weekday,700,2-Car,Non-incapacitating,UNSAFE SPEED,17TH & DUNN ST,24874
2009,4,5,Weekday,1900,2-Car,No injury/unknown,FOLLOWING TOO CLOSELY,17TH ST & MAPLE,24875
2009,4,3,Weekday,700,2-Car,No injury/unknown,OTHER (DRIVER) - EXPLAIN IN NARRATIVE,17TH ST & DUNN,24876
2009,6,3,Weekday,1100,2-Car,Non-incapacitating,FOLLOWING TOO CLOSELY,DUNN & W 17TH STREET ST,24877
2009,6,6,Weekend,2200,2-Car,Non-incapacitating,OTHER (DRIVER) - EXPLAIN IN NARRATIVE,17TH & MAPLE ST,24878
2009,8,6,Weekday,1700,2-Car,No injury/unknown,SPEED TOO FAST FOR WEATHER CONDITIONS,17TH ST & LINCOLN,24879
2009,9,6,Weekday,100,1-Car,No injury/unknown,OVERCORRECTING/OVERSTEERING,17TH & WASHINGTON ST,24880
2009,9,6,Weekday,1700,2-Car,No injury/unknown,FAILURE TO YIELD RIGHT OF WAY,17TH ST & LINCOLN,24881
2009,2,3,Weekday,0,2-Car,No injury/unknown,UNSAFE BACKING,EAST 10TH ST,24882
2009,10,5,Weekday,1600,2-Car,Incapacitating,FAILURE TO YIELD RIGHT OF WAY,17TH ST & LINCOLN,24883
2009,10,4,Weekday,1200,1-Car,No injury/unknown,DRIVER DISTRACTED - EXPLAIN IN NARRATIVE,17TH & MAPLE ST,24884
2009,10,6,Weekend,2100,2-Car,Non-incapacitating,FOLLOWING TOO CLOSELY,17TH ST & LINCOLN,24885
2009,10,2,Weekday,900,2-Car,No injury/unknown,IMPROPER PASSING,MAPLE & W 17TH ST,24886
2009,10,7,Weekend,1400,2-Car,No injury/unknown,FAILURE TO YIELD RIGHT OF WAY,17TH & DUNN ST,24887
2009,11,1,Weekend,1200,2-Car,No injury/unknown,UNSAFE BACKING,17TH ST,24888
2009,11,2,Weekday,1600,2-Car,No injury/unknown,FAILURE TO YIELD RIGHT OF WAY,17TH & DUNN ST,24889
2009,12,7,Weekend,1200,2-Car,No injury/unknown,BRAKE FAILURE OR DEFECTIVE,1400 N DUNN ST & 500 E 17TH,24890
2009,12,2,Weekday,1100,2-Car,No injury/unknown,UNSAFE BACKING,17TH ST & DUNN,24891
2009,4,5,Weekday,1400,2-Car,No injury/unknown,UNSAFE BACKING,E 17TH ST,24892
2009,2,1,Weekend,1500,2-Car,No injury/unknown,ROADWAY SURFACE CONDITION,W 17TH ST,24893
2009,10,3,Weekday,1600,3+ Cars,No injury/unknown,FOLLOWING TOO CLOSELY,17TH ST & INDIANA,24894
2009,2,3,Weekday,900,2-Car,No injury/unknown,SPEED TOO FAST FOR WEATHER CONDITIONS,17TH ST & INDIANA,24895
2009,4,3,Weekday,1700,2-Car,No injury/unknown,FAILURE TO YIELD RIGHT OF WAY,E 17TH & INDIANA AVE,24896
2009,5,4,Weekday,1600,2-Car,No injury/unknown,FAILURE TO YIELD RIGHT OF WAY,17TH ST & JACKSON,24897
2009,5,4,Weekday,1600,2-Car,No injury/unknown,OTHER (DRIVER) - EXPLAIN IN NARRATIVE,17TH ST & JACKSON,24898
2009,5,6,Weekday,1500,Bus,No injury/unknown,IMPROPER TURNING,17TH ST & INDIANA,24899
2009,5,4,Weekday,1200,2-Car,Non-incapacitating,SPEED TOO FAST FOR WEATHER CONDITIONS,1300 NORTH INDIANA & 500 EAST 17TH ST,24900
2009,8,2,Weekday,100,1-Car,Non-incapacitating,ALCOHOLIC BEVERAGES,17TH ST & INDIANA,24901
2009,9,3,Weekday,1700,Bus,No injury/unknown,IMPROPER LANE USAGE,17TH ST & INDIANA,24902
2009,10,5,Weekday,2000,2-Car,Non-incapacitating,SPEED TOO FAST FOR WEATHER CONDITIONS,E 17TH & INDIANA AVE,24903
2009,12,2,Weekday,1700,2-Car,Non-incapacitating,HEADLIGHT DEFECTIVE OR NOT ON,N JACKSON & W 17TH ST,24904
2009,12,1,Weekend,1800,2-Car,Non-incapacitating,CELL PHONE USAGE,17TH & INDIANA AVE,24905
2009,12,4,Weekday,1000,2-Car,No injury/unknown,FOLLOWING TOO CLOSELY,INDIANA & SEVENTEENTH ST,24906
2009,3,2,Weekday,900,2-Car,No injury/unknown,UNSAFE BACKING,701 EAST SEVENTEENTH ST & WHITE LOT,24907
2009,8,2,Weekday,900,2-Car,No injury/unknown,IMPROPER TURNING,EAST SEVENTEENTH ST,24908
2009,8,5,Weekday,1400,2-Car,No injury/unknown,UNSAFE SPEED,17TH ST & INDIANA,24909
2009,3,6,Weekday,200,2-Car,No injury/unknown,OTHER (DRIVER) - EXPLAIN IN NARRATIVE,W 17TH ST,24910
2009,7,2,Weekday,1200,2-Car,No injury/unknown,UNSAFE BACKING,EAST SEVENTEENTH ST,24911
2009,11,3,Weekday,700,2-Car,Non-incapacitating,SPEED TOO FAST FOR WEATHER CONDITIONS,DUNN ST & EAST SEVENTEENTH,24912
2009,12,2,Weekday,800,1-Car,No injury/unknown,OTHER (ENVIRONMENTAL) - EXPLAIN IN NARR,DUNN ST & EAST SEVENTEENTH,24913
2009,1,2,Weekday,1400,Bus,No injury/unknown,UNSAFE BACKING,E 17TH ST,24914
2009,2,3,Weekday,1500,2-Car,No injury/unknown,FAILURE TO YIELD RIGHT OF WAY,E 17TH ST,24915
2009,2,3,Weekday,1700,Bus,No injury/unknown,SPEED TOO FAST FOR WEATHER CONDITIONS,E 17TH ST,24916
2009,3,3,Weekday,1700,2-Car,No injury/unknown,UNSAFE BACKING,E 17TH ST,24917
2009,4,2,Weekday,1700,2-Car,No injury/unknown,UNSAFE BACKING,E 17TH ST,24918
2009,8,2,Weekday,1500,2-Car,No injury/unknown,UNSAFE BACKING,E 17TH ST,24919
2009,9,4,Weekday,1800,2-Car,No injury/unknown,FAILURE TO YIELD RIGHT OF WAY,E 17TH ST,24920
2009,9,4,Weekday,1500,Cyclist,Non-incapacitating,FAILURE TO YIELD RIGHT OF WAY,E 17TH ST,24921
2009,9,5,Weekday,1400,2-Car,No injury/unknown,OTHER (DRIVER) - EXPLAIN IN NARRATIVE,E 17TH ST,24922
2009,10,6,Weekend,2000,2-Car,No injury/unknown,FOLLOWING TOO CLOSELY,17TH ST & FESS,24923
2009,10,4,Weekday,1600,2-Car,No injury/unknown,FAILURE TO YIELD RIGHT OF WAY,E 17TH ST,24924
2009,10,5,Weekday,1800,2-Car,No injury/unknown,FAILURE TO YIELD RIGHT OF WAY,E 17TH ST,24925
2009,11,2,Weekday,1600,2-Car,No injury/unknown,FAILURE TO YIELD RIGHT OF WAY,E 17TH ST,24926
2009,11,6,Weekend,2100,2-Car,No injury/unknown,OTHER TELEMATICS IN USE,E 17TH ST & N FESS,24927
2009,12,2,Weekday,500,1-Car,No injury/unknown,ANIMAL/OBJECT IN ROADWAY,PACKINGHOUSE & VERNAL PIKE,24928
2009,12,6,Weekday,1000,2-Car,No injury/unknown,FAILURE TO YIELD RIGHT OF WAY,17TH ST & MADISON,24929
2009,2,2,Weekday,1500,2-Car,No injury/unknown,FAILURE TO YIELD RIGHT OF WAY,MADISON & W 17TH ST,24930
2009,2,4,Weekday,1000,2-Car,No injury/unknown,FOLLOWING TOO CLOSELY,17TH & NORTH MADISON ST,24931
2009,2,5,Weekday,1000,2-Car,No injury/unknown,DISREGARD SIGNAL/REG SIGN,17TH ST & MADISON,24932
2009,3,1,Weekday,1900,2-Car,No injury/unknown,FAILURE TO YIELD RIGHT OF WAY,17TH ST & KINSER,24933
2009,4,1,Weekday,2200,2-Car,No injury/unknown,DISREGARD SIGNAL/REG SIGN,17TH ST & KINSER,24934
2009,4,7,Weekend,400,2-Car,No injury/unknown,DISREGARD SIGNAL/REG SIGN,N KINSER & W 17TH ST,24935
2009,7,7,Weekend,2300,2-Car,No injury/unknown,LEFT OF CENTER,17TH ST & KINSER,24936
2009,8,4,Weekday,1200,2-Car,Non-incapacitating,FAILURE TO YIELD RIGHT OF WAY,17TH ST & KINSER,24937
2009,9,3,Weekday,1300,1-Car,No injury/unknown,OTHER (VEHICLE) - EXPLAIN IN NARRATIVE,W 17TH ST,24938
2009,9,6,Weekday,1700,2-Car,No injury/unknown,FOLLOWING TOO CLOSELY,17TH ST & WOODLAWN,24939
2009,10,5,Weekday,1700,2-Car,No injury/unknown,FAILURE TO YIELD RIGHT OF WAY,17TH ST & WOODLAWN,24940
2009,10,6,Weekday,1300,2-Car,No injury/unknown,FAILURE TO YIELD RIGHT OF WAY,N KINSER & W 17TH ST,24941
2009,10,7,Weekend,1700,2-Car,No injury/unknown,OTHER (DRIVER) - EXPLAIN IN NARRATIVE,17TH & KINSER PIKE,24942
2009,11,4,Weekday,1200,2-Car,Non-incapacitating,FAILURE TO YIELD RIGHT OF WAY,17TH ST & MADISON,24943
2009,8,6,Weekday,1700,2-Car,Non-incapacitating,FOLLOWING TOO CLOSELY,17TH ST & KINSER,24944
2009,9,3,Weekday,900,3+ Cars,No injury/unknown,OTHER (DRIVER) - EXPLAIN IN NARRATIVE,E 17TH ST,24945
2009,7,1,Weekday,2200,2-Car,No injury/unknown,OTHER (DRIVER) - EXPLAIN IN NARRATIVE,EAST 17TH STREET ST,24946
2009,7,3,Weekday,1100,2-Car,No injury/unknown,FAILURE TO YIELD RIGHT OF WAY,17TH ST & COLLEGE,24947
2009,11,6,Weekday,1700,2-Car,No injury/unknown,FOLLOWING TOO CLOSELY,SR37N & VERNAL,24948
2009,9,6,Weekday,1400,2-Car,Non-incapacitating,OTHER (DRIVER) - EXPLAIN IN NARRATIVE,17TH ST & WALNUT,24949
2009,1,4,Weekday,1700,2-Car,No injury/unknown,FAILURE TO YIELD RIGHT OF WAY,17TH ST & WALNUT GROVE,24950