year,month,day,weekend,hour,collision_type,injury_type,primary_factor,reported_location,unique_id
2009,11,2,Weekday,1400,Pedestrian,Non-incapacitating,PEDESTRIAN ACTION,10TH ST & JORDAN,25383
2009,2,2,Weekday,1700,2-Car,No injury/unknown,DRIVER DISTRACTED - EXPLAIN IN NARRATIVE,10TH ST & JORDAN,25384
2009,8,2,Weekday,1900,2-Car,No injury/unknown,UNSAFE BACKING,EAST TENTH ST,25385
2009,9,6,Weekday,1200,2-Car,No injury/unknown,UNSAFE BACKING,EAST TENTH ST,25386
2009,7,5,Weekday,1500,2-Car,No injury/unknown,FOLLOWING TOO CLOSELY,10TH ST & JORDAN,25387
2009,10,6,Weekday,1600,3+ Cars,No injury/unknown,SPEED TOO FAST FOR WEATHER CONDITIONS,10TH ST & JORDAN,25388
2009,3,5,Weekday,1300,3+ Cars,Non-incapacitating,FAILURE TO YIELD RIGHT OF WAY,10TH & SR46E,25389
2009,4,1,Weekend,1200,2-Car,No injury/unknown,FAILURE TO YIELD RIGHT OF WAY,EAST TENTH & SR45N,25390
2009,6,5,Weekday,1300,2-Car,No injury/unknown,OTHER (DRIVER) - EXPLAIN IN NARRATIVE,10TH ST & SR46N,25391
2009,7,2,Weekday,1200,2-Car,No injury/unknown,FOLLOWING TOO CLOSELY,E 10TH & WOODBRIDGE DR,25392
2009,9,6,Weekday,1500,2-Car,Non-incapacitating,FOLLOWING TOO CLOSELY,10TH & SR46N,25393
2009,10,1,Weekend,1600,3+ Cars,No injury/unknown,OTHER TELEMATICS IN USE,EAST 10TH ST,25394
2009,11,2,Weekday,1600,2-Car,No injury/unknown,FOLLOWING TOO CLOSELY,SR46S & TENTH,25395
2009,11,2,Weekday,600,1-Car,No injury/unknown,DRIVER ASLEEP OR FATIGUED,E 10TH ST & SR 45 46,25396
2009,12,7,Weekend,2200,2-Car,No injury/unknown,IMPROPER LANE USAGE,10TH & SR46E,25397
2009,2,1,Weekend,900,2-Car,Non-incapacitating,DISREGARD SIGNAL/REG SIGN,EAST TENTH ST & NORTH JORDAN,25398
2009,2,2,Weekday,1600,Cyclist,Non-incapacitating,IMPROPER TURNING,E 10TH ST & N JORDAN,25399
2009,3,1,Weekend,1700,2-Car,No injury/unknown,SPEED TOO FAST FOR WEATHER CONDITIONS,10TH ST & JORDAN,25400
2009,3,5,Weekday,1900,2-Car,No injury/unknown,FAILURE TO YIELD RIGHT OF WAY,10TH ST & JORDAN,25401
2009,4,6,Weekday,400,2-Car,No injury/unknown,FAILURE TO YIELD RIGHT OF WAY,10TH & JORDAN AVE,25402
2009,9,6,Weekday,800,Pedestrian,Non-incapacitating,GLARE,JORDAN & TENTH ST,25403
2009,9,5,Weekday,1700,2-Car,No injury/unknown,FOLLOWING TOO CLOSELY,10TH ST & JORDAN,25404
2009,10,6,Weekday,0,2-Car,Non-incapacitating,FAILURE TO YIELD RIGHT OF WAY,10TH & JORDAN AVE,25405
2009,10,6,Weekend,2300,2-Car,No injury/unknown,UNSAFE BACKING,10TH & JORDAN AVE,25406
2009,10,5,Weekday,2100,2-Car,No injury/unknown,FAILURE TO YIELD RIGHT OF WAY,10TH ST & JORDAN,25407
2009,10,3,Weekday,1800,2-Car,No injury/unknown,FOLLOWING TOO CLOSELY,E 10TH ST & N JORDAN,25408
2009,3,2,Weekday,1000,2-Car,No injury/unknown,DRIVER DISTRACTED - EXPLAIN IN NARRATIVE,1600 E 10TH ST & 600 N SUNRISE,25409
2009,1,2,Weekday,800,2-Car,No injury/unknown,FAILURE TO YIELD RIGHT OF WAY,EAST TENTH ST,25410
2009,8,4,Weekday,1300,2-Car,No injury/unknown,UNSAFE BACKING,EAST 10TH ST,25411
2009,8,4,Weekday,1100,2-Car,No injury/unknown,NONE (VEHICLE),EAST TENTH ST,25412
2009,11,1,Weekend,1600,2-Car,No injury/unknown,OTHER (DRIVER) - EXPLAIN IN NARRATIVE,EAST TENTH ST,25413
2009,7,5,Weekday,400,2-Car,Non-incapacitating,LEFT OF CENTER,3300 BUNGER RD & STATE ROAD 45,25414
2009,4,5,Weekday,1900,2-Car,Non-incapacitating,DRIVER DISTRACTED - EXPLAIN IN NARRATIVE,10TH & 45 46 BYP,25415
2009,9,5,Weekday,1200,3+ Cars,No injury/unknown,OTHER (VEHICLE) - EXPLAIN IN NARRATIVE,E TENTH ST,25416
2009,11,2,Weekday,400,1-Car,No injury/unknown,ANIMAL/OBJECT IN ROADWAY,10TH ST & JOHN HINKLE,25417
2009,1,3,Weekday,1200,2-Car,No injury/unknown,OTHER (ENVIRONMENTAL) - EXPLAIN IN NARR,EAST TENTH ST,25418
2009,3,3,Weekday,1700,2-Car,No injury/unknown,OTHER (ENVIRONMENTAL) - EXPLAIN IN NARR,10TH ST & PETE ELLIS,25419
2009,8,6,Weekday,1800,2-Car,No injury/unknown,BRAKE FAILURE OR DEFECTIVE,10TH ST & PETE ELLIS,25420
2009,2,1,Weekend,1500,2-Car,No injury/unknown,FOLLOWING TOO CLOSELY,2900 BLK E 10TH ST & PETE ELLIS,25421
2009,8,4,Weekday,2300,1-Car,No injury/unknown,ALCOHOLIC BEVERAGES,E 2ND & S COLLEGE MALL RD,25422
2009,1,3,Weekday,1900,2-Car,Non-incapacitating,SPEED TOO FAST FOR WEATHER CONDITIONS,PETE ELLIS & SR45E,25423
2009,2,6,Weekend,2300,2-Car,No injury/unknown,UNSAFE BACKING,E 10TH ST,25424
2009,3,2,Weekday,1700,2-Car,Non-incapacitating,OTHER (DRIVER) - EXPLAIN IN NARRATIVE,10TH ST & JOHN HINKLE,25425
2009,3,6,Weekday,1700,2-Car,No injury/unknown,FOLLOWING TOO CLOSELY,E 10TH ST & N PETE ELLIS,25426
2009,3,7,Weekend,1500,2-Car,No injury/unknown,SPEED TOO FAST FOR WEATHER CONDITIONS,10TH ST & PETE ELLIS,25427
2009,3,3,Weekday,1700,3+ Cars,No injury/unknown,SPEED TOO FAST FOR WEATHER CONDITIONS,10TH ST & PETE ELLIS,25428
2009,4,5,Weekday,1400,2-Car,No injury/unknown,FOLLOWING TOO CLOSELY,PETE ELLIS & SR45E,25429
2009,4,4,Weekday,2000,2-Car,No injury/unknown,UNSAFE BACKING,E 10TH ST,25430
2009,4,4,Weekday,800,2-Car,No injury/unknown,FOLLOWING TOO CLOSELY,EAST TENTH ST & PETE ELLIS,25431
2009,6,5,Weekday,1100,2-Car,Non-incapacitating,DRIVER DISTRACTED - EXPLAIN IN NARRATIVE,E 10TH STREET ST & PETE ELLIS DR,25432
2009,7,4,Weekday,1600,2-Car,Non-incapacitating,FAILURE TO YIELD RIGHT OF WAY,10TH ST & PETE ELLIS,25433
2009,9,1,Weekend,100,1-Car,No injury/unknown,ANIMAL/OBJECT IN ROADWAY,E JOHN HINKLE & SR45E,25434
2009,9,7,Weekend,1800,2-Car,Non-incapacitating,LEFT OF CENTER,PETE ELLIS & PETE ELLIS DR,25435
2009,10,7,Weekend,2300,2-Car,No injury/unknown,FAILURE TO YIELD RIGHT OF WAY,E 10TH ST,25436
2009,10,6,Weekday,1500,Bus,No injury/unknown,DRIVER DISTRACTED - EXPLAIN IN NARRATIVE,10TH ST & PETE ELLIS,25437
2009,11,1,Weekend,1000,1-Car,No injury/unknown,ANIMAL/OBJECT IN ROADWAY,E 10TH ST & PETE ELLIS,25438
2009,11,6,Weekday,1500,2-Car,Non-incapacitating,FOLLOWING TOO CLOSELY,2920 E 10TH ST & PETE ELLIS,25439
2009,8,1,Weekday,1900,2-Car,No injury/unknown,UNSAFE BACKING,E 10TH ST,25440
2009,9,6,Weekend,1900,1-Car,No injury/unknown,OTHER (DRIVER) - EXPLAIN IN NARRATIVE,E 10TH ST,25441
2009,8,2,Weekday,2000,Cyclist,No injury/unknown,FAILURE TO YIELD RIGHT OF WAY,10TH ST & UNION,25442
2009,5,2,Weekday,1100,2-Car,No injury/unknown,UNSAFE SPEED,10TH ST & UNION,25443
2009,4,2,Weekday,2100,2-Car,No injury/unknown,FAILURE TO YIELD RIGHT OF WAY,E 10TH ST,25444
2009,7,2,Weekday,1500,2-Car,No injury/unknown,UNSAFE BACKING,E 10TH ST,25445
2009,9,1,Weekend,1700,3+ Cars,No injury/unknown,FOLLOWING TOO CLOSELY,TENTH ST & UNION,25446
2009,7,1,Weekend,0,Cyclist,Non-incapacitating,PEDESTRIAN ACTION,10TH ST & PETE ELLIS,25447
2009,2,6,Weekend,1900,2-Car,No injury/unknown,IMPROPER LANE USAGE,10TH & WALNUT ST,25448
2009,11,2,Weekday,1500,2-Car,No injury/unknown,FAILURE TO YIELD RIGHT OF WAY,10TH & COLLEGE AVE,25449
2009,2,2,Weekday,1800,2-Car,No injury/unknown,FOLLOWING TOO CLOSELY,10TH ST & UNION,25450
2009,2,4,Weekday,1800,2-Car,Non-incapacitating,FOLLOWING TOO CLOSELY,1OTH ST & PETE ELLIS,25451
2009,10,5,Weekday,1400,2-Car,Non-incapacitating,TIRE FAILURE OR DEFECTIVE,BREASIDE & N PETE ELLIS DR,25452
2009,11,4,Weekday,1100,2-Car,No injury/unknown,UNSAFE BACKING,S WALNUT ST,25453
2009,2,4,Weekday,1600,2-Car,No injury/unknown,UNSAFE BACKING,3RD & HAWTHORNE DR,25454
2009,4,2,Weekday,1600,2-Car,No injury/unknown,UNSAFE BACKING,10TH & JEFFERSON ST,25455
2009,7,4,Weekday,1500,Cyclist,Non-incapacitating,FAILURE TO YIELD RIGHT OF WAY,10TH & JORDAN AVE,25456
2009,6,5,Weekday,1300,1-Car,No injury/unknown,DRIVER DISTRACTED - EXPLAIN IN NARRATIVE,SOUTH WALNUT ST,25457
2009,5,1,Weekend,1800,2-Car,No injury/unknown,FAILURE TO YIELD RIGHT OF WAY,SR48W & STATE ROAD 43,25458
2009,9,7,Weekend,100,1-Car,Non-incapacitating,SPEED TOO FAST FOR WEATHER CONDITIONS,SR37S & WHITEHALL CROSSING,25459
2009,7,3,Weekday,1700,2-Car,No injury/unknown,FOLLOWING TOO CLOSELY,10TH & JORDAN AVE,25460
2009,8,1,Weekend,1400,2-Car,No injury/unknown,UNSAFE BACKING,9TH & PARK AVE,25461
2009,5,6,Weekday,1300,1-Car,No injury/unknown,OTHER (DRIVER) - EXPLAIN IN NARRATIVE,N JACOB DR,25462
2009,3,7,Weekend,1500,2-Car,No injury/unknown,FAILURE TO YIELD RIGHT OF WAY,JOHN HINKLE RD & PETE ELLIS,25463
2009,11,1,Weekend,400,2-Car,No injury/unknown,DRIVER DISTRACTED - EXPLAIN IN NARRATIVE,NORTH SUNRISE DR,25464
2009,4,1,Weekday,1900,2-Car,No injury/unknown,IMPROPER TURNING,N JACOB DR,25465
2009,11,6,Weekday,700,2-Car,No injury/unknown,OTHER (DRIVER) - EXPLAIN IN NARRATIVE,N JACOBS DR,25466
2009,8,4,Weekday,1400,2-Car,No injury/unknown,OTHER (DRIVER) - EXPLAIN IN NARRATIVE,PROW AVE,25467
2009,6,7,Weekend,1700,3+ Cars,No injury/unknown,UNSAFE SPEED,JOHN HINKLE PL,25468
2009,1,1,Weekend,1400,2-Car,No injury/unknown,FAILURE TO YIELD RIGHT OF WAY,9TH & LINCOLN ST,25469
2009,1,6,Weekday,100,2-Car,No injury/unknown,SPEED TOO FAST FOR WEATHER CONDITIONS,9TH & COLLEGE AVE,25470
2009,4,5,Weekday,2000,Pedestrian,Non-incapacitating,FAILURE TO YIELD RIGHT OF WAY,9TH & WALNUT ST,25471
2009,4,5,Weekday,2300,2-Car,No injury/unknown,OTHER (DRIVER) - EXPLAIN IN NARRATIVE,419 NORTH WALNUT ST & 9TH,25472
2009,4,6,Weekday,1800,2-Car,No injury/unknown,WRONG WAY ON ONE WAY,9TH & WALNUT ST,25473
2009,5,6,Weekday,1100,2-Car,No injury/unknown,UNSAFE BACKING,525 EAST NINTH ST & INDIANA,25474
2009,5,6,Weekday,1700,3+ Cars,Non-incapacitating,FOLLOWING TOO CLOSELY,9TH & WALNUT ST,25475
2009,6,3,Weekday,1000,2-Car,Non-incapacitating,FAILURE TO YIELD RIGHT OF WAY,E 9TH & N WASHINGTON ST,25476
2009,7,3,Weekday,2300,2-Car,No injury/unknown,IMPROPER TURNING,S COLLEGE AVE & W 9TH,25477
2009,9,6,Weekday,1100,Cyclist,Non-incapacitating,PEDESTRIAN ACTION,E 9TH & N DUNN ST,25478
2009,9,7,Weekend,1200,2-Car,Non-incapacitating,IMPROPER TURNING,9TH & NORTH COLLEGE AVE,25479
2009,10,7,Weekend,800,2-Car,No injury/unknown,FAILURE TO YIELD RIGHT OF WAY,N COLLEGE AVE & W 9TH,25480
2009,10,5,Weekday,2000,2-Car,No injury/unknown,FAILURE TO YIELD RIGHT OF WAY,9TH & COLLEGE AVE,25481
2009,12,4,Weekday,1700,2-Car,No injury/unknown,FAILURE TO YIELD RIGHT OF WAY,9TH ST & GRANT,25482
2009,12,4,Weekday,1700,2-Car,No injury/unknown,FAILURE TO YIELD RIGHT OF WAY,E 9TH ST & N INDIANA,25483
2009,10,4,Weekday,1700,2-Car,Non-incapacitating,FAILURE TO YIELD RIGHT OF WAY,S LANDMARK AVE & W BLOOMFIELD,25484
2009,3,2,Weekday,1500,2-Car,No injury/unknown,DRIVER DISTRACTED - EXPLAIN IN NARRATIVE,PROFILE & ZENTIH DR,25485
2009,8,3,Weekday,1200,2-Car,No injury/unknown,FAILURE TO YIELD RIGHT OF WAY,9TH ST & COLLEGE,25486
2009,9,1,Weekend,1600,2-Car,No injury/unknown,IMPROPER TURNING,9TH & COLLEGE AVE,25487
2009,1,4,Weekday,1500,2-Car,No injury/unknown,UNSAFE BACKING,711 W 9TH ST & FAIRVIEW,25488
2009,11,6,Weekday,1700,2-Car,No injury/unknown,FOLLOWING TOO CLOSELY,JACOBS DR & SUSAN,25489
2009,1,7,Weekend,1600,3+ Cars,Non-incapacitating,DRIVER DISTRACTED - EXPLAIN IN NARRATIVE,EASTGATE & SR46W,25490
2009,2,6,Weekday,1500,2-Car,No injury/unknown,DRIVER DISTRACTED - EXPLAIN IN NARRATIVE,4546 BYP & EASTGATE,25491
2009,3,1,Weekend,1600,2-Car,No injury/unknown,IMPROPER LANE USAGE,4546 BYP & EASTGATE,25492
2009,4,4,Weekday,700,2-Car,Non-incapacitating,OTHER (DRIVER) - EXPLAIN IN NARRATIVE,EASTGATE & SR4546N,25493
2009,5,4,Weekday,1300,2-Car,Non-incapacitating,SPEED TOO FAST FOR WEATHER CONDITIONS,EASTGATE & SR4546N,25494
2009,6,5,Weekday,1600,3+ Cars,No injury/unknown,FOLLOWING TOO CLOSELY,EASTGATE & STATE ROAD 46 RD,25495
2009,8,7,Weekend,1500,2-Car,No injury/unknown,FOLLOWING TOO CLOSELY,EASTGATE & SR46E,25496
2009,9,4,Weekday,1700,3+ Cars,No injury/unknown,DRIVER DISTRACTED - EXPLAIN IN NARRATIVE,4546 BYP & EASTGATE,25497
2009,9,5,Weekday,1000,2-Car,No injury/unknown,FOLLOWING TOO CLOSELY,EASTGATE & SR 45 46 BYP,25498
2009,12,5,Weekday,1900,3+ Cars,Non-incapacitating,FOLLOWING TOO CLOSELY,EASTGATE & SR45N,25499
2009,12,3,Weekday,1500,2-Car,No injury/unknown,FOLLOWING TOO CLOSELY,EASTGATE & STATE ROAD 45 46 BYP,25500
2009,2,3,Weekday,1400,2-Car,No injury/unknown,FAILURE TO YIELD RIGHT OF WAY,EAST GATE & SR46N,25501
2009,4,1,Weekend,1300,2-Car,No injury/unknown,IMPROPER PASSING,EASTGATE & SR46E,25502
2009,8,1,Weekend,1600,2-Car,No injury/unknown,DRIVER DISTRACTED - EXPLAIN IN NARRATIVE,EASTGATE & ST RD 46 RD,25503
2009,3,1,Weekday,1900,2-Car,No injury/unknown,IMPROPER PASSING,N JORDAN AVE,25504
2009,9,4,Weekday,1500,1-Car,No injury/unknown,OTHER (DRIVER) - EXPLAIN IN NARRATIVE,ADAMS ST & VERNAL,25505
2009,5,6,Weekday,1800,2-Car,No injury/unknown,ALCOHOLIC BEVERAGES,N GATES DR,25506
2009,5,6,Weekday,700,2-Car,No injury/unknown,OTHER (DRIVER) - EXPLAIN IN NARRATIVE,GATES DR,25507
2009,1,2,Weekday,800,1-Car,No injury/unknown,ROADWAY SURFACE CONDITION,SR43 & SR48E,25508
2009,6,5,Weekday,1400,Moped/Motorcycle,Non-incapacitating,FAILURE TO YIELD RIGHT OF WAY,SR43 & SR48W,25509
2009,8,7,Weekend,1200,2-Car,No injury/unknown,FAILURE TO YIELD RIGHT OF WAY,8TH & INDIANA AVE,25510
2009,11,5,Weekday,1800,2-Car,No injury/unknown,UNSAFE BACKING,NORTH WOODLAWN AVE,25511
2009,4,7,Weekend,100,1-Car,No injury/unknown,UNSAFE SPEED,410 N HILLSDALE DR & EASTGATE,25512
2009,1,3,Weekday,1400,2-Car,No injury/unknown,OTHER (DRIVER) - EXPLAIN IN NARRATIVE,8TH & CLARK ST,25513
2009,1,7,Weekend,1900,2-Car,No injury/unknown,BRAKE FAILURE OR DEFECTIVE,E 8TH & FESS AVE,25514
2009,11,5,Weekday,1500,2-Car,No injury/unknown,OTHER (DRIVER) - EXPLAIN IN NARRATIVE,8TH & JACKSON ST,25515
2009,9,1,Weekend,200,Pedestrian,Non-incapacitating,PEDESTRIAN ACTION,N WALNUT,25516
2009,2,5,Weekday,1200,2-Car,Non-incapacitating,FOLLOWING TOO CLOSELY,8TH & COLLEGE AVE,25517
2009,6,6,Weekday,1300,2-Car,No injury/unknown,FAILURE TO YIELD RIGHT OF WAY,8TH & COLLEGE AVE,25518
2009,9,3,Weekday,1500,2-Car,Non-incapacitating,FOLLOWING TOO CLOSELY,7TH & COLLEGE AVE,25519
2009,2,5,Weekday,1600,2-Car,No injury/unknown,FAILURE TO YIELD RIGHT OF WAY,8TH & INDIANA AVE,25520
2009,12,3,Weekday,1700,Pedestrian,Non-incapacitating,FAILURE TO YIELD RIGHT OF WAY,8TH & INDIANA AVE,25521
2009,12,4,Weekday,1000,2-Car,No injury/unknown,OTHER (VEHICLE) - EXPLAIN IN NARRATIVE,8TH ST & INDIANA,25522
2009,11,4,Weekday,1300,2-Car,No injury/unknown,UNSAFE BACKING,8TH ST & HAY,25523
2009,1,5,Weekday,1300,2-Car,No injury/unknown,OTHER (DRIVER) - EXPLAIN IN NARRATIVE,8TH & FESS AVE,25524
2009,3,5,Weekday,800,2-Car,No injury/unknown,UNSAFE BACKING,N JACKSON & W 8TH ST,25525
2009,7,4,Weekday,1000,2-Car,No injury/unknown,FAILURE TO YIELD RIGHT OF WAY,501 N ROGERS ST & W 8TH,25526
2009,7,2,Weekday,800,2-Car,No injury/unknown,FOLLOWING TOO CLOSELY,N ROGERS ST & W 8TH,25527
2009,8,7,Weekend,800,2-Car,No injury/unknown,OTHER (DRIVER) - EXPLAIN IN NARRATIVE,NORTH SUNRISE AVE,25528
2009,6,3,Weekday,1400,2-Car,Non-incapacitating,FAILURE TO YIELD RIGHT OF WAY,8TH & MORTON ST,25529
2009,10,4,Weekday,1400,2-Car,No injury/unknown,UNSAFE BACKING,E 8TH & N PARK AVE,25530
2009,7,2,Weekday,1300,2-Car,No injury/unknown,OTHER (VEHICLE) - EXPLAIN IN NARRATIVE,8TH ST & COLLEGE,25531
2009,4,7,Weekend,1900,2-Car,No injury/unknown,OTHER (DRIVER) - EXPLAIN IN NARRATIVE,8TH ST & WASHINGTON,25532
2009,1,6,Weekend,2000,2-Car,No injury/unknown,IMPROPER LANE USAGE,8TH ST & COLLEGE,25533
2009,1,6,Weekday,1800,2-Car,No injury/unknown,ALCOHOLIC BEVERAGES,8TH ST & COLLEGE,25534
2009,1,1,Weekend,100,2-Car,No injury/unknown,ALCOHOLIC BEVERAGES,8TH ST & GRANT,25535
2009,1,5,Weekday,2200,2-Car,No injury/unknown,OTHER (ENVIRONMENTAL) - EXPLAIN IN NARR,400 N COLLEGEG AVE & W 8TH,25536
2009,2,2,Weekday,1700,2-Car,No injury/unknown,FAILURE TO YIELD RIGHT OF WAY,8TH & WASHINGTON ST,25537
2009,3,3,Weekday,1100,Bus,No injury/unknown,OTHER (DRIVER) - EXPLAIN IN NARRATIVE,8TH ST & GRANT,25538
2009,4,5,Weekday,1700,2-Car,No injury/unknown,IMPROPER LANE USAGE,8TH & COLLEGE AVE,25539
2009,4,4,Weekday,1600,2-Car,No injury/unknown,FAILURE TO YIELD RIGHT OF WAY,8TH & WALNUT ST,25540
2009,4,7,Weekend,400,2-Car,No injury/unknown,ALCOHOLIC BEVERAGES,E 8TH ST,25541
2009,4,5,Weekday,2200,3+ Cars,No injury/unknown,DRIVER DISTRACTED - EXPLAIN IN NARRATIVE,8TH & COLLEGE AVE,25542
2009,6,1,Weekend,0,Moped/Motorcycle,No injury/unknown,UNSAFE BACKING,8TH & WALNUT ST,25543
2009,6,6,Weekday,0,2-Car,No injury/unknown,IMPROPER LANE USAGE,8TH & COLLEGE AVE,25544
2009,7,6,Weekday,700,2-Car,No injury/unknown,FAILURE TO YIELD RIGHT OF WAY,8TH ST & GRANT,25545
2009,8,7,Weekend,0,2-Car,No injury/unknown,OTHER (DRIVER) - EXPLAIN IN NARRATIVE,8TH ST & WASHINGTON,25546
2009,8,3,Weekday,2000,2-Car,No injury/unknown,FAILURE TO YIELD RIGHT OF WAY,8TH & COLLEGE AVE,25547
2009,9,1,Weekend,300,2-Car,No injury/unknown,UNSAFE BACKING,8TH ST & WALNUT,25548
2009,10,4,Weekday,2100,2-Car,No injury/unknown,FAILURE TO YIELD RIGHT OF WAY,8TH & N WALNUT ST,25549
2009,10,4,Weekday,1600,3+ Cars,Non-incapacitating,FAILURE TO YIELD RIGHT OF WAY,8TH ST & GRANT,25550
2009,10,7,Weekend,200,2-Car,No injury/unknown,OTHER (DRIVER) - EXPLAIN IN NARRATIVE,8TH ST & GRANT,25551
2009,11,7,Weekend,2300,2-Car,No injury/unknown,UNSAFE BACKING,E 8TH & N WALNUT ST,25552
2009,1,2,Weekday,1900,2-Car,No injury/unknown,LEFT OF CENTER,SMITH PIKE & WOODYARD,25553
2009,9,6,Weekend,2100,3+ Cars,No injury/unknown,FOLLOWING TOO CLOSELY,EASTGATE & SR46N,25554
2009,1,4,Weekday,1400,2-Car,No injury/unknown,FAILURE TO YIELD RIGHT OF WAY,AMY LN & PETE ELLIS,25555
2009,9,4,Weekday,1100,2-Car,No injury/unknown,UNSAFE BACKING,ATWATER & BALLANTINE AVE,25556
2009,1,1,Weekend,200,1-Car,No injury/unknown,ALCOHOLIC BEVERAGES,305 S PETE ELLIS DR & AMY,25557
2009,11,3,Weekday,1600,Cyclist,Non-incapacitating,FAILURE TO YIELD RIGHT OF WAY,7TH & FESS AVE,25558
2009,7,2,Weekday,1600,2-Car,No injury/unknown,FAILURE TO YIELD RIGHT OF WAY,2ND & COLLEGE MALL RD,25559
2009,5,6,Weekday,1700,2-Car,No injury/unknown,SPEED TOO FAST FOR WEATHER CONDITIONS,7TH & JORDAN AVE,25560
2009,8,4,Weekday,600,1-Car,No injury/unknown,OTHER (DRIVER) - EXPLAIN IN NARRATIVE,ADAMS ST & VERNAL,25561
2009,1,1,Weekend,0,2-Car,No injury/unknown,ALCOHOLIC BEVERAGES,7TH & WALNUT ST,25562
2009,9,6,Weekday,1000,2-Car,No injury/unknown,FAILURE TO YIELD RIGHT OF WAY,8TH & COLLEGE AVE,25563
2009,1,2,Weekday,2100,1-Car,Non-incapacitating,SPEED TOO FAST FOR WEATHER CONDITIONS,7TH & N JORDAN AVE,25564
2009,7,3,Weekday,1000,Bus,No injury/unknown,IMPROPER PASSING,7TH ST & JORDAN,25565
2009,8,6,Weekday,1000,Bus,No injury/unknown,IMPROPER PASSING,7TH ST & JORDAN,25566
2009,8,4,Weekday,1300,2-Car,No injury/unknown,DRIVER DISTRACTED - EXPLAIN IN NARRATIVE,7TH & NORTH JORDAN AVE,25567
2009,10,7,Weekend,1500,3+ Cars,No injury/unknown,RAN OFF ROAD RIGHT,EAST EASTGATE LN,25568
2009,1,6,Weekday,1500,2-Car,No injury/unknown,OTHER (VEHICLE) - EXPLAIN IN NARRATIVE,GRANT ST & SMITH,25569
2009,2,3,Weekday,2000,2-Car,No injury/unknown,SPEED TOO FAST FOR WEATHER CONDITIONS,ALEXANDER & JACOB DR,25570
2009,4,6,Weekday,1700,2-Car,No injury/unknown,IMPROPER LANE USAGE,ALEXANDER & JACOB DR,25571
2009,2,6,Weekday,1100,2-Car,No injury/unknown,UNSAFE BACKING,E SEVENTH ST,25572
2009,11,4,Weekday,1900,2-Car,No injury/unknown,FAILURE TO YIELD RIGHT OF WAY,GATES DR & JONATHAN,25573
2009,1,2,Weekday,1700,2-Car,No injury/unknown,OTHER (DRIVER) - EXPLAIN IN NARRATIVE,E 7TH ST,25574
2009,3,1,Weekend,1500,2-Car,No injury/unknown,UNSAFE BACKING,E 7TH ST,25575
2009,8,7,Weekend,1000,2-Car,No injury/unknown,UNSAFE BACKING,E 7TH ST,25576
2009,9,4,Weekday,1400,2-Car,No injury/unknown,UNSAFE BACKING,7TH ST,25577
2009,9,2,Weekday,1600,1-Car,No injury/unknown,OTHER (DRIVER) - EXPLAIN IN NARRATIVE,E 7TH (IMU CIRCLE DRIVE) ST,25578
2009,10,5,Weekday,2000,2-Car,No injury/unknown,OTHER (DRIVER) - EXPLAIN IN NARRATIVE,7TH ST,25579
2009,3,7,Weekend,200,1-Car,No injury/unknown,OTHER (DRIVER) - EXPLAIN IN NARRATIVE,N WALNUT ST,25580
2009,10,5,Weekday,1700,2-Car,No injury/unknown,OTHER (DRIVER) - EXPLAIN IN NARRATIVE,7TH ST & CAMPBELL,25581
2009,5,4,Weekday,1400,3+ Cars,No injury/unknown,FOLLOWING TOO CLOSELY,EASTGATE & SR46,25582
2009,2,4,Weekday,900,2-Car,No injury/unknown,FAILURE TO YIELD RIGHT OF WAY,N ROGERS ST & W 7TH,25583
2009,3,3,Weekday,700,2-Car,No injury/unknown,BRAKE FAILURE OR DEFECTIVE,7TH ST & ROGERS,25584
2009,3,3,Weekday,1300,2-Car,No injury/unknown,FAILURE TO YIELD RIGHT OF WAY,N MORTON ST & W 7TH,25585
2009,10,6,Weekday,1100,2-Car,No injury/unknown,OTHER (DRIVER) - EXPLAIN IN NARRATIVE,7TH ST & MORTON,25586
2009,1,4,Weekday,2200,2-Car,No injury/unknown,OTHER (DRIVER) - EXPLAIN IN NARRATIVE,7TH & COLLEGE AVE,25587
2009,1,7,Weekend,1400,Pedestrian,Non-incapacitating,FAILURE TO YIELD RIGHT OF WAY,7TH & N COLLEGE AVE,25588
2009,4,7,Weekend,1000,2-Car,No injury/unknown,OTHER (DRIVER) - EXPLAIN IN NARRATIVE,7TH & COLLEGE AVE,25589
2009,4,3,Weekday,1200,2-Car,No injury/unknown,FAILURE TO YIELD RIGHT OF WAY,N COLLEGE AVE & W 7TH,25590
2009,6,5,Weekday,300,1-Car,No injury/unknown,HOLES/RUTS IN SURFACE,COLLEGE & W 7TH ST,25591
2009,8,5,Weekday,800,2-Car,No injury/unknown,FAILURE TO YIELD RIGHT OF WAY,7TH & COLLEGE AVE,25592
2009,8,2,Weekday,1000,2-Car,No injury/unknown,FOLLOWING TOO CLOSELY,7TH & COLLEGE AVE,25593
2009,10,6,Weekday,200,2-Car,No injury/unknown,ALCOHOLIC BEVERAGES,7TH & N COLLEGE AVE,25594
2009,10,5,Weekday,1400,2-Car,No injury/unknown,FAILURE TO YIELD RIGHT OF WAY,7TH ST & COLLEGE,25595