year,month,day,weekend,hour,collision_type,injury_type,primary_factor,reported_location,unique_id
2009,8,4,Weekday,800,2-Car,No injury/unknown,FAILURE TO YIELD RIGHT OF WAY,3RD & WALNUT ST,26028
2009,8,4,Weekday,1200,2-Car,No injury/unknown,FOLLOWING TOO CLOSELY,3RD STREET ST & GRANT ST,26029
2009,8,1,Weekend,1700,2-Car,No injury/unknown,FOLLOWING TOO CLOSELY,COLLEGE & SR37S,26030
2009,8,7,Weekend,1100,2-Car,No injury/unknown,DISREGARD SIGNAL/REG SIGN,3RD ST & LINCOLN,26031
2009,8,7,Weekend,2300,2-Car,No injury/unknown,ALCOHOLIC BEVERAGES,3 ST & WASHINGTON,26032
2009,9,3,Weekday,2300,2-Car,No injury/unknown,DISREGARD SIGNAL/REG SIGN,3RD ST & WASHINGTON,26033
2009,9,6,Weekend,2300,2-Car,Non-incapacitating,FAILURE TO YIELD RIGHT OF WAY,3RD ST & WASHINGTON,26034
2009,9,1,Weekend,1200,2-Car,Non-incapacitating,FOLLOWING TOO CLOSELY,KIMBLE & W 3RD ST,26035
2009,9,6,Weekday,1400,2-Car,No injury/unknown,OTHER (DRIVER) - EXPLAIN IN NARRATIVE,3RD & WALNUT ST,26036
2009,9,6,Weekday,800,Pedestrian,Non-incapacitating,RAN OFF ROAD RIGHT,KIMBLE DR & WEST 3 ST ST,26037
2009,10,3,Weekday,1500,2-Car,No injury/unknown,FOLLOWING TOO CLOSELY,3RD & COLLEGE AVE,26038
2009,10,1,Weekend,1000,1-Car,No injury/unknown,RAN OFF ROAD RIGHT,3RD & COLLEGE AVE,26039
2009,10,5,Weekday,1000,2-Car,No injury/unknown,FAILURE TO YIELD RIGHT OF WAY,3RD & COLLEGE AVE,26040
2009,10,7,Weekend,0,2-Car,No injury/unknown,FAILURE TO YIELD RIGHT OF WAY,E THIRD ST & S WASHINGTON,26041
2009,10,6,Weekday,1000,2-Car,No injury/unknown,FAILURE TO YIELD RIGHT OF WAY,E 3RD ST & WASHINGTON,26042
2009,11,6,Weekend,2300,2-Car,No injury/unknown,OTHER (DRIVER) - EXPLAIN IN NARRATIVE,3RD ST,26043
2009,11,1,Weekend,1600,2-Car,No injury/unknown,DISREGARD SIGNAL/REG SIGN,3RD ST & LINCOLN,26044
2009,11,2,Weekday,1800,1-Car,Non-incapacitating,OVERCORRECTING/OVERSTEERING,2447 W 3RD ST & KIMBLE,26045
2009,11,5,Weekday,2300,2-Car,No injury/unknown,FAILURE TO YIELD RIGHT OF WAY,3RD ST & WASHINGTON,26046
2009,11,6,Weekday,1500,2-Car,No injury/unknown,FOLLOWING TOO CLOSELY,W 3RD ST & WASHINGTON,26047
2009,11,2,Weekday,900,2-Car,No injury/unknown,DISREGARD SIGNAL/REG SIGN,3RD ST & WALNUT,26048
2009,11,7,Weekend,300,2-Car,No injury/unknown,UNSAFE BACKING,S WALNUT ST,26049
2009,11,5,Weekday,2100,1-Car,No injury/unknown,OTHER (DRIVER) - EXPLAIN IN NARRATIVE,3RD ST,26050
2009,12,3,Weekday,0,2-Car,Non-incapacitating,FAILURE TO YIELD RIGHT OF WAY,E 3RD ST & S WASHINGTON,26051
2009,12,6,Weekday,200,2-Car,No injury/unknown,ALCOHOLIC BEVERAGES,E 3RD ST & S WASHINGTON,26052
2009,12,2,Weekday,1600,3+ Cars,Non-incapacitating,FAILURE TO YIELD RIGHT OF WAY,E 3RD & S WASHINGTON ST,26053
2009,12,2,Weekday,700,2-Car,No injury/unknown,SPEED TOO FAST FOR WEATHER CONDITIONS,3RD ST & GRANT,26054
2009,12,3,Weekday,1500,2-Car,No injury/unknown,UNSAFE BACKING,E 3RD ST,26055
2009,12,7,Weekend,1900,2-Car,Non-incapacitating,ALCOHOLIC BEVERAGES,JOHNSON & W 3RD ST,26056
2009,5,3,Weekday,2200,2-Car,No injury/unknown,OTHER (DRIVER) - EXPLAIN IN NARRATIVE,WEST THIRD ST,26057
2009,1,4,Weekday,1500,2-Car,No injury/unknown,OTHER (DRIVER) - EXPLAIN IN NARRATIVE,W THIRD ST,26058
2009,5,3,Weekday,1100,2-Car,No injury/unknown,FAILURE TO YIELD RIGHT OF WAY,WEST 3 ST ST,26059
2009,1,7,Weekend,1600,2-Car,No injury/unknown,FAILURE TO YIELD RIGHT OF WAY,LIBERTY & W 3RD ST,26060
2009,3,3,Weekday,1400,2-Car,No injury/unknown,FAILURE TO YIELD RIGHT OF WAY,3RD ST & LIBERTY,26061
2009,6,2,Weekday,1300,2-Car,Non-incapacitating,FAILURE TO YIELD RIGHT OF WAY,LIBERTY & W 3RD ST,26062
2009,6,7,Weekend,1200,2-Car,No injury/unknown,FAILURE TO YIELD RIGHT OF WAY,LIBERTY DR & W 3RD,26063
2009,6,6,Weekday,1600,2-Car,Non-incapacitating,FAILURE TO YIELD RIGHT OF WAY,LIBERTY & THIRD ST,26064
2009,6,6,Weekday,1700,2-Car,No injury/unknown,FOLLOWING TOO CLOSELY,LIBERTY & THIRD ST,26065
2009,7,6,Weekday,1300,2-Car,No injury/unknown,FAILURE TO YIELD RIGHT OF WAY,LIBERTY & WEST 3RD ST,26066
2009,1,4,Weekday,1000,2-Car,Non-incapacitating,DISREGARD SIGNAL/REG SIGN,COLLEGE AVE & WEST THIRD,26067
2009,3,5,Weekday,1800,2-Car,No injury/unknown,DISREGARD SIGNAL/REG SIGN,THIRD & WALNUT ST,26068
2009,6,3,Weekday,1800,2-Car,No injury/unknown,FAILURE TO YIELD RIGHT OF WAY,COLLEGE AVE & THIRD,26069
2009,8,4,Weekday,1900,Moped/Motorcycle,Non-incapacitating,OTHER (DRIVER) - EXPLAIN IN NARRATIVE,THIRD & WALNUT ST,26070
2009,8,6,Weekday,1700,2-Car,Non-incapacitating,FAILURE TO YIELD RIGHT OF WAY,SOUTH COLLEGE AVE & WEST THIRD,26071
2009,10,4,Weekday,1300,2-Car,Non-incapacitating,DISREGARD SIGNAL/REG SIGN,37 SOUTH & 3RD ST,26072
2009,8,5,Weekday,1600,2-Car,No injury/unknown,FOLLOWING TOO CLOSELY,3RD ST & LIBERTY,26073
2009,8,7,Weekend,1700,2-Car,No injury/unknown,OTHER (DRIVER) - EXPLAIN IN NARRATIVE,LIBERTY & WEST THIRD ST,26074
2009,8,6,Weekday,0,2-Car,No injury/unknown,OTHER (DRIVER) - EXPLAIN IN NARRATIVE,LIBERTY DR & W 3RD,26075
2009,9,3,Weekday,1500,Moped/Motorcycle,Non-incapacitating,FAILURE TO YIELD RIGHT OF WAY,3RD ST & LIBERTY,26076
2009,9,3,Weekday,1300,2-Car,No injury/unknown,FAILURE TO YIELD RIGHT OF WAY,LIBERTY & SR48W,26077
2009,9,4,Weekday,1400,2-Car,No injury/unknown,FAILURE TO YIELD RIGHT OF WAY,WEST 3RD ST,26078
2009,10,6,Weekday,1200,2-Car,No injury/unknown,FAILURE TO YIELD RIGHT OF WAY,LIBERTY & W 3RD ST,26079
2009,10,6,Weekday,1700,2-Car,No injury/unknown,FAILURE TO YIELD RIGHT OF WAY,3RD & LIBERTY DR,26080
2009,11,4,Weekday,1700,2-Car,No injury/unknown,OTHER (DRIVER) - EXPLAIN IN NARRATIVE,LIBERTY DR & W 3RD,26081
2009,12,2,Weekday,1100,2-Car,No injury/unknown,OTHER (DRIVER) - EXPLAIN IN NARRATIVE,LIBERTY & WEST THIRD ST,26082
2009,12,5,Weekday,1000,2-Car,No injury/unknown,FAILURE TO YIELD RIGHT OF WAY,3RD ST & LIBERTY,26083
2009,4,4,Weekday,1300,2-Car,No injury/unknown,PRESCRIPTION DRUGS,THIRD ST,26084
2009,5,7,Weekend,1100,2-Car,No injury/unknown,IMPROPER TURNING,GATES & SR48W,26085
2009,5,5,Weekday,1200,3+ Cars,No injury/unknown,FOLLOWING TOO CLOSELY,GATES & SR48W,26086
2009,5,4,Weekday,1500,3+ Cars,Non-incapacitating,OTHER (DRIVER) - EXPLAIN IN NARRATIVE,3000 WEST 3RD ST & GATES,26087
2009,6,2,Weekday,1100,2-Car,No injury/unknown,FOLLOWING TOO CLOSELY,GATES DRIVE & SR48W,26088
2009,7,6,Weekend,1900,2-Car,No injury/unknown,FOLLOWING TOO CLOSELY,3RD ST & GATES,26089
2009,7,6,Weekday,1700,3+ Cars,Non-incapacitating,FOLLOWING TOO CLOSELY,3RD ST & GATES,26090
2009,8,3,Weekday,2100,2-Car,No injury/unknown,FOLLOWING TOO CLOSELY,W THIRD ST,26091
2009,11,3,Weekday,1300,2-Car,No injury/unknown,FAILURE TO YIELD RIGHT OF WAY,GATES DR & W 3RD,26092
2009,11,3,Weekday,1600,3+ Cars,No injury/unknown,DRIVER DISTRACTED - EXPLAIN IN NARRATIVE,3RD ST & GATES,26093
2009,11,7,Weekend,1500,3+ Cars,No injury/unknown,FAILURE TO YIELD RIGHT OF WAY,GATES & SR48W,26094
2009,12,6,Weekday,1500,2-Car,No injury/unknown,FAILURE TO YIELD RIGHT OF WAY,GATES & WEST 3RD ST,26095
2009,1,4,Weekday,800,2-Car,No injury/unknown,FAILURE TO YIELD RIGHT OF WAY,S GATES & W 3RD ST,26096
2009,3,2,Weekday,1500,3+ Cars,Non-incapacitating,DISREGARD SIGNAL/REG SIGN,3RD ST & GATES,26097
2009,3,6,Weekday,1800,2-Car,Non-incapacitating,OTHER (DRIVER) - EXPLAIN IN NARRATIVE,3RD ST & GATES,26098
2009,4,7,Weekend,2100,3+ Cars,No injury/unknown,ALCOHOLIC BEVERAGES,3RD ST & GATES,26099
2009,4,1,Weekend,1500,3+ Cars,No injury/unknown,DRIVER DISTRACTED - EXPLAIN IN NARRATIVE,3RD ST & GATES,26100
2009,4,2,Weekday,1600,2-Car,No injury/unknown,FAILURE TO YIELD RIGHT OF WAY,3RD ST & GATES,26101
2009,5,2,Weekday,1400,2-Car,No injury/unknown,DISREGARD SIGNAL/REG SIGN,3RD ST & GATES,26102
2009,6,3,Weekday,1500,3+ Cars,Non-incapacitating,OTHER (DRIVER) - EXPLAIN IN NARRATIVE,GATES & THIRD ST,26103
2009,3,1,Weekend,1200,2-Car,No injury/unknown,FAILURE TO YIELD RIGHT OF WAY,3RD ST & FRANKILIN,26104
2009,6,6,Weekday,1600,2-Car,No injury/unknown,OTHER (DRIVER) - EXPLAIN IN NARRATIVE,WEST THIRD ST,26105
2009,1,5,Weekday,1500,2-Car,No injury/unknown,DRIVER DISTRACTED - EXPLAIN IN NARRATIVE,3RD ST & FRANLKIN,26106
2009,1,6,Weekday,1500,2-Car,Non-incapacitating,FOLLOWING TOO CLOSELY,W 3RD ST & YANCY,26107
2009,3,6,Weekday,1600,2-Car,No injury/unknown,UNSAFE BACKING,3RD ST,26108
2009,5,1,Weekend,1700,3+ Cars,Incapacitating,DRIVER DISTRACTED - EXPLAIN IN NARRATIVE,WEST 3RD ST & YANCY,26109
2009,9,6,Weekday,1100,2-Car,Non-incapacitating,FOLLOWING TOO CLOSELY,FRANKIN & W 3RD ST,26110
2009,10,5,Weekday,1900,2-Car,No injury/unknown,FAILURE TO YIELD RIGHT OF WAY,FRANKLIN & WEST THIRD ST,26111
2009,10,5,Weekday,900,2-Car,No injury/unknown,FAILURE TO YIELD RIGHT OF WAY,FRANKLIN RD & WEST 3 ST ST,26112
2009,12,5,Weekday,2000,2-Car,No injury/unknown,UNSAFE BACKING,E 3RD ST,26113
2009,7,5,Weekday,1000,1-Car,No injury/unknown,RAN OFF ROAD RIGHT,W 3RD ST,26114
2009,2,6,Weekday,700,1-Car,No injury/unknown,RAN OFF ROAD RIGHT,W 3RD ST,26115
2009,3,6,Weekday,1200,2-Car,Non-incapacitating,FOLLOWING TOO CLOSELY,3RD ST & CORY,26116
2009,3,3,Weekday,1500,2-Car,No injury/unknown,FAILURE TO YIELD RIGHT OF WAY,CORY & THIRD ST,26117
2009,4,3,Weekday,0,2-Car,No injury/unknown,UNSAFE BACKING,ADAMS ST,26118
2009,10,3,Weekday,1700,2-Car,Non-incapacitating,FOLLOWING TOO CLOSELY,CORY & W 3RD ST,26119
2009,11,2,Weekday,1800,2-Car,No injury/unknown,UNSAFE BACKING,E 3RD ST,26120
2009,12,6,Weekday,1500,2-Car,Non-incapacitating,FOLLOWING TOO CLOSELY,CORY & WEST 3RD ST,26121
2009,1,6,Weekday,1800,2-Car,No injury/unknown,FAILURE TO YIELD RIGHT OF WAY,KIMBLE & WEST THIRD ST,26122
2009,7,7,Weekend,1700,2-Car,No injury/unknown,FAILURE TO YIELD RIGHT OF WAY,OPPORTUNITY & WEST 3RD ST,26123
2009,7,6,Weekday,1700,2-Car,Non-incapacitating,FOLLOWING TOO CLOSELY,3RD ST & OPPORTUNITY,26124
2009,9,6,Weekday,1500,2-Car,No injury/unknown,OTHER (DRIVER) - EXPLAIN IN NARRATIVE,WEST 3RD ST,26125
2009,2,5,Weekday,1600,2-Car,No injury/unknown,FAILURE TO YIELD RIGHT OF WAY,SR446 & SR46E,26126
2009,9,6,Weekday,1300,2-Car,No injury/unknown,OTHER (DRIVER) - EXPLAIN IN NARRATIVE,W 3RD ST,26127
2009,3,5,Weekday,1500,2-Car,No injury/unknown,FOLLOWING TOO CLOSELY,NORTH WALNUT ST,26128
2009,1,7,Weekend,1500,2-Car,No injury/unknown,OTHER (DRIVER) - EXPLAIN IN NARRATIVE,E 3RD ST,26129
2009,7,4,Weekday,2100,2-Car,No injury/unknown,OTHER (DRIVER) - EXPLAIN IN NARRATIVE,WEST THIRD ST,26130
2009,6,5,Weekday,2200,2-Car,No injury/unknown,OTHER (DRIVER) - EXPLAIN IN NARRATIVE,CURRY & THIRD ST,26131
2009,8,5,Weekday,1600,3+ Cars,Non-incapacitating,FOLLOWING TOO CLOSELY,3RD & CURRY PIKE,26132
2009,9,3,Weekday,1600,2-Car,No injury/unknown,FAILURE TO YIELD RIGHT OF WAY,3RD ST & CURRY,26133
2009,10,4,Weekday,1100,2-Car,No injury/unknown,FAILURE TO YIELD RIGHT OF WAY,S CURRY & W 3RD ST,26134
2009,10,7,Weekend,2200,2-Car,No injury/unknown,ALCOHOLIC BEVERAGES,S COLLEGE AVE,26135
2009,1,2,Weekday,1000,2-Car,No injury/unknown,OTHER (DRIVER) - EXPLAIN IN NARRATIVE,E 3RD ST & S DUNN,26136
2009,2,6,Weekday,1300,2-Car,Non-incapacitating,FOLLOWING TOO CLOSELY,3RD ST & FESS,26137
2009,3,3,Weekday,1800,2-Car,No injury/unknown,FOLLOWING TOO CLOSELY,3RD & SR4546N,26138
2009,3,2,Weekday,700,2-Car,No injury/unknown,OTHER (DRIVER) - EXPLAIN IN NARRATIVE,3RD ST & SR46N,26139
2009,3,3,Weekday,2300,2-Car,No injury/unknown,UNSAFE BACKING,EAST 3RD ST,26140
2009,3,5,Weekday,1600,2-Car,No injury/unknown,DRIVER DISTRACTED - EXPLAIN IN NARRATIVE,E 3RD ST & FESS,26141
2009,3,5,Weekday,1600,2-Car,No injury/unknown,DRIVER DISTRACTED - EXPLAIN IN NARRATIVE,FESS & THIRD ST,26142
2009,3,7,Weekend,1500,2-Car,No injury/unknown,IMPROPER LANE USAGE,E 3RD ST & FESS,26143
2009,4,5,Weekday,1700,2-Car,No injury/unknown,FOLLOWING TOO CLOSELY,3RD & SR4546S,26144
2009,4,1,Weekend,100,2-Car,No injury/unknown,FAILURE TO YIELD RIGHT OF WAY,E 3RD ST & S DUNN,26145
2009,4,4,Weekday,800,2-Car,No injury/unknown,FAILURE TO YIELD RIGHT OF WAY,E 3RD ST ST & SR46,26146
2009,5,1,Weekend,300,2-Car,No injury/unknown,ALCOHOLIC BEVERAGES,4546 BYPASS RD & E 3RD,26147
2009,5,7,Weekend,1600,2-Car,No injury/unknown,DISREGARD SIGNAL/REG SIGN,E 3RD ST & INDIANA,26148
2009,5,3,Weekday,1000,2-Car,No injury/unknown,FAILURE TO YIELD RIGHT OF WAY,ATWATER & ATWATER PARKING LOT AVE,26149
2009,6,1,Weekend,1200,Moped/Motorcycle,Non-incapacitating,FAILURE TO YIELD RIGHT OF WAY,SR446S & SR46W,26150
2009,7,6,Weekday,1300,2-Car,No injury/unknown,FOLLOWING TOO CLOSELY,E 3RD ST & S DUNN,26151
2009,7,4,Weekday,1500,2-Car,No injury/unknown,FAILURE TO YIELD RIGHT OF WAY,E 3RD ST & SR 45 46,26152
2009,7,1,Weekend,1600,2-Car,No injury/unknown,FAILURE TO YIELD RIGHT OF WAY,SR446 & SR46W,26153
2009,8,6,Weekday,1100,2-Car,Non-incapacitating,FAILURE TO YIELD RIGHT OF WAY,E 3RD ST & FESS,26154
2009,8,1,Weekend,1400,2-Car,Non-incapacitating,DRIVER DISTRACTED - EXPLAIN IN NARRATIVE,FESS & THIRD ST,26155
2009,9,3,Weekday,1000,2-Car,No injury/unknown,IMPROPER TURNING,1211 E 3RD ST & ATWATER,26156
2009,10,6,Weekday,1100,3+ Cars,Non-incapacitating,UNSAFE SPEED,INDIANA & THIRD ST,26157
2009,10,6,Weekday,1400,2-Car,No injury/unknown,UNSAFE BACKING,200 SOUTH INDIANA AVE & INDIANA,26158
2009,10,3,Weekday,1700,3+ Cars,Non-incapacitating,SPEED TOO FAST FOR WEATHER CONDITIONS,DUNN & SR37N,26159
2009,10,3,Weekday,900,2-Car,Non-incapacitating,FOLLOWING TOO CLOSELY,FESS & THIRD ST,26160
2009,11,4,Weekday,1800,2-Car,No injury/unknown,OTHER (DRIVER) - EXPLAIN IN NARRATIVE,EAST THIRD ST & SR 45 46,26161
2009,11,5,Weekday,200,1-Car,No injury/unknown,RAN OFF ROAD RIGHT,2222 E 3RD ST ST & ATWATER AVE,26162
2009,12,6,Weekday,1700,2-Car,No injury/unknown,IMPROPER LANE USAGE,E 3RD ST & S INDIANA,26163
2009,12,1,Weekend,400,1-Car,Non-incapacitating,OTHER (DRIVER) - EXPLAIN IN NARRATIVE,EAST 3RD & SR446S,26164
2009,9,6,Weekday,1200,2-Car,No injury/unknown,FAILURE TO YIELD RIGHT OF WAY,3RD & PETE ELLIS DR,26165
2009,5,1,Weekend,1800,2-Car,No injury/unknown,OTHER (DRIVER) - EXPLAIN IN NARRATIVE,WEST THIRD ST,26166
2009,4,2,Weekday,1500,2-Car,No injury/unknown,FOLLOWING TOO CLOSELY,3RD ST & FESS,26167
2009,6,1,Weekday,2300,2-Car,Non-incapacitating,ALCOHOLIC BEVERAGES,N TRAILWAY & SR46E,26168
2009,2,2,Weekday,1500,2-Car,Non-incapacitating,DRIVER DISTRACTED - EXPLAIN IN NARRATIVE,3RD ST & WESTPLEX,26169
2009,5,5,Weekday,1200,2-Car,No injury/unknown,FAILURE TO YIELD RIGHT OF WAY,W 3RD ST & WESTPLEX,26170
2009,6,2,Weekday,1400,2-Car,No injury/unknown,IMPROPER LANE USAGE,3RD & PATTERSON DR,26171
2009,11,4,Weekday,1100,2-Car,Non-incapacitating,OTHER (DRIVER) - EXPLAIN IN NARRATIVE,3RD & PATTERSON DR,26172
2009,11,6,Weekday,1500,2-Car,Non-incapacitating,FAILURE TO YIELD RIGHT OF WAY,W 3RD ST & WESTPLEX,26173
2009,1,2,Weekday,1600,2-Car,No injury/unknown,FOLLOWING TOO CLOSELY,LANDMARK & THIRD ST,26174
2009,3,1,Weekend,1500,2-Car,Non-incapacitating,SPEED TOO FAST FOR WEATHER CONDITIONS,3RD ST & LANDMARK,26175
2009,4,7,Weekend,1700,2-Car,Non-incapacitating,GLARE,3RD ST & LANDMARK,26176
2009,4,2,Weekday,1700,2-Car,Non-incapacitating,FOLLOWING TOO CLOSELY,LANDMARK & W 3RD ST,26177
2009,4,3,Weekday,1800,2-Car,Non-incapacitating,FOLLOWING TOO CLOSELY,LANDMARK & W 3RD ST,26178
2009,4,2,Weekday,1700,2-Car,No injury/unknown,SPEED TOO FAST FOR WEATHER CONDITIONS,3RD ST & LANDMARK,26179
2009,5,4,Weekday,1700,2-Car,Non-incapacitating,ROADWAY SURFACE CONDITION,3RD ST & LANDMARK,26180
2009,5,5,Weekday,1700,Moped/Motorcycle,Non-incapacitating,FAILURE TO YIELD RIGHT OF WAY,1620 W 3RD ST & LANDMARK,26181
2009,5,2,Weekday,1300,2-Car,Non-incapacitating,FOLLOWING TOO CLOSELY,S LANDMARK & W 3RD ST,26182
2009,5,6,Weekday,1500,2-Car,No injury/unknown,FAILURE TO YIELD RIGHT OF WAY,LANDMARK & WEST 3RD ST,26183
2009,7,2,Weekday,1600,2-Car,Non-incapacitating,DRIVER DISTRACTED - EXPLAIN IN NARRATIVE,3RD ST & LANDMARK,26184
2009,7,7,Weekend,1000,3+ Cars,No injury/unknown,SPEED TOO FAST FOR WEATHER CONDITIONS,3RD ST & LANDMARK,26185
2009,9,5,Weekday,1200,2-Car,No injury/unknown,FOLLOWING TOO CLOSELY,LANDMARK & W 3RD ST,26186
2009,9,3,Weekday,1500,2-Car,No injury/unknown,FAILURE TO YIELD RIGHT OF WAY,3RD ST & LANDMARK,26187
2009,10,5,Weekday,2100,2-Car,No injury/unknown,SPEED TOO FAST FOR WEATHER CONDITIONS,LANDMARK & WEST 3RD ST,26188
2009,10,3,Weekday,1700,2-Car,Non-incapacitating,FAILURE TO YIELD RIGHT OF WAY,3RD ST & LANDMARK,26189
2009,12,4,Weekday,1500,1-Car,No injury/unknown,ROAD UNDER CONSTRUCTION,LANDMARK & W 3RD ST,26190
2009,4,4,Weekday,1600,2-Car,No injury/unknown,IMPROPER LANE USAGE,E 3RD ST,26191
2009,4,7,Weekend,1100,2-Car,No injury/unknown,DRIVER DISTRACTED - EXPLAIN IN NARRATIVE,3RD ST & WOODLAWN,26192
2009,12,4,Weekday,1900,3+ Cars,No injury/unknown,OTHER (DRIVER) - EXPLAIN IN NARRATIVE,3RD ST & WOODLAWN,26193
2009,11,4,Weekday,800,2-Car,Non-incapacitating,UNSAFE SPEED,3RD ST & WOODLAWN,26194
2009,7,4,Weekday,1700,2-Car,No injury/unknown,SPEED TOO FAST FOR WEATHER CONDITIONS,3RD ST & WOODLAWN,26195
2009,9,3,Weekday,600,1-Car,No injury/unknown,OTHER (DRIVER) - EXPLAIN IN NARRATIVE,BENDER & SR46E,26196
2009,1,5,Weekday,1500,2-Car,No injury/unknown,FAILURE TO YIELD RIGHT OF WAY,3RD ST & FACULTY,26197
2009,3,4,Weekday,2200,2-Car,Non-incapacitating,FAILURE TO YIELD RIGHT OF WAY,3RD ST & HIGH,26198
2009,4,4,Weekday,1800,2-Car,Non-incapacitating,DRIVER DISTRACTED - EXPLAIN IN NARRATIVE,3RD ST & WOODLAWN,26199
2009,5,5,Weekday,1800,2-Car,No injury/unknown,UNSAFE BACKING,3RD & UNION ST,26200
2009,5,5,Weekday,1900,2-Car,No injury/unknown,RAN OFF ROAD RIGHT,3RD & UNION ST,26201
2009,6,5,Weekday,1100,2-Car,No injury/unknown,FOLLOWING TOO CLOSELY,EAST THIRD ST & WOODLAWN,26202
2009,8,3,Weekday,1300,2-Car,Non-incapacitating,SPEED TOO FAST FOR WEATHER CONDITIONS,FACULTY & THIRD ST,26203
2009,9,2,Weekday,1500,3+ Cars,Non-incapacitating,UNSAFE SPEED,EAST 3RD ST & WOODLAWN,26204
2009,9,5,Weekday,1600,2-Car,No injury/unknown,FAILURE TO YIELD RIGHT OF WAY,3RD ST & FACULTY,26205
2009,9,1,Weekend,100,2-Car,No injury/unknown,FOLLOWING TOO CLOSELY,3RD ST & ROSE,26206
2009,10,4,Weekday,1200,3+ Cars,No injury/unknown,OTHER (DRIVER) - EXPLAIN IN NARRATIVE,EAST THIRD ST & S UNION,26207
2009,10,6,Weekday,1800,3+ Cars,No injury/unknown,FOLLOWING TOO CLOSELY,800 E 3RD ST & E WOODLAWN,26208
2009,10,6,Weekday,1500,3+ Cars,Non-incapacitating,FAILURE TO YIELD RIGHT OF WAY,ROSE & THIRD ST,26209
2009,10,6,Weekend,2000,2-Car,No injury/unknown,BRAKE FAILURE OR DEFECTIVE,3RD ST & HIGH,26210
2009,10,6,Weekday,1700,3+ Cars,Non-incapacitating,SPEED TOO FAST FOR WEATHER CONDITIONS,E 3RD ST & S FACULTY,26211
2009,12,4,Weekday,1700,2-Car,No injury/unknown,FOLLOWING TOO CLOSELY,3RD ST & HIGH,26212
2009,1,6,Weekday,1100,1-Car,No injury/unknown,UNSAFE SPEED,3RD ST & WALKER,26213
2009,4,1,Weekend,700,1-Car,No injury/unknown,RAN OFF ROAD RIGHT,3RD ST & WALKER,26214
2009,2,2,Weekday,1400,1-Car,No injury/unknown,IMPROPER TURNING,S FESS AVE,26215
2009,1,4,Weekday,1700,1-Car,No injury/unknown,OVERCORRECTING/OVERSTEERING,37 & BURMA RD,26216
2009,3,6,Weekday,1400,1-Car,Non-incapacitating,OTHER (DRIVER) - EXPLAIN IN NARRATIVE,BRYAN & E THIRD ST,26217
2009,6,6,Weekday,1500,2-Car,No injury/unknown,UNSAFE BACKING,BRYAN & EAST 3RD ST,26218
2009,10,6,Weekday,200,1-Car,Non-incapacitating,ALCOHOLIC BEVERAGES,BURMA & SR37N,26219
2009,1,1,Weekend,1700,2-Car,No injury/unknown,LEFT OF CENTER,3RD ST & JEFFERSON,26220
2009,1,6,Weekday,1500,2-Car,No injury/unknown,FOLLOWING TOO CLOSELY,E 3RD ST & ROOSEVELT,26221
2009,3,6,Weekday,1400,2-Car,No injury/unknown,FOLLOWING TOO CLOSELY,3RD ST & JEFFERSON,26222
2009,3,6,Weekday,1400,Moped/Motorcycle,Non-incapacitating,IMPROPER PASSING,3RD ST & JEFFERSON,26223
2009,4,7,Weekend,1600,2-Car,Non-incapacitating,FAILURE TO YIELD RIGHT OF WAY,3RD ST & ROOSEVELT,26224
2009,4,7,Weekend,1600,3+ Cars,Non-incapacitating,OTHER (DRIVER) - EXPLAIN IN NARRATIVE,3RD ST & ROOSEVELT,26225
2009,7,4,Weekday,1700,2-Car,No injury/unknown,DRIVER DISTRACTED - EXPLAIN IN NARRATIVE,EAST 3RD ST & JEFFERSON,26226
2009,7,5,Weekday,1700,2-Car,Non-incapacitating,SPEED TOO FAST FOR WEATHER CONDITIONS,EAST 3RD ST & JEFFERSON,26227
2009,8,6,Weekday,1100,2-Car,Non-incapacitating,FOLLOWING TOO CLOSELY,E 3RD ST & JEFFERSTON,26228
2009,8,2,Weekday,1300,2-Car,No injury/unknown,FOLLOWING TOO CLOSELY,E 3RD ST ST & ROOSEVELT ST,26229
2009,8,2,Weekday,1200,2-Car,No injury/unknown,FOLLOWING TOO CLOSELY,E 3RD ST ST & ROOSEVELT ST,26230
2009,9,3,Weekday,1700,2-Car,No injury/unknown,IMPROPER PASSING,3RD ST & JEFFERSON,26231
2009,11,6,Weekday,1400,2-Car,No injury/unknown,FAILURE TO YIELD RIGHT OF WAY,JEFFERSON & THIRD ST,26232
2009,11,6,Weekday,1200,2-Car,No injury/unknown,DRIVER DISTRACTED - EXPLAIN IN NARRATIVE,EAST THIRD ST & JEFFERSON,26233
2009,12,7,Weekend,1500,2-Car,No injury/unknown,IMPROPER LANE USAGE,E 3RD ST & JEFFERSON,26234
2009,12,5,Weekday,1700,2-Car,No injury/unknown,FAILURE TO YIELD RIGHT OF WAY,3RD & JEFFERSON ST,26235
2009,4,1,Weekend,1300,2-Car,No injury/unknown,OTHER (DRIVER) - EXPLAIN IN NARRATIVE,EAST 3RD ST,26236
2009,4,7,Weekend,1600,Cyclist,Non-incapacitating,FAILURE TO YIELD RIGHT OF WAY,3RD ST & ROOSEVELT,26237
2009,1,6,Weekday,1500,3+ Cars,No injury/unknown,FOLLOWING TOO CLOSELY,CLARK & THIRD ST,26238