year,month,day,weekend,hour,collision_type,injury_type,primary_factor,reported_location,unique_id
2009,9,2,Weekday,1100,2-Car,No injury/unknown,FAILURE TO YIELD RIGHT OF WAY,LINGLEBACH & NORTH JORDAN AVE,26661
2009,3,2,Weekday,1700,2-Car,No injury/unknown,UNSAFE BACKING,2ND & PARK AVE,26662
2009,11,3,Weekday,1400,2-Car,No injury/unknown,BRAKE FAILURE OR DEFECTIVE,EAST 2ND ST & PARK,26663
2009,5,4,Weekday,1500,2-Car,No injury/unknown,SPEED TOO FAST FOR WEATHER CONDITIONS,E 2ND ST & S HIGHLAND,26664
2009,12,4,Weekday,1200,2-Car,No injury/unknown,RAN OFF ROAD RIGHT,E 2ND ST & S HIGHLAND,26665
2009,9,4,Weekday,1900,2-Car,No injury/unknown,DISREGARD SIGNAL/REG SIGN,2ND ST & JORDAN,26666
2009,6,4,Weekday,1500,2-Car,No injury/unknown,IMPROPER TURNING,COLLEGE AVE,26667
2009,10,1,Weekend,1600,2-Car,No injury/unknown,UNSAFE BACKING,S COLLEGE AVE,26668
2009,10,7,Weekend,1600,2-Car,No injury/unknown,OTHER (VEHICLE) - EXPLAIN IN NARRATIVE,2ND & WOODLAWN ST,26669
2009,7,4,Weekday,1600,2-Car,No injury/unknown,OTHER (DRIVER) - EXPLAIN IN NARRATIVE,E 2ND ST & JORDAN,26670
2009,2,2,Weekday,2300,2-Car,No injury/unknown,OTHER (DRIVER) - EXPLAIN IN NARRATIVE,2ND ST & HIGH,26671
2009,6,5,Weekday,1600,3+ Cars,Non-incapacitating,OTHER (DRIVER) - EXPLAIN IN NARRATIVE,2ND ST & HIGH,26672
2009,10,4,Weekday,200,1-Car,No injury/unknown,ANIMAL/OBJECT IN ROADWAY,E 2ND & S HIGH ST,26673
2009,8,4,Weekday,1500,2-Car,No injury/unknown,OTHER (VEHICLE) - EXPLAIN IN NARRATIVE,EAST 2ND ST,26674
2009,11,7,Weekend,1900,2-Car,No injury/unknown,FAILURE TO YIELD RIGHT OF WAY,2ND ST,26675
2009,4,6,Weekday,1800,2-Car,Non-incapacitating,FAILURE TO YIELD RIGHT OF WAY,300 S COLLEGE MALL & COLLEGE MALL RD,26676
2009,10,4,Weekday,1400,Bus,No injury/unknown,FOLLOWING TOO CLOSELY,2ND & S COLLEGE MALL RD,26677
2009,10,5,Weekday,2100,2-Car,No injury/unknown,SPEED TOO FAST FOR WEATHER CONDITIONS,2ND & HIGH ST,26678
2009,1,6,Weekday,1600,2-Car,Non-incapacitating,DISREGARD SIGNAL/REG SIGN,2ND & COLLEGE MALL RD,26679
2009,11,7,Weekend,1900,2-Car,Non-incapacitating,DRIVER DISTRACTED - EXPLAIN IN NARRATIVE,LOROY & S CURRY PIKE,26680
2009,12,3,Weekday,1400,2-Car,No injury/unknown,UNSAFE BACKING,SOUTH COLLEGE AVE,26681
2009,9,3,Weekday,1000,2-Car,No injury/unknown,OTHER (DRIVER) - EXPLAIN IN NARRATIVE,SO COLLEGE AVE,26682
2009,2,3,Weekday,200,1-Car,No injury/unknown,RAN OFF ROAD RIGHT,2ND ST & PATTERSON,26683
2009,3,6,Weekday,600,3+ Cars,Non-incapacitating,OTHER (DRIVER) - EXPLAIN IN NARRATIVE,2ND & PATTERSON DR,26684
2009,4,6,Weekday,1000,2-Car,Non-incapacitating,OTHER (DRIVER) - EXPLAIN IN NARRATIVE,2ND & PATTERSON DR,26685
2009,6,3,Weekday,1000,2-Car,Non-incapacitating,DRIVER DISTRACTED - EXPLAIN IN NARRATIVE,2ND ST ST & PATTERSON DR,26686
2009,10,6,Weekday,1800,2-Car,Non-incapacitating,SPEED TOO FAST FOR WEATHER CONDITIONS,2ND ST & PATTERSON,26687
2009,10,1,Weekend,0,2-Car,Non-incapacitating,DISREGARD SIGNAL/REG SIGN,2ND ST & PATTERSON,26688
2009,11,4,Weekday,1700,2-Car,Non-incapacitating,FOLLOWING TOO CLOSELY,2ND ST & PATTERSON,26689
2009,11,4,Weekday,1400,2-Car,No injury/unknown,OTHER (DRIVER) - EXPLAIN IN NARRATIVE,2ND ST & PATTERSON,26690
2009,11,4,Weekday,1300,2-Car,Non-incapacitating,FAILURE TO YIELD RIGHT OF WAY,2ND ST & PATTERSON,26691
2009,6,4,Weekday,1800,2-Car,No injury/unknown,OTHER (DRIVER) - EXPLAIN IN NARRATIVE,SOUTH WALNUT ST,26692
2009,8,4,Weekday,700,Bus,No injury/unknown,UNSAFE BACKING,W 2ND ST,26693
2009,3,6,Weekday,1700,1-Car,No injury/unknown,RAN OFF ROAD RIGHT,CURRY PIKE & LEROY,26694
2009,6,3,Weekday,1700,2-Car,No injury/unknown,FAILURE TO YIELD RIGHT OF WAY,2ND ST & ADAMS,26695
2009,5,2,Weekday,1100,2-Car,No injury/unknown,UNSAFE BACKING,S ROGERS ST,26696
2009,9,5,Weekday,1600,2-Car,No injury/unknown,OTHER (DRIVER) - EXPLAIN IN NARRATIVE,S ROGERS ST,26697
2009,8,4,Weekday,2300,Moped/Motorcycle,No injury/unknown,FAILURE TO YIELD RIGHT OF WAY,S ADAMS & W 2ND ST,26698
2009,10,3,Weekday,2000,2-Car,Non-incapacitating,FAILURE TO YIELD RIGHT OF WAY,2ND ST & ADAMS,26699
2009,10,3,Weekday,1200,3+ Cars,Non-incapacitating,FOLLOWING TOO CLOSELY,ADAMS & BLOOMFIELD RD,26700
2009,6,3,Weekday,1000,2-Car,No injury/unknown,FAILURE TO YIELD RIGHT OF WAY,HENDERSON ST & UNIVERSITY,26701
2009,7,7,Weekend,2100,2-Car,Non-incapacitating,DISREGARD SIGNAL/REG SIGN,HENDERSON ST & UNIVERSITY,26702
2009,8,3,Weekday,1700,1-Car,No injury/unknown,OTHER (DRIVER) - EXPLAIN IN NARRATIVE,FESS AVE & UNIVERSITY,26703
2009,1,3,Weekday,1100,2-Car,No injury/unknown,FAILURE TO YIELD RIGHT OF WAY,HAWTHORNE & UNIVERSITY ST,26704
2009,4,6,Weekday,1200,3+ Cars,No injury/unknown,OTHER (DRIVER) - EXPLAIN IN NARRATIVE,LANDMARK AVE,26705
2009,5,7,Weekend,1100,2-Car,No injury/unknown,OTHER (DRIVER) - EXPLAIN IN NARRATIVE,COLLEGE AVE & E 2ND,26706
2009,3,6,Weekend,2000,3+ Cars,No injury/unknown,DRIVER DISTRACTED - EXPLAIN IN NARRATIVE,BLOOMFIELD RD & LANDMARK,26707
2009,9,3,Weekday,1600,2-Car,No injury/unknown,FOLLOWING TOO CLOSELY,BLOOMFIELD RD & LANDMARK,26708
2009,9,2,Weekday,1000,2-Car,No injury/unknown,FAILURE TO YIELD RIGHT OF WAY,BLOOMFIELD RD & LANDMARK,26709
2009,11,6,Weekday,1400,2-Car,No injury/unknown,FAILURE TO YIELD RIGHT OF WAY,BLOOMFIELD RD & LANDMARK,26710
2009,11,4,Weekday,1400,2-Car,No injury/unknown,FOLLOWING TOO CLOSELY,BLOOMFIELD RD & LANDMARK,26711
2009,8,1,Weekend,400,1-Car,Non-incapacitating,ALCOHOLIC BEVERAGES,BENNINGTON BLVD & SOUTH ROMANS,26712
2009,4,3,Weekday,1900,3+ Cars,No injury/unknown,DISREGARD SIGNAL/REG SIGN,BUICK CADILLAC & CLARIZZ BLVD,26713
2009,5,6,Weekday,1600,2-Car,Non-incapacitating,DRIVER DISTRACTED - EXPLAIN IN NARRATIVE,BUICK CADILLAC & CLARIZZ BLVD,26714
2009,5,2,Weekday,900,2-Car,No injury/unknown,IMPROPER PASSING,E BUICK CADILLAC & S CLARIZZ BLVD,26715
2009,2,2,Weekday,1000,2-Car,No injury/unknown,DISREGARD SIGNAL/REG SIGN,1ST & ROGERS ST,26716
2009,6,4,Weekday,1700,2-Car,No injury/unknown,FOLLOWING TOO CLOSELY,VERMILYA & WALNUT ST,26717
2009,10,6,Weekday,1300,Pedestrian,Incapacitating,PEDESTRIAN ACTION,ROGES & W 1ST ST,26718
2009,3,6,Weekday,1500,2-Car,Non-incapacitating,DISREGARD SIGNAL/REG SIGN,1ST & COLLEGE AVE,26719
2009,5,5,Weekday,200,1-Car,Non-incapacitating,ALCOHOLIC BEVERAGES,S COLLEGE AVE & W 1ST,26720
2009,12,1,Weekday,1900,2-Car,No injury/unknown,SPEED TOO FAST FOR WEATHER CONDITIONS,1ST & COLLEGE AVE,26721
2009,1,6,Weekday,1300,2-Car,No injury/unknown,FAILURE TO YIELD RIGHT OF WAY,HERITAGE WOODS RD & SR446,26722
2009,10,3,Weekday,1500,3+ Cars,Non-incapacitating,FOLLOWING TOO CLOSELY,1 ST & COLLEGE AVE,26723
2009,8,4,Weekday,1100,2-Car,No injury/unknown,DISREGARD SIGNAL/REG SIGN,100 BLK 3 1ST & 600 BLK S WALNUT ST,26724
2009,10,3,Weekday,1500,2-Car,No injury/unknown,VIEW OBSTRUCTED,1ST ST & GRANT,26725
2009,4,6,Weekday,1800,2-Car,Non-incapacitating,FAILURE TO YIELD RIGHT OF WAY,1ST ST & FESS,26726
2009,6,2,Weekday,1100,2-Car,No injury/unknown,OVERCORRECTING/OVERSTEERING,WEST 1ST ST,26727
2009,6,3,Weekday,1400,2-Car,No injury/unknown,FAILURE TO YIELD RIGHT OF WAY,1ST ST & FESS,26728
2009,8,6,Weekday,1100,2-Car,Non-incapacitating,FAILURE TO YIELD RIGHT OF WAY,E 1RST ST & S HAWTHORNE,26729
2009,11,5,Weekday,1500,2-Car,No injury/unknown,OTHER (DRIVER) - EXPLAIN IN NARRATIVE,1ST ST & HAWTHORNE,26730
2009,12,3,Weekday,1800,2-Car,No injury/unknown,RAN OFF ROAD RIGHT,E 1ST & S FESS AVE,26731
2009,4,2,Weekday,1600,2-Car,No injury/unknown,DISREGARD SIGNAL/REG SIGN,1ST ST & HENDERSON,26732
2009,8,3,Weekday,1800,2-Car,No injury/unknown,FAILURE TO YIELD RIGHT OF WAY,FIRST & WOODLAWN AVE,26733
2009,6,4,Weekday,900,2-Car,No injury/unknown,FAILURE TO YIELD RIGHT OF WAY,1ST ST & HAWTHORNE,26734
2009,7,5,Weekday,2000,2-Car,Non-incapacitating,FAILURE TO YIELD RIGHT OF WAY,1ST ST & HIGHLAND,26735
2009,12,2,Weekday,700,2-Car,No injury/unknown,SPEED TOO FAST FOR WEATHER CONDITIONS,BENNINGTON & SMITH RD,26736
2009,7,3,Weekday,1700,2-Car,Non-incapacitating,IMPROPER LANE USAGE,PATTERSON DR & W 3RD,26737
2009,12,1,Weekend,1700,2-Car,No injury/unknown,OTHER (DRIVER) - EXPLAIN IN NARRATIVE,S BASSWOOD DR,26738
2009,5,1,Weekend,1400,2-Car,No injury/unknown,DRIVER DISTRACTED - EXPLAIN IN NARRATIVE,HAWTHORNE DR & WYLIE,26739
2009,11,6,Weekend,2000,2-Car,Non-incapacitating,LEFT OF CENTER,GARDNER ROAD & GARRISON CHAPEL RDS,26740
2009,12,5,Weekday,1500,2-Car,No injury/unknown,UNSAFE SPEED,FAIRVIEW & W WYLIE ST,26741
2009,5,4,Weekday,1300,2-Car,No injury/unknown,DISREGARD SIGNAL/REG SIGN,SOUTH LINCOLN ST & WYLIE,26742
2009,7,3,Weekday,1600,2-Car,No injury/unknown,FOLLOWING TOO CLOSELY,ROGERS ST & WYLIE,26743
2009,11,6,Weekday,1300,2-Car,No injury/unknown,FAILURE TO YIELD RIGHT OF WAY,WALNUT ST & WYLIE,26744
2009,12,3,Weekday,1100,2-Car,No injury/unknown,UNSAFE BACKING,E BUICK CADILLAC BLVD,26745
2009,3,3,Weekday,1300,2-Car,No injury/unknown,UNSAFE BACKING,E BUICK CADILLAC BLVD,26746
2009,4,4,Weekday,1600,2-Car,No injury/unknown,FOLLOWING TOO CLOSELY,CURRY PIKE & DOYLE,26747
2009,10,6,Weekday,1300,2-Car,No injury/unknown,ROADWAY SURFACE CONDITION,DOYLE & SOUTH CURRY PIKE,26748
2009,4,2,Weekday,1600,2-Car,No injury/unknown,UNSAFE BACKING,S BASSWOOD DR,26749
2009,2,4,Weekday,1600,2-Car,No injury/unknown,IMPROPER LANE USAGE,S BASSWOOD DR,26750
2009,2,1,Weekend,700,1-Car,No injury/unknown,DRIVER DISTRACTED - EXPLAIN IN NARRATIVE,BASSWOOD DR,26751
2009,1,2,Weekday,100,1-Car,No injury/unknown,ALCOHOLIC BEVERAGES,WOODCREST DR & WYNWOOD,26752
2009,1,4,Weekday,2100,3+ Cars,No injury/unknown,FOLLOWING TOO CLOSELY,BUICK CADILLAC & COLLEGE MALL RD,26753
2009,5,6,Weekday,1100,2-Car,No injury/unknown,UNSAFE BACKING,S COLLEGE MALL RD,26754
2009,7,2,Weekday,1500,2-Car,No injury/unknown,UNSAFE BACKING,E BUICK CADILLAC BLVD,26755
2009,10,2,Weekday,200,1-Car,No injury/unknown,OTHER (ENVIRONMENTAL) - EXPLAIN IN NARR,BUICK CADILLAC & COLLEGE MALL RD,26756
2009,10,6,Weekend,2000,2-Car,No injury/unknown,IMPROPER TURNING,BUICK CADILLAC & COLLEGE MALL RD,26757
2009,11,5,Weekday,1400,2-Car,Non-incapacitating,FOLLOWING TOO CLOSELY,S ANNA LEE & W BLOOMFIELD RD,26758
2009,1,1,Weekend,900,2-Car,No injury/unknown,FAILURE TO YIELD RIGHT OF WAY,MAXWELL & WOODLAWN ST,26759
2009,3,1,Weekend,1800,Cyclist,Non-incapacitating,PEDESTRIAN ACTION,MAXWELL & WOODLAWN AVE,26760
2009,10,5,Weekday,1600,2-Car,No injury/unknown,FAILURE TO YIELD RIGHT OF WAY,HAWTHORNE & MAXWELL LN,26761
2009,5,5,Weekday,1600,2-Car,No injury/unknown,UNSAFE BACKING,S COLLEGE MALL RD,26762
2009,12,6,Weekday,1400,2-Car,No injury/unknown,OTHER (DRIVER) - EXPLAIN IN NARRATIVE,EAST MAXWELL LN,26763
2009,9,6,Weekend,2300,2-Car,Non-incapacitating,FAILURE TO YIELD RIGHT OF WAY,E MAXWELL LN & S HAWTHORNE,26764
2009,9,1,Weekend,1000,2-Car,Non-incapacitating,DISREGARD SIGNAL/REG SIGN,E MAXWELL & S HIGH ST,26765
2009,9,1,Weekend,1200,2-Car,No injury/unknown,DISREGARD SIGNAL/REG SIGN,E MAXWELL & SO HIGH ST,26766
2009,1,5,Weekday,900,2-Car,Non-incapacitating,SPEED TOO FAST FOR WEATHER CONDITIONS,DODDS & ROGERS ST,26767
2009,1,6,Weekday,800,2-Car,No injury/unknown,FAILURE TO YIELD RIGHT OF WAY,S MORTON & W DODDS ST,26768
2009,2,1,Weekend,1200,2-Car,No injury/unknown,FOLLOWING TOO CLOSELY,S MORTON & W DODDS ST,26769
2009,2,6,Weekday,1000,2-Car,No injury/unknown,OTHER (DRIVER) - EXPLAIN IN NARRATIVE,COLLEGE AVE & DODDS,26770
2009,3,4,Weekday,1500,3+ Cars,No injury/unknown,OTHER (VEHICLE) - EXPLAIN IN NARRATIVE,WALNUT ST,26771
2009,10,5,Weekday,1600,2-Car,No injury/unknown,DISREGARD SIGNAL/REG SIGN,DODDS & S WASHINGTON ST,26772
2009,1,2,Weekday,1900,2-Car,No injury/unknown,OVERCORRECTING/OVERSTEERING,WEST BLOOMFIELD RD,26773
2009,11,5,Weekday,1100,2-Car,No injury/unknown,OTHER (DRIVER) - EXPLAIN IN NARRATIVE,S CLARIZZ BLVD,26774
2009,1,2,Weekday,1900,3+ Cars,No injury/unknown,OTHER (VEHICLE) - EXPLAIN IN NARRATIVE,HENDERSON ST & MILLER,26775
2009,5,2,Weekday,1600,2-Car,Non-incapacitating,FAILURE TO YIELD RIGHT OF WAY,DODDS ST & ROGERS,26776
2009,6,2,Weekday,1200,2-Car,No injury/unknown,FAILURE TO YIELD RIGHT OF WAY,DODDS & ROGERS ST,26777
2009,1,7,Weekend,2200,2-Car,No injury/unknown,FAILURE TO YIELD RIGHT OF WAY,DODDS & WALNUT ST,26778
2009,2,5,Weekday,600,1-Car,No injury/unknown,ROADWAY SURFACE CONDITION,DODDS & WALNUT ST,26779
2009,10,3,Weekday,1400,2-Car,No injury/unknown,FAILURE TO YIELD RIGHT OF WAY,DODDS & WASHINGTON ST,26780
2009,9,4,Weekday,1900,2-Car,No injury/unknown,UNSAFE BACKING,COLLEGE MALL RD,26781
2009,1,7,Weekend,2100,2-Car,Non-incapacitating,UNSAFE BACKING,BLOOMFIELD RD,26782
2009,7,6,Weekday,700,2-Car,Non-incapacitating,FAILURE TO YIELD RIGHT OF WAY,BLOOMFIELD RD & CORY,26783
2009,7,3,Weekday,1500,2-Car,No injury/unknown,OTHER (DRIVER) - EXPLAIN IN NARRATIVE,BLOOMFIELD RD & CORY,26784
2009,9,5,Weekday,1600,2-Car,No injury/unknown,FAILURE TO YIELD RIGHT OF WAY,BLOOMFIELD RD & CORY,26785
2009,5,5,Weekday,1000,1-Car,No injury/unknown,OTHER (DRIVER) - EXPLAIN IN NARRATIVE,S COLLEGE MALL RD RD,26786
2009,9,3,Weekday,900,2-Car,No injury/unknown,OTHER (DRIVER) - EXPLAIN IN NARRATIVE,903 S COLLEGE MALL RD RD,26787
2009,11,3,Weekday,1800,2-Car,No injury/unknown,FAILURE TO YIELD RIGHT OF WAY,S CORY & W BLOOMFIELD RD,26788
2009,9,6,Weekday,1300,2-Car,No injury/unknown,IMPROPER TURNING,MAXWELL TER,26789
2009,5,3,Weekday,1500,2-Car,No injury/unknown,IMPROPER TURNING,SOUTH COLLEGE MALL RD,26790
2009,3,5,Weekday,1500,2-Car,No injury/unknown,FOLLOWING TOO CLOSELY,CURRY PIKE & GIFFORD,26791
2009,9,5,Weekday,2000,Moped/Motorcycle,Incapacitating,ALCOHOLIC BEVERAGES,GIFFORD & S CURRY PIKE,26792
2009,10,6,Weekday,1100,2-Car,Non-incapacitating,OTHER (DRIVER) - EXPLAIN IN NARRATIVE,CURRY PIKE & GIFFORD,26793
2009,1,3,Weekday,1400,2-Car,No injury/unknown,UNSAFE BACKING,W DIXIE ST,26794
2009,6,7,Weekend,1700,2-Car,No injury/unknown,IMPROPER TURNING,W DIXIE ST,26795
2009,2,2,Weekday,1600,2-Car,No injury/unknown,UNSAFE BACKING,WEST DIXIE ST,26796
2009,5,5,Weekday,1400,2-Car,No injury/unknown,OTHER (DRIVER) - EXPLAIN IN NARRATIVE,VILLA GLEN CT CT,26797
2009,8,3,Weekday,800,2-Car,No injury/unknown,DRIVER DISTRACTED - EXPLAIN IN NARRATIVE,WOODS EDGE & WOODS EDGE BND,26798
2009,5,6,Weekend,2200,1-Car,No injury/unknown,RAN OFF ROAD RIGHT,ALLEN & BLOOMFIELD RD,26799
2009,6,3,Weekday,1900,2-Car,Non-incapacitating,FAILURE TO YIELD RIGHT OF WAY,ALLEN & BLOOMFIELD RD,26800
2009,11,3,Weekday,900,2-Car,Non-incapacitating,FAILURE TO YIELD RIGHT OF WAY,ALLEN & BLOOMFIELD RD,26801
2009,11,5,Weekday,1500,2-Car,No injury/unknown,FAILURE TO YIELD RIGHT OF WAY,ALLEN & BLOOMFIELD RD,26802
2009,9,6,Weekday,1000,Moped/Motorcycle,No injury/unknown,UNSAFE BACKING,WEST ALLEN ST,26803
2009,12,2,Weekday,900,1-Car,No injury/unknown,RAN OFF ROAD RIGHT,GARRISON CHAPEL RD,26804
2009,4,1,Weekday,2200,1-Car,No injury/unknown,RAN OFF ROAD RIGHT,CORY & W ALLEN ST,26805
2009,11,1,Weekend,500,Moped/Motorcycle,No injury/unknown,OTHER (DRIVER) - EXPLAIN IN NARRATIVE,TIMOTHY & W ALLEN ST,26806
2009,5,2,Weekday,700,1-Car,No injury/unknown,RAN OFF ROAD RIGHT,SOUTH ADAMS ST & WEST ALLEN,26807
2009,10,4,Weekday,1700,2-Car,No injury/unknown,FAILURE TO YIELD RIGHT OF WAY,ADAMS & W ALLEN ST,26808
2009,12,1,Weekend,600,1-Car,No injury/unknown,ANIMAL/OBJECT IN ROADWAY,ADAMS & ALLEN ST,26809
2009,2,5,Weekday,1300,2-Car,Non-incapacitating,FAILURE TO YIELD RIGHT OF WAY,BALLANTINE DR DR & SOUTHDOWNS DR,26810
2009,4,2,Weekday,1800,2-Car,No injury/unknown,FAILURE TO YIELD RIGHT OF WAY,ALLEN & ROGERS ST,26811
2009,4,3,Weekday,400,2-Car,No injury/unknown,FAILURE TO YIELD RIGHT OF WAY,ALLEN ST & LARKSPUR,26812
2009,3,1,Weekend,1500,1-Car,No injury/unknown,ALCOHOLIC BEVERAGES,ALLEN & HENDERSON ST,26813
2009,12,5,Weekday,1300,Moped/Motorcycle,No injury/unknown,FAILURE TO YIELD RIGHT OF WAY,ATWATER & HAWTHORNE DR,26814
2009,3,7,Weekend,1500,2-Car,No injury/unknown,DRIVER DISTRACTED - EXPLAIN IN NARRATIVE,CURRY PIKE & JOHNATHAN,26815
2009,5,2,Weekday,1900,2-Car,No injury/unknown,SPEED TOO FAST FOR WEATHER CONDITIONS,ALLEN & WASHINGTON ST,26816
2009,11,1,Weekend,1500,2-Car,Non-incapacitating,FAILURE TO YIELD RIGHT OF WAY,ALLEN ST & WASHINGTON,26817
2009,8,1,Weekend,1500,Moped/Motorcycle,Non-incapacitating,ALCOHOLIC BEVERAGES,ALLEN & WALNUT ST,26818
2009,1,4,Weekday,800,2-Car,Non-incapacitating,ROADWAY SURFACE CONDITION,ALLEN & SOUTH PATTERSON ST,26819
2009,5,1,Weekend,1100,2-Car,No injury/unknown,FAILURE TO YIELD RIGHT OF WAY,ALLEN ST & PATTERSON,26820
2009,5,5,Weekday,1400,2-Car,No injury/unknown,FOLLOWING TOO CLOSELY,ALLEN ST & PATTERSON,26821
2009,9,4,Weekday,600,1-Car,No injury/unknown,DRIVER DISTRACTED - EXPLAIN IN NARRATIVE,W ALLEN ST,26822
2009,8,4,Weekday,1000,2-Car,No injury/unknown,FAILURE TO YIELD RIGHT OF WAY,1000 BLK S WASHINGTON ST & E ALLEN,26823
2009,3,4,Weekday,1000,2-Car,No injury/unknown,UNSAFE BACKING,ALLEN & HENDERSON ST,26824
2009,4,5,Weekday,2100,1-Car,No injury/unknown,LEFT OF CENTER,ALLEN & HENDERSON ST,26825
2009,8,1,Weekend,1200,2-Car,No injury/unknown,OTHER (DRIVER) - EXPLAIN IN NARRATIVE,COPPER BEACH WAY,26826
2009,9,1,Weekend,900,3+ Cars,No injury/unknown,UNSAFE BACKING,E COVENANTER DR,26827
2009,3,3,Weekday,800,2-Car,No injury/unknown,UNSAFE BACKING,W ALDER CT,26828
2009,9,7,Weekend,1100,Cyclist,Non-incapacitating,PEDESTRIAN ACTION,COMPTON & SR446S,26829
2009,6,2,Weekday,1700,2-Car,Non-incapacitating,DISREGARD SIGNAL/REG SIGN,COLLEGE MALL RD & COVENANTER,26830
2009,6,4,Weekday,2200,2-Car,No injury/unknown,DISREGARD SIGNAL/REG SIGN,COLLEGE MALL RD & COVENANTER,26831
2009,7,7,Weekend,1900,2-Car,No injury/unknown,FAILURE TO YIELD RIGHT OF WAY,COLLEGE MALL RD & COVENANTER,26832
2009,5,4,Weekday,1900,Moped/Motorcycle,No injury/unknown,UNSAFE BACKING,E COVENANTER DR & S COLLEGE MALL,26833
2009,8,7,Weekend,1900,2-Car,No injury/unknown,FAILURE TO YIELD RIGHT OF WAY,COLLEGE MALL & COVANENTER DR,26834
2009,9,4,Weekday,1800,2-Car,No injury/unknown,IMPROPER LANE USAGE,COLLEGE MALL RD & COVENANTER,26835
2009,11,1,Weekday,1900,2-Car,No injury/unknown,FOLLOWING TOO CLOSELY,COLLEGE MALL RD & COVENANTER,26836
2009,3,4,Weekday,1300,1-Car,Non-incapacitating,IMPROPER LANE USAGE,SR37S,26837
2009,1,3,Weekday,0,1-Car,No injury/unknown,UNSAFE SPEED,AUTO MALL & E COVENANTER DR,26838
2009,4,5,Weekday,1400,2-Car,No injury/unknown,FAILURE TO YIELD RIGHT OF WAY,AUTO MALL & COVENANTER BLVD,26839
2009,1,3,Weekday,200,2-Car,No injury/unknown,LEFT OF CENTER,E UNIVERSITY & S WOODLAWN AVE,26840
2009,2,6,Weekend,2000,2-Car,No injury/unknown,FOLLOWING TOO CLOSELY,BLOOMFIELD RD & ROLLING RIDGE,26841
2009,8,4,Weekday,1800,2-Car,No injury/unknown,OTHER (DRIVER) - EXPLAIN IN NARRATIVE,ROLLING RIDGE WAY,26842
2009,7,5,Weekday,700,2-Car,Non-incapacitating,DRIVER DISTRACTED - EXPLAIN IN NARRATIVE,BLOOMFIELD RD & WEIMER,26843
2009,3,1,Weekday,2100,2-Car,Non-incapacitating,FOLLOWING TOO CLOSELY,CURRY PIKE & STEBU,26844
2009,3,7,Weekend,900,2-Car,No injury/unknown,DRIVER DISTRACTED - EXPLAIN IN NARRATIVE,S ROGERS ST,26845
2009,9,4,Weekday,1300,3+ Cars,No injury/unknown,BRAKE FAILURE OR DEFECTIVE,S CLARIZZ BLVD,26846
2009,5,5,Weekday,1800,2-Car,No injury/unknown,FOLLOWING TOO CLOSELY,DAVIS & WALNUT ST,26847
2009,9,1,Weekend,1600,Moped/Motorcycle,Non-incapacitating,FAILURE TO YIELD RIGHT OF WAY,DAVIS & ROGERS RD,26848
2009,8,5,Weekday,1700,2-Car,Non-incapacitating,FAILURE TO YIELD RIGHT OF WAY,DAVIS & SOUTH WALNUT ST,26849
2009,10,4,Weekday,700,2-Car,Non-incapacitating,FOLLOWING TOO CLOSELY,SO WEIMER & W 2ND ST,26850
2009,8,2,Weekday,800,2-Car,No injury/unknown,UNSAFE BACKING,S GREENLEAF CT CT,26851
2009,2,5,Weekday,1800,2-Car,No injury/unknown,OTHER (DRIVER) - EXPLAIN IN NARRATIVE,BLOOMFIELD RD & WEIMER,26852
2009,10,6,Weekday,1200,3+ Cars,No injury/unknown,FOLLOWING TOO CLOSELY,BLOOMFIELD RD & WEIMER,26853
2009,1,6,Weekend,1900,2-Car,No injury/unknown,UNSAFE BACKING,COLLGE MALL AVE,26854
2009,4,5,Weekday,2000,2-Car,No injury/unknown,IMPROPER TURNING,COLLEGE MALL AVE,26855
2009,6,1,Weekday,2100,2-Car,No injury/unknown,OTHER (DRIVER) - EXPLAIN IN NARRATIVE,COLLEGE MALL RD,26856
2009,8,4,Weekday,1800,2-Car,No injury/unknown,IMPROPER TURNING,COLLEGE MALL RD,26857
2009,9,6,Weekday,1200,2-Car,No injury/unknown,OTHER (VEHICLE) - EXPLAIN IN NARRATIVE,SOUTH COLLEGE MALL RD,26858
2009,12,6,Weekday,1800,2-Car,No injury/unknown,OTHER (ENVIRONMENTAL) - EXPLAIN IN NARR,SOUTH COLLEGE MALL RD,26859
2009,10,6,Weekday,1400,2-Car,No injury/unknown,FOLLOWING TOO CLOSELY,S WEIMER & W BLOOMFIELD RD,26860
2009,4,2,Weekday,2100,2-Car,No injury/unknown,FAILURE TO YIELD RIGHT OF WAY,S COLLEGE MALL RD,26861
2009,7,5,Weekday,1000,1-Car,No injury/unknown,DRIVER DISTRACTED - EXPLAIN IN NARRATIVE,S COLLEGE MALL RD,26862
2009,1,7,Weekend,2200,2-Car,No injury/unknown,UNSAFE BACKING,1155 WEATHERSTONE LN & WOODLAWN,26863
2009,3,7,Weekend,1800,2-Car,No injury/unknown,FOLLOWING TOO CLOSELY,3RD & LIBERTY DR,26864
2009,1,2,Weekday,800,1-Car,Non-incapacitating,OVERCORRECTING/OVERSTEERING,FRIENDSHIP & SR46E,26865
2009,7,6,Weekday,1800,3+ Cars,No injury/unknown,DRIVER DISTRACTED - EXPLAIN IN NARRATIVE,BLOOMFIELD RD & WEIMER,26866
2009,3,3,Weekday,1300,Moped/Motorcycle,Non-incapacitating,FAILURE TO YIELD RIGHT OF WAY,FRIENDSHIP & SR46E,26867