year,month,day,weekend,hour,collision_type,injury_type,primary_factor,reported_location,unique_id
2009,7,7,Weekend,1600,2-Car,No injury/unknown,OTHER (DRIVER) - EXPLAIN IN NARRATIVE,LIBERTY DR,27076
2009,8,6,Weekday,1600,2-Car,No injury/unknown,UNSAFE BACKING,LIBERTY DR,27077
2009,9,7,Weekend,1400,2-Car,No injury/unknown,NONE (DRIVER),S LIBERTY DR,27078
2009,9,2,Weekday,1900,2-Car,No injury/unknown,OTHER (DRIVER) - EXPLAIN IN NARRATIVE,S LIBERTY DR,27079
2009,12,7,Weekend,1400,2-Car,No injury/unknown,UNSAFE BACKING,S LIBERTY DR,27080
2009,12,2,Weekday,2000,2-Car,No injury/unknown,OTHER (DRIVER) - EXPLAIN IN NARRATIVE,SOUTH OAKDALE DR,27081
2009,5,2,Weekday,1800,2-Car,Non-incapacitating,FOLLOWING TOO CLOSELY,BLOOMFIELD RD & LIBERTY,27082
2009,3,4,Weekday,700,2-Car,Non-incapacitating,OTHER (DRIVER) - EXPLAIN IN NARRATIVE,LIBERTY & SR45W,27083
2009,4,5,Weekday,1600,2-Car,No injury/unknown,FAILURE TO YIELD RIGHT OF WAY,LIBERTY & SR45W,27084
2009,7,4,Weekday,1600,3+ Cars,Non-incapacitating,DRIVER DISTRACTED - EXPLAIN IN NARRATIVE,LIBERTY & SR45W,27085
2009,7,6,Weekend,2300,2-Car,No injury/unknown,FAILURE TO YIELD RIGHT OF WAY,LIBERTY & SR45E,27086
2009,10,4,Weekday,1400,2-Car,Non-incapacitating,FOLLOWING TOO CLOSELY,LIBERTY & SR45E,27087
2009,9,1,Weekday,2200,1-Car,No injury/unknown,SPEED TOO FAST FOR WEATHER CONDITIONS,SARE RD & WINSTON,27088
2009,12,2,Weekday,800,1-Car,No injury/unknown,ROADWAY SURFACE CONDITION,SARE & WINSTON ST,27089
2009,5,6,Weekday,1300,2-Car,Non-incapacitating,FOLLOWING TOO CLOSELY,E 2ND & S COLLEGE MALL RD,27090
2009,4,4,Weekday,1400,2-Car,Non-incapacitating,FOLLOWING TOO CLOSELY,LIBERTY & WEST BLOOMFIELD RD,27091
2009,6,6,Weekday,1600,Bus,Non-incapacitating,DISREGARD SIGNAL/REG SIGN,BLOOMFIELD RD & LIBERTY,27092
2009,9,1,Weekend,1600,2-Car,Non-incapacitating,BRAKE FAILURE OR DEFECTIVE,LIBERTY DR & WEST SR 45,27093
2009,12,6,Weekday,1400,3+ Cars,No injury/unknown,FOLLOWING TOO CLOSELY,LIBERTY & SR 45 RD,27094
2009,12,6,Weekday,1400,2-Car,No injury/unknown,FOLLOWING TOO CLOSELY,S LIBERTY & W STATE ROAD 45,27095
2009,12,5,Weekday,1700,3+ Cars,No injury/unknown,OTHER TELEMATICS IN USE,LIBERTY & WEST SR 45 RD,27096
2009,5,4,Weekday,1600,2-Car,Non-incapacitating,FAILURE TO YIELD RIGHT OF WAY,LIBERTY & SR45W,27097
2009,7,5,Weekday,1300,3+ Cars,Non-incapacitating,UNSAFE SPEED,LIBERTY & SR45W,27098
2009,8,7,Weekend,2200,2-Car,Non-incapacitating,ALCOHOLIC BEVERAGES,2ND ST & LIBERTY,27099
2009,9,4,Weekday,1200,2-Car,Non-incapacitating,DRIVER DISTRACTED - EXPLAIN IN NARRATIVE,LIBERTY & SR45,27100
2009,2,5,Weekday,2000,2-Car,Non-incapacitating,OTHER (DRIVER) - EXPLAIN IN NARRATIVE,S ENDWRIGHT RD & WENDYS,27101
2009,9,1,Weekend,300,1-Car,No injury/unknown,RAN OFF ROAD RIGHT,EMINENCE & SUMMITVIEW PL,27102
2009,1,6,Weekday,1300,2-Car,No injury/unknown,DISREGARD SIGNAL/REG SIGN,NORTH & S WALNUT ST,27103
2009,8,5,Weekday,2200,1-Car,Non-incapacitating,RAN OFF ROAD RIGHT,NORTH & WALNUT ST,27104
2009,12,2,Weekday,600,2-Car,No injury/unknown,ROADWAY SURFACE CONDITION,NORTH & S WALNUT ST,27105
2009,12,5,Weekday,2000,1-Car,No injury/unknown,UNSAFE SPEED,ALPINE & SUMMITVIEW PL,27106
2009,10,2,Weekday,1700,2-Car,Non-incapacitating,FAILURE TO YIELD RIGHT OF WAY,WEST SPURCE DR,27107
2009,8,5,Weekday,2200,1-Car,No injury/unknown,OTHER (DRIVER) - EXPLAIN IN NARRATIVE,600 E SUMMIT VIEW PL & RIDGECREST,27108
2009,11,1,Weekend,0,1-Car,No injury/unknown,RAN OFF ROAD RIGHT,HIGHLAND AVE & SHORT,27109
2009,5,1,Weekend,1100,3+ Cars,Non-incapacitating,FAILURE TO YIELD RIGHT OF WAY,SR45,27110
2009,4,3,Weekday,1300,3+ Cars,Non-incapacitating,DRIVER DISTRACTED - EXPLAIN IN NARRATIVE,INDUSTRIAL & SR45W,27111
2009,10,4,Weekday,1200,2-Car,Non-incapacitating,OTHER (DRIVER) - EXPLAIN IN NARRATIVE,INDUSTRIAL BLVD & SR45W,27112
2009,7,6,Weekday,1600,2-Car,No injury/unknown,DRIVER ASLEEP OR FATIGUED,INDUSTRIAL & STATE ROAD 45 HWY,27113
2009,1,3,Weekday,1800,2-Car,No injury/unknown,DISREGARD SIGNAL/REG SIGN,INDUSTRIAL & SR45E,27114
2009,7,2,Weekday,1400,3+ Cars,No injury/unknown,DISREGARD SIGNAL/REG SIGN,INDUSTRIAL & SR45W,27115
2009,11,6,Weekday,1000,2-Car,No injury/unknown,FAILURE TO YIELD RIGHT OF WAY,INDUSTRIAL & SR45W,27116
2009,12,3,Weekday,1800,2-Car,Non-incapacitating,FAILURE TO YIELD RIGHT OF WAY,S LIBERTY DR & W 3RD,27117
2009,11,7,Weekend,2100,1-Car,No injury/unknown,RAN OFF ROAD RIGHT,GREENLEAF & S BASSWOOD DR,27118
2009,12,3,Weekday,600,1-Car,No injury/unknown,SPEED TOO FAST FOR WEATHER CONDITIONS,LEONARD SPRINGS & SR45W,27119
2009,4,1,Weekend,100,1-Car,No injury/unknown,ALCOHOLIC BEVERAGES,COUNTRYSIDE LN & ZONA,27120
2009,2,4,Weekday,1700,2-Car,No injury/unknown,UNSAFE BACKING,COUNTRYSIDE LN & CUTTER,27121
2009,4,1,Weekend,100,2-Car,No injury/unknown,ALCOHOLIC BEVERAGES,COUNTRYSIDE LN & CUTTER,27122
2009,4,1,Weekday,2200,1-Car,Non-incapacitating,RAN OFF ROAD RIGHT,JED & ROGERS ST,27123
2009,5,1,Weekday,2200,1-Car,No injury/unknown,OTHER (DRIVER) - EXPLAIN IN NARRATIVE,COUNTRYSIDE LN & CUTTER,27124
2009,1,4,Weekday,700,2-Car,No injury/unknown,FOLLOWING TOO CLOSELY,MEADOWBLUFF & S HIGH ST,27125
2009,4,1,Weekend,100,3+ Cars,No injury/unknown,ALCOHOLIC BEVERAGES,COUNTRYSIDE DR & PEOPLES,27126
2009,2,6,Weekday,0,1-Car,No injury/unknown,UNSAFE SPEED,CLEAR CREEK & ROGERS ST,27127
2009,3,3,Weekday,1700,2-Car,No injury/unknown,OTHER (DRIVER) - EXPLAIN IN NARRATIVE,CURRY & SR45W,27128
2009,3,6,Weekend,2100,1-Car,No injury/unknown,UNSAFE SPEED,S ROGERS ST,27129
2009,3,3,Weekday,1200,2-Car,Non-incapacitating,LEFT OF CENTER,SOUTH & WALNUT ST,27130
2009,5,4,Weekday,1400,2-Car,No injury/unknown,FAILURE TO YIELD RIGHT OF WAY,S WALNUT ST,27131
2009,10,3,Weekday,1100,2-Car,No injury/unknown,SPEED TOO FAST FOR WEATHER CONDITIONS,EAST SEVENTH & NORTH JORDAN AVE,27132
2009,11,2,Weekday,800,2-Car,No injury/unknown,FAILURE TO YIELD RIGHT OF WAY,ADAMS HILL & COUNTRYSIDE LN,27133
2009,7,6,Weekday,1700,2-Car,No injury/unknown,FOLLOWING TOO CLOSELY,W STATE ROAD 45 RD,27134
2009,8,1,Weekend,1700,2-Car,No injury/unknown,OTHER (DRIVER) - EXPLAIN IN NARRATIVE,W STATE ROAD 45 RD,27135
2009,9,5,Weekday,1200,2-Car,No injury/unknown,OTHER (DRIVER) - EXPLAIN IN NARRATIVE,W ST RD 45 HWY,27136
2009,9,6,Weekday,1600,2-Car,Non-incapacitating,FAILURE TO YIELD RIGHT OF WAY,3585 W STATE ROAD 45 RD,27137
2009,9,7,Weekend,100,1-Car,No injury/unknown,OTHER (DRIVER) - EXPLAIN IN NARRATIVE,W SR 45 HWY,27138
2009,9,5,Weekday,1800,2-Car,No injury/unknown,FAILURE TO YIELD RIGHT OF WAY,WEST STATE ROAD 45 HWY,27139
2009,9,4,Weekday,1700,2-Car,No injury/unknown,UNSAFE BACKING,W STATE ROAD 45 RD,27140
2009,10,5,Weekday,1600,2-Car,No injury/unknown,IMPROPER PASSING,W STATE ROAD 45 RD,27141
2009,11,6,Weekday,1600,Moped/Motorcycle,Non-incapacitating,IMPROPER LANE USAGE,WEST STATE ROAD 45 RD,27142
2009,12,7,Weekend,1300,2-Car,No injury/unknown,UNSAFE BACKING,W STATE ROAD 45 RD,27143
2009,12,7,Weekend,1300,2-Car,No injury/unknown,UNSAFE BACKING,WEST STATE ROAD 45 RD,27144
2009,6,4,Weekday,1900,2-Car,No injury/unknown,DISREGARD SIGNAL/REG SIGN,HENDERSON ST & SOUTH,27145
2009,9,3,Weekday,1500,2-Car,Non-incapacitating,BRAKE FAILURE OR DEFECTIVE,SOUTH & SOUTH HENDERSON ST,27146
2009,3,3,Weekday,1200,2-Car,No injury/unknown,FOLLOWING TOO CLOSELY,CURRY & SR45W,27147
2009,2,5,Weekday,0,2-Car,No injury/unknown,FAILURE TO YIELD RIGHT OF WAY,LEONARD SPRINGS & SR45W,27148
2009,2,3,Weekday,900,2-Car,No injury/unknown,OTHER (DRIVER) - EXPLAIN IN NARRATIVE,LEONARD SPRINGS & SR45W,27149
2009,3,3,Weekday,2000,2-Car,Non-incapacitating,FAILURE TO YIELD RIGHT OF WAY,LEONARD SPRINGS & SR45W,27150
2009,5,4,Weekday,600,2-Car,No injury/unknown,FAILURE TO YIELD RIGHT OF WAY,LEONARD SPRINGS & SR45W,27151
2009,7,3,Weekday,1900,2-Car,No injury/unknown,FAILURE TO YIELD RIGHT OF WAY,LEONARD SPRINGS RD & SR45W,27152
2009,10,3,Weekday,1500,2-Car,No injury/unknown,FAILURE TO YIELD RIGHT OF WAY,CURRY & SR45W,27153
2009,11,4,Weekday,1700,2-Car,Non-incapacitating,FAILURE TO YIELD RIGHT OF WAY,LEONARD SPRINGS & SR45,27154
2009,11,3,Weekday,1100,2-Car,Non-incapacitating,DISREGARD SIGNAL/REG SIGN,LEONARD SPRINGS & SR45W,27155
2009,12,6,Weekend,2000,2-Car,No injury/unknown,DISREGARD SIGNAL/REG SIGN,CURRY & SR45,27156
2009,7,6,Weekday,1600,2-Car,No injury/unknown,OTHER (DRIVER) - EXPLAIN IN NARRATIVE,CURRY & STATE ROAD 45 HWY,27157
2009,12,6,Weekday,1500,2-Car,No injury/unknown,FAILURE TO YIELD RIGHT OF WAY,CURRY & SR 45 RD,27158
2009,12,4,Weekday,700,Pedestrian,Non-incapacitating,FAILURE TO YIELD RIGHT OF WAY,BHSS EAST SIDE NS DRIVE DR & BHSS SOUTH DRIVE,27159
2009,5,6,Weekday,1800,2-Car,No injury/unknown,ALCOHOLIC BEVERAGES,CURRY & SR45E,27160
2009,12,3,Weekday,900,3+ Cars,No injury/unknown,DRIVER DISTRACTED - EXPLAIN IN NARRATIVE,LEONARD SPRINGS RD & SR45W,27161
2009,10,7,Weekend,1700,2-Car,No injury/unknown,FAILURE TO YIELD RIGHT OF WAY,HENDERSON ST & WYLIE FARM,27162
2009,11,6,Weekday,700,2-Car,No injury/unknown,DRIVER DISTRACTED - EXPLAIN IN NARRATIVE,E WYLIE FARM RD & S HENDERSON,27163
2009,5,4,Weekday,800,2-Car,No injury/unknown,FAILURE TO YIELD RIGHT OF WAY,LEONARD SPRINGS & SR45W,27164
2009,10,3,Weekday,1100,2-Car,Non-incapacitating,FAILURE TO YIELD RIGHT OF WAY,BLOOMFIELD RD & CURRY,27165
2009,1,5,Weekday,200,1-Car,No injury/unknown,BRAKE FAILURE OR DEFECTIVE,S LEONARD SPRINGS RD,27166
2009,6,7,Weekend,1400,2-Car,No injury/unknown,FAILURE TO YIELD RIGHT OF WAY,LEONARD SPRINGS RD & SR45,27167
2009,12,2,Weekday,100,1-Car,Non-incapacitating,RAN OFF ROAD RIGHT,HAGAN & SMITH RD,27168
2009,7,6,Weekday,1800,2-Car,No injury/unknown,UNSAFE BACKING,W SR 45 HWY,27169
2009,2,7,Weekend,1500,2-Car,No injury/unknown,FAILURE TO YIELD RIGHT OF WAY,3585 W SR 45 HWY & LEONARD SPRINGS,27170
2009,9,7,Weekend,1100,2-Car,No injury/unknown,DRIVER DISTRACTED - EXPLAIN IN NARRATIVE,LEONARD SPRINGS & SR45W,27171
2009,8,5,Weekday,1500,2-Car,Non-incapacitating,FOLLOWING TOO CLOSELY,LEONARD SPRINGS RD & SR45S,27172
2009,12,3,Weekday,700,2-Car,No injury/unknown,ANIMAL/OBJECT IN ROADWAY,AIRPORT & KIRBY RD,27173
2009,9,6,Weekday,1000,2-Car,No injury/unknown,FAILURE TO YIELD RIGHT OF WAY,LEONARD SPRINGS & SR45N,27174
2009,1,5,Weekday,100,Moped/Motorcycle,Non-incapacitating,ROADWAY SURFACE CONDITION,S ROCKPORT RD,27175
2009,3,3,Weekday,700,2-Car,No injury/unknown,FAILURE TO YIELD RIGHT OF WAY,COOLIDGE & ROCKPORT RD,27176
2009,6,7,Weekend,2000,2-Car,No injury/unknown,OTHER (DRIVER) - EXPLAIN IN NARRATIVE,S ROCKPORT RD,27177
2009,6,7,Weekend,1500,2-Car,No injury/unknown,UNSAFE BACKING,COOLIDGE ST & ROCKPORT,27178
2009,12,2,Weekday,800,Pedestrian,Non-incapacitating,OTHER (ENVIRONMENTAL) - EXPLAIN IN NARR,COOLIDGE & ROCKPORT RD,27179
2009,4,5,Weekday,900,2-Car,Non-incapacitating,FOLLOWING TOO CLOSELY,COOLIDGE  AVE & SOUTH ROGERS ST ST,27180
2009,5,1,Weekday,1900,2-Car,No injury/unknown,FAILURE TO YIELD RIGHT OF WAY,COOLIDGE & S ROGERS ST,27181
2009,5,2,Weekday,800,2-Car,No injury/unknown,FAILURE TO YIELD RIGHT OF WAY,S ROGERS ST & W COOLIDGE,27182
2009,5,5,Weekday,1200,2-Car,Non-incapacitating,FAILURE TO YIELD RIGHT OF WAY,HENDERSON ST & WINSLOW,27183
2009,10,3,Weekday,2300,2-Car,No injury/unknown,OTHER (DRIVER) - EXPLAIN IN NARRATIVE,S WOOLERY MILL DR,27184
2009,12,2,Weekday,700,2-Car,No injury/unknown,OTHER (ENVIRONMENTAL) - EXPLAIN IN NARR,COLLIDGE & ROGERS ST,27185
2009,11,6,Weekday,1200,2-Car,No injury/unknown,UNSAFE BACKING,S ROCPORT RD,27186
2009,12,5,Weekday,700,2-Car,No injury/unknown,FAILURE TO YIELD RIGHT OF WAY,SARE RD & SPICEWOOD,27187
2009,12,3,Weekday,1200,1-Car,Non-incapacitating,RAN OFF ROAD RIGHT,ELWREN & SR45N,27188
2009,8,4,Weekday,1600,3+ Cars,No injury/unknown,FOLLOWING TOO CLOSELY,LEONARD SPRINGS RD & WALNUT LEAF,27189
2009,3,2,Weekday,1300,2-Car,No injury/unknown,UNSAFE BACKING,KIRKWOOD & WOODLAWN AVE,27190
2009,7,4,Weekday,1800,1-Car,No injury/unknown,RAN OFF ROAD RIGHT,GARRISON CHAPEL RDS & SPICER,27191
2009,12,2,Weekday,700,2-Car,No injury/unknown,OTHER (DRIVER) - EXPLAIN IN NARRATIVE,2610 SOUTH ROCKPORT RD & GRAHAM,27192
2009,11,4,Weekday,1000,2-Car,No injury/unknown,FAILURE TO YIELD RIGHT OF WAY,LEONARD SPRINGS RD & WALNUT LEAF,27193
2009,10,3,Weekday,1700,2-Car,Non-incapacitating,BRAKE FAILURE OR DEFECTIVE,GRAHAM & ROCKPORT RD,27194
2009,12,2,Weekday,1900,1-Car,No injury/unknown,ANIMAL/OBJECT IN ROADWAY,SR37S & TAPP,27195
2009,9,3,Weekday,1500,2-Car,No injury/unknown,DRIVER DISTRACTED - EXPLAIN IN NARRATIVE,AIRPORT & KIRBY RD,27196
2009,2,7,Weekend,2100,2-Car,No injury/unknown,DISREGARD SIGNAL/REG SIGN,GRAHAM & HENDERSON ST,27197
2009,8,2,Weekday,800,2-Car,No injury/unknown,UNSAFE BACKING,GRAHAM DR & HENDERSON,27198
2009,5,1,Weekday,1900,1-Car,No injury/unknown,DRIVER DISTRACTED - EXPLAIN IN NARRATIVE,CAMDEN & SOUTH BRYAN ST,27199
2009,7,6,Weekend,2300,1-Car,Non-incapacitating,DRIVER ILLNESS,FRIENDSHIP RD & GROSS,27200
2009,9,7,Weekend,400,1-Car,No injury/unknown,ANIMAL/OBJECT IN ROADWAY,CURRY & SR45S,27201
2009,11,6,Weekday,1800,1-Car,No injury/unknown,ANIMAL/OBJECT IN ROADWAY,AIRPORT & SR45W,27202
2009,2,6,Weekday,1600,1-Car,No injury/unknown,OTHER (DRIVER) - EXPLAIN IN NARRATIVE,SOUTH OLD STATE ROAD 37,27203
2009,5,5,Weekday,1900,2-Car,No injury/unknown,OTHER (DRIVER) - EXPLAIN IN NARRATIVE,SOUTH OLD S R 37 RD,27204
2009,6,2,Weekday,900,2-Car,No injury/unknown,UNSAFE BACKING,SOUTH OLD SR 37 RD,27205
2009,7,5,Weekday,1600,2-Car,No injury/unknown,UNSAFE BACKING,SOUTH OLD STATE ROAD 37 RD,27206
2009,2,3,Weekday,0,1-Car,Non-incapacitating,ALCOHOLIC BEVERAGES,RALSTON ST & ROCKPORT,27207
2009,6,4,Weekday,1700,2-Car,No injury/unknown,DRIVER DISTRACTED - EXPLAIN IN NARRATIVE,DAVID & SARE RD,27208
2009,12,7,Weekend,1600,2-Car,No injury/unknown,FOLLOWING TOO CLOSELY,DAVID & SARE RD,27209
2009,12,4,Weekday,1900,1-Car,Non-incapacitating,OVERCORRECTING/OVERSTEERING,GIFFORD RD & PARK SQARE,27210
2009,1,4,Weekday,700,2-Car,No injury/unknown,DISREGARD SIGNAL/REG SIGN,RALSTON & ROGERS ST,27211
2009,9,1,Weekend,100,Moped/Motorcycle,Non-incapacitating,ALCOHOLIC BEVERAGES,AIRPORT & ENDWRIGHT RD,27212
2009,4,4,Weekday,600,1-Car,No injury/unknown,ANIMAL/OBJECT IN ROADWAY,AIRPORT & KIRBY RD,27213
2009,8,6,Weekday,1400,3+ Cars,No injury/unknown,FOLLOWING TOO CLOSELY,BRANDON & HENDERSON ST,27214
2009,11,2,Weekday,400,1-Car,No injury/unknown,ANIMAL/OBJECT IN ROADWAY,SR37N & TAPP,27215
2009,1,7,Weekend,300,2-Car,No injury/unknown,OTHER (DRIVER) - EXPLAIN IN NARRATIVE,S BANTA AVE,27216
2009,9,2,Weekday,1700,2-Car,No injury/unknown,DRIVER DISTRACTED - EXPLAIN IN NARRATIVE,SR37S & TAPP,27217
2009,1,3,Weekday,0,1-Car,No injury/unknown,OTHER (DRIVER) - EXPLAIN IN NARRATIVE,AIRPORT & SR45,27218
2009,2,2,Weekday,1500,2-Car,No injury/unknown,UNSAFE BACKING,S HENDERSON ST,27219
2009,6,4,Weekday,1600,2-Car,No injury/unknown,OTHER (DRIVER) - EXPLAIN IN NARRATIVE,S HENDERSON ST,27220
2009,6,1,Weekend,0,2-Car,No injury/unknown,UNSAFE BACKING,S WALNUT ST,27221
2009,6,5,Weekday,2100,1-Car,Non-incapacitating,UNSAFE SPEED,SR446,27222
2009,8,1,Weekend,1200,2-Car,No injury/unknown,IMPROPER PASSING,DANIEL ST & FORESTER,27223
2009,8,2,Weekday,1600,2-Car,No injury/unknown,ALCOHOLIC BEVERAGES,SOUTH WALNUT ST,27224
2009,6,5,Weekday,1300,3+ Cars,Non-incapacitating,DRIVER DISTRACTED - EXPLAIN IN NARRATIVE,GRIMES LANE & S  HENDERSON ST ST,27225
2009,7,4,Weekday,1300,1-Car,No injury/unknown,DRIVER ILLNESS,S WALNUT ST,27226
2009,3,2,Weekday,1400,2-Car,No injury/unknown,UNSAFE BACKING,HENDERSON ST,27227
2009,7,5,Weekday,2000,Pedestrian,Incapacitating,OTHER (DRIVER) - EXPLAIN IN NARRATIVE,S WALNUT ST,27228
2009,9,6,Weekend,2300,1-Car,No injury/unknown,ANIMAL/OBJECT IN ROADWAY,SR37S & TAPP,27229
2009,12,3,Weekday,1700,2-Car,No injury/unknown,DRIVER DISTRACTED - EXPLAIN IN NARRATIVE,GORDON & WALNUT ST,27230
2009,5,2,Weekday,900,2-Car,No injury/unknown,LEFT OF CENTER,ROGERS ST & WATSON,27231
2009,4,3,Weekday,1100,1-Car,No injury/unknown,RAN OFF ROAD RIGHT,S SOMERSET PL,27232
2009,4,1,Weekend,1200,2-Car,No injury/unknown,UNSAFE BACKING,S OLD SR 37 HWY,27233
2009,9,2,Weekday,1500,2-Car,No injury/unknown,UNSAFE BACKING,S OLD STATE ROAD 37 RD,27234
2009,10,1,Weekend,1000,2-Car,No injury/unknown,OTHER (DRIVER) - EXPLAIN IN NARRATIVE,S OLD SR 37 RD,27235
2009,6,3,Weekday,1600,2-Car,Non-incapacitating,OTHER (DRIVER) - EXPLAIN IN NARRATIVE,SR37S & TAPP RD,27236
2009,3,3,Weekday,2000,2-Car,No injury/unknown,FOLLOWING TOO CLOSELY,SR37S & TAPP,27237
2009,3,5,Weekday,600,2-Car,Non-incapacitating,DISREGARD SIGNAL/REG SIGN,SR37N & TAPP,27238
2009,3,2,Weekday,2000,2-Car,No injury/unknown,ALCOHOLIC BEVERAGES,SR37S & TAPP,27239
2009,4,2,Weekday,900,2-Car,No injury/unknown,FAILURE TO YIELD RIGHT OF WAY,LEONARD SPRINGS & TAPP RD,27240
2009,4,3,Weekday,800,2-Car,No injury/unknown,FAILURE TO YIELD RIGHT OF WAY,LEONARD SPRINGS RD & TAPP,27241
2009,5,2,Weekday,2100,3+ Cars,No injury/unknown,FAILURE TO YIELD RIGHT OF WAY,SR37S & TAPP,27242
2009,7,3,Weekday,1900,2-Car,No injury/unknown,FAILURE TO YIELD RIGHT OF WAY,S LEONARD SPRINGS RD & TAPP,27243
2009,7,1,Weekend,1800,2-Car,No injury/unknown,FAILURE TO YIELD RIGHT OF WAY,AIRPORT RD & GARRISON CHAPEL RD,27244
2009,9,2,Weekday,1100,2-Car,No injury/unknown,DRIVER DISTRACTED - EXPLAIN IN NARRATIVE,SR37N & TAPP RD,27245
2009,10,5,Weekday,1600,3+ Cars,No injury/unknown,FAILURE TO YIELD RIGHT OF WAY,WEST TAPP RD & YONKERS,27246
2009,11,3,Weekday,1600,3+ Cars,No injury/unknown,UNSAFE SPEED,SR37S & TAPP,27247
2009,11,6,Weekday,1800,2-Car,No injury/unknown,FAILURE TO YIELD RIGHT OF WAY,SR37S & TAPP,27248
2009,12,2,Weekday,1500,2-Car,No injury/unknown,DRIVER DISTRACTED - EXPLAIN IN NARRATIVE,SR37S & TAPP,27249
2009,1,4,Weekday,1500,Bus,No injury/unknown,ROADWAY SURFACE CONDITION,3120 HOFF LN & GARRISON CHAPEL,27250
2009,5,7,Weekend,2300,1-Car,No injury/unknown,RAN OFF ROAD RIGHT,AIRPORT & KIRBY RD,27251
2009,9,2,Weekday,900,2-Car,No injury/unknown,UNSAFE BACKING,PINE MEADOWS DR & PINEHURST,27252
2009,6,4,Weekday,0,1-Car,No injury/unknown,ANIMAL/OBJECT IN ROADWAY,AIRPORT RD & KIRBY,27253
2009,1,7,Weekend,100,1-Car,No injury/unknown,OTHER (DRIVER) - EXPLAIN IN NARRATIVE,AIRPORT RD & CAVE,27254
2009,8,4,Weekday,1800,1-Car,No injury/unknown,RAN OFF ROAD RIGHT,AIRPORT RD & CAVE,27255
2009,1,7,Weekend,2300,1-Car,Non-incapacitating,LEFT OF CENTER,AIRPORT RD & CAVE,27256
2009,1,6,Weekday,800,1-Car,Fatal,RAN OFF ROAD RIGHT,AIRPORT RD & KIRBY,27257
2009,9,2,Weekday,1600,2-Car,No injury/unknown,DRIVER DISTRACTED - EXPLAIN IN NARRATIVE,S WINSLOW CT,27258
2009,7,7,Weekend,2300,2-Car,No injury/unknown,FAILURE TO YIELD RIGHT OF WAY,AIRPORT RD & BUNGER,27259
2009,7,2,Weekday,1400,2-Car,No injury/unknown,FAILURE TO YIELD RIGHT OF WAY,AIRPORT RD & BUNGER,27260
2009,4,5,Weekday,500,2-Car,No injury/unknown,LEFT OF CENTER,KIRBY RD & W AIRPORT,27261
2009,7,4,Weekday,2300,2-Car,No injury/unknown,UNSAFE BACKING,AIRPORT RD,27262
2009,10,3,Weekday,2100,2-Car,No injury/unknown,UNSAFE BACKING,AIRPORT RD,27263
2009,3,6,Weekday,900,2-Car,No injury/unknown,DRIVER DISTRACTED - EXPLAIN IN NARRATIVE,SR37S & TAPP,27264
2009,1,5,Weekday,500,1-Car,No injury/unknown,ANIMAL/OBJECT IN ROADWAY,AIRPORT & SR45S,27265
2009,6,4,Weekday,900,2-Car,No injury/unknown,UNSAFE BACKING,REX GROSSMAN BLVD,27266
2009,2,3,Weekday,300,1-Car,Non-incapacitating,UNSAFE SPEED,HIGH & ROGERS RD,27267
2009,4,3,Weekday,1600,2-Car,No injury/unknown,ALCOHOLIC BEVERAGES,SOUTH ROGERS LOT 77,27268
2009,3,7,Weekend,1200,2-Car,No injury/unknown,FAILURE TO YIELD RIGHT OF WAY,ADAMS & TAPP RD,27269
2009,4,4,Weekday,1000,2-Car,Non-incapacitating,FOLLOWING TOO CLOSELY,S ADAMS & TAPP RD,27270
2009,4,3,Weekday,2000,1-Car,Non-incapacitating,ALCOHOLIC BEVERAGES,ADAMS & WEST TAPP RD,27271
2009,8,4,Weekday,1800,2-Car,Non-incapacitating,LEFT OF CENTER,ADAMS & TAPP RD,27272
2009,1,4,Weekday,1800,1-Car,No injury/unknown,ROADWAY SURFACE CONDITION,TAPP RD & WIEMER,27273
2009,4,4,Weekday,1800,2-Car,No injury/unknown,DRIVER DISTRACTED - EXPLAIN IN NARRATIVE,W TAPP RD & WIEMER,27274
2009,2,3,Weekday,800,2-Car,No injury/unknown,FOLLOWING TOO CLOSELY,TAPP RD & WEIMER,27275
2009,1,3,Weekday,900,2-Car,No injury/unknown,FAILURE TO YIELD RIGHT OF WAY,ROCKPORT RD & TAPP,27276
2009,2,4,Weekday,1700,2-Car,No injury/unknown,FAILURE TO YIELD RIGHT OF WAY,COUNTRY CLUB DR & ROCKPORT,27277
2009,11,1,Weekday,2000,2-Car,No injury/unknown,OTHER (ENVIRONMENTAL) - EXPLAIN IN NARR,S ROCKPORT & W TAPP RD,27278
2009,10,6,Weekday,1500,2-Car,No injury/unknown,FOLLOWING TOO CLOSELY,COUNTRY CLUB DR & ROCKPORT,27279
2009,5,2,Weekday,1600,3+ Cars,No injury/unknown,FOLLOWING TOO CLOSELY,PINEHURST & TAPP RD,27280
2009,9,2,Weekday,700,3+ Cars,Non-incapacitating,FOLLOWING TOO CLOSELY,PINEHURST & TAPP RD,27281
2009,3,5,Weekday,1100,1-Car,No injury/unknown,RAN OFF ROAD RIGHT,BANTA & COUNTRY CLUB DR,27282
2009,7,4,Weekday,1700,2-Car,No injury/unknown,FAILURE TO YIELD RIGHT OF WAY,HENDERSON ST & WINSLOW,27283
2009,12,7,Weekend,1300,2-Car,No injury/unknown,LEFT OF CENTER,BANTA & COUNTRY CLUB RD,27284
2009,7,4,Weekday,2000,2-Car,No injury/unknown,OTHER (DRIVER) - EXPLAIN IN NARRATIVE,LEONARD SPRINGS RD,27285