year,month,day,weekend,hour,collision_type,injury_type,primary_factor,reported_location,unique_id
2009,3,6,Weekday,1000,2-Car,Non-incapacitating,FOLLOWING TOO CLOSELY,COUNTRY CLUB DR & MILTON,27286
2009,3,2,Weekday,1400,2-Car,No injury/unknown,FOLLOWING TOO CLOSELY,COUNTRY CLUB DR & ROGERS,27287
2009,1,7,Weekend,1800,2-Car,Non-incapacitating,FAILURE TO YIELD RIGHT OF WAY,E WINSLOW RD & S WALNUT STREET,27288
2009,4,5,Weekday,1700,2-Car,Non-incapacitating,DRIVER DISTRACTED - EXPLAIN IN NARRATIVE,HENDERSON ST & WINSLOW,27289
2009,4,6,Weekday,1600,2-Car,No injury/unknown,FOLLOWING TOO CLOSELY,WALNUT & WINSLOW RD,27290
2009,4,1,Weekend,100,1-Car,No injury/unknown,ALCOHOLIC BEVERAGES,HIGH & WINSLOW RD,27291
2009,4,1,Weekend,1200,2-Car,No injury/unknown,ALCOHOLIC BEVERAGES,S WALNUT ST & WINSLOW,27292
2009,4,7,Weekend,1100,2-Car,Non-incapacitating,FAILURE TO YIELD RIGHT OF WAY,ABBY & WINSLOW RD,27293
2009,4,2,Weekday,1700,2-Car,No injury/unknown,FOLLOWING TOO CLOSELY,ABBY & WINSLOW RD,27294
2009,4,5,Weekday,1400,Bus,Non-incapacitating,FOLLOWING TOO CLOSELY,WALNUT ST & WINSLOW,27295
2009,5,5,Weekday,1600,2-Car,No injury/unknown,FAILURE TO YIELD RIGHT OF WAY,HENDERSON ST & WINSLOW,27296
2009,5,7,Weekend,2200,1-Car,No injury/unknown,ANIMAL/OBJECT IN ROADWAY,HIGH & WINSLOW RD,27297
2009,6,7,Weekend,1500,2-Car,No injury/unknown,FAILURE TO YIELD RIGHT OF WAY,FAIRINGTON & LEONARD SPRINGS RD,27298
2009,8,6,Weekend,2100,2-Car,No injury/unknown,FAILURE TO YIELD RIGHT OF WAY,HENDERSON & WINSLOW ST,27299
2009,8,2,Weekday,1700,3+ Cars,No injury/unknown,UNSAFE SPEED,WALNUT & WINSLOW RD,27300
2009,8,3,Weekday,1700,Moped/Motorcycle,Non-incapacitating,ALCOHOLIC BEVERAGES,HENDERSON & WINSLOW RD,27301
2009,10,5,Weekday,1400,2-Car,No injury/unknown,FAILURE TO YIELD RIGHT OF WAY,HENDERSON ST & WINSLOW,27302
2009,10,5,Weekday,1400,2-Car,No injury/unknown,DISREGARD SIGNAL/REG SIGN,WALNUT STREET & WINSLOW RD,27303
2009,10,7,Weekend,1400,2-Car,No injury/unknown,DISREGARD SIGNAL/REG SIGN,HENDERSON & WINSLOW RD,27304
2009,10,4,Weekday,1300,2-Car,No injury/unknown,FOLLOWING TOO CLOSELY,WALNUT ST & WINSLOW,27305
2009,10,6,Weekend,2100,2-Car,No injury/unknown,FAILURE TO YIELD RIGHT OF WAY,WALNUT STREET PIKE & WINSLOW,27306
2009,12,3,Weekday,1900,2-Car,No injury/unknown,DRIVER DISTRACTED - EXPLAIN IN NARRATIVE,WALNUT ST & WINSLOW,27307
2009,11,4,Weekday,2100,2-Car,No injury/unknown,DRIVER DISTRACTED - EXPLAIN IN NARRATIVE,WALNUT & WINSLOW RD,27308
2009,4,5,Weekday,1200,2-Car,Non-incapacitating,OTHER (DRIVER) - EXPLAIN IN NARRATIVE,S MILTON & W COUNTRY CLUB RD,27309
2009,10,6,Weekday,1600,2-Car,No injury/unknown,FOLLOWING TOO CLOSELY,COUNTRY CLUB DR & MILTON,27310
2009,10,7,Weekend,300,1-Car,Non-incapacitating,ALCOHOLIC BEVERAGES,ROGERS RD & SPICEWOOD,27311
2009,7,3,Weekday,1700,2-Car,No injury/unknown,FAILURE TO YIELD RIGHT OF WAY,WALNUT & WINSLOW RD,27312
2009,1,1,Weekday,2000,Pedestrian,Non-incapacitating,PEDESTRIAN ACTION,ROGERS & W COUNTRY CLUB DR,27313
2009,12,3,Weekday,800,2-Car,No injury/unknown,FAILURE TO YIELD RIGHT OF WAY,COUNTRY CLUB & ROGERS ST,27314
2009,11,3,Weekday,1700,1-Car,No injury/unknown,RAN OFF ROAD RIGHT,HIGHLAND & WINSLOW RD,27315
2009,4,7,Weekend,1200,2-Car,Non-incapacitating,OTHER (DRIVER) - EXPLAIN IN NARRATIVE,HIGHLAND & WINSLOW RD,27316
2009,4,3,Weekday,700,2-Car,Non-incapacitating,DRIVER DISTRACTED - EXPLAIN IN NARRATIVE,COUNTRY CLUB DR & MADISON,27317
2009,5,2,Weekday,2100,2-Car,Non-incapacitating,FAILURE TO YIELD RIGHT OF WAY,COUNTRY CLUB DR & MADISON,27318
2009,11,5,Weekday,1500,3+ Cars,No injury/unknown,VIEW OBSTRUCTED,HIGHLAND & WINSLOW RD,27319
2009,8,6,Weekday,800,2-Car,No injury/unknown,FAILURE TO YIELD RIGHT OF WAY,COUNTRY CULB & ROGERS ST,27320
2009,8,6,Weekday,1800,2-Car,No injury/unknown,FOLLOWING TOO CLOSELY,COUNTRY CLUB & COUNTRY CLUB DR,27321
2009,1,7,Weekend,1300,2-Car,Non-incapacitating,FAILURE TO YIELD RIGHT OF WAY,WALNUT ST & WINSLOW,27322
2009,8,2,Weekday,1900,2-Car,No injury/unknown,FOLLOWING TOO CLOSELY,COUNTRY CLUB DR & MADISON,27323
2009,5,4,Weekday,1200,2-Car,No injury/unknown,FOLLOWING TOO CLOSELY,ALLENDALE & WINSLOW RD,27324
2009,1,6,Weekend,1900,2-Car,No injury/unknown,FAILURE TO YIELD RIGHT OF WAY,WALNUT STREET & WINSLOW RD,27325
2009,3,5,Weekday,100,1-Car,No injury/unknown,ALCOHOLIC BEVERAGES,ROGERS RD & SPICEWOOD,27326
2009,6,1,Weekend,1300,2-Car,No injury/unknown,FAILURE TO YIELD RIGHT OF WAY,E WINSLOW RD & S WALNUT ST,27327
2009,7,6,Weekday,1300,2-Car,No injury/unknown,FAILURE TO YIELD RIGHT OF WAY,WALNUT ST & WINSLOW RD,27328
2009,10,2,Weekday,1500,2-Car,Non-incapacitating,FAILURE TO YIELD RIGHT OF WAY,WINSLOW & WINSLOW RD,27329
2009,11,3,Weekday,1600,3+ Cars,No injury/unknown,DRIVER DISTRACTED - EXPLAIN IN NARRATIVE,WINLOW ST & WINSLOW,27330
2009,1,2,Weekday,1000,2-Car,No injury/unknown,OTHER (DRIVER) - EXPLAIN IN NARRATIVE,COUNTRY CLUB & WALNUT ST,27331
2009,1,2,Weekday,2200,1-Car,No injury/unknown,RAN OFF ROAD RIGHT,COUNTRY CLUB RD & WALNUT,27332
2009,3,6,Weekday,1700,2-Car,Non-incapacitating,PRESCRIPTION DRUGS,COUNTRY CLUB & WALNUT ST,27333
2009,3,1,Weekend,1700,2-Car,No injury/unknown,DRIVER DISTRACTED - EXPLAIN IN NARRATIVE,WALNUT & WINSLOW RD,27334
2009,4,4,Weekday,1400,2-Car,No injury/unknown,FOLLOWING TOO CLOSELY,COUNTRY CLUB & WALNUT ST,27335
2009,5,4,Weekday,1700,2-Car,No injury/unknown,SPEED TOO FAST FOR WEATHER CONDITIONS,COUNTRY CLUB DR & WALNUT,27336
2009,6,2,Weekday,1400,2-Car,No injury/unknown,OTHER (DRIVER) - EXPLAIN IN NARRATIVE,COUNTRY CLUB RD & WALNUT,27337
2009,6,6,Weekday,1700,2-Car,No injury/unknown,OTHER (DRIVER) - EXPLAIN IN NARRATIVE,E WINSLOW RD & S WALNUT,27338
2009,8,5,Weekday,800,Bus,No injury/unknown,UNSAFE SPEED,COUNTRY CLUB & WALNUT ST,27339
2009,9,6,Weekday,1100,3+ Cars,Non-incapacitating,LEFT OF CENTER,COUNTRY CLUB & WALNUT ST,27340
2009,10,1,Weekend,1500,2-Car,No injury/unknown,IMPROPER LANE USAGE,COUNTRY CLUB & WALNUT ST,27341
2009,12,5,Weekday,2200,2-Car,No injury/unknown,FOLLOWING TOO CLOSELY,WALNUT & WINSLOW RD,27342
2009,6,6,Weekday,800,Moped/Motorcycle,Non-incapacitating,OTHER (DRIVER) - EXPLAIN IN NARRATIVE,ROGERS RD & SARE RD,27343
2009,11,5,Weekday,1700,2-Car,No injury/unknown,FOLLOWING TOO CLOSELY,ROGERS & SARE RD,27344
2009,12,4,Weekday,1800,2-Car,No injury/unknown,FAILURE TO YIELD RIGHT OF WAY,ROGERS & SARE RD,27345
2009,8,5,Weekday,1400,2-Car,No injury/unknown,UNSAFE BACKING,ROGERS ST,27346
2009,8,6,Weekend,1900,2-Car,No injury/unknown,OTHER (DRIVER) - EXPLAIN IN NARRATIVE,S ROGERS ST,27347
2009,3,4,Weekday,1400,2-Car,No injury/unknown,FOLLOWING TOO CLOSELY,ROGERS & S SARE RD,27348
2009,12,2,Weekday,1300,2-Car,Non-incapacitating,FOLLOWING TOO CLOSELY,E ROGERS & S SARE RD,27349
2009,1,1,Weekend,900,2-Car,No injury/unknown,ROADWAY SURFACE CONDITION,EAST ROGERS RD & SNODDY,27350
2009,2,5,Weekday,600,2-Car,No injury/unknown,ROADWAY SURFACE CONDITION,ROGERS RD & SNODDY,27351
2009,9,4,Weekday,100,Moped/Motorcycle,Non-incapacitating,RAN OFF ROAD RIGHT,GRAHAM & ROCKPORT RD,27352
2009,2,5,Weekday,1500,2-Car,No injury/unknown,FOLLOWING TOO CLOSELY,AIRPORT & SR45W,27353
2009,5,7,Weekend,1700,Cyclist,Non-incapacitating,DRIVER DISTRACTED - EXPLAIN IN NARRATIVE,446 & KNIGHTRIDGE RD,27354
2009,12,1,Weekend,1700,1-Car,No injury/unknown,ROADWAY SURFACE CONDITION,SR446S,27355
2009,10,5,Weekday,700,2-Car,No injury/unknown,FAILURE TO YIELD RIGHT OF WAY,ALLENDALE DR & BRADSHIRE,27356
2009,7,4,Weekday,700,3+ Cars,Non-incapacitating,DRIVER DISTRACTED - EXPLAIN IN NARRATIVE,DUNCAN & SR45W,27357
2009,8,4,Weekday,1700,2-Car,No injury/unknown,FAILURE TO YIELD RIGHT OF WAY,S WALNUT ST,27358
2009,10,6,Weekend,2200,1-Car,Non-incapacitating,ALCOHOLIC BEVERAGES,COUNTRY CLUB & ROGERS ST,27359
2009,12,6,Weekday,900,1-Car,No injury/unknown,RAN OFF ROAD RIGHT,PICADILLY & WATERLOO CT,27360
2009,10,6,Weekday,900,2-Car,Non-incapacitating,LEFT OF CENTER,GARDNER RD & GARRISON CHAPEL,27361
2009,12,2,Weekday,800,3+ Cars,No injury/unknown,ROADWAY SURFACE CONDITION,GARDNER RD & GARRISON CHAPEL,27362
2009,4,7,Weekend,1400,2-Car,No injury/unknown,UNSAFE BACKING,WALNUT ST,27363
2009,7,5,Weekday,1900,1-Car,Non-incapacitating,ALCOHOLIC BEVERAGES,ROCKPORT RD & TAPP,27364
2009,10,3,Weekday,700,2-Car,No injury/unknown,FOLLOWING TOO CLOSELY,HENDERSON & WALNUT ST PIKE ST,27365
2009,5,7,Weekend,1900,2-Car,No injury/unknown,FAILURE TO YIELD RIGHT OF WAY,3290 S DUNCAN RD & SR45,27366
2009,4,3,Weekday,1000,2-Car,No injury/unknown,DISREGARD SIGNAL/REG SIGN,SOUTH HENDERSON & WALNUT STREET PIKE,27367
2009,7,1,Weekday,2200,2-Car,No injury/unknown,ALCOHOLIC BEVERAGES,S ROLLING RIDGE WAY,27368
2009,9,6,Weekday,800,Moped/Motorcycle,Non-incapacitating,DRIVER DISTRACTED - EXPLAIN IN NARRATIVE,SOUTH HENDERSON ST & WALNUT STREET PIKE,27369
2009,9,7,Weekend,800,2-Car,No injury/unknown,UNSAFE BACKING,1165 EAST REGENCY DR & WESTMINSTER,27370
2009,3,5,Weekday,1000,2-Car,No injury/unknown,FOLLOWING TOO CLOSELY,SR37N & TAPP,27371
2009,2,7,Weekend,1900,2-Car,No injury/unknown,FOLLOWING TOO CLOSELY,LIBERTY DR & W THIRD,27372
2009,3,3,Weekday,1600,2-Car,No injury/unknown,FAILURE TO YIELD RIGHT OF WAY,COLLEGE AVE & THIRD,27373
2009,9,1,Weekend,400,1-Car,No injury/unknown,RAN OFF ROAD RIGHT,ROGERS ST & W TERRACE,27374
2009,4,1,Weekend,1800,1-Car,No injury/unknown,OVERCORRECTING/OVERSTEERING,RHORER & SARE RD,27375
2009,4,3,Weekday,1900,2-Car,No injury/unknown,FAILURE TO YIELD RIGHT OF WAY,HOOSIER & WALNUT ST,27376
2009,3,6,Weekday,800,2-Car,No injury/unknown,UNSAFE BACKING,QUARRY CT & W COUNTRYSIDE,27377
2009,11,1,Weekday,1900,2-Car,No injury/unknown,DISREGARD SIGNAL/REG SIGN,CEDAR CHASE & S LEONARD SPRINGS RD,27378
2009,1,5,Weekday,1400,2-Car,No injury/unknown,IMPROPER TURNING,PINEWOOD DR & WALNUT,27379
2009,2,7,Weekend,1300,2-Car,No injury/unknown,OTHER (DRIVER) - EXPLAIN IN NARRATIVE,MAYBURY MALL,27380
2009,8,7,Weekend,1800,Moped/Motorcycle,Non-incapacitating,RAN OFF ROAD RIGHT,ALLENDALE DR & DUNSTAN,27381
2009,7,2,Weekday,1600,2-Car,No injury/unknown,INSECURE/LEAKY LOAD,KNIGHTRIDGE RD & LECO,27382
2009,11,4,Weekday,200,1-Car,No injury/unknown,ANIMAL/OBJECT IN ROADWAY,SR446S & SWARTZ RIDGE,27383
2009,8,3,Weekday,900,2-Car,Non-incapacitating,DRIVER DISTRACTED - EXPLAIN IN NARRATIVE,PINE & S WALNUT ST,27384
2009,5,5,Weekday,1600,2-Car,No injury/unknown,DRIVER DISTRACTED - EXPLAIN IN NARRATIVE,BUNGER & SR45W,27385
2009,8,5,Weekday,100,1-Car,No injury/unknown,ALCOHOLIC BEVERAGES,EDDINGTON & EDDINGTON DR,27386
2009,6,7,Weekend,1300,2-Car,No injury/unknown,DRIVER DISTRACTED - EXPLAIN IN NARRATIVE,SOUTH WALNUT ST,27387
2009,3,6,Weekday,1000,1-Car,No injury/unknown,OTHER (VEHICLE) - EXPLAIN IN NARRATIVE,W IRIS LN,27388
2009,12,5,Weekday,1600,2-Car,Non-incapacitating,FOLLOWING TOO CLOSELY,BUNGER & SR45W,27389
2009,6,7,Weekend,1500,2-Car,Non-incapacitating,FOLLOWING TOO CLOSELY,BUNGER & SR45W,27390
2009,7,1,Weekday,2100,2-Car,No injury/unknown,DRIVER DISTRACTED - EXPLAIN IN NARRATIVE,S BUNGER & SR45W,27391
2009,7,6,Weekday,1600,2-Car,Incapacitating,UNSAFE SPEED,BUNGER & SR45E,27392
2009,8,3,Weekday,2000,2-Car,Non-incapacitating,DRIVER DISTRACTED - EXPLAIN IN NARRATIVE,BUNGER ST & SR45W,27393
2009,9,4,Weekday,1600,2-Car,Non-incapacitating,FOLLOWING TOO CLOSELY,BUNGER & SR45W,27394
2009,12,4,Weekday,300,2-Car,No injury/unknown,ALCOHOLIC BEVERAGES,WOODMERE & WOODMERE WAY,27395
2009,4,3,Weekday,700,2-Car,No injury/unknown,ROADWAY SURFACE CONDITION,HENNESSEY ST & ROCKPORT,27396
2009,9,4,Weekday,1800,2-Car,No injury/unknown,DISREGARD SIGNAL/REG SIGN,S ROCKPORT RD & W HENNESSEY,27397
2009,5,4,Weekday,600,1-Car,No injury/unknown,RAN OFF ROAD RIGHT,S ISON & SR45W,27398
2009,6,7,Weekend,1700,2-Car,No injury/unknown,UNSAFE BACKING,HENNESSEY & MCDOUGAL ST,27399
2009,9,3,Weekday,1200,2-Car,No injury/unknown,LEFT OF CENTER,MCDOUGAL ST & W HENNESSEY,27400
2009,11,3,Weekday,1400,1-Car,Non-incapacitating,ROADWAY SURFACE CONDITION,SOUTH LEONARD SPRINGS ROAD & WEST LEONARD SPRINGS ROAD RD,27401
2009,3,2,Weekday,900,2-Car,No injury/unknown,ENGINE FAILURE OR DEFECTIVE,BOTTOM & SR37N,27402
2009,4,3,Weekday,2000,2-Car,No injury/unknown,DRIVER ASLEEP OR FATIGUED,BOTTOM RD & SR37N,27403
2009,2,7,Weekend,1100,2-Car,No injury/unknown,UNSAFE BACKING,S WALNUT ST,27404
2009,5,3,Weekday,1700,2-Car,No injury/unknown,DRIVER DISTRACTED - EXPLAIN IN NARRATIVE,3115 S WALNUT ST & BURKS,27405
2009,3,7,Weekend,800,1-Car,Non-incapacitating,ANIMAL/OBJECT IN ROADWAY,BURKS DR & WALNUT,27406
2009,7,4,Weekday,1600,2-Car,No injury/unknown,UNSAFE BACKING,SR37S,27407
2009,2,2,Weekday,1800,2-Car,No injury/unknown,UNSAFE BACKING,S POPPY LN,27408
2009,6,3,Weekday,1700,2-Car,No injury/unknown,OTHER (DRIVER) - EXPLAIN IN NARRATIVE,CANADA & SARE RD,27409
2009,1,1,Weekend,1500,2-Car,No injury/unknown,FAILURE TO YIELD RIGHT OF WAY,BURKS DR & ODELL,27410
2009,4,6,Weekend,2200,2-Car,No injury/unknown,UNSAFE BACKING,VALMORE AVE & WALTER,27411
2009,8,4,Weekday,1500,2-Car,No injury/unknown,OTHER (DRIVER) - EXPLAIN IN NARRATIVE,S WALNUT ST,27412
2009,1,4,Weekday,1400,2-Car,No injury/unknown,UNSAFE BACKING,HEATHERWOOD & VIOLET LN,27413
2009,2,1,Weekend,100,1-Car,Incapacitating,ALCOHOLIC BEVERAGES,JAMIE LN & WOODS EDGE,27414
2009,12,7,Weekend,500,1-Car,No injury/unknown,DRIVER ASLEEP OR FATIGUED,MONROE DAM & SR37S,27415
2009,1,4,Weekday,800,Bus,Non-incapacitating,ROADWAY SURFACE CONDITION,EAST STATE ROAD 45 RD,27416
2009,1,7,Weekend,1600,2-Car,No injury/unknown,UNSAFE BACKING,W SR 45 HWY,27417
2009,1,6,Weekday,1500,2-Car,No injury/unknown,UNSAFE BACKING,W ST RD 45 HWY,27418
2009,2,1,Weekend,1800,2-Car,No injury/unknown,UNSAFE BACKING,W STATE ROAD 45 RD,27419
2009,2,1,Weekend,1400,2-Car,No injury/unknown,UNSAFE BACKING,W STATE ROAD 45 RD,27420
2009,3,2,Weekday,1300,3+ Cars,No injury/unknown,FAILURE TO YIELD RIGHT OF WAY,W SR45 RD,27421
2009,3,1,Weekend,1600,2-Car,No injury/unknown,OTHER (DRIVER) - EXPLAIN IN NARRATIVE,W SR 45 HWY,27422
2009,3,6,Weekday,1600,2-Car,No injury/unknown,OTHER (DRIVER) - EXPLAIN IN NARRATIVE,W SR 45 HWY,27423
2009,4,6,Weekday,1600,2-Car,No injury/unknown,IMPROPER PASSING,SR45W,27424
2009,4,6,Weekday,1400,1-Car,No injury/unknown,DRIVER DISTRACTED - EXPLAIN IN NARRATIVE,W STATE ROAD 45 RD,27425
2009,5,3,Weekday,1700,Moped/Motorcycle,No injury/unknown,FAILURE TO YIELD RIGHT OF WAY,SR 45 WEST ALY,27426
2009,7,4,Weekday,1800,2-Car,No injury/unknown,FAILURE TO YIELD RIGHT OF WAY,SR45W,27427
2009,9,3,Weekday,1500,2-Car,No injury/unknown,UNSAFE BACKING,SR45W,27428
2009,10,6,Weekday,0,2-Car,No injury/unknown,SPEED TOO FAST FOR WEATHER CONDITIONS,SR45W,27429
2009,11,6,Weekday,1300,Pedestrian,Non-incapacitating,FAILURE TO YIELD RIGHT OF WAY,SR45W,27430
2009,11,4,Weekday,1800,1-Car,No injury/unknown,ANIMAL/OBJECT IN ROADWAY,HARRODSBURG EXIT & SR37S,27431
2009,12,3,Weekday,400,2-Car,No injury/unknown,IMPROPER PASSING,GILLHAM & SR45W,27432
2009,7,7,Weekend,1400,2-Car,Non-incapacitating,OTHER (DRIVER) - EXPLAIN IN NARRATIVE,SR37N & VERNAL,27433
2009,2,7,Weekend,2100,1-Car,No injury/unknown,OTHER (DRIVER) - EXPLAIN IN NARRATIVE,BAYTREE LN,27434
2009,5,2,Weekday,800,2-Car,Non-incapacitating,FOLLOWING TOO CLOSELY,ALLEN & PATTERSON DR,27435
2009,3,3,Weekday,1700,2-Car,Non-incapacitating,OTHER (DRIVER) - EXPLAIN IN NARRATIVE,GUY & ROCKPORT RD,27436
2009,8,3,Weekday,1600,1-Car,No injury/unknown,OTHER (DRIVER) - EXPLAIN IN NARRATIVE,SO MILL STONE WAY ST & SO SARE,27437
2009,3,2,Weekday,1300,2-Car,No injury/unknown,FOLLOWING TOO CLOSELY,SR37S & TAPP,27438
2009,6,6,Weekday,1000,1-Car,No injury/unknown,RAN OFF ROAD RIGHT,LEONARD SPRINGS & W FULLERTON PK PIKE,27439
2009,7,4,Weekday,1000,2-Car,No injury/unknown,FOLLOWING TOO CLOSELY,S WALNUT ST ST & WINSLOW RD,27440
2009,10,2,Weekday,1900,1-Car,No injury/unknown,OTHER (DRIVER) - EXPLAIN IN NARRATIVE,FULLERTON & LEONARD SPRINGS RD,27441
2009,2,6,Weekend,1900,1-Car,No injury/unknown,ANIMAL/OBJECT IN ROADWAY,KNIGHTRIDGE & SR446N,27442
2009,1,1,Weekend,1400,2-Car,Non-incapacitating,FAILURE TO YIELD RIGHT OF WAY,ELLER ROAD & GARRISON CHAPEL RD,27443
2009,10,7,Weekend,1600,Moped/Motorcycle,Fatal,UNSAFE SPEED,S GARRISON CHAPEL RD & W ELLER,27444
2009,5,5,Weekday,1600,2-Car,No injury/unknown,IMPROPER TURNING,LEONARD SPRINGS & SR45W,27445
2009,6,6,Weekday,1700,2-Car,No injury/unknown,FAILURE TO YIELD RIGHT OF WAY,LEONARD SPRINGS & SR45E,27446
2009,7,5,Weekday,1700,3+ Cars,Non-incapacitating,FAILURE TO YIELD RIGHT OF WAY,FULLERTON & SR 37 HWY,27447
2009,9,4,Weekday,1200,2-Car,No injury/unknown,FAILURE TO YIELD RIGHT OF WAY,FULLERTON & SR37S,27448
2009,10,4,Weekday,700,2-Car,Non-incapacitating,FAILURE TO YIELD RIGHT OF WAY,FULLERTON & SR37S,27449
2009,10,5,Weekday,1500,Bus,No injury/unknown,OTHER (DRIVER) - EXPLAIN IN NARRATIVE,ISON & W LEONARD SPRINGS RD,27450
2009,2,1,Weekend,800,1-Car,No injury/unknown,ROADWAY SURFACE CONDITION,FULLERTON PIKE & SR37,27451
2009,12,2,Weekday,800,2-Car,No injury/unknown,ROADWAY SURFACE CONDITION,FULLERTON PIKE & SR37S,27452
2009,7,5,Weekday,1800,1-Car,No injury/unknown,VIEW OBSTRUCTED,FULLERTON PIKE & ROCKPORT,27453
2009,2,4,Weekday,1500,2-Car,No injury/unknown,FAILURE TO YIELD RIGHT OF WAY,ELLER & SR45W,27454
2009,2,2,Weekday,700,2-Car,No injury/unknown,FAILURE TO YIELD RIGHT OF WAY,SR45N & W LEONARD SPRINGS,27455
2009,3,4,Weekday,700,2-Car,Non-incapacitating,LEFT OF CENTER,FULLERTON & S MONROE MEDICAL  PARK BLVD,27456
2009,5,4,Weekday,2300,1-Car,Non-incapacitating,TIRE FAILURE OR DEFECTIVE,FULLERTON PIKE & S MONROE MEDICAL PARK,27457
2009,10,5,Weekday,700,2-Car,No injury/unknown,FAILURE TO YIELD RIGHT OF WAY,SR45N & WEST LEONARD SPRINGS,27458
2009,12,6,Weekday,1100,2-Car,No injury/unknown,UNSAFE BACKING,FULLERTON PIKE,27459
2009,2,5,Weekday,1900,1-Car,No injury/unknown,ANIMAL/OBJECT IN ROADWAY,FULLERTON & S ROCKPORT RD,27460
2009,1,1,Weekend,200,1-Car,No injury/unknown,ROADWAY SURFACE CONDITION,ELLER RD & RENDY,27461
2009,1,2,Weekday,1200,2-Car,Non-incapacitating,FAILURE TO YIELD RIGHT OF WAY,FULLERTON & SR37N,27462
2009,9,5,Weekday,2100,3+ Cars,Non-incapacitating,FAILURE TO YIELD RIGHT OF WAY,FULLERTON & SR37S,27463
2009,12,2,Weekday,500,2-Car,No injury/unknown,OTHER (DRIVER) - EXPLAIN IN NARRATIVE,FULLERTON & SR 37 RD,27464
2009,12,4,Weekday,1700,2-Car,Non-incapacitating,FAILURE TO YIELD RIGHT OF WAY,FULLERTON & SR37S,27465
2009,2,4,Weekday,2000,2-Car,Incapacitating,ROADWAY SURFACE CONDITION,ROCKPORT & W FULLERTON PIKE,27466
2009,2,5,Weekday,1700,1-Car,No injury/unknown,RAN OFF ROAD RIGHT,FULLERTON PIKE PIKE & JEDD,27467
2009,12,2,Weekday,1200,1-Car,No injury/unknown,RAN OFF ROAD RIGHT,BARGER & TAPP RD,27468
2009,3,3,Weekday,1100,2-Car,No injury/unknown,FAILURE TO YIELD RIGHT OF WAY,FULLERTON PIKE & JUDD,27469
2009,12,2,Weekday,2100,1-Car,Non-incapacitating,ALCOHOLIC BEVERAGES,JUDD & W FULLERTON PIKE,27470
2009,11,6,Weekend,1900,2-Car,No injury/unknown,UNSAFE BACKING,SOUTH MONROE MEDICAL PARK BLVD,27471
2009,3,7,Weekend,1800,1-Car,No injury/unknown,ROADWAY SURFACE CONDITION,HARRELL RD & RHORER,27472
2009,3,7,Weekend,1100,2-Car,No injury/unknown,ROADWAY SURFACE CONDITION,W GORDON PIKE & WICKENS,27473
2009,12,6,Weekday,700,Pedestrian,Non-incapacitating,FAILURE TO YIELD RIGHT OF WAY,GORDON PIKE & UKNOWN,27474
2009,1,2,Weekday,1800,2-Car,No injury/unknown,OTHER (DRIVER) - EXPLAIN IN NARRATIVE,GORDON & ROGERS ST,27475
2009,6,2,Weekday,1400,2-Car,No injury/unknown,FOLLOWING TOO CLOSELY,GORDON & OLD STATE ROAD 37 RD,27476
2009,10,3,Weekday,1300,1-Car,No injury/unknown,OTHER (DRIVER) - EXPLAIN IN NARRATIVE,W GORDON PIKE,27477
2009,3,5,Weekday,2100,2-Car,No injury/unknown,FAILURE TO YIELD RIGHT OF WAY,JAMIE & RHORER RD,27478
2009,11,3,Weekday,1700,3+ Cars,Non-incapacitating,SPEED TOO FAST FOR WEATHER CONDITIONS,1500 E RHORER RD & JAMIE,27479
2009,1,4,Weekday,1700,1-Car,No injury/unknown,OTHER (DRIVER) - EXPLAIN IN NARRATIVE,GORDON PIKE,27480
2009,1,3,Weekday,1800,1-Car,No injury/unknown,ANIMAL/OBJECT IN ROADWAY,FOX CHASE & RHORER RD,27481
2009,11,3,Weekday,2100,1-Car,No injury/unknown,ANIMAL/OBJECT IN ROADWAY,DERBY & RHORER RD,27482
2009,2,4,Weekday,1300,2-Car,No injury/unknown,OTHER (DRIVER) - EXPLAIN IN NARRATIVE,NIMIT & RHORER RD,27483
2009,4,3,Weekday,1500,2-Car,No injury/unknown,FAILURE TO YIELD RIGHT OF WAY,RHORER RD & WALNUT,27484
2009,1,4,Weekday,1600,2-Car,No injury/unknown,FAILURE TO YIELD RIGHT OF WAY,RHORER RD & SARE,27485
2009,5,7,Weekend,2100,2-Car,No injury/unknown,DISREGARD SIGNAL/REG SIGN,RHORER & WALNUT ST,27486
2009,6,3,Weekday,1300,1-Car,No injury/unknown,IMPROPER TURNING,RHORER & WALNUT STREET PIKE,27487
2009,7,4,Weekday,1100,2-Car,No injury/unknown,UNSAFE BACKING,RHORER & S WALNUT ST,27488
2009,8,5,Weekday,1400,2-Car,No injury/unknown,OVERCORRECTING/OVERSTEERING,RHOER & WALNUT STREET PIKE,27489
2009,9,4,Weekday,1700,2-Car,No injury/unknown,FAILURE TO YIELD RIGHT OF WAY,RHORER RD & SARA,27490
2009,9,1,Weekend,1700,2-Car,Non-incapacitating,DISREGARD SIGNAL/REG SIGN,RHORER RD & SARE,27491
2009,10,6,Weekday,1200,2-Car,Non-incapacitating,ROADWAY SURFACE CONDITION,RHORER & SO WALNUT STREET PIKE PIKE,27492