year,month,day,weekend,hour,collision_type,injury_type,primary_factor,reported_location,unique_id
2009,11,7,Weekend,1500,1-Car,No injury/unknown,DRIVER DISTRACTED - EXPLAIN IN NARRATIVE,S HARMONY RD & W KOONTZ,27699
2009,12,1,Weekend,1200,2-Car,No injury/unknown,IMPROPER PASSING,HARMONY RD & KOONTZ,27700
2009,9,3,Weekday,500,1-Car,Non-incapacitating,OTHER (ENVIRONMENTAL) - EXPLAIN IN NARR,S ROCKPORT & W KOOTZ RD,27701
2009,6,3,Weekday,1600,1-Car,No injury/unknown,SPEED TOO FAST FOR WEATHER CONDITIONS,FLUCKMILL & VICTOR PIKE,27702
2009,6,2,Weekday,1900,1-Car,No injury/unknown,ALCOHOLIC BEVERAGES,EVANS RD & HARMONY,27703
2009,7,7,Weekend,400,1-Car,No injury/unknown,ANIMAL/OBJECT IN ROADWAY,EVANS RD & HARMONY,27704
2009,2,1,Weekday,1900,1-Car,No injury/unknown,ANIMAL/OBJECT IN ROADWAY,HARMONY & W EVANS RD,27705
2009,3,7,Weekend,2200,1-Car,No injury/unknown,UNSAFE SPEED,HENNESSEY & ROCKPORT RD,27706
2009,11,5,Weekday,2000,1-Car,No injury/unknown,ALCOHOLIC BEVERAGES,AIRLINE & HANDY RD,27707
2009,4,2,Weekday,1800,2-Car,No injury/unknown,FAILURE TO YIELD RIGHT OF WAY,FAIRFAX RD & STRAIN RIDGE,27708
2009,2,6,Weekend,2100,1-Car,No injury/unknown,RAN OFF ROAD RIGHT,FLUCK MILL RD & VICTOR,27709
2009,9,5,Weekday,1000,1-Car,No injury/unknown,RAN OFF ROAD RIGHT,FLUCKMILL & VICTORY PIKE,27710
2009,12,6,Weekday,900,2-Car,Non-incapacitating,FAILURE TO YIELD RIGHT OF WAY,FLUCK MILL ROAD & VICTOR PIKE RD,27711
2009,6,7,Weekend,700,1-Car,No injury/unknown,RAN OFF ROAD RIGHT,SHADY SIDE DRIVE & SOUTH SHIELDS RIDGE ROAD RD,27712
2009,12,4,Weekday,1600,1-Car,No injury/unknown,DRIVER DISTRACTED - EXPLAIN IN NARRATIVE,FLUCKMILL & VICTOR PIKE,27713
2009,4,3,Weekday,1400,2-Car,Incapacitating,DISREGARD SIGNAL/REG SIGN,FAIRFAX RD & SMITHVILLE,27714
2009,6,5,Weekday,1000,2-Car,Non-incapacitating,FAILURE TO YIELD RIGHT OF WAY,SMITHVILLE  ROAD & SOUTH FAIRFAX ROAD RDS,27715
2009,5,3,Weekday,1600,Moped/Motorcycle,Non-incapacitating,ALCOHOLIC BEVERAGES,FAIRFAX & RAMP CREEK RD,27716
2009,11,2,Weekday,1800,1-Car,No injury/unknown,ALCOHOLIC BEVERAGES,SMITHVILLE RD & ZIKES,27717
2009,2,3,Weekday,1700,2-Car,No injury/unknown,ROADWAY SURFACE CONDITION,SMITHVILLE & STRAINRIDGE RD,27718
2009,10,6,Weekend,2000,2-Car,No injury/unknown,FAILURE TO YIELD RIGHT OF WAY,SMITHVILLE RD & STRAIN RIDGE,27719
2009,1,1,Weekend,1000,1-Car,No injury/unknown,ROADWAY SURFACE CONDITION,SMITHVILLE RD & SOCIETY,27720
2009,3,5,Weekday,1200,2-Car,Non-incapacitating,OTHER (DRIVER) - EXPLAIN IN NARRATIVE,SMITHVILLE & SR37S,27721
2009,12,6,Weekday,800,2-Car,No injury/unknown,OTHER (DRIVER) - EXPLAIN IN NARRATIVE,37 & SR37S,27722
2009,11,6,Weekday,800,2-Car,No injury/unknown,FAILURE TO YIELD RIGHT OF WAY,SMITHVILLE RD & SOCIETY,27723
2009,6,6,Weekday,900,Bus,No injury/unknown,OTHER (DRIVER) - EXPLAIN IN NARRATIVE,ZIKES & ZIKES RD,27724
2009,11,5,Weekday,300,1-Car,No injury/unknown,OTHER (DRIVER) - EXPLAIN IN NARRATIVE,SR37S & ZIKES,27725
2009,10,7,Weekend,1900,1-Car,No injury/unknown,ANIMAL/OBJECT IN ROADWAY,5500 SOUTH STATE ROAD 446 & SR446S,27726
2009,8,7,Weekend,2200,2-Car,Incapacitating,ALCOHOLIC BEVERAGES,5573 S FAIRFAX RD & MOFFETT,27727
2009,11,3,Weekday,1000,2-Car,Non-incapacitating,OTHER (DRIVER) - EXPLAIN IN NARRATIVE,DOC MITCHELL & STRAIN RIDGE RD,27728
2009,1,4,Weekday,800,3+ Cars,Non-incapacitating,ROADWAY SURFACE CONDITION,SR374 & SR37S,27729
2009,9,3,Weekday,1000,1-Car,Incapacitating,RAN OFF ROAD RIGHT,SMITHVILLE & SR37S,27730
2009,5,6,Weekday,1200,2-Car,Non-incapacitating,VIEW OBSTRUCTED,CURRY PIKE & SR 46,27731
2009,2,1,Weekend,1000,1-Car,No injury/unknown,ILLEGAL DRUGS,HOBART & OLD 37 HWY,27732
2009,12,2,Weekday,1800,1-Car,No injury/unknown,RAN OFF ROAD RIGHT,HARMONY RD & KIRKSVILLE,27733
2009,1,5,Weekday,0,1-Car,No injury/unknown,ROADWAY SURFACE CONDITION,CAROWINDS & FAIRFAX RD,27734
2009,7,5,Weekday,2300,1-Car,No injury/unknown,OVERCORRECTING/OVERSTEERING,CARDNAL GLEN & WALNUT STREET PIKE,27735
2009,5,3,Weekday,1500,2-Car,No injury/unknown,UNSAFE BACKING,8255 S FAIRFAX RD & EAST CLEVE BUTCHER,27736
2009,6,1,Weekday,2300,1-Car,No injury/unknown,OVERCORRECTING/OVERSTEERING,BREEDEN RD & GRAVES,27737
2009,5,4,Weekday,1500,2-Car,No injury/unknown,OTHER (DRIVER) - EXPLAIN IN NARRATIVE,3RD & LIBERTY DR,27738
2009,12,2,Weekday,600,1-Car,No injury/unknown,ROADWAY SURFACE CONDITION,PATTON & WILL SOWDERS RD,27739
2009,3,4,Weekday,1500,Bus,No injury/unknown,DRIVER DISTRACTED - EXPLAIN IN NARRATIVE,MERRITT & SR446S,27740
2009,11,3,Weekday,1900,1-Car,No injury/unknown,ANIMAL/OBJECT IN ROADWAY,SR37S & ZIKES,27741
2009,11,4,Weekday,2100,1-Car,No injury/unknown,ALCOHOLIC BEVERAGES,HARMONY RD & ROCKPORT,27742
2009,2,7,Weekend,1400,1-Car,No injury/unknown,SPEED TOO FAST FOR WEATHER CONDITIONS,BURGOON CHURCH & SR446N,27743
2009,9,6,Weekday,1400,1-Car,Non-incapacitating,UNSAFE SPEED,FAIRFAX RD & WISLEY,27744
2009,10,1,Weekend,400,2-Car,No injury/unknown,RAN OFF ROAD RIGHT,CLEVE BUTCHER & FAIRFAX RD,27745
2009,6,1,Weekend,500,2-Car,Non-incapacitating,LEFT OF CENTER,HARMONY RD & ROCKPORT,27746
2009,7,7,Weekend,1200,1-Car,Non-incapacitating,RAN OFF ROAD RIGHT,SCOTT & STRAIN RIDGE RD,27747
2009,12,2,Weekday,700,2-Car,No injury/unknown,ROADWAY SURFACE CONDITION,ROCKPORT & VICTOR PIKE,27748
2009,5,7,Weekend,200,1-Car,No injury/unknown,DRIVER DISTRACTED - EXPLAIN IN NARRATIVE,7465 OLD STATE ROAD 37 RD & WEST ROGERS,27749
2009,4,4,Weekday,1500,2-Car,No injury/unknown,UNSAFE BACKING,STONE RIDGE DR,27750
2009,4,3,Weekday,1600,Bus,No injury/unknown,LEFT OF CENTER,HARMONY RD & ROCKPORT,27751
2009,1,2,Weekday,700,2-Car,No injury/unknown,FOLLOWING TOO CLOSELY,SR37N & ZIKES RD,27752
2009,3,5,Weekday,1200,1-Car,Non-incapacitating,RAN OFF ROAD RIGHT,SR37N & ZIKES,27753
2009,11,7,Weekend,1600,1-Car,No injury/unknown,DRIVER ASLEEP OR FATIGUED,MERRITT & SR446S,27754
2009,12,2,Weekday,700,2-Car,No injury/unknown,SPEED TOO FAST FOR WEATHER CONDITIONS,SR37N & STRAIN RIDGE,27755
2009,3,7,Weekend,1800,Moped/Motorcycle,Incapacitating,ROADWAY SURFACE CONDITION,CLEVE BUTCHER & S FAIRFAX RD,27756
2009,1,7,Weekend,1200,1-Car,No injury/unknown,RAN OFF ROAD RIGHT,CEDAR BLUFF & OLD STATE ROAD 37 RD,27757
2009,6,2,Weekday,1700,2-Car,No injury/unknown,OTHER (DRIVER) - EXPLAIN IN NARRATIVE,EAST ALLENS CREEK & SR446,27758
2009,5,5,Weekday,800,1-Car,No injury/unknown,RAN OFF ROAD RIGHT,CHAPEL HILL & SR446S,27759
2009,2,1,Weekday,2300,1-Car,No injury/unknown,ANIMAL/OBJECT IN ROADWAY,8301 S OLD STATE ROAD 37 HWY & W CEDAR BLUFF,27760
2009,5,3,Weekday,2100,1-Car,No injury/unknown,UNSAFE SPEED,MT ZION & ROCK EAST RD,27761
2009,8,4,Weekday,2000,1-Car,No injury/unknown,RAN OFF ROAD RIGHT,FAIRFAX & POINT RDS,27762
2009,4,1,Weekday,2100,1-Car,No injury/unknown,ANIMAL/OBJECT IN ROADWAY,BREEDEN & ROCKEAST RD,27763
2009,10,6,Weekday,900,1-Car,Non-incapacitating,ROADWAY SURFACE CONDITION,S CHAPEL HILL & SR446S,27764
2009,12,3,Weekday,0,1-Car,No injury/unknown,OTHER (DRIVER) - EXPLAIN IN NARRATIVE,CHAPEL HILL & SR446S,27765
2009,5,6,Weekday,100,1-Car,No injury/unknown,ALCOHOLIC BEVERAGES,FAIRFAX RD & POINTE,27766
2009,4,3,Weekday,300,1-Car,No injury/unknown,ANIMAL/OBJECT IN ROADWAY,BOTTOM & SR37N,27767
2009,5,3,Weekday,1500,2-Car,No injury/unknown,FAILURE TO YIELD RIGHT OF WAY,MONROE DAM RD & SR37,27768
2009,3,2,Weekday,1700,Pedestrian,No injury/unknown,PEDESTRIAN ACTION,HARRODSBURG & SR37S,27769
2009,11,1,Weekend,1600,1-Car,No injury/unknown,DISREGARD SIGNAL/REG SIGN,MONROE DAM & STRAIN RIDGE RD,27770
2009,8,1,Weekend,1700,Moped/Motorcycle,Non-incapacitating,OTHER (DRIVER) - EXPLAIN IN NARRATIVE,SOUTH DUTCH RIDGE & US446S,27771
2009,9,2,Weekday,1300,1-Car,Non-incapacitating,RAN OFF ROAD RIGHT,CHAPEL HILL RD,27772
2009,1,2,Weekday,400,1-Car,No injury/unknown,RAN OFF ROAD RIGHT,GORE RD & HARRODSBURG,27773
2009,4,6,Weekday,700,2-Car,Non-incapacitating,FAILURE TO YIELD RIGHT OF WAY,KETCHAM & POPCORN RD,27774
2009,5,7,Weekend,2200,1-Car,No injury/unknown,ANIMAL/OBJECT IN ROADWAY,KETCHUM RD & POPCORN,27775
2009,8,5,Weekday,2000,1-Car,No injury/unknown,RAN OFF ROAD RIGHT,MONROE DAM & S VALLEY MISSION RD,27776
2009,11,6,Weekend,2100,1-Car,No injury/unknown,ANIMAL/OBJECT IN ROADWAY,HARRODSBURG & SR37N,27777
2009,2,7,Weekend,0,1-Car,Non-incapacitating,RAN OFF ROAD RIGHT,POPCORN & ROCKPORT RD,27778
2009,3,7,Weekend,100,Pedestrian,Incapacitating,IMPROPER PASSING,POPCORN & ROCKPORT RD,27779
2009,3,3,Weekday,1100,2-Car,No injury/unknown,OTHER (DRIVER) - EXPLAIN IN NARRATIVE,MONROE DAM RD,27780
2009,3,2,Weekday,300,1-Car,No injury/unknown,UNSAFE SPEED,POPCORN & ROCKPORT RD,27781
2009,9,6,Weekday,1600,2-Car,No injury/unknown,RAN OFF ROAD RIGHT,9301 SOUTH ROCKPORT ROAD RD & POPCORN,27782
2009,10,7,Weekend,1300,2-Car,No injury/unknown,IMPROPER PASSING,KINSER & SR37N,27783
2009,4,4,Weekday,2200,1-Car,Non-incapacitating,ANIMAL/OBJECT IN ROADWAY,CHAPEL HILL & GUTHRIE RD,27784
2009,9,2,Weekday,700,1-Car,Non-incapacitating,RAN OFF ROAD RIGHT,STEWART & VALLEY MISSION RD,27785
2009,3,2,Weekday,400,1-Car,No injury/unknown,RAN OFF ROAD RIGHT,POPCORN & SPRINGVILLE RD,27786
2009,6,4,Weekday,1700,1-Car,No injury/unknown,UNSAFE BACKING,SOUTH OLD STATE RD 37 HWY,27787
2009,7,6,Weekday,1300,1-Car,Non-incapacitating,ANIMAL/OBJECT IN ROADWAY,SR37N & THIRD,27788
2009,2,6,Weekend,1900,1-Car,Non-incapacitating,UNSAFE SPEED,LENTZ RD & NERT,27789
2009,4,3,Weekday,700,1-Car,No injury/unknown,ANIMAL/OBJECT IN ROADWAY,HARRODSBURD & SR37S,27790
2009,1,6,Weekday,800,1-Car,No injury/unknown,RAN OFF ROAD RIGHT,OLD SR37 S HWY & W HOBART,27791
2009,1,7,Weekend,700,1-Car,No injury/unknown,ROADWAY SURFACE CONDITION,PINEGROVE & SR446S,27792
2009,2,4,Weekday,700,2-Car,No injury/unknown,LEFT OF CENTER,LONGHILL DR & STERLING,27793
2009,11,1,Weekend,1700,1-Car,No injury/unknown,ROADWAY SURFACE CONDITION,FRIENDSHIP RD & STATE ROAD 46,27794
2009,12,7,Weekend,1200,2-Car,No injury/unknown,FOLLOWING TOO CLOSELY,LIBERTY DR & W 3RD,27795
2009,1,4,Weekday,600,2-Car,No injury/unknown,ROADWAY SURFACE CONDITION,FAIRFAX & OLD 37 HWY,27796
2009,1,6,Weekday,1300,1-Car,Non-incapacitating,RAN OFF ROAD RIGHT,FAIRFAX RD & SCOTT,27797
2009,8,2,Weekday,1000,3+ Cars,Non-incapacitating,RAN OFF ROAD RIGHT,MOORMAN & S OLD ST RD 37 RD,27798
2009,4,4,Weekday,1500,Moped/Motorcycle,Non-incapacitating,FAILURE TO YIELD RIGHT OF WAY,LIBERTY DR & WEST THIRD,27799
2009,9,7,Weekend,2000,2-Car,Non-incapacitating,LEFT OF CENTER,LIBERTY DR & WEST THIRD,27800
2009,6,2,Weekday,1300,1-Car,No injury/unknown,ANIMAL/OBJECT IN ROADWAY,446 & PINEGROVE RD,27801
2009,1,6,Weekend,1900,2-Car,No injury/unknown,FAILURE TO YIELD RIGHT OF WAY,CEDARWOOD & STANDS DR,27802
2009,1,6,Weekday,1100,2-Car,No injury/unknown,OTHER (DRIVER) - EXPLAIN IN NARRATIVE,E 1ST SANDERS & FAIRFAX RD,27803
2009,1,4,Weekday,1500,2-Car,No injury/unknown,BRAKE FAILURE OR DEFECTIVE,N KINSER PIKE & RILEY,27804
2009,1,4,Weekday,2300,1-Car,No injury/unknown,RAN OFF ROAD RIGHT,45 46 BYP & KINSER,27805
2009,1,4,Weekday,900,1-Car,No injury/unknown,ROADWAY SURFACE CONDITION,BOONES WAY & KIRBY ROAD RD,27806
2009,1,5,Weekday,1700,2-Car,No injury/unknown,DRIVER DISTRACTED - EXPLAIN IN NARRATIVE,45 46 & EAST 10TH ST,27807
2009,1,3,Weekday,1300,2-Car,No injury/unknown,UNSAFE BACKING,GIFFORD & PARKING LOT GARDEN VILLA DRS,27808
2009,1,2,Weekday,1500,2-Car,No injury/unknown,DRIVER DISTRACTED - EXPLAIN IN NARRATIVE,SR 37 HWY,27809
2009,1,2,Weekday,1800,2-Car,No injury/unknown,OTHER (DRIVER) - EXPLAIN IN NARRATIVE,COLLEGE MALL RD RD,27810
2009,1,1,Weekend,100,1-Car,No injury/unknown,ANIMAL/OBJECT IN ROADWAY,OLD 37 NORTH HWY & OLD MYERS,27811
2009,1,3,Weekday,2000,2-Car,No injury/unknown,FOLLOWING TOO CLOSELY,DANIELS WAY WAY & SR48,27812
2009,1,4,Weekday,1600,2-Car,No injury/unknown,ROADWAY SURFACE CONDITION,CURRY PIKE & STATE ROAD 46,27813
2009,1,5,Weekday,1300,2-Car,No injury/unknown,SPEED TOO FAST FOR WEATHER CONDITIONS,N MT TABOR & WOODLAND RD,27814
2009,1,3,Weekday,1800,2-Car,No injury/unknown,VIEW OBSTRUCTED,THIRD ST ST,27815
2009,1,3,Weekday,2300,2-Car,No injury/unknown,UNSAFE BACKING,GENTRY ST & W KIRKWOOD,27816
2009,1,6,Weekday,100,1-Car,No injury/unknown,DRIVER DISTRACTED - EXPLAIN IN NARRATIVE,ROGER & SR37S,27817
2009,1,5,Weekday,2100,1-Car,No injury/unknown,ALCOHOLIC BEVERAGES,EAST POINTE RD,27818
2009,1,3,Weekday,500,2-Car,No injury/unknown,FAILURE TO YIELD RIGHT OF WAY,HOBART & S OLD ST RD 37 RD,27819
2009,1,4,Weekday,1900,3+ Cars,No injury/unknown,ALCOHOLIC BEVERAGES,S MULLER & W 3RD ST,27820
2009,1,5,Weekday,400,1-Car,No injury/unknown,SPEED TOO FAST FOR WEATHER CONDITIONS,COLLEGE AVE & OLD 37 NORTH,27821
2009,1,5,Weekday,2300,2-Car,No injury/unknown,FAILURE TO YIELD RIGHT OF WAY,500 S LANDMARK AVE & IMA EAST DRIVE,27822
2009,1,5,Weekday,1700,2-Car,No injury/unknown,FOLLOWING TOO CLOSELY,SR37N,27823
2009,1,5,Weekday,700,Bus,No injury/unknown,UNSAFE BACKING,WMUSTANG DR DR,27824
2009,1,5,Weekday,900,2-Car,No injury/unknown,FAILURE TO YIELD RIGHT OF WAY,EAST SEVENTEENTH & SR45N,27825
2009,1,2,Weekday,2300,1-Car,No injury/unknown,SPEED TOO FAST FOR WEATHER CONDITIONS,HEDRICK & SR46W,27826
2009,1,3,Weekday,500,1-Car,No injury/unknown,SPEED TOO FAST FOR WEATHER CONDITIONS,45 46 BYP & KINSER,27827
2009,1,2,Weekday,1700,2-Car,No injury/unknown,FAILURE TO YIELD RIGHT OF WAY,ELWREN & GREENE COUNTY LINE RD,27828
2009,1,4,Weekday,1000,1-Car,No injury/unknown,RAN OFF ROAD RIGHT,LIZZY LANE & SOUTH LEONARD SPRINGS RD,27829
2009,1,2,Weekday,1400,Bus,No injury/unknown,ROADWAY SURFACE CONDITION,ELWREN RD & ELWREN RUN AROUND,27830
2009,1,5,Weekday,1000,1-Car,No injury/unknown,SPEED TOO FAST FOR WEATHER CONDITIONS,HOWE ST & ROGERS ST ST,27831
2009,1,6,Weekday,1600,2-Car,No injury/unknown,FOLLOWING TOO CLOSELY,BALFOUR & SR4546E,27832
2009,1,6,Weekday,1500,1-Car,No injury/unknown,ROADWAY SURFACE CONDITION,GILMORE & W REEVES RD,27833
2009,1,7,Weekend,1900,1-Car,No injury/unknown,OVERCORRECTING/OVERSTEERING,46 HWY & FLATWOODS,27834
2009,2,2,Weekday,1000,2-Car,No injury/unknown,ROADWAY SURFACE CONDITION,4111 WEST VERNAL PIKE & ENTRANCE TO GARDEN HILL TRL CR,27835
2009,2,2,Weekday,1000,1-Car,No injury/unknown,SPEED TOO FAST FOR WEATHER CONDITIONS,BENNETT & OLD 37 RD,27836
2009,2,3,Weekday,1000,2-Car,No injury/unknown,ROADWAY SURFACE CONDITION,CASTLE & MCDOUGAL ST,27837
2009,2,3,Weekday,1400,2-Car,No injury/unknown,FOLLOWING TOO CLOSELY,MULLER & W THIRD ST,27838
2009,2,3,Weekday,600,1-Car,No injury/unknown,SPEED TOO FAST FOR WEATHER CONDITIONS,COLLEGE & SR37S,27839
2009,1,7,Weekend,1500,2-Car,No injury/unknown,FAILURE TO YIELD RIGHT OF WAY,300 KINGSTON DR & KMART ACCESS,27840
2009,1,5,Weekday,1100,1-Car,No injury/unknown,OTHER (ENVIRONMENTAL) - EXPLAIN IN NARR,LEAF DUMP & RANGE RD,27841
2009,2,6,Weekday,1100,2-Car,No injury/unknown,FOLLOWING TOO CLOSELY,3RD ST & MULLER,27842
2009,2,7,Weekend,1200,2-Car,No injury/unknown,FOLLOWING TOO CLOSELY,S HENDERSON ST ST & WINSLOW ROAD,27843
2009,2,5,Weekday,1600,2-Car,No injury/unknown,FOLLOWING TOO CLOSELY,BRENNICK & SR45S,27844
2009,2,6,Weekday,1000,2-Car,No injury/unknown,UNSAFE BACKING,PRESIDENTS LOT & S BALLANTINE ST,27845
2009,2,3,Weekday,1300,2-Car,No injury/unknown,ROADWAY SURFACE CONDITION,DANIELS WAY & ZENITH DRIVE DR,27846
2009,2,1,Weekend,300,1-Car,No injury/unknown,OTHER (ENVIRONMENTAL) - EXPLAIN IN NARR,DEER RUN & ECHESTER DR DR,27847
2009,2,2,Weekday,1800,2-Car,No injury/unknown,FOLLOWING TOO CLOSELY,MORNINGSIDE & SMITH R RD,27848
2009,2,5,Weekday,600,1-Car,No injury/unknown,RAN OFF ROAD RIGHT,MOORES PIKE & SARE ROAD RD,27849
2009,2,5,Weekday,700,1-Car,No injury/unknown,SPEED TOO FAST FOR WEATHER CONDITIONS,HARTSTRAIT RD & WALCOT,27850
2009,2,7,Weekend,1200,2-Car,No injury/unknown,SPEED TOO FAST FOR WEATHER CONDITIONS,JACOB DR & OCHARLEYS ACCESS,27851
2009,2,7,Weekend,1800,1-Car,No injury/unknown,RAN OFF ROAD RIGHT,KING & SR46E,27852
2009,2,1,Weekend,1200,2-Car,No injury/unknown,UNSAFE BACKING,S MULLER PKWY,27853
2009,2,1,Weekend,1200,2-Car,No injury/unknown,IMPROPER TURNING,GORDON PIKE & SR37S,27854
2009,2,5,Weekday,800,1-Car,No injury/unknown,ROADWAY SURFACE CONDITION,FENCELINE & GILMORE RD,27855
2009,2,5,Weekday,500,2-Car,No injury/unknown,RAN OFF ROAD RIGHT,PARKING LOT RD & W  ST RD 48,27856
2009,2,5,Weekday,1300,2-Car,No injury/unknown,FOLLOWING TOO CLOSELY,LANDMARK AVE & WEST 3 ST ST,27857
2009,2,4,Weekday,800,2-Car,No injury/unknown,FOLLOWING TOO CLOSELY,CHAFINCHAPEL RD & SR46,27858
2009,2,6,Weekday,1700,2-Car,No injury/unknown,FAILURE TO YIELD RIGHT OF WAY,ALLEY BW 3RD ST AND SMITH ALY & ALLEY BW LINCOLN AND GRANT,27859
2009,2,7,Weekend,2300,1-Car,No injury/unknown,RAN OFF ROAD RIGHT,S OLD 37 HWY,27860
2009,3,1,Weekend,1600,2-Car,No injury/unknown,FAILURE TO YIELD RIGHT OF WAY,6 & WALNUT ST,27861
2009,2,7,Weekend,2200,2-Car,No injury/unknown,DRIVER DISTRACTED - EXPLAIN IN NARRATIVE,SISCOE & SR46W,27862
2009,3,2,Weekday,1100,2-Car,No injury/unknown,DRIVER DISTRACTED - EXPLAIN IN NARRATIVE,45 46 BYP & E 3RD,27863
2009,3,4,Weekday,800,2-Car,No injury/unknown,OTHER (DRIVER) - EXPLAIN IN NARRATIVE,45 46 BYPASS & SR4546W,27864
2009,3,3,Weekday,2200,1-Car,No injury/unknown,UNSAFE SPEED,9100  BLK  S OLD SR 37 & SOUTH OLD STATE ROAD 37 HWY,27865
2009,3,5,Weekday,1300,2-Car,No injury/unknown,FAILURE TO YIELD RIGHT OF WAY,ALLEY BW DUNN AND INDIANA ST & N DUNN ST,27866
2009,3,7,Weekend,1200,2-Car,No injury/unknown,FAILURE TO YIELD RIGHT OF WAY,GATES DR DR & W 3RD ST,27867
2009,3,7,Weekend,1400,2-Car,No injury/unknown,DISREGARD SIGNAL/REG SIGN,COLLEGE MALL RD & ENTRANCE TO COLLEGE MALL,27868
2009,3,2,Weekday,1300,2-Car,No injury/unknown,FOLLOWING TOO CLOSELY,BLOOMFIELD RD RD & CURRY    LEONARD SPRINGS RD,27869
2009,3,3,Weekday,200,1-Car,No injury/unknown,OTHER (DRIVER) - EXPLAIN IN NARRATIVE,CLOSED PORTION OF THAT RD & FULLERTON PIKE,27870
2009,3,5,Weekday,1400,2-Car,Non-incapacitating,IMPROPER TURNING,BASSWOOD DR & MULLER,27871
2009,3,4,Weekday,700,1-Car,No injury/unknown,ANIMAL/OBJECT IN ROADWAY,SR46E & TWIN LEAF,27872
2009,3,4,Weekday,1300,2-Car,No injury/unknown,OTHER (DRIVER) - EXPLAIN IN NARRATIVE,1790 E TENTH PARKING LOT SQS & TENTH,27873
2009,3,6,Weekday,1700,1-Car,No injury/unknown,BRAKE FAILURE OR DEFECTIVE,COLLEGE AVE,27874
2009,3,7,Weekend,1100,2-Car,No injury/unknown,FAILURE TO YIELD RIGHT OF WAY,PARKING LOTOF SUPER WALMART MALL & WALMART PARKING LOT,27875
2009,3,5,Weekday,600,1-Car,No injury/unknown,ANIMAL/OBJECT IN ROADWAY,ROCKEAST ROAD & ROCKPORT ROAD RD,27876
2009,3,4,Weekday,2200,1-Car,No injury/unknown,OTHER (ENVIRONMENTAL) - EXPLAIN IN NARR,FOX HOLLOW & OLD 37 NORTH RD,27877
2009,3,7,Weekend,1100,1-Car,No injury/unknown,OTHER (VEHICLE) - EXPLAIN IN NARRATIVE,SR46W,27878
2009,3,5,Weekday,1200,2-Car,No injury/unknown,FAILURE TO YIELD RIGHT OF WAY,NORTH & NORTH RANGE RD,27879
2009,3,6,Weekday,300,2-Car,No injury/unknown,ALCOHOLIC BEVERAGES,1400 BLK UNIVERSITY & 613 S JORDAN AVE,27880
2009,4,5,Weekday,1600,2-Car,No injury/unknown,FOLLOWING TOO CLOSELY,STATE ROAD 37 SOUTH RAMP,27881
2009,4,6,Weekday,300,1-Car,No injury/unknown,RAN OFF ROAD RIGHT,DAVIS & RODGERS ST,27882
2009,4,2,Weekday,1300,2-Car,No injury/unknown,FOLLOWING TOO CLOSELY,3RD ST & MULLER,27883
2009,4,3,Weekday,900,2-Car,No injury/unknown,OTHER (DRIVER) - EXPLAIN IN NARRATIVE,3RD ST & MULLER,27884
2009,4,1,Weekend,1400,Pedestrian,Non-incapacitating,OTHER (DRIVER) - EXPLAIN IN NARRATIVE,BALLANTINE PARKING GARAGE,27885
2009,4,2,Weekday,1000,2-Car,No injury/unknown,UNSAFE BACKING,JORDAN AVE,27886
2009,4,4,Weekday,900,1-Car,No injury/unknown,OTHER (DRIVER) - EXPLAIN IN NARRATIVE,11TH & FEE LANE PARKING GARAGE DR,27887
2009,4,6,Weekday,1100,2-Car,No injury/unknown,OTHER (DRIVER) - EXPLAIN IN NARRATIVE,EAST TRIRD ST,27888
2009,4,1,Weekend,1600,2-Car,No injury/unknown,FOLLOWING TOO CLOSELY,SR 37 HWY,27889
2009,4,1,Weekday,2000,2-Car,No injury/unknown,UNSAFE BACKING,JACOB DR,27890
2009,4,4,Weekday,1900,2-Car,No injury/unknown,FAILURE TO YIELD RIGHT OF WAY,INDIANA STATE ROAD 46 & SALE ST,27891
2009,4,4,Weekday,1000,2-Car,No injury/unknown,OTHER (DRIVER) - EXPLAIN IN NARRATIVE,LOUDEN RD & VERNAL,27892
2009,4,2,Weekday,700,2-Car,No injury/unknown,UNSAFE BACKING,CARDINAL & OLD WALNUT STREET PIKE,27893
2009,4,3,Weekday,900,2-Car,No injury/unknown,FAILURE TO YIELD RIGHT OF WAY,E 3RD ST & NE ENT EASTLAND,27894
2009,4,4,Weekday,500,1-Car,No injury/unknown,ANIMAL/OBJECT IN ROADWAY,DEER & RATLIFF RD,27895
2009,4,4,Weekday,1000,2-Car,No injury/unknown,DRIVER DISTRACTED - EXPLAIN IN NARRATIVE,900 EAST 7TH & IMU CIR,27896
2009,4,5,Weekday,700,2-Car,Non-incapacitating,UNSAFE SPEED,FOSTER FISCUS & SR46E,27897
2009,4,7,Weekend,1300,2-Car,No injury/unknown,FAILURE TO YIELD RIGHT OF WAY,ENDWRIGHT RD & KARST PARK,27898
2009,4,3,Weekday,700,2-Car,No injury/unknown,ANIMAL/OBJECT IN ROADWAY,WALNUT STREET PIKE & WINSLOW RD RD,27899
2009,4,5,Weekday,200,2-Car,No injury/unknown,NONE (VEHICLE),DEER RUN RUN & RATLIFF,27900
2009,4,1,Weekend,1300,2-Car,No injury/unknown,FOLLOWING TOO CLOSELY,NORTH JORDAN AVE & WELLS LIBRARY,27901
2009,4,2,Weekday,1400,2-Car,No injury/unknown,UNSAFE BACKING,MUSICAL ARTS CENTER DR,27902