year,month,day,weekend,hour,collision_type,injury_type,primary_factor,reported_location,unique_id
2008,8,3,Weekday,1500,Moped/Motorcycle,No injury/unknown,FAILURE TO YIELD RIGHT OF WAY,14TH & COLLEGE AVE,29166
2008,8,3,Weekday,1700,2-Car,No injury/unknown,FAILURE TO YIELD RIGHT OF WAY,14TH & COLLEGE AVE,29167
2008,8,5,Weekday,1400,2-Car,No injury/unknown,UNSAFE BACKING,COLLEGE AVE,29168
2008,2,1,Weekend,300,1-Car,Non-incapacitating,DRIVER DISTRACTED - EXPLAIN IN NARRATIVE,JONES & NORTH JORDAN AVE,29169
2008,6,6,Weekday,1300,2-Car,No injury/unknown,FAILURE TO YIELD RIGHT OF WAY,14TH ST & WASHINGTON,29170
2008,1,4,Weekday,1700,Cyclist,Non-incapacitating,FAILURE TO YIELD RIGHT OF WAY,14TH ST & WALNUT,29171
2008,3,7,Weekend,2200,2-Car,Non-incapacitating,IMPROPER TURNING,14TH & WALNUT ST,29172
2008,7,2,Weekday,1700,2-Car,No injury/unknown,IMPROPER TURNING,14TH & WALNUT ST,29173
2008,8,2,Weekday,1600,2-Car,No injury/unknown,IMPROPER TURNING,14TH & WALNUT ST,29174
2008,8,4,Weekday,1900,2-Car,No injury/unknown,IMPROPER TURNING,14TH & WALNUT ST,29175
2008,8,1,Weekend,1400,2-Car,No injury/unknown,OTHER (DRIVER) - EXPLAIN IN NARRATIVE,14TH & WALNUT ST,29176
2008,10,7,Weekend,2300,2-Car,No injury/unknown,FAILURE TO YIELD RIGHT OF WAY,14TH & N WALNUT ST,29177
2008,3,2,Weekday,1600,3+ Cars,Non-incapacitating,SPEED TOO FAST FOR WEATHER CONDITIONS,SR37N & VERNAL,29178
2008,9,6,Weekday,1200,1-Car,No injury/unknown,SPEED TOO FAST FOR WEATHER CONDITIONS,SR37N & VERNAL,29179
2008,11,3,Weekday,1300,3+ Cars,No injury/unknown,OTHER (DRIVER) - EXPLAIN IN NARRATIVE,SR37N & VERNAL,29180
2008,5,7,Weekend,1700,2-Car,No injury/unknown,UNSAFE SPEED,13TH & DUNN ST,29181
2008,9,5,Weekday,1600,1-Car,No injury/unknown,SPEED TOO FAST FOR WEATHER CONDITIONS,13TH & DUNN ST,29182
2008,9,1,Weekend,200,1-Car,Non-incapacitating,UNSAFE SPEED,DUNN & THIRTEENTH ST,29183
2008,10,3,Weekday,1900,2-Car,No injury/unknown,SPEED TOO FAST FOR WEATHER CONDITIONS,E 13TH ST & N DUNN,29184
2008,12,7,Weekend,1200,Pedestrian,No injury/unknown,ROADWAY SURFACE CONDITION,500 E 13TH ST & N DUNN,29185
2008,12,7,Weekend,1000,1-Car,No injury/unknown,OTHER (DRIVER) - EXPLAIN IN NARRATIVE,13TH ST & DUNN,29186
2008,1,7,Weekend,1300,2-Car,No injury/unknown,FAILURE TO YIELD RIGHT OF WAY,13TH & INDIANA AVE,29187
2008,4,7,Weekend,2300,3+ Cars,No injury/unknown,FOLLOWING TOO CLOSELY,13 ST & INDIANA,29188
2008,4,1,Weekend,1200,2-Car,No injury/unknown,FAILURE TO YIELD RIGHT OF WAY,13TH & INDIANA AVE,29189
2008,4,3,Weekday,1500,2-Car,No injury/unknown,FAILURE TO YIELD RIGHT OF WAY,13TH ST & INDIANA,29190
2008,5,4,Weekday,1400,2-Car,No injury/unknown,FAILURE TO YIELD RIGHT OF WAY,13TH & INDIANA AVE,29191
2008,8,2,Weekday,2000,2-Car,No injury/unknown,FAILURE TO YIELD RIGHT OF WAY,13TH & INDIANA AVE,29192
2008,8,2,Weekday,1100,1-Car,No injury/unknown,OTHER (DRIVER) - EXPLAIN IN NARRATIVE,13TH & INDIANA AVE,29193
2008,8,1,Weekend,1600,2-Car,No injury/unknown,FAILURE TO YIELD RIGHT OF WAY,13TH & INDIANA AVE,29194
2008,9,2,Weekday,1800,2-Car,No injury/unknown,FAILURE TO YIELD RIGHT OF WAY,13TH ST & INDIANA,29195
2008,9,7,Weekend,1900,Moped/Motorcycle,Non-incapacitating,ALCOHOLIC BEVERAGES,13TH ST & INDIANA,29196
2008,9,5,Weekday,800,Bus,No injury/unknown,FAILURE TO YIELD RIGHT OF WAY,13TH & INDIANA AVE,29197
2008,10,5,Weekday,2100,2-Car,No injury/unknown,FAILURE TO YIELD RIGHT OF WAY,EAST 13TH & N INDIANA AVE,29198
2008,11,3,Weekday,1500,2-Car,No injury/unknown,FAILURE TO YIELD RIGHT OF WAY,E 13TH & N INDIANA AVE,29199
2008,11,7,Weekend,1800,2-Car,Non-incapacitating,FAILURE TO YIELD RIGHT OF WAY,13TH & INDIANA AVE,29200
2008,12,6,Weekday,1600,2-Car,No injury/unknown,UNSAFE BACKING,13TH ST & INDIANA,29201
2008,12,7,Weekend,2300,2-Car,No injury/unknown,FAILURE TO YIELD RIGHT OF WAY,13TH & INDIANA AVE,29202
2008,11,7,Weekend,800,1-Car,No injury/unknown,ANIMAL/OBJECT IN ROADWAY,ETTER & SR45E,29203
2008,11,6,Weekend,2100,2-Car,No injury/unknown,OTHER (DRIVER) - EXPLAIN IN NARRATIVE,N OBRIEN PL & STONEYCREST,29204
2008,11,3,Weekday,1600,2-Car,Non-incapacitating,LEFT OF CENTER,OLD STATE ROAD 37 RD & STATE ROAD 37 SOUTH,29205
2008,2,6,Weekday,1200,2-Car,No injury/unknown,ROADWAY SURFACE CONDITION,E 13TH ST & N WOODLAWN,29206
2008,12,2,Weekday,1500,2-Car,No injury/unknown,FAILURE TO YIELD RIGHT OF WAY,1ST & WALKER ST,29207
2008,7,3,Weekday,1600,2-Car,No injury/unknown,OTHER (DRIVER) - EXPLAIN IN NARRATIVE,COLLEGE ST,29208
2008,5,6,Weekday,1600,2-Car,Non-incapacitating,FOLLOWING TOO CLOSELY,SR37N & VERNAL,29209
2008,4,7,Weekend,2300,2-Car,No injury/unknown,FAILURE TO YIELD RIGHT OF WAY,13TH ST & WALNUT GROVE,29210
2008,3,2,Weekday,1100,2-Car,Non-incapacitating,FAILURE TO YIELD RIGHT OF WAY,13TH ST & WALNUT,29211
2008,3,1,Weekend,0,2-Car,No injury/unknown,UNSAFE BACKING,N MAPLE ST,29212
2008,10,3,Weekday,1800,2-Car,No injury/unknown,IMPROPER PASSING,E 10 ST,29213
2008,2,4,Weekday,900,2-Car,No injury/unknown,FAILURE TO YIELD RIGHT OF WAY,1000 WOODLAWN & 900 EAST 13TH ST,29214
2008,2,6,Weekday,1500,2-Car,No injury/unknown,UNSAFE BACKING,N FEE LN,29215
2008,3,5,Weekday,0,1-Car,No injury/unknown,ALCOHOLIC BEVERAGES,10TH ST & ROGERS,29216
2008,3,6,Weekday,1700,2-Car,No injury/unknown,FOLLOWING TOO CLOSELY,13TH ST & FEE,29217
2008,4,6,Weekday,700,2-Car,No injury/unknown,FAILURE TO YIELD RIGHT OF WAY,10TH ST & ROGERS,29218
2008,5,2,Weekday,1400,2-Car,No injury/unknown,IMPROPER TURNING,13TH ST & FEE,29219
2008,7,2,Weekday,800,2-Car,No injury/unknown,UNSAFE SPEED,N FEE LN,29220
2008,9,4,Weekday,1100,Moped/Motorcycle,Non-incapacitating,FAILURE TO YIELD RIGHT OF WAY,13TH & FEE LN,29221
2008,10,2,Weekday,1900,1-Car,No injury/unknown,NONE (DRIVER),N FEE LN,29222
2008,11,5,Weekday,2300,2-Car,No injury/unknown,FAILURE TO YIELD RIGHT OF WAY,13TH & FEE LN,29223
2008,12,5,Weekday,2300,2-Car,No injury/unknown,UNSAFE BACKING,N FEE LN,29224
2008,10,1,Weekend,300,1-Car,No injury/unknown,ALCOHOLIC BEVERAGES,CRESCENT DR & VERNAL,29225
2008,1,7,Weekend,1500,2-Car,No injury/unknown,UNSAFE BACKING,E 13TH ST,29226
2008,5,2,Weekday,900,2-Car,No injury/unknown,UNSAFE BACKING,CRESCENT RD & VERNAL,29227
2008,7,5,Weekday,1300,2-Car,No injury/unknown,FAILURE TO YIELD RIGHT OF WAY,N CRESANT & W VERNAL PIKE,29228
2008,1,5,Weekday,1700,2-Car,No injury/unknown,UNSAFE BACKING,13TH STREET PARKING LOT ST,29229
2008,1,4,Weekday,1700,2-Car,No injury/unknown,IMPROPER TURNING,14TH & 800 BLK N COLLEGE AVE,29230
2008,5,7,Weekend,0,2-Car,Non-incapacitating,ALCOHOLIC BEVERAGES,SR37N & VERNAL,29231
2008,5,3,Weekday,700,3+ Cars,Non-incapacitating,UNSAFE SPEED,SR37N & VERNAL,29232
2008,1,4,Weekday,700,2-Car,No injury/unknown,FOLLOWING TOO CLOSELY,SR 45 46 BYPASS & SR45E,29233
2008,11,7,Weekend,1900,2-Car,Non-incapacitating,FAILURE TO YIELD RIGHT OF WAY,12TH ST & DUNN,29234
2008,12,3,Weekday,1400,2-Car,No injury/unknown,SPEED TOO FAST FOR WEATHER CONDITIONS,CURRY PIKE & WOODYARD,29235
2008,5,3,Weekday,200,2-Car,No injury/unknown,UNSAFE BACKING,12TH ST,29236
2008,7,4,Weekday,2000,2-Car,No injury/unknown,UNSAFE BACKING,12TH ST,29237
2008,3,2,Weekday,1700,2-Car,No injury/unknown,OTHER (DRIVER) - EXPLAIN IN NARRATIVE,12TH & INDIANA AVE,29238
2008,3,6,Weekend,2100,2-Car,No injury/unknown,FAILURE TO YIELD RIGHT OF WAY,12TH & INDIANA AVE,29239
2008,6,1,Weekday,2300,Pedestrian,Non-incapacitating,PEDESTRIAN ACTION,12TH & 808 N WASHINGTON ST,29240
2008,8,1,Weekend,1400,2-Car,No injury/unknown,FAILURE TO YIELD RIGHT OF WAY,12TH & INDIANA AVE,29241
2008,9,7,Weekend,0,Cyclist,Non-incapacitating,PEDESTRIAN ACTION,12TH & INDIANA AVE,29242
2008,9,6,Weekday,1100,Cyclist,Non-incapacitating,FAILURE TO YIELD RIGHT OF WAY,12TH STREET ST & INDIANA AVE,29243
2008,11,4,Weekday,1400,2-Car,No injury/unknown,FAILURE TO YIELD RIGHT OF WAY,E 12TH & N INDIANA AVE,29244
2008,12,4,Weekday,1100,2-Car,No injury/unknown,OTHER (DRIVER) - EXPLAIN IN NARRATIVE,12TH ST & WALNUT,29245
2008,9,4,Weekday,1500,2-Car,No injury/unknown,OTHER (DRIVER) - EXPLAIN IN NARRATIVE,12TH ST & ILLINOIS,29246
2008,3,1,Weekend,300,2-Car,No injury/unknown,OTHER (DRIVER) - EXPLAIN IN NARRATIVE,E 12TH ST & N WALNUT,29247
2008,4,4,Weekday,1600,2-Car,No injury/unknown,UNSAFE BACKING,N ILLINOIS ST & W 12TH,29248
2008,12,7,Weekend,1400,2-Car,No injury/unknown,ROADWAY SURFACE CONDITION,12TH & 915 N LINDBERGH ST,29249
2008,1,4,Weekday,1700,2-Car,No injury/unknown,FAILURE TO YIELD RIGHT OF WAY,WEST 12TH ST,29250
2008,10,2,Weekday,900,2-Car,No injury/unknown,UNSAFE SPEED,JORDAN AVE & LAW,29251
2008,4,3,Weekday,1600,2-Car,No injury/unknown,FOLLOWING TOO CLOSELY,FEE LN & LAW,29252
2008,9,7,Weekend,1100,2-Car,No injury/unknown,FAILURE TO YIELD RIGHT OF WAY,FEE LN & LAW,29253
2008,10,3,Weekday,1800,2-Car,No injury/unknown,FOLLOWING TOO CLOSELY,FEE LN & LAW,29254
2008,10,5,Weekday,1100,2-Car,No injury/unknown,IMPROPER TURNING,FEE LN & LAW,29255
2008,12,2,Weekday,2300,Bus,Non-incapacitating,FAILURE TO YIELD RIGHT OF WAY,FEE LN & LAW,29256
2008,7,5,Weekday,1300,1-Car,No injury/unknown,OTHER (VEHICLE) - EXPLAIN IN NARRATIVE,FEE LN & LAW,29257
2008,4,3,Weekday,1000,2-Car,No injury/unknown,OTHER (DRIVER) - EXPLAIN IN NARRATIVE,JORDAN & LAW LN,29258
2008,12,7,Weekend,1100,1-Car,No injury/unknown,SPEED TOO FAST FOR WEATHER CONDITIONS,BREASIDE & PETE ELLIS DR,29259
2008,2,7,Weekend,300,1-Car,No injury/unknown,SPEED TOO FAST FOR WEATHER CONDITIONS,11TH & WALNUT ST,29260
2008,2,3,Weekday,1900,2-Car,No injury/unknown,ROADWAY SURFACE CONDITION,JORDAN AVE & LAW,29261
2008,10,3,Weekday,1700,1-Car,No injury/unknown,RAN OFF ROAD RIGHT,LEONARDSPRINGS RD & WEST HWY 45,29262
2008,5,3,Weekday,1100,3+ Cars,No injury/unknown,OTHER (VEHICLE) - EXPLAIN IN NARRATIVE,JORDAN & LAW LN,29263
2008,4,1,Weekday,2000,2-Car,No injury/unknown,UNSAFE BACKING,FEE & LAW LN,29264
2008,2,1,Weekend,0,2-Car,No injury/unknown,FAILURE TO YIELD RIGHT OF WAY,JORDAN & LAW LN,29265
2008,2,3,Weekday,1800,1-Car,No injury/unknown,SPEED TOO FAST FOR WEATHER CONDITIONS,JORDAN AVE & LAW,29266
2008,2,3,Weekday,1900,2-Car,Non-incapacitating,ROADWAY SURFACE CONDITION,JORDAN AVE & LAW,29267
2008,2,3,Weekday,1900,3+ Cars,No injury/unknown,ROADWAY SURFACE CONDITION,JORDAN AVE & LAW,29268
2008,2,3,Weekday,2300,2-Car,Non-incapacitating,DISREGARD SIGNAL/REG SIGN,JORDAN & LAW LN,29269
2008,9,6,Weekday,100,2-Car,No injury/unknown,FAILURE TO YIELD RIGHT OF WAY,LAW & NORTH JORDAN AVE,29270
2008,9,6,Weekday,1100,Cyclist,Non-incapacitating,UNSAFE SPEED,LAW & NORTH JORDAN AVE,29271
2008,10,6,Weekday,200,2-Car,No injury/unknown,IMPROPER TURNING,JORDAN AVE & LAW,29272
2008,10,6,Weekday,1400,2-Car,No injury/unknown,UNSAFE SPEED,JORDAN AVE & LAW,29273
2008,12,7,Weekend,1000,2-Car,No injury/unknown,OTHER (ENVIRONMENTAL) - EXPLAIN IN NARR,JORDAN AVE & LAW,29274
2008,5,7,Weekend,100,1-Car,No injury/unknown,OVERCORRECTING/OVERSTEERING,11TH & COLLEGE AVE,29275
2008,6,1,Weekend,500,2-Car,No injury/unknown,ALCOHOLIC BEVERAGES,11TH & COLLEGE AVE,29276
2008,10,5,Weekday,1200,2-Car,No injury/unknown,FAILURE TO YIELD RIGHT OF WAY,11TH & 700 BLOCK N COLLEGE AVE,29277
2008,2,5,Weekday,900,2-Car,Non-incapacitating,FAILURE TO YIELD RIGHT OF WAY,ENTRANCE TO UITS COMPLEX & SR46E,29278
2008,1,2,Weekday,1200,2-Car,No injury/unknown,FAILURE TO YIELD RIGHT OF WAY,11TH ST & GRANT,29279
2008,4,1,Weekend,100,2-Car,Non-incapacitating,FAILURE TO YIELD RIGHT OF WAY,11TH & PARK ST,29280
2008,10,1,Weekend,1600,2-Car,No injury/unknown,OTHER (DRIVER) - EXPLAIN IN NARRATIVE,E 11TH ST,29281
2008,10,7,Weekend,1300,2-Car,No injury/unknown,IMPROPER PASSING,WOODBRIDGE DR,29282
2008,12,7,Weekend,1100,2-Car,No injury/unknown,LEFT OF CENTER,WOODBRIDGE DR,29283
2008,9,5,Weekday,700,2-Car,No injury/unknown,UNSAFE BACKING,JORDAN AVE,29284
2008,1,4,Weekday,900,2-Car,No injury/unknown,UNSAFE BACKING,ILLINOIS & ILLINOIS CT,29285
2008,2,6,Weekday,1000,1-Car,No injury/unknown,ROADWAY SURFACE CONDITION,VERNAL & WEST 11TH ST,29286
2008,2,6,Weekday,1000,2-Car,No injury/unknown,ROADWAY SURFACE CONDITION,VERNAL & WEST 11TH ST,29287
2008,8,3,Weekday,900,2-Car,No injury/unknown,UNSAFE BACKING,W 11TH ST,29288
2008,9,1,Weekend,1100,3+ Cars,No injury/unknown,UNSAFE BACKING,W 11TH ST,29289
2008,11,5,Weekday,1900,2-Car,No injury/unknown,ALCOHOLIC BEVERAGES,11TH ST & BLAIR,29290
2008,12,5,Weekday,2000,2-Car,No injury/unknown,UNSAFE BACKING,ILLINOIS CT & N ILLINOIS,29291
2008,1,3,Weekday,1500,2-Car,No injury/unknown,OTHER (DRIVER) - EXPLAIN IN NARRATIVE,WEST 11TH ST,29292
2008,8,7,Weekend,1700,2-Car,No injury/unknown,FAILURE TO YIELD RIGHT OF WAY,11TH ST & WALNUT,29293
2008,1,3,Weekday,2300,2-Car,No injury/unknown,ROADWAY SURFACE CONDITION,11TH & COLLEGE AVE,29294
2008,5,7,Weekend,100,2-Car,No injury/unknown,RAN OFF ROAD RIGHT,11TH & COLLAGE AVE,29295
2008,9,4,Weekday,1600,2-Car,No injury/unknown,FOLLOWING TOO CLOSELY,11TH & COLLEGE AVE,29296
2008,12,1,Weekday,2000,2-Car,No injury/unknown,RAN OFF ROAD RIGHT,11TH & COLLEGE AVE,29297
2008,5,2,Weekday,1100,2-Car,No injury/unknown,UTILITY WORK,11TH ST & MORTON ST ST,29298
2008,5,6,Weekday,400,1-Car,No injury/unknown,ANIMAL/OBJECT IN ROADWAY,MORTON & W 11TH ST,29299
2008,1,5,Weekday,1000,2-Car,Non-incapacitating,OTHER (DRIVER) - EXPLAIN IN NARRATIVE,11TH & ROGERS ST,29300
2008,3,6,Weekend,2000,2-Car,Non-incapacitating,UNSAFE SPEED,11TH & N ROGERS ST,29301
2008,5,3,Weekday,1500,2-Car,No injury/unknown,FAILURE TO YIELD RIGHT OF WAY,N ROGERS ST & W 11TH,29302
2008,8,4,Weekday,1400,2-Car,No injury/unknown,IMPROPER LANE USAGE,ROGERS & W 11TH ST,29303
2008,9,1,Weekday,2200,2-Car,No injury/unknown,DISREGARD SIGNAL/REG SIGN,N ROGERS ST & W 11TH,29304
2008,5,4,Weekday,900,2-Car,No injury/unknown,UNSAFE SPEED,FAIRVIEW STREET & W 11TH STREET ST,29305
2008,7,5,Weekday,1200,2-Car,No injury/unknown,IMPROPER TURNING,11TH & MORTON ST,29306
2008,12,2,Weekday,2100,1-Car,Non-incapacitating,ACCELERATOR FAILURE OR DEFECTIVE,GRAY ST & VERNAL,29307
2008,2,1,Weekend,600,2-Car,No injury/unknown,FAILURE TO YIELD RIGHT OF WAY,E SUMMIT PL,29308
2008,3,3,Weekday,1900,2-Car,No injury/unknown,UNSAFE BACKING,LAW LN,29309
2008,4,5,Weekday,2200,2-Car,No injury/unknown,OTHER (DRIVER) - EXPLAIN IN NARRATIVE,E LAW LN,29310
2008,7,6,Weekday,1800,2-Car,No injury/unknown,UNSAFE BACKING,E LAW LN,29311
2008,2,3,Weekday,1100,2-Car,No injury/unknown,ROADWAY SURFACE CONDITION,WOODBRIDGE DR,29312
2008,2,3,Weekday,1600,2-Car,No injury/unknown,FAILURE TO YIELD RIGHT OF WAY,6TH & WALNUT ST,29313
2008,7,4,Weekday,1000,1-Car,No injury/unknown,UNSAFE BACKING,N FEE LN,29314
2008,9,1,Weekend,1200,2-Car,No injury/unknown,OTHER (DRIVER) - EXPLAIN IN NARRATIVE,N FEE LN,29315
2008,3,5,Weekday,700,1-Car,No injury/unknown,ROADWAY SURFACE CONDITION,10TH & N SMITH RD,29316
2008,4,4,Weekday,1300,2-Car,No injury/unknown,FAILURE TO YIELD RIGHT OF WAY,E 10TH STREET ST & SMITH ROAD,29317
2008,11,6,Weekday,1300,2-Car,No injury/unknown,FAILURE TO YIELD RIGHT OF WAY,800 NORTH SMITH RD & E 10TH,29318
2008,5,6,Weekday,1500,2-Car,No injury/unknown,FAILURE TO YIELD RIGHT OF WAY,10TH ST & SMITH,29319
2008,8,1,Weekend,0,1-Car,Fatal,RAN OFF ROAD RIGHT,W VERNAL PIKE,29320
2008,3,7,Weekend,1900,2-Car,No injury/unknown,FAILURE TO YIELD RIGHT OF WAY,COTTAGE GRV & WOODLAWN,29321
2008,8,2,Weekday,2300,2-Car,No injury/unknown,OTHER (DRIVER) - EXPLAIN IN NARRATIVE,COTTAGE GRV & PARK,29322
2008,10,4,Weekday,900,2-Car,No injury/unknown,UNSAFE BACKING,600 N WALNUT GROVE & 900 E COTTAGE GROVE ST,29323
2008,11,7,Weekend,1300,2-Car,No injury/unknown,DISREGARD SIGNAL/REG SIGN,COTTAGE GROVE AVE & GRANT,29324
2008,11,6,Weekday,1300,2-Car,No injury/unknown,OTHER (DRIVER) - EXPLAIN IN NARRATIVE,E COTTAGE GROVE AVE & N GRANT,29325
2008,12,1,Weekend,1600,2-Car,No injury/unknown,FAILURE TO YIELD RIGHT OF WAY,COTTAGE & INDIANA AVE,29326
2008,3,5,Weekday,1500,Bus,No injury/unknown,IMPROPER LANE USAGE,KIRKWOOD & LINCOLN ST,29327
2008,12,7,Weekend,200,2-Car,No injury/unknown,DRIVER DISTRACTED - EXPLAIN IN NARRATIVE,COTTAGE GROVE & DUNN ST,29328
2008,12,6,Weekend,2200,2-Car,No injury/unknown,UNSAFE SPEED,EAST COTTAGE GROVE RD,29329
2008,2,1,Weekend,1100,2-Car,No injury/unknown,WRONG WAY ON ONE WAY,COTTAGE & WOODLAWN AVE,29330
2008,2,3,Weekday,1700,2-Car,No injury/unknown,OTHER (ENVIRONMENTAL) - EXPLAIN IN NARR,COTTAGE & FORREST AVE,29331
2008,1,1,Weekday,2100,1-Car,No injury/unknown,DRIVER DISTRACTED - EXPLAIN IN NARRATIVE,NORTH FEE LN,29332
2008,1,4,Weekday,1900,2-Car,No injury/unknown,OTHER (DRIVER) - EXPLAIN IN NARRATIVE,FEE LN,29333
2008,4,3,Weekday,1800,2-Car,No injury/unknown,FAILURE TO YIELD RIGHT OF WAY,10TH & WALNUT ST,29334
2008,6,1,Weekend,1000,1-Car,No injury/unknown,UNSAFE BACKING,NORTH UNION ST,29335
2008,7,3,Weekday,1000,2-Car,No injury/unknown,OTHER (VEHICLE) - EXPLAIN IN NARRATIVE,NORTH UNION ST,29336
2008,1,7,Weekend,1800,2-Car,No injury/unknown,UNSAFE BACKING,LAW LN & UNION,29337
2008,2,1,Weekday,1900,1-Car,No injury/unknown,UNSAFE BACKING,N UNION ST,29338
2008,5,7,Weekend,300,2-Car,No injury/unknown,OTHER (DRIVER) - EXPLAIN IN NARRATIVE,N UNION ST,29339
2008,2,5,Weekday,1400,2-Car,No injury/unknown,DRIVER DISTRACTED - EXPLAIN IN NARRATIVE,10TH & WALNUT ST,29340
2008,6,4,Weekday,1500,2-Car,No injury/unknown,DRIVER DISTRACTED - EXPLAIN IN NARRATIVE,CURRY PIKE & PROFILE,29341
2008,9,4,Weekday,1300,2-Car,No injury/unknown,UNSAFE BACKING,CURRY & PROFILE PARKWAY RD,29342
2008,1,2,Weekday,1400,2-Car,No injury/unknown,OTHER (DRIVER) - EXPLAIN IN NARRATIVE,WHITEHALL CROSSING BLVD,29343
2008,8,7,Weekend,1500,2-Car,No injury/unknown,UNSAFE BACKING,WHITEHALL CROSSING BLVD,29344
2008,4,1,Weekend,200,1-Car,No injury/unknown,ALCOHOLIC BEVERAGES,EAST 10TH ST & GRANDVIEW,29345
2008,5,5,Weekday,1500,2-Car,No injury/unknown,ALCOHOLIC BEVERAGES,N CURRY PIKE,29346
2008,9,4,Weekday,300,2-Car,No injury/unknown,FOLLOWING TOO CLOSELY,E 10TH ST & GRANDVIEW,29347
2008,1,4,Weekday,1300,2-Car,No injury/unknown,UNSAFE BACKING,10TH ST & COLLEGE,29348
2008,8,4,Weekday,800,1-Car,No injury/unknown,OTHER (DRIVER) - EXPLAIN IN NARRATIVE,10TH ST & COLLEGE,29349
2008,1,5,Weekday,1500,2-Car,No injury/unknown,IMPROPER LANE USAGE,10TH & WALNUT ST,29350
2008,1,2,Weekday,1500,2-Car,Non-incapacitating,FAILURE TO YIELD RIGHT OF WAY,10 ST & COLLEGE,29351
2008,1,3,Weekday,2300,3+ Cars,No injury/unknown,ROADWAY SURFACE CONDITION,10TH & NORTH COLLEGE AVENUE AVE,29352
2008,2,4,Weekday,900,2-Car,No injury/unknown,FAILURE TO YIELD RIGHT OF WAY,10TH ST & COLLEGE,29353
2008,3,3,Weekday,2000,2-Car,No injury/unknown,FAILURE TO YIELD RIGHT OF WAY,10TH & WALNUT ST,29354
2008,4,1,Weekend,300,2-Car,No injury/unknown,ALCOHOLIC BEVERAGES,10TH ST & WALNUT,29355
2008,5,7,Weekend,200,2-Car,No injury/unknown,FAILURE TO YIELD RIGHT OF WAY,10TH & N COLLEGE AVE,29356
2008,5,5,Weekday,700,2-Car,Non-incapacitating,FAILURE TO YIELD RIGHT OF WAY,10TH STREET & COLLEGE AVE AVE,29357
2008,6,1,Weekend,600,2-Car,No injury/unknown,FAILURE TO YIELD RIGHT OF WAY,10TH & N WALNUT ST,29358
2008,6,6,Weekday,1400,2-Car,Non-incapacitating,DISREGARD SIGNAL/REG SIGN,10TH & COLLEGE AVE,29359
2008,7,6,Weekday,800,2-Car,No injury/unknown,IMPROPER TURNING,N COLLEGE AVE & W 10TH,29360
2008,8,6,Weekday,1500,3+ Cars,Non-incapacitating,DISREGARD SIGNAL/REG SIGN,COLLEGE & TENTH ST,29361
2008,8,2,Weekday,1400,2-Car,No injury/unknown,OTHER (DRIVER) - EXPLAIN IN NARRATIVE,10TH & COLLEGE AVE,29362
2008,9,6,Weekday,0,2-Car,Non-incapacitating,IMPROPER TURNING,10TH ST & COLLEGE,29363
2008,9,7,Weekend,900,2-Car,Non-incapacitating,FOLLOWING TOO CLOSELY,10TH & WALNUT ST,29364
2008,10,2,Weekday,1000,2-Car,No injury/unknown,IMPROPER TURNING,200 W 10TH & 600 N COLLEGE AVE,29365
2008,10,1,Weekend,1200,2-Car,No injury/unknown,IMPROPER TURNING,N COLLEGE AVE & W 10TH,29366
2008,10,5,Weekday,1600,2-Car,No injury/unknown,UNSAFE BACKING,W 10TH ST,29367
2008,11,2,Weekday,1600,2-Car,No injury/unknown,DISREGARD SIGNAL/REG SIGN,10TH & COLLEGE AVE,29368
2008,11,6,Weekday,1500,2-Car,No injury/unknown,FOLLOWING TOO CLOSELY,10TH ST & COLLEGE,29369
2008,12,7,Weekend,1000,2-Car,No injury/unknown,ROADWAY SURFACE CONDITION,10TH ST & WALNUT,29370
2008,8,5,Weekday,1400,3+ Cars,No injury/unknown,DRIVER DISTRACTED - EXPLAIN IN NARRATIVE,10TH ST & WALNUT,29371
2008,5,6,Weekday,1600,3+ Cars,No injury/unknown,DRIVER DISTRACTED - EXPLAIN IN NARRATIVE,10TH ST & WALNUT,29372
2008,10,5,Weekday,1600,2-Car,No injury/unknown,FAILURE TO YIELD RIGHT OF WAY,10TH ST & WASHINGTON,29373
2008,11,6,Weekday,200,1-Car,No injury/unknown,UNSAFE SPEED,10TH & WASHINGTON ST,29374
2008,4,2,Weekday,1200,2-Car,No injury/unknown,UNSAFE BACKING,S FESS AVE,29375
2008,2,1,Weekend,100,2-Car,No injury/unknown,FAILURE TO YIELD RIGHT OF WAY,10TH ST & LINCOLN,29376
2008,5,5,Weekday,1300,Cyclist,Non-incapacitating,FAILURE TO YIELD RIGHT OF WAY,LINCOLN & TENTH ST,29377
2008,6,6,Weekday,900,2-Car,No injury/unknown,OTHER (DRIVER) - EXPLAIN IN NARRATIVE,10TH & N LINCOLN ST,29378
2008,8,7,Weekend,400,2-Car,No injury/unknown,FAILURE TO YIELD RIGHT OF WAY,10TH ST & LINCOLN,29379
2008,10,4,Weekday,1100,2-Car,No injury/unknown,FAILURE TO YIELD RIGHT OF WAY,E 10TH ST & N LINCOLN,29380